cid,fname,lname,age,prof,city,salary,doj,gender,dept
1,John,Miller,45,Designer,Dubai,39429,2006-05-27,F,Design
2,Sam,Brown,55,Lead,Delhi,61634,2023-06-23,M,Leadership
3,Paul,Smith,19,Manager,Paris,76723,2006-08-07,F,Management
4,Jane,Garcia,22,Engineer,Berlin,38170,2003-10-25,M,Engineering
5,Alex,Smith,21,Manager,Toronto,118544,2009-04-15,F,Management
6,Sam,Williams,35,Manager,New York,53387,2005-01-20,F,Management
7,John,Garcia,19,Lead,Dubai,31072,2014-03-20,M,Leadership
8,Emma,Jones,25,Analyst,London,56226,2000-05-08,F,Analytics
9,Sara,Johnson,50,Designer,London,104768,2023-06-23,M,Design
10,Alex,Brown,55,Manager,Dubai,58552,2015-07-16,M,Management
11,John,Davis,32,Lead,New York,38465,2002-03-31,M,Leadership
12,Lisa,Taylor,41,Architect,London,66872,2008-08-10,M,Architecture
13,Tom,Brown,30,Architect,Sydney,97728,2001-01-17,F,Architecture
14,Alex,Miller,23,Clerk,Tokyo,90379,2012-01-24,F,Operations
15,Tom,Williams,28,Analyst,London,77012,2017-08-28,F,Analytics
16,Paul,Brown,43,Clerk,Delhi,99187,2002-10-24,M,Operations
17,Paul,Jones,29,Designer,Singapore,109605,2023-07-09,F,Design
18,John,Williams,36,Lead,Singapore,34415,2001-04-05,M,Leadership
19,Tom,Garcia,21,Analyst,Delhi,57058,2005-12-31,F,Analytics
20,Alex,Smith,20,Clerk,Singapore,95516,2016-05-28,M,Operations
21,John,Davis,32,Consultant,Delhi,77677,2002-07-27,F,Consulting
22,Jane,Garcia,40,Analyst,Paris,59738,2004-01-16,M,Analytics
23,Emma,Smith,47,Consultant,Sydney,29274,2023-05-28,F,Consulting
24,Mike,Wilson,25,Intern,London,80434,2008-11-14,F,Training
25,Emma,Johnson,29,Designer,Tokyo,92568,2011-12-05,F,Design
26,Lisa,Jones,40,Lead,Tokyo,110852,2010-02-13,M,Leadership
27,Sam,Brown,25,Developer,Berlin,76450,2022-09-14,F,Engineering
28,Jane,Johnson,37,Lead,Tokyo,84163,2006-04-18,F,Leadership
29,Jane,Wilson,52,Manager,Sydney,53722,2016-04-06,M,Management
30,John,Miller,34,Architect,Dubai,38215,2023-06-23,M,Architecture
31,Emma,Jones,44,Lead,Singapore,53636,2014-11-25,M,Leadership
32,Sam,Wilson,18,Clerk,New York,27807,2014-09-11,F,Operations
33,Emma,Taylor,35,Intern,Delhi,75585,2014-05-08,M,Training
34,Emma,Jones,19,Architect,Berlin,66712,2003-10-13,M,Architecture
35,Mike,Miller,39,Manager,Singapore,57467,2023-11-30,F,Management
36,Sam,Johnson,60,Architect,Singapore,90014,2015-09-04,M,Architecture
37,Emma,Wilson,47,Analyst,Tokyo,80090,2014-02-18,F,Analytics
38,Lisa,Taylor,24,Designer,Tokyo,30936,2016-10-25,F,Design
39,Jane,Garcia,37,Developer,London,74343,2016-03-30,M,Engineering
40,Emma,Wilson,56,Manager,Berlin,72063,2002-05-13,F,Management
41,Lisa,Miller,47,Analyst,New York,69478,2024-09-15,M,Analytics
42,Alex,Johnson,20,Engineer,Dubai,108997,2017-07-13,F,Engineering
43,Mike,Williams,18,Developer,Singapore,118065,2008-07-19,M,Engineering
44,Sam,Williams,36,Manager,Singapore,84973,2005-12-09,F,Management
45,John,Williams,31,Lead,Dubai,87762,2015-01-25,M,Leadership
46,Lisa,Smith,41,Lead,Singapore,75800,2001-07-25,M,Leadership
47,Lisa,Jones,36,Clerk,Berlin,89319,2016-11-02,M,Operations
48,Sam,Taylor,26,Manager,Sydney,80311,2001-11-27,M,Management
49,Sam,Miller,30,Architect,Paris,109685,2005-12-28,M,Architecture
50,Sam,Smith,34,Developer,Berlin,80205,2006-02-08,F,Engineering
51,Alex,Williams,42,Intern,Paris,61040,2001-10-31,M,Training
52,Sam,Davis,34,Architect,Toronto,97681,2001-09-17,M,Architecture
53,Jane,Jones,18,Developer,New York,33673,2020-08-18,F,Engineering
54,Alex,Davis,39,Clerk,Singapore,67484,2001-12-06,M,Operations
55,Sara,Davis,37,Designer,Sydney,103726,2005-03-28,F,Design
56,Emma,Williams,50,Intern,Sydney,98327,2023-12-18,F,Training
57,Mike,Brown,50,Engineer,Toronto,62166,2000-03-23,F,Engineering
58,Jane,Johnson,52,Analyst,Tokyo,52140,2006-09-08,F,Analytics
59,John,Johnson,54,Clerk,New York,95556,2015-05-10,M,Operations
60,Sam,Taylor,39,Lead,Dubai,80388,2021-07-12,M,Leadership
61,Alex,Williams,46,Designer,Delhi,58383,2021-02-24,M,Design
62,Jane,Johnson,51,Architect,Paris,63480,2009-09-25,M,Architecture
63,Alex,Davis,27,Designer,Singapore,42961,2010-06-27,M,Design
64,Paul,Davis,35,Clerk,Delhi,82602,2011-06-12,M,Operations
65,Sam,Miller,19,Architect,Delhi,26801,2002-02-07,M,Architecture
66,Jane,Miller,25,Clerk,Sydney,81344,2000-07-10,F,Operations
67,Mike,Williams,57,Clerk,Toronto,93717,2000-09-17,M,Operations
68,Jane,Davis,45,Manager,Paris,109606,2017-08-19,F,Management
69,Alex,Brown,54,Intern,Delhi,93347,2011-04-11,M,Training
70,John,Smith,35,Intern,Paris,25738,2019-07-07,F,Training
71,Sara,Johnson,41,Manager,Singapore,41033,2022-07-25,M,Management
72,Sam,Williams,60,Architect,Singapore,25108,2021-01-19,M,Architecture
73,Lisa,Davis,37,Developer,Tokyo,99358,2013-01-12,M,Engineering
74,Lisa,Johnson,50,Architect,Dubai,42365,2014-08-01,F,Architecture
75,Mike,Davis,43,Intern,Delhi,110461,2012-02-24,M,Training
76,Sam,Johnson,50,Developer,Berlin,108517,2017-07-18,M,Engineering
77,Sam,Miller,32,Developer,London,35829,2006-03-01,F,Engineering
78,Emma,Wilson,49,Manager,Berlin,106927,2021-10-13,F,Management
79,John,Johnson,28,Lead,London,109332,2013-03-28,F,Leadership
80,Sam,Davis,38,Developer,Delhi,58316,2005-06-06,F,Engineering
81,Tom,Taylor,48,Clerk,Tokyo,106140,2003-07-29,M,Operations
82,Alex,Johnson,45,Clerk,New York,79874,2016-05-26,F,Operations
83,Sam,Garcia,45,Consultant,Sydney,49902,2000-11-07,M,Consulting
84,Tom,Johnson,38,Manager,London,114029,2002-10-12,M,Management
85,John,Brown,32,Architect,Tokyo,50409,2023-06-25,F,Architecture
86,Emma,Williams,25,Intern,Sydney,110675,2023-04-21,F,Training
87,John,Brown,37,Analyst,Singapore,51712,2018-02-18,M,Analytics
88,Emma,Garcia,46,Architect,Delhi,98079,2018-04-12,F,Architecture
89,Sam,Brown,47,Engineer,Singapore,86441,2011-10-01,M,Engineering,extra_field
90,Paul,Williams,51,Analyst,Berlin,97873,2013-08-02,F,Analytics
91,John,Taylor,44,Clerk,Paris,58502,2007-06-03,F,Operations
92,Sam,Johnson,46,Consultant,Dubai,91751,2020-03-07,M,Consulting
93,Sam,Williams,29,Designer,Toronto,112887,2002-12-17,M,Design
94,Lisa,Davis,26,Clerk,Paris,63702,2000-08-01,M,Operations
95,Mike,Williams,45,Lead,Toronto,96923,2003-11-14,M,Leadership
96,Mike,Taylor,37,Clerk,Paris,99653,2014-09-18,F,Operations
97,Alex,Williams,19,Consultant,Singapore,114923,2004-09-06,F,Consulting
98,Alex,Taylor,57,Clerk,Paris,35247,2014-09-16,F,Operations
99,Jane,Williams,54,Engineer,Delhi,38101,2009-05-05,F,Engineering
100,Emma,Brown,30,Architect,Tokyo,65057,2024-08-21,M,Architecture
101,John,Jones,59,Engineer,Singapore,29456,2011-09-05,F,Engineering
102,Emma,Wilson,49,Consultant,Toronto,37052,2001-04-02,M,Consulting
103,Jane,Garcia,35,Intern,Sydney,79197,2017-10-24,F,Training
104,Sara,Williams,29,Engineer,Paris,67213,2002-03-31,M,Engineering
105,John,Taylor,47,Developer,Sydney,51147,2023-12-05,F,Engineering
106,Jane,Garcia,42,Consultant,Delhi,51382,2011-05-16,F,Consulting
107,Sam,Taylor,23,Developer,Toronto,73328,2004-04-24,F,Engineering
108,Mike,Brown,27,Architect,Paris,103584,2003-06-29,M,Architecture
109,Sam,Jones,57,Analyst,Berlin,73519,2024-07-04,M,Analytics
110,Paul,Smith,30,Architect,Tokyo,65143,2012-06-08,F,Architecture
111,Lisa,Smith,38,Lead,Singapore,99732,2002-07-22,M,Leadership
112,Emma,Williams,20,Consultant,New York,35821,2019-06-10,F,Consulting
113,Paul,Brown,44,Analyst,Singapore,67153,2003-06-16,M,Analytics
114,Mike,Brown,23,Manager,Dubai,51062,2009-12-17,F,Management
115,John,Garcia,56,Designer,London,96729,2018-01-24,M,Design
116,Alex,Jones,20,Manager,Paris,63761,2013-06-18,F,Management
117,Emma,Wilson,53,Developer,Singapore,113755,2001-03-02,F,Engineering
118,Sam,Garcia,18,Clerk,Delhi,106186,2017-10-28,F,Operations
119,John,Smith,52,Intern,Paris,27563,2022-01-05,F,Training
120,Mike,Smith,44,Architect,Toronto,112961,2008-08-04,F,Architecture
121,Mike,Davis,34,Architect,Berlin,84832,2016-09-20,F,Architecture
122,Mike,Garcia,35,Clerk,Berlin,44752,2024-01-06,M,Operations
123,John,Williams,52,Developer,Paris,46437,2006-02-15,M,Engineering
124,Tom,Wilson,41,Consultant,Berlin,115167,2022-11-11,F,Consulting
125,Paul,Garcia,22,Architect,Sydney,49282,2010-02-03,F,Architecture
126,Alex,Brown,21,Analyst,Berlin,64951,2015-09-20,M,Analytics
127,Emma,Brown,56,Architect,Paris,93652,2003-10-19
128,Lisa,Davis,53,Analyst,Toronto,53287,2012-11-27,M,Analytics
129,Lisa,Wilson,22,Designer,Berlin,99604,2010-07-21,M,Design
130,John,Garcia,37,Analyst,Delhi,96430,2005-02-20,F,Analytics
131,Tom,Taylor,38,Consultant,Paris,78140,2007-02-06,M,Consulting
132,Emma,Garcia,39,Intern,Tokyo,92437,2016-02-18,F,Training
133,Jane,Smith,22,Consultant,Toronto,95882,2019-01-13,M,Consulting
134,Mike,Wilson,55,Architect,London,88281,2018-12-31,M,Architecture
135,Lisa,Johnson,48,Manager,Dubai,94101,2006-06-02,M,Management
136,Emma,Johnson,37,Analyst,Delhi,78974,2009-05-20,M,Analytics
137,Jane,Garcia,33,Designer,Singapore,100406,2009-03-06,F,Design
138,Alex,Williams,44,Clerk,Paris,43008,2016-03-21,F,Operations
139,Jane,Taylor,39,Architect,London,61365,2000-09-09,M,Architecture
140,Paul,Brown,31,Engineer,Berlin,53576,2024-11-27,F,Engineering
141,Mike,Brown,35,Analyst,Tokyo,98390,2014-11-17,F,Analytics
142,Paul,Brown,33,Architect,London,35619,2012-04-29,M,Architecture
143,Paul,Johnson,38,Intern,Tokyo,75150,2009-06-13,F,Training
144,Mike,Wilson,40,Designer,London,89537,2019-10-06,M,Design
145,Tom,Taylor,35,Engineer,Paris,110780,2021-11-27,F,Engineering
146,Emma,Taylor,51,Developer,New York,41438,2023-10-26,F,Engineering
147,Emma,Jones,34,Engineer,Singapore,114663,2010-07-04,F,Engineering
148,Mike,Wilson,55,Manager,Delhi,119254,2008-07-18,F,Management
149,Paul,Jones,45,Manager,New York,30761,2003-07-17,M,Management
150,Jane,Davis,27,Developer,Sydney,45323,2024-08-21,M,Engineering
151,John,Johnson,24,Analyst,Sydney,71785,2004-09-14,F,Analytics
152,Tom,Miller,43,Architect,Dubai,110923,2007-09-28,F,Architecture
153,Sam,Wilson,25,Consultant,Toronto,97830,2016-10-23,F,Consulting
154,Emma,Garcia,32,Developer,New York,103415,2020-06-21,F,Engineering
155,Jane,Wilson,47,Intern,Tokyo,80574,2016-02-22,F,Training
156,Lisa,Miller,45,Designer,Toronto,47740,2015-11-26,F,Design
157,John,Garcia,18,Consultant,London,50027,2016-06-29,M,Consulting
158,Lisa,Jones,54,Engineer,Toronto,32441,2018-06-04,M,Engineering
159,Sara,Brown,29,Clerk,Paris,36419,2020-08-28,F,Operations
160,Sam,Johnson,39,Designer,Toronto,101657,2023-03-29,M,Design
161,Emma,Johnson,56,Consultant,New York,111379,2010-12-20,F,Consulting
162,Mike,Davis,53,Analyst,Berlin,73970,2016-06-06,F,Analytics
163,Alex,Garcia,44,Designer,Dubai,61151,2005-06-27,F,Design
164,Sam,Garcia,36,Engineer,Tokyo,108955,2003-11-24,M,Engineering
165,Tom,Miller,22,Clerk,Singapore,70741,2016-03-12,M,Operations
166,John,Williams,24,Designer,Dubai,56644,2004-03-02,M,Design
167,John,Davis,23,Lead,London,63693,2021-01-10,F,Leadership
168,Lisa,Davis,43,Manager,Paris,81808,2003-08-02,F,Management
169,Sam,Brown,54,Consultant,Delhi,49105,2023-05-12,M,Consulting
170,Sara,Smith,39,Manager,Berlin,31743,2002-06-26,F,Management
171,Mike,Wilson,37,Intern,Berlin,80538,2003-07-22,F,Training
172,Paul,Johnson,60,Designer,Delhi,87749,2008-06-15,F,Design
173,Jane,Garcia,47,Clerk,Delhi,31392,2010-12-02,M,Operations
174,Tom,Wilson,48,Intern,Paris,34498,2000-11-15,M,Training
175,Tom,Williams,25,Lead,Sydney,66413,2018-02-12,M,Leadership
176,Tom,Wilson,39,Intern,Delhi,88385,2013-03-06,F,Training
177,Paul,Brown,40,Lead,Singapore,105917,2020-06-29,F,Leadership
178,Alex,Brown,44,Intern,London,45701,2009-06-02,F,Training
179,Jane,Miller,57,Architect,Paris,35998,2023-12-22,M,Architecture
180,Lisa,Davis,57,Clerk,Toronto,84911,2022-07-13,F,Operations
181,John,Wilson,43,Clerk,London,119719,2012-01-22,M,Operations
182,Sara,Taylor,24,Analyst,Dubai,80379,2007-06-19,F,Analytics
183,Sam,Taylor,60,Architect,Delhi,43559,2014-04-24,F,Architecture
184,Lisa,Brown,34,Architect,London,49514,2022-06-08,F,Architecture
185,Sara,Garcia,53,Lead,Singapore,69560,2010-09-14,F,Leadership
186,Lisa,Brown,40,Architect,Sydney,63820,2010-03-08,F,Architecture
187,Mike,Wilson,55,Designer,Dubai,85987,2005-11-25,M,Design
188,Jane,Jones,43,Consultant,Paris,33438,2022-07-28,M,Consulting
189,Jane,Miller,35,Consultant,Dubai,26354,2008-07-22,F,Consulting
190,Alex,Jones,22,Designer,Berlin,119279,2001-03-10,F,Design
191,Mike,Jones,37,Developer,Sydney,35816,2017-02-21,F,Engineering
192,Tom,Garcia,40,Manager,New York,25937,2017-02-06,F,Management
193,Alex,Williams,54,Designer,Toronto,110435,2008-09-04,M,Design
194,Sara,Smith,21,Architect,Delhi,28411,2020-08-29,F,Architecture
195,Sam,Smith,19,Designer,New York,94390,2016-05-24,F,Design
196,Alex,Taylor,43,Designer,New York,71777,2024-06-25,M,Design
197,Sam,Williams,36,Analyst,Delhi,116543,2012-12-26,F,Analytics
198,Jane,Brown,18,Clerk,Toronto,63998,2001-09-21,F,Operations
199,Mike,Smith,28,Engineer,Berlin,100131,2014-11-06,F,Engineering
200,Tom,Brown,35,Intern,Delhi,60966,2018-05-07,F,Training
201,Alex,Brown,21,Lead,Tokyo,46503,2021-11-11,F,Leadership
202,Paul,Miller,44,Analyst,New York,100492,2009-04-19,M,Analytics
203,Tom,Johnson,28,Engineer,Paris,80086,2013-06-16,F,Engineering
204,Alex,Jones,34,Clerk,New York,63584,2016-08-13,M,Operations
205,Paul,Miller,59,Architect,Singapore,52727,2007-11-19,M,Architecture
206,John,Miller,26,Developer,Singapore,111068,2019-12-01,M,Engineering
207,Sam,Jones,47,Developer,Berlin,41630,2004-11-06,M,Engineering
208,Sam,Miller,50,Architect,Toronto,59162,2024-12-23,M,Architecture
209,Tom,Williams,30,Engineer,Berlin,39057,2024-01-13,F,Engineering
210,Lisa,Wilson,18,Clerk,Delhi,60990,2003-08-26,M,Operations
211,Mike,Taylor,19,Lead,Berlin,108191,2010-04-20,M,Leadership
212,Alex,Wilson,28,Engineer,Berlin,83187,2017-11-27,F,Engineering
213,John,Williams,27,Developer,Sydney,95718,2022-07-15,F,Engineering
214,Mike,Taylor,45,Intern,Sydney,34819,2009-01-27,M,Training
215,Mike,Taylor,40,Engineer,Berlin,97536,2015-04-05,M,Engineering
216,Tom,Smith,56,Clerk,Singapore,35327,2019-03-21,F,Operations
217,Lisa,Wilson,44,Lead,Paris,104084,2022-11-07,M,Leadership
218,Paul,Johnson,58,Engineer,Toronto,43339,2001-09-07,M,Engineering
219,Emma,Miller,36,Manager,Singapore,98229,2024-08-31,F,Management
220,Sam,Johnson,41,Lead,Tokyo,65089,2008-08-20,F,Leadership
221,Paul,Wilson,47,Designer,Singapore,70628,2011-06-13,F,Design
222,Mike,Miller,21,Engineer,Singapore,85996,2005-11-01,M,Engineering
223,Emma,Williams,35,Clerk,Dubai,106598,2015-01-31,M,Operations
224,Emma,Garcia,39,Clerk,Paris,73879,2002-09-01,F,Operations
225,Alex,Johnson,38,Architect,Sydney,43884,2021-08-01,F,Architecture
226,Sam,Jones,47,Architect,Sydney,85401,2022-09-30,M,Architecture
227,Sam,Brown,44,Clerk,Delhi,102343,2013-10-29,F,Operations
228,Paul,Wilson,43,Developer,Tokyo,106479,2016-11-13,F,Engineering
229,Lisa,Smith,45,Consultant,New York,95980,2008-02-21,F,Consulting
230,Mike,Garcia,59,Intern,Singapore,90845,2011-02-03,M,Training
231,Paul,Garcia,23,Lead,Singapore,67348,2004-02-06,M,Leadership
232,Tom,Johnson,20,Intern,Dubai,38674,2012-03-20,F,Training
233,Mike,Miller,34,Analyst,Sydney,62306,2007-04-16,M,Analytics
234,Paul,Brown,27,Clerk,Dubai,33077,2006-12-18,M,Operations
235,Mike,Smith,60,Developer,London,104579,2021-06-17,F,Engineering
236,Mike,Miller,42,Lead,Berlin,59587,2000-02-28,F,Leadership
237,Lisa,Smith,37,Consultant,Berlin,110717,2004-01-23,F,Consulting
238,Lisa,Wilson,45,Intern,Paris,117999,2005-11-10,M,Training
239,Mike,Wilson,34,Analyst,London,101280,2001-12-05,F,Analytics
240,Tom,Smith,24,Intern,Delhi,100348,2017-12-10,F,Training
241,Tom,Johnson,36,Designer,London,113423,2011-04-12,F,Design
242,Tom,Smith,19,Analyst,Berlin,49081,2014-04-27,F,Analytics
243,Sara,Wilson,49,Manager,London,91245,2021-05-27,M,Management
244,John,Brown,20,Engineer,Singapore,117214,2017-03-18,F,Engineering
245,Sam,Smith,59,Intern,New York,35825,2001-10-13,F,Training
246,Lisa,Jones,32,Manager,Tokyo,100132,2013-07-09,F,Management
247,Lisa,Smith,48,Designer,London,79407,2009-11-14,M,Design
248,John,Jones,43,Intern,London,65285,2001-02-04,F,Training
249,John,Johnson,45,Manager,Paris,88339,2001-04-04,M,Management
250,Jane,Williams,34,Analyst,Delhi,94604,2023-01-24,F,Analytics
251,Tom,Williams,21,Engineer,New York,52405,2020-02-19,F,Engineering
252,Sara,Taylor,60,Developer,Paris,107445,2007-05-10,M,Engineering
253,John,Miller,28,Lead,New York,118945,2022-12-24,M,Leadership
254,Sam,Davis,49,Developer,Delhi,54951,2000-10-21,F,Engineering
255,Sam,Wilson,27,Engineer,Sydney,118490,2003-12-18,F,Engineering
256,Paul,Jones,34,Designer,Delhi,94945,2018-11-13,M,Design
257,Sara,Taylor,18,Intern,Dubai,118765,2012-08-23,M,Training
258,Lisa,Smith,59,Consultant,Tokyo,101369,2021-03-02,F,Consulting
259,Emma,Wilson,49,Engineer,Tokyo,90102,2016-10-30,F,Engineering
260,Tom,Davis,22,Lead,Berlin,46740,2020-11-06,F,Leadership
261,Lisa,Garcia,23,Architect,Tokyo,88574,2007-08-25,F,Architecture
262,Emma,Taylor,23,Engineer,Singapore,33120,2000-09-26,M,Engineering
263,Emma,Jones,41,Lead,Paris,91265,2016-11-20,M,Leadership
264,Emma,Miller,44,Engineer,Tokyo,97257,2010-02-08,M,Engineering
265,Mike,Taylor,27,Manager,Sydney,95486,2022-06-28,M,Management
266,Tom,Taylor,47,Designer,Singapore,74290,2002-01-11,F,Design
267,Lisa,Williams,54,Clerk,Toronto,90700,2006-10-08,M,Operations
268,Emma,Williams,36,Engineer,New York,101090,2019-06-19,F,Engineering
269,Mike,Garcia,35,Consultant,Paris,106754,2007-11-07,F,Consulting
270,Lisa,Williams,39,Architect,Berlin,119529,2004-07-31,F,Architecture
271,Alex,Garcia,18,Clerk,New York,93254,2008-04-11,M,Operations
272,Lisa,Miller,19,Developer,Delhi,78529,2000-12-18,F,Engineering
273,Alex,Williams,50,Analyst,Sydney,50094,2019-09-30,F,Analytics
274,Emma,Taylor,30,Intern,Tokyo,41296,2012-06-23,M,Training
275,Tom,Taylor,39,Engineer,Paris,100454,2022-01-08,F,Engineering
276,Mike,Williams,30,Architect,Paris,115544,2016-01-30,M,Architecture
277,Lisa,Taylor,35,Engineer,Singapore,75433,2002-01-15,F,Engineering
278,Emma,Wilson,27,Consultant,Paris,51605,2021-08-22,M,Consulting
279,Lisa,Taylor,38,Lead,Sydney,77534,2016-06-08,F,Leadership
280,Paul,Taylor,56,Intern,Sydney,76580,2008-12-24,M,Training
281,Emma,Smith,45,Consultant,Singapore,97268,2016-03-20,M,Consulting
282,Mike,Smith,36,Analyst,Dubai,84990,2021-07-05,F,Analytics
283,Tom,Miller,55,Lead,Tokyo,106948,2005-12-27,F,Leadership
284,Emma,Jones,51,Designer,Tokyo,88949,2007-10-31,M,Design
285,Jane,Miller,39,Consultant,Paris,38019,2024-07-24,F,Consulting
286,Jane,Jones,23,Consultant,Dubai,77546,2007-07-15,F,Consulting
287,Alex,Garcia,19,Intern,Singapore,41776,2005-12-06,M,Training
288,Alex,Taylor,36,Consultant,New York,108465,2019-08-03,F,Consulting
289,Tom,Wilson,24,Clerk,Singapore,101203,2000-05-05,M,Operations
290,Alex,Garcia,50,Designer,London,87528,2006-07-08,F,Design
291,Jane,Davis,57,Engineer,Sydney,41969,2003-07-15,M,Engineering
292,Paul,Brown,57,Architect,Sydney,77256,2002-10-07,F,Architecture
293,John,Davis,60,Manager,Paris,41813,2016-10-10,M,Management
294,Sara,Taylor,34,Architect,Delhi,32350,2012-08-06,M,Architecture
295,Mike,Garcia,51,Lead,New York,112934,2009-11-30,M,Leadership
296,Lisa,Taylor,35,Analyst,Berlin,43000,2014-02-14,M,Analytics
297,Sam,Williams,19,Designer,Toronto,74763,2009-05-08,F,Design
298,Alex,Williams,54,Analyst,Berlin,113536,2022-09-29,F,Analytics
299,Sara,Miller,58,Intern,Toronto,80879,2016-04-06,F,Training
300,Alex,Williams,22,Architect,Singapore,42637,2014-05-11,F,Architecture
301,Jane,Miller,46,Manager,Tokyo,87447,2015-05-03,M,Management
302,John,Smith,24,Engineer,Toronto,44775,2016-04-17,M,Engineering
303,Emma,Garcia,28,Manager,Tokyo,63015,2009-04-27,F,Management
304,Paul,Johnson,41,Manager,Delhi,87035,2009-12-06,F,Management
305,Paul,Smith,55,Intern,Berlin,26535,2024-09-28,F,Training
306,John,Johnson,42,Engineer,Delhi,118567,2000-12-24,F,Engineering
307,Paul,Wilson,19,Developer,London,102907,2022-05-19,M,Engineering
308,Emma,Jones,22,Architect,Berlin,91306,2023-12-22,F,Architecture
309,Sam,Williams,32,Clerk,Dubai,68996,2012-03-10,M,Operations
310,Paul,Wilson,37,Designer,Paris,47687,2007-09-28,M,Design
311,Emma,Brown,54,Analyst,Paris,51577,2013-08-07,M,Analytics
312,Sam,Taylor,52,Lead,Tokyo,114427,2012-09-25,F,Leadership
313,Sara,Smith,48,Manager,Singapore,51694,2024-04-17,F,Management
314,Alex,Wilson,56,Analyst,Toronto,94594,2024-02-11,F,Analytics
315,John,Miller,41,Clerk,Dubai,114138,2015-12-13,M,Operations
316,Sara,Johnson,53,Lead,London,63636,2011-03-30,M,Leadership
317,Jane,Wilson,60,Engineer,Tokyo,117424,2015-11-07,F,Engineering
318,Paul,Taylor,37,Clerk,Paris,31138,2018-08-25,F,Operations
319,John,Taylor,22,Architect,New York,57036,2016-11-22,F,Architecture
320,Tom,Smith,58,Analyst,Dubai,67306,2024-12-18,F,Analytics
321,Tom,Wilson,25,Analyst,New York,77297,2015-07-25,M,Analytics
322,Tom,Brown,59,Analyst,New York,46666,2020-05-29,F,Analytics
323,Sam,Smith,24,Engineer,Dubai,47603,2007-04-02,M,Engineering
324,Tom,Miller,40,Developer,Tokyo,57821,2007-07-20,F,Engineering
325,Alex,Garcia,27,Lead,Tokyo,28262,2012-07-30,M,Leadership
326,Alex,Garcia,55,Designer,Singapore,43268,2018-06-08,M,Design
327,Lisa,Davis,29,Lead,London,51623,2022-10-01,F,Leadership
328,Alex,Wilson,47,Developer,Singapore,31111,2010-03-01,M,Engineering
329,Jane,Wilson,49,Clerk,Sydney,81941,2022-07-14,F,Operations
330,Lisa,Jones,26,Clerk,New York,75428,2021-02-06,M,Operations
331,Jane,Garcia,43,Developer,New York,48450,2020-06-23,M,Engineering
332,Lisa,Taylor,55,Lead,Sydney,29668,2019-02-13,M,Leadership
333,Alex,Smith,24,Intern,Berlin,111116,2005-09-21,M,Training,extra_field
334,Sara,Miller,38,Analyst,Delhi,63824,2011-10-10,F,Analytics
335,Alex,Johnson,60,Consultant,Tokyo,73029,2003-01-12,M,Consulting
336,Sara,Taylor,39,Clerk,London,80761,2016-03-24,F,Operations
337,Paul,Jones,53,Consultant,Paris,99659,2003-04-14,M,Consulting
338,John,Brown,40,Clerk,New York,92878,2024-05-08,F,Operations
,Paul,Williams,29,Analyst,Dubai,100326,2021-07-04,F,Analytics
340,John,Davis,33,Engineer,Paris,76663,2002-06-05,M,Engineering
341,Mike,Taylor,35,Lead,Tokyo,90201,2021-12-05,M,Leadership
342,Sara,Jones,43,Architect,London,33816,2017-10-13,M,Architecture
343,Mike,Williams,50,Clerk,Tokyo,103353,2005-07-30,F,Operations
344,Sara,Taylor,59,Developer,Delhi,56860,2006-10-10,M,Engineering
345,Tom,Wilson,32,Lead,Toronto,58602,2010-07-31,F,Leadership
346,Sam,Wilson,34,Manager,Sydney,102366,2017-05-24,F,Management
347,Alex,Williams,56,Consultant,New York,77117,2022-12-17,F,Consulting
348,Paul,Smith,31,Consultant,Delhi,56167,2014-12-30,F,Consulting
349,Tom,Brown,24,Lead,London,57490,2009-03-30,F,Leadership
350,Mike,Miller,34,Lead,Singapore,28482,2009-05-03,F,Leadership
351,Sam,Johnson,18,Lead,Dubai,106719,2010-05-02,F,Leadership,extra_field
352,Sam,Jones,52,Engineer,Sydney,33643,2018-11-10,F,Engineering
353,Paul,Jones,33,Designer,Paris,31494,2008-12-12,M,Design
354,Emma,Garcia,55,Clerk,Paris,72451,2001-03-21,M,Operations
355,Tom,Taylor,22,Lead,Toronto,118117,2018-10-30,F,Leadership
356,Sam,Johnson,51,Engineer,Toronto,27635,2019-04-14,M,Engineering
357,Alex,Taylor,57,Clerk,New York,115516,2023-10-17,M,Operations
358,Alex,Smith,24,Engineer,Sydney,102978,2014-02-07,F,Engineering
359,Sam,Davis,50,Designer,Singapore,109834,2022-12-23,M,Design
360,Lisa,Williams,43,Lead,London,84824,2024-11-11,F,Leadership
361,John,Jones,22,Manager,Berlin,56309,2021-04-15,F,Management
362,Jane,Brown,46,Consultant,Dubai,84947,2023-06-09,F,Consulting
363,Alex,Jones,52,Engineer,Dubai,43346,2010-01-12,F,Engineering
364,John,Wilson,45,Analyst,Berlin,72000,2012-04-14,M,Analytics
365,John,Taylor,19,Consultant,Paris,44043,2011-03-29,M,Consulting
366,Lisa,Johnson,33,Intern,Tokyo,115454,2007-09-11,M,Training
367,Lisa,Jones,46,Engineer,Paris,102234,2022-01-30,F,Engineering
368,Paul,Garcia,18,Designer,Toronto,116947,2003-02-26,M,Design
369,Tom,Taylor,54,Intern,London,83523,2003-01-30,F,Training
370,Sam,Smith,55,Consultant,Berlin,67139,2012-05-29,M,Consulting
371,Jane,Williams,41,Manager,Toronto,75726,2022-04-03,M,Management
372,Sara,Johnson,60,Manager,Toronto,59464,2007-07-02,M,Management
373,Emma,Brown,36,Designer,Tokyo,37732,2016-05-13,F,Design
374,Paul,Wilson,30,Designer,Singapore,58202,2013-07-03,F,Design
375,Jane,Williams,50,Intern,London,60809,2019-05-26,F,Training
376,Alex,Wilson,18,Consultant,Delhi,119169,2018-09-29,M,Consulting
377,Lisa,Jones,25,Architect,Berlin,51250,2013-04-11,M,Architecture
378,Jane,Miller,24,Analyst,Berlin,71174,2019-03-01,M,Analytics
379,Lisa,Wilson,59,Architect,Sydney,66323,2009-01-07,M,Architecture
380,Paul,Taylor,56,Developer,Tokyo,38059,2012-07-10,F,Engineering
381,Alex,Taylor,27,Manager,Toronto,51673,2015-10-18,M,Management
382,Emma,Taylor,43,Engineer,Paris,80579,2012-03-11,M,Engineering
383,Sara,Johnson,25,Consultant,Berlin,105472,2015-02-18
384,Tom,Garcia,54,Consultant,Singapore,79727,2002-10-10,F,Consulting
385,Alex,Miller,39,Engineer,Dubai,97547,2012-02-15,M,Engineering
386,John,Brown,58,Developer,Sydney,30582,2001-06-16,M,Engineering
387,Mike,Miller,60,Engineer,New York,105976,2021-04-02,M,Engineering
388,Mike,Wilson,48,Consultant,London,28769,2003-11-19,F,Consulting
389,Lisa,Jones,48,Manager,Dubai,61812,2007-02-09,M,Management
390,Tom,Williams,45,Analyst,Singapore,60645,2001-08-24,F,Analytics
391,Mike,Wilson,18,Lead,New York,81820,2003-10-08,F,Leadership
392,Paul,Davis,25,Lead,London,42600,2012-09-24,M,Leadership
393,Mike,Wilson,31,Clerk,Dubai,114030,2016-01-12,F,Operations
394,Alex,Wilson,46,Consultant,New York,93683,2006-01-08,M,Consulting
395,Mike,Brown,46,Clerk,Sydney,87369,2007-08-10,F,Operations
396,Sam,Williams,30,Manager,Paris,57177,2007-08-05,M,Management
397,John,Wilson,33,Clerk,New York,112238,2001-07-23,M,Operations
398,Sara,Davis,45,Manager,Paris,103000,2012-12-05,M,Management
399,Sara,Johnson,30,Intern,Berlin,66082,2014-03-05,M,Training
400,Alex,Wilson,43,Analyst,Berlin,84221,2013-07-14,F,Analytics
401,Sara,Miller,27,Consultant,Paris,37228,2002-11-17,F,Consulting
402,Tom,Brown,51,Architect,Delhi,70967,2002-02-23,M,Architecture
403,Emma,Smith,23,Clerk,Dubai,66918,2013-02-26,M,Operations
404,John,Smith,28,Architect,Toronto,55002,2015-12-31,M,Architecture
405,Mike,Jones,57,Intern,London,81358,2006-02-26,F,Training
406,Mike,Miller,46,Lead,Tokyo,53428,2011-07-05,F,Leadership
407,John,Miller,20,Clerk,Sydney,103678,2006-02-03,M,Operations
408,Mike,Taylor,56,Consultant,Toronto,52440,2021-01-06,F,Consulting
409,Jane,Jones,59,Consultant,Berlin,71866,2017-09-04,M,Consulting
410,Tom,Johnson,33,Designer,New York,60790,2005-10-13,F,Design
411,Tom,Miller,55,Manager,Berlin,53532,2012-01-11,M,Management
412,John,Brown,41,Clerk,Paris,28062,2017-09-18,M,Operations
413,Sara,Smith,52,Clerk,Toronto,51275,2004-12-08,F,Operations
414,Jane,Miller,55,Intern,Dubai,28229,2004-10-15,F,Training
415,Jane,Jones,32,Developer,London,78241,2018-09-06,F,Engineering
416,John,Jones,55,Developer,Dubai,115033,2017-06-24,M,Engineering
417,Mike,Davis,38,Manager,Toronto,76583,2021-02-28,F,Management
418,Alex,Smith,40,Clerk,Singapore,63507,2013-07-25,F,Operations
419,Tom,Jones,33,Designer,Delhi,73166,2006-02-27,M,Design
420,Alex,Johnson,45,Engineer,Paris,52839,2013-10-16,M,Engineering
421,Mike,Jones,50,Architect,Tokyo,53169,2024-05-09,M,Architecture
422,Mike,Williams,59,Engineer,Dubai,42708,2021-06-07,F,Engineering
423,Paul,Taylor,22,Designer,London,77048,2018-05-23,F,Design
424,Tom,Johnson,38,Designer,Singapore,58484,2011-03-16,F,Design
425,Emma,Taylor,24,Analyst,Berlin,36437,2007-03-20,F,Analytics
426,Tom,Miller,52,Manager,Sydney,28223,2006-07-07,M,Management
427,Lisa,Jones,60,Clerk,Singapore,106975,2005-11-14,F,Operations
428,Emma,Smith,20,Manager,Sydney,46665,2017-08-07,F,Management
429,Alex,Davis,30,Architect,Toronto,26177,2016-05-28,F,Architecture
430,Lisa,Taylor,47,Lead,Berlin,63203,2018-10-25,F,Leadership
431,Mike,Taylor,50,Intern,Sydney,92149,2012-10-15,F,Training
432,Mike,Jones,53,Engineer,Paris,34587,2024-05-21,M,Engineering
433,Jane,Taylor,47,Intern,New York,52184,2006-01-03,M,Training
434,Lisa,Johnson,41,Consultant,Dubai,32494,2000-03-07,F,Consulting
435,Alex,Garcia,40,Lead,Paris,78213,2014-01-24,M,Leadership
436,Tom,Johnson,43,Manager,Toronto,99481,2008-08-30,M,Management
437,Emma,Johnson,50,Developer,Paris,91081,2022-10-11,M,Engineering
438,John,Miller,41,Designer,Sydney,72396,2006-01-07,M,Design
439,Sara,Miller,23,Clerk,Toronto,47817,2011-09-25,F,Operations
440,Emma,Miller,24,Architect,London,29395,2005-05-01,F,Architecture
441,Sam,Williams,31,Analyst,Sydney,44791,2015-08-22,F,Analytics
442,Lisa,Miller,40,Manager,Paris,87082,2020-09-27,F,Management
443,John,Johnson,25,Consultant,Toronto,97999,2008-11-27,M,Consulting
444,Emma,Johnson,35,Manager,Delhi,67891,2010-02-25,F,Management
445,Tom,Miller,58,Developer,Dubai,64019,2006-02-10,F,Engineering
446,Emma,Davis,19,Engineer,Tokyo,107180,2022-03-20,M,Engineering
447,Sam,Smith,40,Designer,Paris,34213,2013-09-10,M,Design
448,Mike,Williams,59,Engineer,Dubai,34233,2017-04-11,F,Engineering
449,Tom,Jones,26,Developer,Toronto,71434,2023-12-13,M,Engineering
450,Sam,Jones,48,Analyst,London,68973,2003-05-04,M,Analytics
451,Mike,Williams,28,Designer,Berlin,81831,2005-01-09,F,Design
452,Emma,Miller,47,Engineer,Tokyo,51191,2005-10-15,F,Engineering
453,Tom,Miller,19,Designer,Paris,115542,2000-02-21,F,Design
454,Paul,Jones,29,Lead,London,72924,2006-06-01,M,Leadership
455,John,Davis,35,Architect,Toronto,70968,2016-04-17,M,Architecture
456,John,Miller,25,Lead,Paris,81452,2005-03-13,F,Leadership
457,John,Davis,54,Clerk,Paris,118734,2015-10-16,F,Operations
458,Tom,Garcia,58,Manager,Delhi,90191,2006-03-15,F,Management
459,Sara,Brown,19,Clerk,Dubai,66364,2023-01-08,F,Operations
460,Lisa,Taylor,28,Consultant,Tokyo,47415,2006-11-08,M,Consulting
461,Paul,Smith,44,Engineer,New York,77713,2013-04-27,M,Engineering
462,Mike,Johnson,26,Clerk,Toronto,108781,2016-07-03,F,Operations
463,Sam,Williams,43,Lead,London,111057,2019-11-09,F,Leadership
464,Emma,Jones,25,Engineer,Singapore,109352,2010-01-10,M,Engineering
465,Mike,Smith,43,Lead,London,78210,2016-05-07,M,Leadership
466,Lisa,Brown,52,Clerk,Sydney,78974,2019-05-17,M,Operations
467,Lisa,Davis,56,Architect,Delhi,55625,2010-07-14,F,Architecture
468,Paul,Jones,55,Clerk,Tokyo,113639,2002-02-05,M,Operations
469,Lisa,Davis,41,Lead,Toronto,53762,2012-12-10,F,Leadership
470,John,Williams,54,Lead,Sydney,78196,2020-03-03,F,Leadership
471,Sam,Jones,34,Analyst,Berlin,52846,2017-09-01,M,Analytics
472,Tom,Davis,23,Architect,Singapore,41172,2002-02-15,M,Architecture
473,Jane,Johnson,51,Engineer,Dubai,39390,2014-12-13,F,Engineering
474,Tom,Wilson,48,Designer,London,49112,2007-03-08,F,Design
475,Emma,Davis,53,Developer,London,40070,2011-05-22,F,Engineering
476,Mike,Taylor,21,Clerk,London,25575,2021-01-11,M,Operations
477,Emma,Brown,48,Lead,Sydney,61253,2016-07-10,M,Leadership
478,Sam,Johnson,40,Intern,Singapore,77926,2023-09-15,F,Training
479,Sara,Garcia,49,Designer,Toronto,111973,2000-02-25,F,Design
480,Tom,Wilson,42,Engineer,London,30980,2022-05-17,F,Engineering
481,Jane,Jones,48,Engineer,Tokyo,75483,2015-07-01,F,Engineering
482,Emma,Davis,49,Intern,Tokyo,36504,2007-08-12,F,Training
483,Tom,Garcia,54,Analyst,Dubai,107300,2021-01-03,M,Analytics
484,Paul,Smith,21,Consultant,Sydney,82064,2021-04-16,F,Consulting
485,Mike,Williams,41,Lead,London,89995,2004-03-09,M,Leadership
486,Jane,Wilson,52,Lead,London,102598,2002-04-28,M,Leadership
487,John,Johnson,42,Lead,Sydney,70611,2013-01-01,F,Leadership
488,John,Wilson,25,Intern,Dubai,70259,2021-09-20,M,Training
489,Sam,Johnson,34,Developer,Dubai,53033,2015-06-20,F,Engineering
490,Tom,Johnson,30,Intern,Sydney,31275,2003-11-19,M,Training
491,Tom,Smith,39,Lead,Tokyo,95157,2018-02-03,F,Leadership
492,Sara,Brown,52,Developer,Tokyo,111837,2021-11-18,F,Engineering
493,Emma,Taylor,22,Manager,Singapore,68226,2000-01-17,M,Management
494,Tom,Garcia,46,Manager,London,115305,2017-01-20,F,Management
495,Sara,Smith,47,Manager,Berlin,86182,2000-04-08,M,Management
496,Sara,Smith,32,Lead,Singapore,64722,2014-05-28,M,Leadership
497,Lisa,Taylor,33,Manager,Sydney,93883,2002-07-21,M,Management
498,Sara,Taylor,26,Engineer,Tokyo,111648,2002-03-31,M,Engineering
499,Mike,Miller,28,Manager,Singapore,39320,2018-08-11,M,Management
500,Paul,Garcia,57,Engineer,Dubai,56335,2015-03-15,F,Engineering
501,John,Taylor,53,Manager,Singapore,114442,2011-11-12,F,Management
502,Paul,Johnson,39,Engineer,Dubai,25086,2012-06-12,F,Engineering
503,Paul,Jones,24,Consultant,Berlin,44208,2012-02-08,M,Consulting
504,Paul,Brown,39,Architect,Tokyo,86313,2021-08-13,M,Architecture
505,Alex,Davis,25,Developer,Paris,112152,2017-10-02,M,Engineering
506,Sam,Smith,56,Analyst,Delhi,50997,2003-10-10,F,Analytics
507,Emma,Taylor,24,Clerk,Toronto,69407,2021-04-28,F,Operations
508,John,Garcia,54,Consultant,Paris,92363,2019-09-27,F,Consulting
509,Sara,Garcia,20,Architect,Tokyo,79213,2021-02-08,F,Architecture
510,Lisa,Garcia,53,Manager,Berlin,36514,2003-10-03,F,Management
511,John,Johnson,23,Manager,London,63035,2011-09-13,M,Management
512,Emma,Wilson,24,Designer,Delhi,108534,2022-01-27,M,Design
513,Jane,Brown,47,Consultant,Toronto,114572,2013-06-16,F,Consulting
514,Jane,Brown,43,Clerk,London,91367,2016-11-07,M,Operations
515,Emma,Davis,55,Architect,Sydney,73848,2002-03-28,F,Architecture
516,Lisa,Johnson,45,Consultant,Tokyo,61238,2019-04-02,M,Consulting
517,Alex,Smith,59,Designer,Berlin,114516,2012-12-26,M,Design
518,John,Davis,37,Developer,Berlin,35193,2002-08-21,M,Engineering
519,Sara,Jones,32,Engineer,Toronto,39123,2012-03-13,M,Engineering
520,Tom,Smith,21,Consultant,London,82153,2000-01-16,M,Consulting
521,Alex,Brown,44,Designer,Delhi,89479,2003-04-15,F,Design
522,Sam,Davis,47,Developer,Sydney,98697,2020-03-13,M,Engineering
523,Tom,Johnson,40,Analyst,London,91229,2000-07-29,M,Analytics
524,Paul,Taylor,40,Consultant,New York,49825,2024-02-18,F,Consulting
525,Tom,Davis,27,Developer,Paris,73595,2013-01-11,M,Engineering
526,Sara,Davis,58,Engineer,New York,93898,2016-03-11,M,Engineering
527,Mike,Johnson,43,Engineer,Tokyo,99111,2002-07-23,M,Engineering
528,Tom,Davis,59,Architect,Toronto,90210,2006-08-06,M,Architecture
529,Paul,Smith,28,Developer,New York,87178,2009-11-27,F,Engineering
530,Sara,Miller,34,Engineer,Toronto,81389,2013-08-17,M,Engineering
531,Mike,Johnson,37,Lead,Toronto,25251,2007-08-20,F,Leadership
532,Jane,Davis,45,Clerk,Sydney,54505,2017-01-22,F,Operations
533,John,Wilson,48,Architect,Delhi,86316,2008-05-09,F,Architecture
534,John,Williams,31,Designer,Toronto,77838,2017-06-13,M,Design
535,Mike,Jones,20,Consultant,Tokyo,78079,2023-03-05,F,Consulting
536,Paul,Davis,46,Developer,Toronto,55052,2015-08-18,F,Engineering
537,Mike,Garcia,43,Intern,Delhi,46617,2005-04-23,F,Training
538,Tom,Davis,50,Engineer,New York,110393,2005-01-02,F,Engineering
539,Tom,Jones,40,Designer,Toronto,62971,2022-08-14,F,Design
540,Jane,Jones,53,Developer,Tokyo,106820,2008-12-02,M,Engineering
541,Emma,Smith,60,Intern,Singapore,116993,2004-11-24,F,Training
542,Lisa,Williams,54,Designer,Singapore,118119,2003-11-18,F,Design
543,Sara,Davis,28,Intern,Singapore,40252,2002-02-08,M,Training
544,Emma,Williams,45,Architect,New York,32059,2015-09-03,F,Architecture
545,Tom,Jones,32,Clerk,Dubai,70519,2002-02-20,F,Operations
546,Tom,Miller,41,Lead,Delhi,74103,2024-06-23,M,Leadership
547,Sara,Smith,55,Consultant,New York,44409,2019-10-09,F,Consulting
548,John,Taylor,59,Architect,Sydney,46023,2022-05-12,M,Architecture
549,Sara,Taylor,27,Engineer,Paris,52724,2023-08-28,F,Engineering
550,Emma,Miller,36,Clerk,London,99678,2019-12-27,F,Operations
551,Alex,Davis,45,Manager,Singapore,113469,2017-01-06,F,Management
552,Sam,Johnson,25,Designer,Sydney,29893,2022-02-01,M,Design
553,Tom,Davis,38,Developer,Paris,103505,2006-10-03,M,Engineering
554,Alex,Garcia,46,Architect,Delhi,33599,2002-02-13,M,Architecture
555,Mike,Davis,37,Lead,New York,85394,2011-04-07,M,Leadership
556,Mike,Garcia,28,Clerk,Berlin,35460,2021-09-08,F,Operations
557,John,Miller,40,Lead,New York,82211,2014-10-05,F,Leadership
558,John,Garcia,33,Engineer,Dubai,69520,2010-03-17,F,Engineering
559,Jane,Jones,58,Engineer,Sydney,91082,2015-01-30,M,Engineering
560,Mike,Jones,46,Analyst,New York,98586,2014-03-23,M,Analytics
561,Sam,Jones,34,Developer,London,109567,2016-08-02,M,Engineering
562,Paul,Smith,38,Manager,Dubai,109580,2006-12-17,M,Management
563,Tom,Williams,42,Lead,Tokyo,91715,2023-02-27,M,Leadership
564,Jane,Garcia,35,Designer,Dubai,87890,2023-11-22,F,Design
565,Jane,Garcia,20,Consultant,Dubai,41884,2015-03-15,M,Consulting
566,Jane,Taylor,23,Clerk,Delhi,72393,2015-02-03,M,Operations
567,Jane,Smith,41,Intern,Tokyo,53244,2011-12-22,M,Training
568,Sara,Brown,27,Designer,Sydney,108610,2010-01-24,F,Design
569,Jane,Wilson,22,Lead,Toronto,39605,2006-05-07,M,Leadership
570,Alex,Taylor,42,Lead,Paris,88244,2017-01-01,F,Leadership
571,John,Smith,46,Designer,London,62802,2000-02-25,F,Design
572,Sara,Williams,44,Analyst,London,72017,2003-09-19,F,Analytics
573,Sara,Williams,54,Analyst,London,57441,2019-01-27,F,Analytics
574,Tom,Johnson,52,Designer,Sydney,79045,2016-08-01,M,Design
575,Tom,Williams,42,Designer,Berlin,46446,2022-10-08,F,Design
576,Lisa,Wilson,40,Architect,Singapore,108624,2007-10-19,M,Architecture
577,Lisa,Miller,19,Engineer,Dubai,49439,2009-10-31,M,Engineering
578,Jane,Brown,39,Architect,Paris,64383,2006-10-21,F,Architecture
579,Mike,Garcia,54,Architect,Paris,82550,2021-12-12,M,Architecture
580,Paul,Wilson,24,Consultant,Berlin,73778,2004-12-08,M,Consulting
581,Sam,Smith,24,Analyst,Paris,44528,2006-01-26,M,Analytics
582,Emma,Brown,60,Consultant,New York,50368,2023-04-15,F,Consulting
583,Sara,Brown,26,Developer,Dubai,28258,2021-01-27,F,Engineering
584,Sara,Jones,60,Designer,Sydney,59709,2003-11-30,F,Design
585,Jane,Jones,47,Intern,New York,43576,2024-10-20,M,Training
586,Mike,Johnson,38,Intern,Berlin,78755,2019-04-03,F,Training
587,Jane,Smith,55,Analyst,Paris,N/A,2020-09-02,F,Analytics
588,Jane,Williams,29,Architect,New York,59988,2014-04-11,F,Architecture
589,Sam,Wilson,54,Architect,Singapore,117769,2022-09-11,F,Architecture
590,Paul,Miller,23,Designer,Delhi,73694,2021-09-19,F,Design
591,Emma,Taylor,30,Lead,Berlin,33118,2017-02-21,F,Leadership
592,Sara,Miller,43,Clerk,Paris,113470,2018-01-19,F,Operations
593,Paul,Williams,37,Developer,Tokyo,59791,2006-10-10,F,Engineering
594,Alex,Wilson,46,Engineer,Paris,46935,2018-05-15,F,Engineering
595,Emma,Brown,41,Consultant,Berlin,74376,2022-07-07,F,Consulting
596,Tom,Taylor,20,Designer,Sydney,95330,2007-05-14,M,Design
597,Paul,Miller,47,Lead,Toronto,51329,2005-02-10,M,Leadership
598,Paul,Garcia,20,Lead,Toronto,51956,2008-10-23,F,Leadership
599,Tom,Williams,37,Designer,New York,58094,2016-02-18,M,Design
600,Sara,Brown,39,Analyst,Singapore,65562,2024-12-29,M,Analytics
601,Jane,Brown,52,Developer,Singapore,25890,2002-09-23,M,Engineering
602,Jane,Taylor,30,Designer,Tokyo,49715,2002-07-09,F,Design
603,Alex,Johnson,47,Engineer,New York,54671,2005-05-15,M,Engineering
604,Alex,Davis,56,Consultant,New York,83282,2003-08-15,M,Consulting
605,John,Johnson,29,Engineer,Berlin,81643,2009-12-12,F,Engineering
606,Lisa,Jones,49,Manager,Dubai,45271,2021-09-20,M,Management
607,Lisa,Johnson,22,Architect,Sydney,84740,2018-03-17,M,Architecture
608,Tom,Brown,56,Architect,London,57023,2017-04-03,F,Architecture
609,John,Miller,36,Architect,Dubai,111251,2009-10-23,F,Architecture
610,Sara,Williams,23,Intern,Toronto,106675,2007-10-16,F,Training
611,Lisa,Taylor,18,Lead,Delhi,26469,2015-02-09,M,Leadership
612,Sara,Brown,23,Clerk,London,33225,2007-09-21,F,Operations
613,Paul,Davis,51,Manager,London,34161,2014-02-20,M,Management
614,Lisa,Williams,42,Engineer,Sydney,82826,2004-04-23,M,Engineering
615,Mike,Miller,48,Intern,Delhi,81908,2013-07-09,F,Training
616,Sam,Davis,28,Consultant,Sydney,88216,2006-11-10,F,Consulting
617,John,Miller,60,Lead,Tokyo,35431,2000-06-11,F,Leadership
618,Jane,Jones,43,Lead,Toronto,88528,2001-09-05,F,Leadership
619,John,Brown,52,Architect,Berlin,85224,2020-06-21,F,Architecture
620,Jane,Smith,28,Clerk,Singapore,99470,2001-06-10,F,Operations
621,Mike,Johnson,43,Clerk,London,56452,2017-01-28,F,Operations
622,Tom,Miller,59,Developer,Sydney,56550,2018-03-01,F,Engineering
623,Alex,Miller,34,Engineer,Paris,102888,2011-08-14,F,Engineering
624,Jane,Wilson,26,Clerk,Singapore,76529,2019-03-09,M,Operations
625,John,Davis,35,Designer,Berlin,106861,2002-09-08,M,Design
626,Mike,Jones,55,Analyst,Paris,78026,2021-02-19,F,Analytics
627,Tom,Garcia,51,Lead,New York,89131,2008-07-27,M,Leadership
628,John,Taylor,30,Manager,Sydney,43568,2012-05-22,M,Management
629,Mike,Taylor,20,Manager,Delhi,77956,2003-11-12,M,Management
630,Jane,Miller,23,Manager,Toronto,56208,2004-03-18,F,Management
631,Sara,Davis,54,Analyst,Paris,119312,2009-12-27,M,Analytics
632,Jane,Brown,26,Analyst,Paris,55443,2020-12-11,F,Analytics
633,Jane,Taylor,19,Developer,London,87321,2001-08-25,M,Engineering
634,Sam,Davis,24,Consultant,Dubai,40897,2014-10-05,M,Consulting
635,Mike,Brown,38,Manager,Paris,59680,2021-01-02,F,Management
636,Mike,Garcia,48,Manager,Delhi,88063,2023-09-24,F,Management
637,Paul,Garcia,32,Analyst,New York,42140,2001-09-28,F,Analytics
638,Emma,Williams,47,Engineer,London,109011,2009-05-15,F,Engineering
639,Mike,Brown,27,Intern,Toronto,37384,2003-05-07,M,Training
640,Emma,Wilson,36,Developer,London,105668,2006-12-13,M,Engineering
641,Paul,Miller,46,Engineer,Dubai,86665,2012-10-31,M,Engineering
642,Paul,Jones,57,Consultant,London,83223,2003-09-30,F,Consulting
643,Mike,Brown,32,Analyst,Dubai,107364,2021-06-18,F,Analytics
644,Alex,Williams,55,Engineer,London,91831,2009-03-27,F,Engineering
645,Emma,Davis,46,Lead,New York,33682,2023-07-12,F,Leadership
646,Alex,Brown,60,Intern,Toronto,112373,2021-04-13,F,Training
647,Tom,Johnson,20,Consultant,New York,74355,2021-04-06,F,Consulting
648,Sam,Taylor,28,Architect,Toronto,68230,2018-11-24,F,Architecture
649,Sara,Davis,51,Manager,Tokyo,98364,2010-03-16,F,Management
650,Emma,Williams,30,Intern,Sydney,40720,2008-12-04,M,Training
651,Sam,Garcia,42,Analyst,Singapore,53569,2003-12-01,F,Analytics
652,Paul,Smith,59,Developer,Paris,82480,2010-10-26,F,Engineering
653,Sara,Brown,25,Designer,Singapore,29079,2018-07-29,F,Design
654,Mike,Davis,24,Analyst,Delhi,94389,2014-03-18,M,Analytics
655,Mike,Jones,45,Intern,Sydney,59757,2020-09-18,M,Training
656,Lisa,Davis,25,Manager,Toronto,89249,2009-03-13,M,Management
657,Lisa,Miller,25,Manager,New York,35904,2001-12-25,F,Management
658,Mike,Brown,47,Clerk,Singapore,40338,2020-03-30,M,Operations
659,Mike,Miller,40,Consultant,Singapore,116228,2009-10-07,F,Consulting
660,Emma,Johnson,24,Developer,Dubai,45867,2011-10-19,F,Engineering
661,Sam,Miller,25,Clerk,Singapore,64440,2024-08-06,F,Operations
662,Sara,Williams,39,Analyst,Singapore,117317,2020-12-13,M,Analytics
663,Emma,Brown,27,Analyst,Sydney,30979,2000-06-16,M,Analytics
664,Sara,Brown,47,Architect,Toronto,61089,2007-10-16,F,Architecture
665,John,Jones,34,Consultant,Tokyo,44457,2018-10-20,F,Consulting
666,Sara,Smith,19,Consultant,Dubai,33183,2024-02-20,M,Consulting
667,Sam,Miller,25,Developer,Sydney,116406,2003-01-15,M,Engineering
668,Mike,Brown,22,Designer,Dubai,97198,2008-02-08,F,Design
669,Jane,Wilson,28,Lead,Tokyo,88570,2024-01-26,M,Leadership
670,Tom,Williams,26,Intern,Dubai,45878,2014-02-18,M,Training
671,Emma,Jones,49,Intern,Paris,40242,2014-02-20,M,Training
672,Tom,Brown,18,Developer,Tokyo,81153,2003-11-12,M,Engineering
673,Lisa,Williams,20,Designer,Toronto,63237,2001-05-20,F,Design
674,Mike,Miller,36,Consultant,New York,66784,2003-12-02,F,Consulting
675,Lisa,Johnson,41,Developer,Dubai,108626,2019-05-20,M,Engineering
676,Alex,Johnson,40,Manager,Toronto,105147,2016-04-19,F,Management
677,Lisa,Williams,59,Engineer,Sydney,28231,2024-06-27,M,Engineering
678,Sam,Davis,60,Analyst,Sydney,83848,2021-03-03,F,Analytics
679,Tom,Williams,54,Designer,Sydney,68971,2009-02-18,F,Design
680,Mike,Jones,51,Manager,London,89128,2013-02-04,F,Management
681,Tom,Taylor,56,Manager,New York,48737,2015-10-16,F,Management
682,Mike,Miller,38,Analyst,Berlin,65930,2015-08-15,F,Analytics
683,Emma,Taylor,27,Designer,New York,46821,2012-10-16,M,Design
684,John,Wilson,27,Lead,Sydney,101154,2020-09-15,M,Leadership
685,Paul,Jones,30,Analyst,Dubai,26738,2017-12-20,F,Analytics
686,Alex,Taylor,32,Architect,Sydney,37766,2004-02-01,M,Architecture
687,Alex,Wilson,49,Intern,Singapore,33253,2002-10-25,M,Training
688,Mike,Garcia,45,Analyst,Singapore,65669,2004-10-18,F,Analytics
689,Sara,Johnson,60,Intern,Singapore,82431,2012-03-29,M,Training
690,Sara,Brown,46,Intern,Singapore,73140,2005-03-26,F,Training
691,Alex,Davis,25,Analyst,Tokyo,32308,2010-02-08,F,Analytics
692,Alex,Williams,25,Lead,Tokyo,81918,2019-05-25,F,Leadership
693,Alex,Johnson,60,Designer,Singapore,38559,2004-06-11,F,Design
694,Mike,Taylor,49,Manager,London,75445,2008-04-17,F,Management
695,Paul,Miller,22,Developer,New York,112655,2000-01-24,M,Engineering
696,Emma,Garcia,56,Architect,Tokyo,91996,2015-03-13,M,Architecture
697,John,Jones,45,Developer,Paris,105154,2012-10-04,F,Engineering
698,John,Davis,57,Analyst,Toronto,111640,2010-11-25,F,Analytics
699,Alex,Garcia,41,Engineer,Toronto,118219,2012-08-06,F,Engineering
700,Sara,Jones,29,Manager,Paris,93126,2024-10-24,M,Management
701,Sara,Taylor,55,Engineer,Dubai,102801,2009-10-06,F,Engineering
702,Sam,Williams,35,Manager,Toronto,71143,2021-07-04,F,Management
703,Tom,Jones,46,Developer,Paris,30006,2014-02-16,M,Engineering
704,Sam,Jones,38,Lead,Toronto,53159,2020-01-11,M,Leadership
705,Emma,Taylor,39,Designer,Tokyo,97925,2024-05-21,F,Design
706,Jane,Miller,37,Designer,Paris,118564,2002-11-21,M,Design
707,Tom,Garcia,40,Designer,Singapore,110298,2000-12-30,M,Design
708,John,Smith,34,Clerk,New York,69004,2002-11-20,M,Operations
709,Mike,Williams,40,Developer,Toronto,39124,2017-10-31,M,Engineering
710,Sara,Taylor,26,Architect,Paris,75549,2021-10-31,F,Architecture
711,Alex,Garcia,25,Consultant,Delhi,103193,2020-08-08,F,Consulting
712,Sara,Garcia,50,Lead,Delhi,109348,2013-02-11,M,Leadership
713,Tom,Wilson,53,Consultant,Tokyo,101978,2013-12-20,M,Consulting
714,Jane,Jones,52,Consultant,London,104011,2016-02-09,M,Consulting
715,Emma,Wilson,49,Engineer,New York,27106,2023-01-28,F,Engineering
716,Tom,Brown,45,Architect,Dubai,50666,2024-12-10,F,Architecture
717,Tom,Williams,50,Developer,Tokyo,60871,2012-02-01,F,Engineering
718,Sara,Miller,35,Developer,Singapore,86341,2006-08-08,F,Engineering
719,Sam,Smith,58,Analyst,London,93964,2013-03-09,M,Analytics
720,Sam,Wilson,36,Consultant,Toronto,71224,2002-10-18,F,Consulting
721,Sam,Smith,50,Lead,New York,104397,2001-09-28,F,Leadership
722,Mike,Davis,51,Analyst,London,91215,2010-06-03,M,Analytics
723,Lisa,Brown,20,Lead,Toronto,88779,2007-09-16,F,Leadership
724,Sara,Wilson,53,Intern,Dubai,100783,2006-05-02,F,Training
725,John,Davis,24,Clerk,Singapore,33473,2024-01-15,F,Operations
726,Emma,Garcia,34,Lead,Delhi,27302,2004-11-08,M,Leadership
727,Jane,Jones,41,Architect,Paris,66206,2015-02-06,F,Architecture
728,Lisa,Davis,58,Intern,Dubai,64060,2016-12-18,M,Training
729,Lisa,Davis,20,Engineer,Sydney,61645,2009-04-03,M,Engineering
730,Sam,Taylor,60,Architect,Singapore,64566,2008-10-26,M,Architecture
731,Sam,Miller,18,Clerk,Dubai,25476,2016-11-04,F,Operations
732,Tom,Williams,59,Manager,Berlin,40606,2000-10-11,F,Management
733,John,Smith,28,Developer,Tokyo,104686,2005-04-27,F,Engineering
734,Sara,Miller,56,Intern,New York,115720,2004-12-15,F,Training
735,Emma,Taylor,19,Developer,Toronto,58186,2014-09-30,F,Engineering
736,Jane,Taylor,25,Intern,Tokyo,81390,2019-11-07,F,Training
737,Emma,Garcia,48,Architect,Toronto,95961,2012-01-04,M,Architecture
738,Jane,Johnson,37,Manager,London,117176,2018-05-20,F,Management
739,Emma,Miller,30,Developer,Berlin,25987,2022-01-26,F,Engineering
740,Emma,Garcia,33,Manager,Berlin,68989,2010-10-16,F,Management
741,Tom,Davis,46,Lead,Sydney,60205,2018-11-06,F,Leadership
742,Tom,Garcia,36,Architect,Berlin,53783,2010-11-10,F,Architecture
743,Alex,Miller,56,Engineer,New York,110636,2011-09-17,M,Engineering
744,Emma,Davis,47,Manager,London,91393,2018-09-18,M,Management
745,Emma,Davis,23,Engineer,Sydney,101872,2001-04-11,M,Engineering
746,John,Johnson,38,Clerk,Dubai,101005,2018-06-04,M,Operations
747,Lisa,Taylor,58,Intern,Paris,87993,2013-06-14,F,Training
748,Paul,Taylor,53,Designer,Delhi,90494,2017-05-14,M,Design
749,Lisa,Johnson,49,Developer,Paris,90213,2024-09-06,F,Engineering
750,Mike,Taylor,58,Developer,Sydney,54356,2004-06-17,M,Engineering
751,John,Miller,45,Intern,Berlin,74199,2017-09-06,F,Training
752,Paul,Taylor,33,Manager,Delhi,40311,2013-08-25,M,Management
753,Sam,Johnson,25,Manager,Tokyo,25618,2001-11-14,F,Management
754,Mike,Jones,50,Intern,London,100404,2015-02-11,M,Training
755,Mike,Williams,51,Intern,Delhi,99151,2008-10-02,M,Training
756,Lisa,Davis,40,Designer,New York,111749,2024-05-11,M,Design
757,Jane,Miller,27,Designer,Delhi,112803,2001-02-26,F,Design
758,Sara,Garcia,55,Designer,Sydney,93495,2020-01-22,M,Design
759,Lisa,Smith,41,Analyst,Toronto,85858,2012-12-31,F,Analytics
760,Tom,Jones,35,Manager,Sydney,39024,2006-05-15,M,Management
761,Jane,Garcia,36,Developer,New York,110734,2019-04-12,M,Engineering
762,Sam,Brown,41,Consultant,Dubai,76001,2001-10-15,M,Consulting
763,Jane,Jones,30,Architect,Sydney,111967,2001-11-23,M,Architecture
764,Tom,Johnson,21,Analyst,Berlin,36521,2006-05-26,F,Analytics
765,Sara,Jones,45,Intern,Delhi,32041,2019-12-15,M,Training
766,Tom,Taylor,59,Clerk,Berlin,74073,2020-11-12,F,Operations
767,Paul,Brown,27,Lead,New York,63831,2005-09-14,M,Leadership
768,Mike,Smith,54,Developer,New York,50068,2003-05-25,F,Engineering
769,Paul,Taylor,20,Architect,Delhi,45226,2009-06-18,M,Architecture
770,Paul,Miller,31,Consultant,New York,54456,2020-04-16,M,Consulting
771,Sara,Wilson,18,Analyst,Toronto,66514,2006-03-28,F,Analytics
772,Tom,Taylor,48,Designer,Tokyo,61521,2001-12-01,M,Design
773,Sara,Taylor,41,Consultant,Dubai,33607,2015-01-04,F,Consulting
774,Lisa,Wilson,53,Intern,London,38049,2001-02-11,M,Training
775,Emma,Williams,30,Intern,New York,27556,2020-04-21,F,Training
776,Sam,Davis,26,Designer,Toronto,43859,2000-09-24,M,Design
777,Sara,Williams,32,Designer,New York,104833,2020-11-13,M,Design
778,John,Davis,33,Consultant,Paris,95488,2023-10-11,M,Consulting
779,Sara,Williams,30,Intern,Sydney,89589,2004-10-12,M,Training
780,Paul,Smith,18,Designer,London,78915,2021-10-19,M,Design
781,John,Wilson,33,Lead,Berlin,67973,2011-06-29,F,Leadership
782,Jane,Brown,27,Clerk,Tokyo,43312,2023-10-30,F,Operations
783,John,Garcia,27,Lead,Paris,113203,2002-02-04,F,Leadership
784,Tom,Johnson,52,Engineer,Berlin,100328,2010-01-03,M,Engineering
785,Alex,Jones,30,Manager,London,49489,2000-10-18,F,Management
786,Tom,Taylor,21,Lead,New York,60015,2016-03-03,M,Leadership
787,Sara,Davis,47,Lead,New York,63453,2001-07-17,F,Leadership
788,Tom,Smith,57,Engineer,Sydney,51338,2014-01-20,F,Engineering
789,Emma,Garcia,24,Clerk,Dubai,93035,2013-05-29,M,Operations
790,John,Johnson,54,Clerk,Tokyo,42435,2018-09-09,F,Operations
791,Emma,Garcia,40,Manager,Dubai,75287,2008-11-01,F,Management
792,Lisa,Wilson,60,Intern,Berlin,N/A,2003-07-08,M,Training
793,Alex,Davis,22,Intern,Delhi,102720,2012-07-19,F,Training
794,Paul,Taylor,25,Engineer,Singapore,114862,2005-06-26,F,Engineering
795,Sara,Jones,53,Lead,New York,113240,2014-05-23,M,Leadership
796,Lisa,Miller,23,Consultant,Tokyo,98289,2001-08-11,F,Consulting
797,Lisa,Johnson,39,Architect,Singapore,89753,2023-05-28,M,Architecture
798,Mike,Davis,56,Clerk,Berlin,91811,2018-01-04,M,Operations
799,Mike,Taylor,35,Engineer,New York,30097,2004-04-29,M,Engineering
800,Paul,Davis,23,Consultant,Delhi,99364,2020-02-12,M,Consulting
801,Mike,Brown,18,Intern,Paris,45558,2020-03-04,F,Training
802,Paul,Smith,53,Intern,Paris,48364,2007-11-21,M,Training
803,Tom,Brown,41,Consultant,Sydney,87868,2024-03-12,M,Consulting
804,Jane,Jones,33,Designer,Toronto,87640,2019-05-13,M,Design
805,Jane,Garcia,60,Clerk,Tokyo,116620,2012-01-19,F,Operations
806,John,Williams,43,Clerk,Sydney,92735,2014-05-15,F,Operations
807,Lisa,Jones,43,Engineer,London,55720,2019-02-19,M,Engineering
808,John,Miller,30,Consultant,Dubai,119524,2005-09-24,M,Consulting
809,Emma,Brown,32,Developer,New York,81209,2013-04-03,M,Engineering
810,Mike,Williams,55,Analyst,Tokyo,50808,2020-03-29,F,Analytics
811,Mike,Johnson,29,Consultant,Singapore,79844,2008-09-19,F,Consulting
812,Sara,Taylor,39,Clerk,Dubai,51604,2022-06-13,M,Operations
813,Emma,Garcia,35,Developer,Singapore,60400,2008-09-20,F,Engineering
814,John,Johnson,43,Designer,Dubai,40507,2019-01-06,M,Design
815,Sam,Smith,32,Clerk,Berlin,35293,2016-04-04,M,Operations
816,Emma,Brown,33,Engineer,Sydney,85542,2000-02-15,F,Engineering
817,Emma,Miller,19,Manager,Paris,87279,2014-08-21,M,Management
818,Paul,Taylor,40,Architect,Paris,76736,2009-09-20,M,Architecture
819,Paul,Smith,21,Engineer,Tokyo,66121,2004-11-21,M,Engineering
820,Jane,Brown,54,Consultant,Dubai,85873,2006-01-15,M,Consulting
821,Emma,Johnson,37,Architect,Delhi,52215,2010-08-13,F,Architecture
822,Emma,Smith,24,Manager,Singapore,80518,2001-05-20,F,Management
823,Tom,Smith,37,Intern,Paris,74448,2000-11-29,M,Training
824,Jane,Taylor,49,Clerk,Dubai,62874,2016-10-13,M,Operations
825,Alex,Brown,21,Developer,Singapore,63388,2010-07-12,F,Engineering
826,Jane,Davis,50,Analyst,Dubai,47502,2017-07-30,M,Analytics
827,Sara,Brown,43,Developer,Tokyo,72411,2017-11-15,F,Engineering
828,John,Davis,22,Engineer,Paris,77586,2017-12-01,F,Engineering
829,John,Smith,18,Clerk,Sydney,54542,2013-11-03,F,Operations
830,Mike,Davis,43,Analyst,Berlin,73527,2023-09-12,M,Analytics
831,Sara,Davis,24,Engineer,London,52957,2021-05-12,F,Engineering
832,Sam,Smith,30,Analyst,Tokyo,74445,2002-12-20,F,Analytics
833,Alex,Johnson,20,Architect,New York,80588,2024-09-16,M,Architecture
834,Sam,Smith,26,Lead,Toronto,58175,2002-11-25,F,Leadership
835,Alex,Wilson,47,Lead,Sydney,25409,2020-07-06,M,Leadership
836,Sara,Davis,31,Clerk,London,86312,2004-10-10,F,Operations
837,Tom,Williams,59,Clerk,Berlin,34817,2016-05-12,F,Operations
838,Tom,Taylor,34,Manager,Delhi,96830,2013-05-04,M,Management
839,Tom,Taylor,60,Intern,Sydney,100321,2017-12-21,F,Training
840,Sara,Smith,47,Manager,Delhi,40810,2009-10-30,F,Management
841,Sam,Wilson,26,Manager,Delhi,28140,2023-10-18,F,Management
842,Lisa,Williams,53,Designer,Delhi,91480,2002-08-27,M,Design
843,Sam,Wilson,39,Lead,Dubai,102694,2002-10-18,M,Leadership
844,John,Miller,48,Consultant,Tokyo,90175,2019-01-02,F,Consulting
845,John,Miller,60,Analyst,London,104542,2018-07-29,M,Analytics
846,John,Miller,46,Intern,Toronto,28390,2003-06-15,F,Training
847,John,Brown,19,Architect,London,85375,2007-06-23,F,Architecture
848,Alex,Davis,32,Developer,Tokyo,27445,2010-10-31,F,Engineering
849,Emma,Garcia,41,Designer,Tokyo,66428,2015-06-23,F,Design
850,John,Johnson,26,Engineer,Berlin,79771,2001-10-07,M,Engineering
851,Sara,Williams,55,Intern,Tokyo,98505,2014-10-07,F,Training
852,Lisa,Davis,37,Designer,Singapore,27050,2020-02-15,M,Design
853,Sam,Smith,32,Engineer,Berlin,116618,2001-11-19,F,Engineering
854,Sara,Smith,53,Analyst,Paris,60741,2013-06-30,F,Analytics
855,Alex,Wilson,44,Manager,Sydney,102067,2004-02-07,F,Management
856,Sam,Davis,38,Manager,Delhi,88684,2000-12-25,M,Management
857,Jane,Johnson,51,Lead,Berlin,83118,2005-08-24,F,Leadership
858,Emma,Taylor,33,Manager,London,117154,2020-07-22,M,Management
859,Alex,Smith,56,Architect,Delhi,47880,2002-03-13,F,Architecture
860,Paul,Brown,47,Manager,London,73944,2007-09-19,M,Management
861,Sam,Brown,54,Architect,Tokyo,110206,2007-03-13,F,Architecture
862,Mike,Garcia,23,Intern,Paris,116040,2007-11-27,F,Training
863,Paul,Garcia,52,Consultant,Berlin,97021,2002-11-25,M,Consulting
864,Paul,Williams,56,Intern,Berlin,33335,2012-07-27,M,Training
865,Jane,Johnson,35,Lead,Toronto,114856,2000-03-20,M,Leadership
866,Emma,Williams,37,Lead,New York,31866,2013-11-15,M,Leadership
867,Jane,Taylor,41,Lead,Berlin,73141,2022-07-28,F,Leadership
868,Sam,Miller,27,Designer,Dubai,92392,2024-10-05,F,Design
869,Lisa,Wilson,47,Manager,Sydney,61029,2020-05-15,F,Management
870,Paul,Smith,29,Manager,Sydney,86361,2016-11-08,F,Management
871,Mike,Williams,29,Analyst,Sydney,81560,2006-04-11,F,Analytics
872,John,Miller,35,Intern,London,40473,2009-11-23,F,Training
873,Alex,Brown,41,Developer,Tokyo,34157,2012-03-12,F,Engineering
874,Lisa,Wilson,29,Clerk,Sydney,39846,2001-09-05,F,Operations
875,Mike,Jones,57,Developer,London,119406,99-99-9999,F,Engineering
876,Alex,Davis,48,Engineer,Singapore,80546,2012-02-24,F,Engineering
877,Sam,Jones,44,Intern,Tokyo,101566,2015-05-13,M,Training
878,Paul,Brown,23,Clerk,Delhi,44920,2012-04-05,F,Operations
879,Sara,Smith,55,Analyst,Sydney,49408,2007-02-28,F,Analytics
880,Emma,Jones,26,Engineer,London,30906,2014-11-17,M,Engineering
881,Paul,Smith,58,Architect,Delhi,115606,2020-01-10,M,Architecture
882,Paul,Wilson,38,Manager,Berlin,104114,2014-06-13,F,Management
883,Sam,Jones,35,Developer,Dubai,52752,2017-10-23,F,Engineering
884,Sam,Davis,60,Manager,Sydney,27276,2023-05-24,F,Management
885,Lisa,Williams,55,Designer,Singapore,110727,2013-02-06,F,Design
886,Sam,Jones,40,Lead,Toronto,110190,2018-06-12,M,Leadership
887,Sara,Miller,46,Developer,Paris,54559,2016-11-09,M,Engineering
888,Alex,Miller,50,Lead,Berlin,87133,2011-06-11,M,Leadership
889,Emma,Jones,24,Developer,New York,103933,2013-05-27,M,Engineering
890,Alex,Johnson,28,Manager,London,35675,2012-09-25,F,Management
891,Sam,Smith,49,Architect,Delhi,112851,2024-08-20,M,Architecture
892,Sara,Wilson,42,Clerk,Tokyo,33462,2014-04-11,F,Operations
893,Mike,Johnson,25,Designer,New York,46482,2024-07-12,F,Design
894,Mike,Williams,54,Clerk,Delhi,68874,2000-10-12,M,Operations
895,Alex,Williams,60,Engineer,London,40680,2001-01-30,F,Engineering
896,Sara,Jones,44,Designer,Tokyo,72595,2005-05-04,F,Design
897,Sara,Miller,21,Engineer,Delhi,29446,2019-02-14,M,Engineering
898,Jane,Jones,47,Consultant,Dubai,114900,2015-08-27,M,Consulting
899,John,Davis,33,Consultant,Berlin,71922,2009-05-23,F,Consulting
900,Paul,Johnson,29,Analyst,Delhi,108614,2017-08-06,M,Analytics
901,Emma,Jones,53,Engineer,Toronto,102951,2023-07-23,F,Engineering
902,John,Taylor,55,Lead,Toronto,67568,2014-05-07,F,Leadership
903,Jane,Miller,22,Consultant,New York,60307,2001-08-18,F,Consulting
904,Lisa,Miller,55,Intern,Berlin,29582,2018-01-23,M,Training
905,Paul,Davis,23,Architect,Paris,28054,2004-08-07,F,Architecture
906,Sara,Garcia,60,Manager,Berlin,51693,2016-08-22,M,Management
907,Jane,Johnson,47,Developer,Singapore,40428,2014-02-21,F,Engineering
908,Emma,Johnson,31,Engineer,Paris,52606,2008-05-05,M,Engineering
909,Mike,Johnson,23,Clerk,Delhi,74022,2001-05-28,M,Operations
910,Sara,Johnson,21,Developer,London,105728,2024-03-22,M,Engineering
911,Mike,Garcia,57,Clerk,London,33871,2008-04-01,M,Operations
912,Lisa,Johnson,57,Architect,Dubai,79066,2015-11-24,F,Architecture
913,Mike,Jones,59,Clerk,Toronto,28411,2024-04-20,F,Operations
914,John,Davis,33,Developer,Toronto,37297,2001-11-08,M,Engineering
915,John,Miller,30,Manager,Tokyo,103168,2023-02-22,M,Management
916,Sara,Miller,26,Intern,Toronto,117244,2000-12-11,F,Training
917,Sara,Johnson,25,Designer,Tokyo,116206,2001-06-01,F,Design
918,Alex,Jones,57,Clerk,Delhi,73759,2014-02-22,F,Operations
919,Sam,Wilson,57,Clerk,Sydney,41320,2001-07-01,F,Operations
920,Lisa,Jones,24,Architect,Singapore,38064,2022-03-31,M,Architecture
921,Alex,Smith,34,Manager,Berlin,75540,2006-08-15,F,Management
922,Jane,Williams,30,Consultant,Paris,45608,2003-05-19,F,Consulting
923,Lisa,Brown,54,Consultant,Berlin,28634,2018-02-10,F,Consulting
924,Emma,Jones,44,Architect,Dubai,81539,2006-03-05,M,Architecture
925,Emma,Brown,48,Developer,Tokyo,107583,2007-05-28,F,Engineering
926,Tom,Smith,26,Manager,London,108392,2011-10-07,F,Management
927,Sara,Davis,34,Analyst,Paris,58305,2000-02-03,F,Analytics
928,John,Davis,47,Designer,Sydney,70549,2021-12-20,M,Design
929,Paul,Wilson,46,Designer,Berlin,50598,2021-03-11,F,Design
930,Tom,Brown,48,Engineer,Paris,42739,2024-07-04,M,Engineering
931,Jane,Smith,37,Engineer,Tokyo,N/A,2006-09-02,M,Engineering
932,Sara,Williams,40,Engineer,Sydney,60090,2017-04-01,F,Engineering
933,Mike,Davis,51,Architect,Dubai,28711,2020-05-07,M,Architecture
934,Tom,Brown,36,Architect,Tokyo,104023,2010-03-20,M,Architecture
935,John,Garcia,21,Analyst,Singapore,47390,2018-05-27,F,Analytics
936,Lisa,Jones,36,Designer,Delhi,91275,2004-11-28,F,Design
937,Tom,Smith,46,Clerk,New York,95021,2021-06-30,M,Operations
938,Mike,Jones,50,Architect,Paris,110257,2013-07-12,M,Architecture
939,Jane,Jones,23,Engineer,Toronto,89390,2014-07-14,M,Engineering
940,John,Taylor,38,Clerk,Paris,88099,2007-02-06,F,Operations
941,Alex,Williams,49,Designer,Toronto,101173,2018-05-28,F,Design
942,Alex,Davis,23,Developer,Dubai,69096,2022-11-18,M,Engineering
943,Tom,Garcia,51,Lead,Delhi,50161,2021-02-09,M,Leadership
944,John,Williams,33,Architect,New York,116754,2010-04-29,M,Architecture
945,Mike,Johnson,37,Designer,Paris,N/A,2006-12-06,M,Design
946,Lisa,Johnson,53,Designer,Tokyo,35673,2006-03-18,F,Design
947,Jane,Wilson,49,Clerk,London,111352,2019-06-11,M,Operations
948,Sam,Williams,36,Designer,Singapore,88099,2010-11-19,F,Design
949,Jane,Davis,56,Clerk,Toronto,90452,2011-03-20,M,Operations
950,Lisa,Williams,45,Intern,Paris,102773,2020-08-12,M,Training
951,Mike,Davis,28,Consultant,Dubai,76772,2017-03-24,F,Consulting
952,Sara,Taylor,39,Engineer,Paris,30632,2003-02-19,F,Engineering
953,Tom,Davis,42,Architect,Toronto,93622,2002-07-13,F,Architecture
954,Tom,Garcia,42,Consultant,Paris,61911,2013-02-21,M,Consulting
955,Mike,Garcia,36,Intern,London,87830,2005-07-14,M,Training
956,Emma,Jones,47,Developer,Berlin,99840,2002-07-12,F,Engineering
957,Lisa,Williams,20,Engineer,Toronto,94867,2012-10-28,M,Engineering
958,Sam,Brown,40,Intern,New York,90987,2010-01-12,M,Training
959,Sam,Johnson,29,Architect,London,55795,2006-07-13,F,Architecture
960,Mike,Davis,52,Intern,Sydney,87971,2000-11-06,F,Training
961,Jane,Williams,47,Engineer,Berlin,85828,2003-07-07,M,Engineering
962,Tom,Smith,42,Manager,Delhi,86113,2010-03-21,F,Management
963,Lisa,Brown,20,Designer,Dubai,46176,2007-11-21,M,Design
964,Paul,Williams,43,Analyst,Toronto,31687,2013-06-24,M,Analytics
965,Alex,Johnson,58,Developer,Toronto,45572,2006-10-13,M,Engineering
966,Tom,Miller,46,Consultant,Tokyo,73520,2018-11-29,M,Consulting
967,Mike,Miller,58,Intern,Singapore,40474,2009-08-26,M,Training
968,Sara,Wilson,21,Designer,Tokyo,26565,2002-12-24,M,Design
969,Lisa,Williams,43,Intern,Berlin,63219,2020-12-03,M,Training
970,Jane,Davis,28,Consultant,Singapore,41224,2005-01-17,M,Consulting
971,Paul,Johnson,36,Analyst,Delhi,27815,2000-08-18,F,Analytics
972,Sara,Wilson,59,Intern,Paris,44422,2019-06-19,M,Training
973,Lisa,Johnson,50,Developer,Paris,54442,2022-10-12,F,Engineering
974,Tom,Davis,29,Analyst,London,59820,2014-05-20,M,Analytics
975,Tom,Davis,32,Architect,London,101707,2024-01-16,M,Architecture
976,Emma,Johnson,41,Engineer,Berlin,41446,2005-06-15,M,Engineering
977,Lisa,Johnson,56,Designer,Delhi,48433,2002-06-22,F,Design
978,Lisa,Johnson,30,Consultant,Delhi,47999,2006-03-04,M,Consulting
979,Emma,Johnson,50,Developer,Dubai,64572,2024-06-15,F,Engineering
980,Alex,Miller,27,Lead,Paris,60832,2020-01-27,M,Leadership
981,Lisa,Miller,53,Consultant,Singapore,43919,2001-03-19,F,Consulting
982,Paul,Jones,46,Lead,Tokyo,56030,2011-01-26,F,Leadership
983,Paul,Taylor,55,Architect,London,34600,2008-12-11,M,Architecture
984,Sam,Smith,46,Intern,Dubai,84843,2024-03-05,M,Training
985,Alex,Wilson,37,Consultant,Sydney,109962,2003-10-09,F,Consulting
986,John,Williams,23,Architect,New York,91881,2010-10-01,F,Architecture
987,Tom,Davis,32,Consultant,Toronto,25535,2005-11-17,M,Consulting
988,Tom,Garcia,54,Engineer,London,107887,2019-08-29,M,Engineering
989,Jane,Taylor,22,Developer,Delhi,115446,2005-08-17,F,Engineering
990,Lisa,Davis,50,Engineer,New York,52901,2011-06-18,F,Engineering
991,Sara,Taylor,25,Developer,Singapore,102311,2014-11-12,F,Engineering
992,Mike,Johnson,43,Architect,Paris,116926,2018-03-01,M,Architecture
993,Emma,Johnson,38,Manager,Sydney,96207,2015-01-30,M,Management
994,Lisa,Garcia,33,Analyst,Dubai,97559,2012-02-29,M,Analytics
995,Paul,Taylor,60,Intern,London,48589,2010-08-09,M,Training
996,Alex,Taylor,40,Lead,Sydney,82633,2011-07-18,F,Leadership
997,Lisa,Davis,57,Architect,New York,87305,2003-10-12,M,Architecture
998,Alex,Johnson,24,Engineer,Delhi,69214,2024-02-06,M,Engineering
999,Lisa,Brown,30,Designer,Tokyo,114299,2020-01-28,F,Design
1000,John,Williams,55,Consultant,Paris,108424,2022-07-19,F,Consulting
1001,Lisa,Jones,53,Manager,New York,51498,2009-10-09,F,Management
1002,John,Jones,19,Consultant,Sydney,50439,2004-10-24,M,Consulting
1003,Emma,Wilson,53,Consultant,Sydney,74728,2014-09-13,M,Consulting
1004,Jane,Wilson,33,Designer,London,69582,2006-03-15,M,Design
1005,Sam,Garcia,48,Engineer,New York,87612,2001-02-02,M,Engineering
1006,Mike,Wilson,27,Clerk,Delhi,103852,2000-09-11,F,Operations
1007,Tom,Miller,49,Intern,Singapore,49746,2004-01-07,M,Training
1008,Lisa,Jones,47,Intern,Singapore,80905,2003-04-08,F,Training
1009,John,Johnson,60,Lead,Delhi,48850,2010-06-14,F,Leadership
1010,Sam,Davis,56,Lead,Dubai,93619,2017-03-18,F,Leadership
1011,John,Jones,41,Clerk,Berlin,87613,2023-10-09,M,Operations
1012,Jane,Johnson,20,Lead,Sydney,25284,2023-10-04,M,Leadership
1013,Sara,Davis,33,Consultant,Singapore,41495,2003-12-22,M,Consulting
1014,Sam,Williams,37,Developer,Tokyo,51190,2012-07-16,F,Engineering
1015,Alex,Smith,23,Consultant,Delhi,105037,2002-07-08,M,Consulting
1016,John,Davis,59,Consultant,Dubai,64501,2008-07-13,M,Consulting
1017,Mike,Brown,34,Lead,Tokyo,36869,2012-04-08,M,Leadership
1018,Mike,Garcia,40,Intern,Dubai,45873,2002-01-08,F,Training
1019,Lisa,Taylor,47,Lead,Tokyo,108705,2021-01-20,F,Leadership
1020,Paul,Brown,19,Lead,Paris,101376,2002-06-19,M,Leadership
1021,Tom,Johnson,31,Architect,Singapore,50380,2003-12-17,F,Architecture
1022,Tom,Miller,32,Designer,Sydney,55302,2008-02-26,M,Design
1023,Jane,Smith,38,Manager,Delhi,104755,2000-05-01,M,Management
1024,Mike,Davis,44,Intern,Singapore,47259,2016-06-07,M,Training
1025,Alex,Davis,36,Developer,Delhi,68169,2005-10-02,M,Engineering
1026,Alex,Johnson,46,Consultant,Singapore,81380,2024-09-21,M,Consulting
1027,Jane,Smith,54,Clerk,Delhi,81359,2024-11-23,M,Operations
1028,Alex,Taylor,57,Architect,Dubai,59735,2009-09-28,M,Architecture
1029,Lisa,Wilson,51,Analyst,Tokyo,36767,2022-03-20,F,Analytics
1030,Lisa,Taylor,28,Clerk,Berlin,61420,2002-01-11,M,Operations
1031,Alex,Wilson,43,Developer,Sydney,38537,2001-05-21,M,Engineering
1032,Alex,Brown,58,Manager,Toronto,119877,2003-06-05,F,Management
1033,Mike,Johnson,23,Architect,Berlin,39475,2013-09-11,M,Architecture
1034,Mike,Taylor,37,Manager,New York,51515,2005-12-13,F,Management
1035,Alex,Brown,44,Architect,Berlin,54526,2006-05-15,M,Architecture
1036,Lisa,Brown,27,Architect,Berlin,44051,2012-10-10,M,Architecture
1037,Emma,Brown,51,Engineer,New York,112297,2023-05-28,M,Engineering
1038,John,Wilson,25,Engineer,London,100208,2001-09-02,M,Engineering
1039,John,Wilson,46,Manager,Delhi,84698,2006-11-25,F,Management
1040,Sara,Wilson,45,Clerk,Paris,47493,2007-01-28,M,Operations
1041,Sam,Johnson,31,Clerk,Paris,63422,2017-11-06,M,Operations
1042,John,Williams,24,Analyst,Toronto,34552,2017-11-06,M,Analytics
1043,Paul,Wilson,47,Architect,Delhi,50537,2022-08-16,M,Architecture
1044,Jane,Taylor,49,Manager,Berlin,94569,2024-06-17,M,Management
1045,Sam,Davis,36,Analyst,Singapore,113500,2008-01-16,M,Analytics
1046,Mike,Taylor,28,Consultant,Singapore,119091,2016-01-06,M,Consulting
1047,Lisa,Johnson,33,Lead,Singapore,70791,2019-11-16,F,Leadership
1048,Emma,Smith,42,Consultant,New York,96876,2010-09-06,M,Consulting
1049,John,Smith,56,Lead,Singapore,75443,2005-12-14,F,Leadership
1050,Alex,Miller,60,Developer,Dubai,28654,2015-12-21,M,Engineering
1051,Sam,Garcia,53,Clerk,Singapore,81272,2005-02-20,M,Operations
1052,Sara,Smith,20,Architect,Toronto,33993,2015-01-22,M,Architecture
1053,Paul,Davis,21,Consultant,Berlin,96989,2020-09-17,F,Consulting
1054,Jane,Brown,46,Consultant,Tokyo,96791,2001-04-21,F,Consulting
1055,Mike,Brown,34,Manager,London,44563,2022-12-30,F,Management
1056,Mike,Miller,55,Designer,Dubai,82343,2012-10-01,F,Design
1057,Emma,Jones,42,Intern,Tokyo,65204,2017-08-07,F,Training
1058,Sam,Garcia,39,Engineer,London,119269,2005-03-05,M,Engineering
1059,Alex,Smith,26,Lead,Singapore,49025,2010-05-07,M,Leadership
1060,Sam,Garcia,51,Lead,New York,66970,2004-01-02,F,Leadership
1061,Jane,Brown,33,Clerk,Singapore,48162,2002-06-13,M,Operations
1062,Lisa,Williams,54,Clerk,Berlin,31097,2017-02-06,F,Operations
1063,Sam,Davis,23,Intern,Sydney,61011,2024-08-03,M,Training
1064,Sam,Jones,46,Developer,Toronto,56881,2006-12-19,F,Engineering
1065,Lisa,Smith,52,Developer,London,98916,2017-09-04,M,Engineering
1066,Sam,Taylor,24,Architect,London,117651,2013-09-18,M,Architecture
1067,Alex,Brown,21,Architect,Berlin,60381,2020-07-09,M,Architecture
1068,Jane,Taylor,18,Intern,Berlin,102021,2002-12-05,M,Training
1069,Emma,Wilson,46,Designer,Tokyo,67595,2022-04-19,M,Design
1070,Jane,Miller,20,Engineer,Toronto,56514,2007-09-22,F,Engineering
1071,Jane,Johnson,56,Clerk,Dubai,102953,2000-02-29,F,Operations
1072,Jane,Miller,59,Consultant,Singapore,91960,2015-10-10,M,Consulting
1073,Tom,Smith,33,Consultant,Tokyo,64180,2017-04-20,M,Consulting
1074,Lisa,Johnson,31,Consultant,London,50854,2018-02-02,F,Consulting
1075,Sara,Wilson,60,Consultant,Paris,117879,2018-03-09,M,Consulting
1076,Emma,Williams,57,Analyst,New York,69744,2011-12-18,M,Analytics
1077,Sam,Smith,48,Architect,New York,57942,2013-04-27,M,Architecture
1078,Tom,Johnson,40,Designer,Toronto,98278,2018-06-18,M,Design
1079,Emma,Wilson,44,Consultant,Sydney,92130,2014-11-05,M,Consulting
1080,Mike,Jones,20,Intern,Sydney,112390,2010-08-02,F,Training
1081,Emma,Brown,37,Engineer,Tokyo,49065,2000-12-24,M,Engineering
1082,Lisa,Taylor,39,Intern,Paris,100238,2005-11-30,M,Training
1083,John,Smith,60,Developer,Berlin,88794,2008-11-02,M,Engineering
1084,Sara,Smith,30,Lead,Dubai,103915,2021-12-27,F,Leadership
1085,Mike,Jones,40,Analyst,Dubai,65038,2008-03-30,M,Analytics
1086,Jane,Smith,18,Consultant,Dubai,116342,2022-04-18,F,Consulting
1087,Emma,Davis,24,Architect,London,42393,2010-12-07,M,Architecture
1088,Lisa,Williams,19,Lead,Toronto,67679,2014-06-28,M,Leadership
1089,Alex,Davis,18,Architect,Sydney,47454,2006-12-08,M,Architecture
1090,Mike,Johnson,37,Intern,London,65722,2008-04-02,M,Training
1091,Sam,Brown,18,Consultant,Tokyo,95045,2010-05-17,F,Consulting
1092,Paul,Miller,24,Architect,London,90037,2004-12-23,M,Architecture
1093,Paul,Wilson,45,Analyst,Delhi,110686,2009-04-13,F,Analytics
1094,Tom,Miller,60,Manager,Paris,43099,2004-09-18,M,Management
1095,John,Taylor,41,Clerk,New York,116147,2016-10-20,M,Operations
1096,Sara,Wilson,58,Developer,Singapore,27553,2021-12-23,F,Engineering
1097,Lisa,Brown,46,Consultant,London,83066,2009-10-16,M,Consulting
1098,John,Taylor,19,Manager,Paris,83789,2003-05-24,F,Management
1099,Sam,Brown,51,Engineer,Delhi,105940,2012-06-15,F,Engineering
1100,Sara,Garcia,57,Designer,Paris,75395,2000-03-12,F,Design
1101,Tom,Smith,26,Manager,Dubai,60746,2015-02-19,F,Management
1102,Tom,Taylor,18,Lead,Dubai,38216,2013-10-11,F,Leadership
1103,Sara,Smith,34,Analyst,Paris,61219,2020-12-25,M,Analytics,extra_field
1104,Paul,Brown,18,Architect,Dubai,59459,2013-05-17,M,Architecture
1105,Sam,Wilson,58,Manager,Sydney,116513,2017-09-11,F,Management
1106,John,Johnson,44,Intern,Paris,92093,2005-01-13,F,Training
1107,Sam,Williams,23,Intern,Berlin,50636,2008-11-02,F,Training
1108,Sara,Johnson,58,Developer,Delhi,88247,2019-12-31,F,Engineering
1109,Alex,Jones,44,Intern,Dubai,75840,2021-09-03,M,Training
1110,Alex,Davis,33,Engineer,Paris,25792,2013-08-26,M,Engineering
1111,Alex,Johnson,20,Architect,Sydney,115000,2019-08-12,M,Architecture
1112,Mike,Brown,31,Manager,Toronto,90729,2005-11-23,M,Management
1113,Alex,Williams,28,Engineer,Toronto,108002,2018-10-21,M,Engineering
1114,Paul,Davis,25,Lead,London,36960,2005-12-10,M,Leadership
1115,Emma,Garcia,35,Designer,Paris,68394,2018-03-07,F,Design
1116,John,Williams,33,Consultant,London,56852,2016-04-15,F,Consulting
1117,Mike,Smith,56,Architect,Dubai,80465,2017-04-11,M,Architecture
1118,Sara,Williams,22,Designer,Berlin,45807,2013-05-29,M,Design
1119,Jane,Williams,59,Lead,Paris,58088,2010-06-08,F,Leadership
1120,Tom,Wilson,57,Manager,Toronto,80317,2014-08-31,M,Management
1121,Lisa,Smith,28,Consultant,London,67449,2001-10-19,M,Consulting
1122,Lisa,Miller,38,Architect,Delhi,78636,2024-08-02,F,Architecture
1123,John,Brown,21,Analyst,Toronto,113631,2020-04-26,M,Analytics
1124,Paul,Miller,46,Engineer,London,110008,2000-01-28,F,Engineering
1125,Mike,Davis,37,Architect,New York,80113,2001-10-23,F,Architecture
1126,Lisa,Johnson,38,Engineer,Berlin,47288,2012-05-07,M,Engineering
1127,Paul,Miller,49,Consultant,Paris,64736,2022-10-31,F,Consulting
1128,Lisa,Williams,34,Analyst,Tokyo,45358,2018-12-23,M,Analytics
1129,Jane,Jones,36,Architect,Singapore,88972,2010-10-22,F,Architecture
1130,Alex,Davis,33,Architect,Dubai,55495,2007-03-01,M,Architecture
1131,Alex,Brown,20,Intern,Paris,31024,2012-12-25,M,Training
1132,Paul,Wilson,18,Developer,London,70240,2008-12-01,F,Engineering
1133,Lisa,Davis,21,Developer,Paris,78352,2011-01-11,M,Engineering
1134,Sam,Garcia,52,Lead,New York,115733,2002-10-02,F,Leadership
1135,Tom,Taylor,46,Lead,Paris,100529,2013-06-30,F,Leadership
1136,Jane,Miller,50,Lead,Toronto,107182,2017-03-31,M,Leadership
1137,Tom,Davis,53,Lead,Tokyo,111881,2017-12-21,F,Leadership
1138,Lisa,Williams,51,Engineer,Sydney,54239,2022-08-30,M,Engineering
1139,John,Jones,30,Consultant,Delhi,93476,2001-01-22,F,Consulting
1140,Lisa,Wilson,23,Developer,Singapore,82968,2015-03-29,M,Engineering
1141,Emma,Brown,21,Analyst,Delhi,99972,2000-12-22,F,Analytics
1142,Tom,Davis,45,Manager,Toronto,40679,2023-09-15,F,Management
1143,Mike,Garcia,50,Lead,Toronto,59787,2002-06-17,M,Leadership
1144,Sam,Miller,32,Analyst,Dubai,51709,2009-12-18,F,Analytics
1145,Mike,Taylor,45,Developer,New York,27777,2019-07-17,M,Engineering
1146,Sam,Johnson,19,Engineer,Singapore,31113,2000-06-16,M,Engineering
1147,Emma,Davis,40,Manager,Dubai,104834,2019-04-10,F,Management
1148,Mike,Brown,55,Clerk,Berlin,83114,2003-11-18,F,Operations
1149,Tom,Williams,34,Consultant,Paris,48184,2000-03-02,M,Consulting
1150,Paul,Davis,57,Architect,Delhi,74950,2012-05-29,M,Architecture
1151,Mike,Miller,43,Analyst,Dubai,71324,2012-04-04,F,Analytics
1152,Mike,Taylor,31,Engineer,Dubai,45187,2023-10-11,F,Engineering
1153,Tom,Johnson,27,Developer,Singapore,50575,2016-03-11,F,Engineering
1154,Alex,Williams,32,Lead,Delhi,38486,2005-02-21,M,Leadership
1155,Emma,Williams,30,Designer,Berlin,94942,2010-01-19,F,Design
1156,John,Davis,56,Manager,Berlin,36022,2017-12-11,F,Management
1157,Lisa,Jones,49,Designer,Berlin,81431,2007-10-16,M,Design
1158,Mike,Garcia,27,Intern,Berlin,119512,2005-04-28,F,Training
1159,Emma,Smith,50,Consultant,Sydney,104747,2000-03-22,F,Consulting
1160,Paul,Smith,50,Architect,Berlin,96730,2002-02-10,F,Architecture
1161,Sara,Johnson,57,Intern,Dubai,77852,2017-05-18,F,Training
1162,Emma,Wilson,36,Designer,Delhi,82078,2017-11-14,M,Design
1163,Emma,Wilson,37,Engineer,New York,111733,2000-02-02,M,Engineering
1164,Paul,Smith,51,Analyst,Dubai,79524,2021-09-03,M,Analytics
1165,John,Smith,57,Architect,Dubai,41550,2010-02-12,M,Architecture
1166,Tom,Taylor,54,Lead,Delhi,102755,2020-04-22,F,Leadership
1167,Paul,Jones,18,Clerk,Paris,75067,2011-02-19,F,Operations
1168,Mike,Taylor,59,Clerk,Dubai,86688,2006-11-05,M,Operations
1169,Mike,Miller,42,Manager,Sydney,75620,2014-10-20,M,Management
1170,Lisa,Johnson,51,Intern,New York,81430,2006-04-27,M,Training
1171,Mike,Miller,26,Engineer,London,96218,2014-04-13,M,Engineering
1172,Paul,Garcia,22,Architect,Sydney,36245,2001-01-19,M,Architecture
1173,Tom,Brown,54,Manager,Delhi,39266,2002-02-07,M,Management
1174,Lisa,Garcia,36,Intern,Paris,66607,2005-06-12,F,Training
1175,Sara,Taylor,21,Architect,London,44406,2022-04-20,F,Architecture
1176,Paul,Davis,58,Engineer,Singapore,103232,2009-03-04,M,Engineering
1177,Sara,Johnson,37,Manager,Paris,104650,2010-03-08,M,Management
1178,Emma,Taylor,58,Manager,Singapore,79693,2010-11-29,F,Management
1179,Alex,Williams,30,Architect,Dubai,33033,2021-05-28,F,Architecture
1180,Mike,Smith,31,Consultant,Singapore,54457,2016-03-25,F,Consulting
1181,Paul,Johnson,55,Engineer,Paris,55959,2015-04-30,M,Engineering
1182,Mike,Davis,59,Engineer,Toronto,112964,2004-10-23,F,Engineering
1183,Tom,Davis,33,Intern,Berlin,110656,2000-06-07,F,Training
1184,Sara,Williams,55,Engineer,New York,99973,2008-03-28,M,Engineering
1185,Alex,Garcia,20,Designer,Paris,87281,2010-01-17,F,Design
1186,John,Smith,58,Developer,Singapore,106521,2011-05-04,F,Engineering
1187,Sam,Brown,26,Lead,Sydney,32869,2013-12-17,M,Leadership
1188,Sara,Taylor,24,Developer,London,79682,2006-05-30,F,Engineering
1189,Lisa,Miller,57,Consultant,Toronto,77649,2007-11-23,M,Consulting
1190,Sara,Johnson,58,Analyst,Paris,116462,2022-07-22,F,Analytics
1191,John,Jones,45,Designer,Toronto,119021,2014-03-29,F,Design
1192,Mike,Johnson,23,Clerk,London,86674,2018-11-06,M,Operations
1193,Emma,Brown,56,Architect,Delhi,118771,2020-02-09,F,Architecture
1194,Sara,Jones,23,Clerk,Dubai,63623,2011-10-03,M,Operations
1195,Paul,Williams,36,Consultant,London,110377,2005-02-02,F,Consulting
1196,Sam,Brown,33,Clerk,Berlin,37343,2021-04-02,F,Operations
1197,Sara,Miller,36,Engineer,Tokyo,58939,2005-06-12,M,Engineering
1198,Mike,Taylor,19,Lead,Dubai,116464,2019-02-13,M,Leadership
1199,John,Taylor,56,Designer,Berlin,104282,2013-07-30,M,Design
1200,Emma,Johnson,27,Analyst,Dubai,92638,2013-11-07,M,Analytics
1201,Lisa,Miller,25,Engineer,Dubai,53043,2011-06-29,F,Engineering
1202,Jane,Johnson,59,Analyst,Toronto,47598,2009-03-05,M,Analytics
1203,Lisa,Williams,19,Intern,Delhi,61709,2019-04-01,F,Training
1204,Tom,Garcia,26,Architect,Toronto,67241,2006-01-07,M,Architecture
1205,Emma,Taylor,19,Lead,New York,53302,2000-04-09,M,Leadership
1206,Tom,Miller,21,Engineer,Tokyo,77408,2020-03-05,F,Engineering
1207,Emma,Davis,43,Consultant,Delhi,88419,2015-06-08,M,Consulting
1208,John,Brown,34,Designer,Toronto,54004,2018-02-01,M,Design
1209,Alex,Jones,40,Lead,Berlin,65337,2011-01-01,M,Leadership
1210,Jane,Johnson,36,Consultant,New York,69737,2020-08-18,M,Consulting
1211,John,Jones,46,Analyst,Singapore,34235,2005-04-15,F,Analytics
1212,Paul,Jones,36,Clerk,Tokyo,86021,2021-03-20,F,Operations
1213,Jane,Davis,29,Designer,Sydney,117343,2016-08-02,F,Design
1214,Sara,Smith,38,Developer,Paris,81712,2014-06-13,M,Engineering
1215,Mike,Johnson,26,Intern,New York,40702,2020-03-18,M,Training
1216,Paul,Brown,55,Engineer,Toronto,115010,2019-11-03,M,Engineering
1217,Lisa,Taylor,32,Consultant,Singapore,68197,2005-05-29,M,Consulting
1218,Emma,Smith,30,Architect,Berlin,87658,2009-06-14,F,Architecture
1219,Sara,Johnson,35,Clerk,Tokyo,107689,2009-12-10,F,Operations
1220,Tom,Williams,59,Analyst,Dubai,92816,2000-12-30,F,Analytics
1221,Mike,Jones,48,Lead,New York,35183,2013-05-22,M,Leadership
1222,Tom,Davis,34,Developer,Dubai,107749,2012-05-20,F,Engineering
1223,Jane,Miller,30,Manager,Delhi,52977,2009-08-14,M,Management
1224,Tom,Wilson,57,Lead,Singapore,91024,2019-06-28,M,Leadership
1225,Sam,Davis,30,Manager,Toronto,78674,2018-04-02,M,Management
1226,Emma,Jones,19,Consultant,Toronto,105826,2007-04-29,F,Consulting
1227,Emma,Wilson,35,Manager,London,50444,2003-10-26,M,Management
1228,Sara,Smith,30,Designer,Delhi,111833,2021-09-28,M,Design
1229,Emma,Johnson,49,Engineer,New York,103543,2005-04-29,M,Engineering
1230,Jane,Williams,56,Architect,Paris,73797,2014-09-21,M,Architecture
1231,Jane,Garcia,31,Designer,Dubai,96181,2023-07-04,M,Design
1232,Alex,Taylor,50,Designer,Toronto,78260,2012-07-25,F,Design
1233,John,Wilson,58,Clerk,Toronto,93535,2012-05-28,M,Operations
1234,Sam,Johnson,48,Developer,Toronto,95081,2016-04-19,M,Engineering
1235,Sam,Garcia,50,Engineer,Singapore,94077,2009-11-10,F,Engineering
1236,Alex,Williams,54,Architect,Tokyo,119622,2000-05-12,M,Architecture
1237,Emma,Davis,27,Lead,Tokyo,61876,2018-11-28,M,Leadership
1238,Sam,Smith,55,Architect,Berlin,82532,2006-02-14,F,Architecture
1239,Paul,Davis,37,Consultant,Delhi,65698,2008-07-10,F,Consulting
1240,Emma,Smith,35,Clerk,Berlin,67012,2016-05-04,F,Operations
1241,Jane,Johnson,28,Developer,Berlin,30366,2009-09-03,F,Engineering
1242,Tom,Garcia,18,Developer,Toronto,74769,2001-05-10,F,Engineering
1243,Emma,Brown,42,Designer,Toronto,28120,2004-07-09,M,Design
1244,Alex,Davis,54,Lead,London,55265,2024-12-19,F,Leadership
1245,Jane,Brown,34,Analyst,Paris,70651,2024-03-08,F,Analytics
1246,John,Garcia,39,Analyst,Toronto,49972,2012-07-10,F,Analytics
1247,Emma,Garcia,41,Lead,Singapore,79444,2016-07-03,M,Leadership
1248,Sam,Davis,53,Designer,London,33079,2010-07-07,F,Design
1249,Paul,Smith,34,Engineer,Dubai,53540,2011-04-22,F,Engineering
1250,John,Jones,27,Analyst,Toronto,115694,2004-11-12,F,Analytics
1251,Sam,Wilson,37,Designer,Delhi,84982,2009-09-12,M,Design
1252,John,Jones,24,Developer,Berlin,54379,2000-08-15,F,Engineering
1253,Emma,Garcia,60,Engineer,New York,105972,2003-12-12,F,Engineering
1254,Sam,Smith,29,Designer,Sydney,111620,2019-10-23,F,Design
1255,Paul,Williams,59,Manager,Tokyo,71777,2023-08-01,M,Management
1256,John,Miller,19,Architect,Delhi,116821,2009-08-30,F,Architecture
1257,John,Smith,32,Architect,Berlin,67990,2000-11-17,F,Architecture
1258,Paul,Garcia,37,Architect,Delhi,69520,2017-12-10,F,Architecture
1259,John,Davis,26,Intern,Tokyo,109553,2014-09-15,F,Training
1260,Tom,Davis,21,Lead,Sydney,68926,2016-12-23,F,Leadership
1261,Sara,Taylor,34,Designer,New York,46996,2022-09-16,M,Design
1262,Alex,Wilson,25,Analyst,Toronto,26679,2007-11-20,M,Analytics
1263,Emma,Williams,57,Analyst,Delhi,28394,2024-06-08,F,Analytics
1264,Paul,Taylor,49,Analyst,Dubai,87255,2001-09-25,M,Analytics
1265,Alex,Jones,29,Designer,New York,85083,2008-11-13,M,Design
1266,Mike,Jones,60,Designer,Delhi,45311,2022-03-24,M,Design
1267,Alex,Taylor,48,Consultant,Toronto,29672,2021-07-18,F,Consulting
1268,Mike,Williams,33,Intern,New York,92699,2000-10-26,F,Training
1269,Emma,Jones,42,Intern,Tokyo,99407,2005-08-22,M,Training
1270,Lisa,Garcia,30,Architect,New York,113191,2005-06-29,M,Architecture
1271,Paul,Miller,52,Designer,London,49995,2001-05-24,M,Design
1272,Mike,Brown,33,Designer,Delhi,116589,2019-10-14,M,Design
1273,Paul,Wilson,59,Designer,Berlin,71442,2018-02-08,F,Design
1274,Emma,Wilson,29,Designer,Singapore,74665,2000-07-06,F,Design
1275,Sam,Miller,30,Engineer,London,92685,2014-11-25,M,Engineering
1276,Emma,Garcia,19,Intern,Singapore,53529,2007-03-25,F,Training
1277,Mike,Miller,46,Analyst,Toronto,43331,2021-02-12,F,Analytics
1278,Tom,Garcia,51,Consultant,Singapore,27053,2007-11-10,F,Consulting
1279,Jane,Taylor,42,Developer,Berlin,81090,2001-08-21,F,Engineering
1280,Sam,Wilson,41,Consultant,New York,28138,2007-05-22,M,Consulting
1281,Mike,Taylor,38,Intern,Dubai,59674,2003-04-12,M,Training
1282,Lisa,Taylor,41,Intern,Toronto,26547,2009-07-20,F,Training
1283,Emma,Smith,21,Intern,Toronto,64127,2005-08-12,M,Training
1284,Lisa,Davis,55,Designer,London,51448,2008-09-21,F,Design
1285,John,Smith,19,Designer,Singapore,109687,2009-12-15,M,Design
1286,John,Brown,37,Consultant,Singapore,73331,2022-08-02,M,Consulting
1287,Alex,Miller,23,Clerk,London,111923,2010-11-07,F,Operations
1288,Tom,Jones,27,Engineer,Paris,34116,2000-12-10,F,Engineering
1289,Tom,Garcia,34,Analyst,Singapore,62823,2019-08-30,M,Analytics
1290,Sam,Garcia,22,Engineer,Dubai,86879,2005-08-29,F,Engineering
1291,Alex,Miller,58,Lead,Berlin,84266,2005-06-26,M,Leadership
1292,Lisa,Jones,49,Clerk,Tokyo,83428,2014-07-03,M,Operations
1293,Emma,Wilson,23,Analyst,New York,48154,2020-07-03,F,Analytics
1294,Mike,Garcia,36,Developer,Berlin,62145,2016-06-12,F,Engineering
1295,Sam,Johnson,19,Lead,Delhi,28893,2024-04-11,M,Leadership
1296,Lisa,Brown,19,Lead,Delhi,28287,2022-03-11,F,Leadership
1297,Emma,Garcia,48,Analyst,Paris,110423,2005-10-21,M,Analytics
1298,Emma,Jones,27,Engineer,Sydney,88656,2016-04-25,F,Engineering
1299,Lisa,Miller,55,Engineer,Singapore,104916,2020-02-03,M,Engineering
1300,Lisa,Wilson,44,Intern,London,54410,2010-11-10,M,Training
1301,Emma,Taylor,22,Manager,London,101247,2010-05-10,M,Management
1302,Lisa,Smith,45,Clerk,Tokyo,109607,2007-02-07,M,Operations
1303,Sara,Taylor,46,Consultant,Tokyo,113622,2009-07-12,F,Consulting
1304,Emma,Smith,45,Designer,Sydney,77881,2009-06-13,F,Design
1305,Lisa,Wilson,19,Engineer,Toronto,84181,2014-03-31,F,Engineering
1306,Jane,Taylor,59,Consultant,Delhi,37059,2023-10-22,F,Consulting
1307,Lisa,Smith,26,Intern,New York,115571,2021-06-19,F,Training
1308,John,Williams,31,Analyst,New York,48715,2024-12-19,F,Analytics
1309,Alex,Miller,59,Lead,Delhi,116158,99-99-9999,M,Leadership
1310,Mike,Garcia,42,Designer,Singapore,37068,2002-03-21,M,Design
1311,Lisa,Brown,53,Engineer,Paris,33890,2013-10-25,M,Engineering
1312,Emma,Taylor,35,Intern,Dubai,83045,2011-03-27,F,Training
1313,Sara,Taylor,50,Lead,Sydney,84951,2013-07-02,M,Leadership
1314,John,Garcia,22,Intern,Paris,32467,2022-02-10,F,Training
1315,Alex,Davis,47,Lead,Toronto,58706,2005-04-16,M,Leadership
1316,Lisa,Smith,44,Lead,Paris,87721,2007-02-24,F,Leadership
1317,Lisa,Brown,42,Developer,London,102541,2007-03-30,M,Engineering
1318,Jane,Wilson,18,Clerk,Paris,102583,2021-08-12,F,Operations
1319,Paul,Johnson,29,Analyst,Singapore,111022,2005-01-07,F,Analytics
1320,Mike,Jones,38,Lead,Toronto,99145,2008-02-19,F,Leadership
1321,Sam,Miller,45,Architect,Paris,64055,2005-06-18,F,Architecture
1322,John,Williams,40,Intern,Toronto,62381,2004-06-26,M,Training
1323,Mike,Johnson,21,Manager,Paris,30099,2003-04-07,F,Management
1324,Alex,Davis,37,Consultant,Paris,98837,2019-05-18,M,Consulting
1325,Mike,Jones,45,Manager,Toronto,114643,2021-04-28,F,Management
1326,Tom,Smith,31,Developer,Paris,68917,2016-04-13,F,Engineering
1327,Mike,Brown,23,Developer,Tokyo,29752,2022-04-08,M,Engineering
1328,John,Miller,47,Analyst,Toronto,110719,2007-10-05,F,Analytics
1329,Mike,Johnson,46,Designer,Toronto,39341,2024-03-23,F,Design
1330,Sara,Jones,22,Consultant,Singapore,40037,2024-02-09,M,Consulting
1331,Sam,Garcia,47,Clerk,Berlin,38376,2004-05-10,M,Operations
1332,Mike,Garcia,56,Developer,Berlin,39851,2014-09-15,M,Engineering
1333,Paul,Wilson,45,Designer,Paris,80366,2018-09-24,F,Design
1334,Emma,Brown,19,Lead,Berlin,35458,2012-07-14,F,Leadership
1335,Sam,Davis,48,Analyst,Tokyo,60764,2004-09-01,M,Analytics
1336,Alex,Miller,46,Architect,London,115362,2021-02-14,M,Architecture
1337,John,Davis,22,Consultant,Dubai,71886,2019-11-05,F,Consulting
1338,Jane,Davis,48,Developer,Berlin,35218,2008-06-29,M,Engineering
1339,John,Jones,27,Designer,New York,71587,2011-07-21,M,Design
1340,Alex,Taylor,25,Consultant,Toronto,114370,2007-03-31,F,Consulting
1341,Tom,Miller,48,Consultant,Paris,102880,2009-10-09,M,Consulting
1342,John,Johnson,21,Engineer,Delhi,88151,2002-07-19,M,Engineering
1343,Sam,Williams,31,Designer,Toronto,72172,2013-03-20,F,Design
1344,Tom,Miller,19,Consultant,Dubai,69724,2023-06-28,M,Consulting
1345,Sam,Williams,45,Analyst,Delhi,91583,2004-03-12,F,Analytics
1346,Paul,Brown,37,Manager,New York,115346,2003-01-11,M,Management
1347,Tom,Jones,33,Clerk,Toronto,85480,2022-05-10,F,Operations
1348,Sara,Wilson,23,Manager,Delhi,47051,2002-09-23,M,Management
1349,Lisa,Johnson,32,Manager,Singapore,96302,2004-08-28,F,Management
1350,Paul,Garcia,58,Manager,Sydney,35030,2007-06-14,F,Management
1351,Lisa,Williams,29,Intern,Dubai,95662,2021-05-15,F,Training
1352,Lisa,Jones,40,Architect,Paris,45217,2008-08-11,F,Architecture
1353,Tom,Jones,34,Consultant,Sydney,97182,2021-06-03,F,Consulting
1354,Lisa,Wilson,23,Clerk,Dubai,82072,2002-07-03,F,Operations
1355,Sam,Brown,30,Analyst,Tokyo,92661,2003-05-14,F,Analytics
1356,Paul,Garcia,53,Engineer,London,115108,2019-08-23,M,Engineering
1357,Jane,Garcia,28,Intern,Berlin,54668,99-99-9999,F,Training
1358,Tom,Jones,24,Clerk,Toronto,37408,2014-08-29,M,Operations
1359,Jane,Jones,36,Designer,Berlin,84909,2011-12-15,M,Design
1360,Paul,Garcia,30,Intern,Berlin,93319,2013-11-16,F,Training
1361,John,Wilson,38,Developer,Berlin,50415,2023-06-09,M,Engineering
1362,Jane,Smith,21,Clerk,Singapore,36440,2013-04-04,F,Operations
1363,John,Davis,55,Intern,Toronto,76758,2001-10-30,M,Training
1364,Sara,Johnson,30,Analyst,Sydney,40182,2024-12-27,F,Analytics
1365,Lisa,Jones,33,Clerk,Sydney,119222,2001-10-25,M,Operations
1366,Alex,Williams,47,Engineer,Berlin,61952,2013-12-11,F,Engineering
1367,Emma,Taylor,58,Analyst,Delhi,111737,2015-06-15,M,Analytics
1368,Lisa,Brown,37,Clerk,Singapore,47670,2012-01-08,M,Operations
1369,Paul,Jones,54,Lead,Delhi,39827,2019-07-08,F,Leadership
1370,Paul,Davis,59,Intern,Dubai,43845,2017-07-12,F,Training
1371,Sam,Williams,55,Clerk,Paris,44318,2009-10-02,F,Operations
1372,Mike,Williams,38,Lead,Toronto,72364,2018-05-29,F,Leadership
1373,Lisa,Johnson,49,Consultant,New York,83291,2000-11-19,M,Consulting
1374,John,Miller,32,Consultant,Berlin,38855,2002-07-17,M,Consulting
1375,John,Wilson,46,Analyst,London,119218,2015-04-01,M,Analytics
1376,Paul,Smith,55,Developer,New York,56144,2022-08-20,M,Engineering
1377,Sara,Brown,30,Engineer,Dubai,58619,2001-02-27,M,Engineering
1378,Mike,Taylor,53,Consultant,Toronto,35888,2008-06-29,F,Consulting
1379,Sam,Johnson,52,Lead,Dubai,60058,2003-04-23,F,Leadership
1380,Sara,Wilson,42,Architect,Berlin,27322,2013-12-03,F,Architecture
1381,Mike,Taylor,42,Consultant,Dubai,85593,2013-03-19,F,Consulting
1382,Sara,Smith,57,Clerk,Toronto,81366,2000-05-10,F,Operations
1383,John,Taylor,33,Developer,Paris,85572,2007-10-30,F,Engineering
1384,Jane,Smith,43,Analyst,Sydney,57611,2004-08-04,M,Analytics
1385,Paul,Taylor,22,Analyst,Berlin,36400,2018-09-22,M,Analytics
1386,Sara,Jones,32,Designer,Toronto,107106,2000-04-06,F,Design
1387,Paul,Miller,25,Designer,Dubai,64823,2000-09-12,F,Design
1388,Lisa,Smith,26,Clerk,Delhi,111735,2023-09-08,F,Operations
1389,Alex,Miller,34,Intern,Berlin,118180,2002-02-24,M,Training
1390,Paul,Smith,28,Lead,Toronto,102210,2021-09-28,M,Leadership
1391,Emma,Smith,43,Consultant,Berlin,108655,2022-11-29,F,Consulting
1392,Sara,Davis,18,Architect,Berlin,102039,2023-04-13,F,Architecture
1393,Lisa,Johnson,38,Clerk,Delhi,86569,2003-12-11,F,Operations
1394,Lisa,Jones,37,Architect,Berlin,42873,2003-08-23,M,Architecture
1395,Emma,Brown,52,Clerk,Berlin,N/A,2024-11-17,F,Operations
1396,Lisa,Garcia,37,Manager,Sydney,47718,2011-02-04,F,Management
1397,Lisa,Jones,26,Designer,Paris,119068,2011-12-19,M,Design
1398,Mike,Taylor,52,Clerk,Berlin,62071,2015-09-21,F,Operations
1399,Lisa,Smith,40,Engineer,London,29440,2013-06-26,M,Engineering
1400,Sam,Jones,25,Designer,Berlin,26385,2007-04-18,F,Design
1401,Sam,Johnson,20,Engineer,Paris,43921,2004-06-30,F,Engineering
1402,Jane,Smith,30,Architect,Toronto,112287,2005-11-15,M,Architecture
1403,Sam,Brown,49,Clerk,Toronto,118559,2015-05-28,M,Operations
1404,Alex,Garcia,55,Architect,Tokyo,28553,2014-11-01,M,Architecture
1405,Tom,Garcia,43,Lead,London,63352,2009-08-07,F,Leadership
1406,Mike,Garcia,57,Clerk,Singapore,94909,2023-04-06,M,Operations
1407,John,Wilson,29,Clerk,London,28609,2001-04-09,F,Operations
1408,Alex,Williams,47,Developer,Sydney,76188,2014-04-11,F,Engineering
1409,Jane,Johnson,26,Lead,Singapore,108632,2015-08-22,M,Leadership
1410,Jane,Garcia,39,Consultant,New York,51924,2011-09-06,F,Consulting
1411,Lisa,Brown,39,Manager,Toronto,95879,2019-07-27,F,Management
1412,John,Smith,35,Clerk,Dubai,53652,2001-09-25,M,Operations
1413,Tom,Davis,18,Consultant,Berlin,87033,2011-01-27,F,Consulting
1414,John,Taylor,57,Lead,Toronto,102542,2015-05-05,F,Leadership
1415,Tom,Smith,38,Analyst,Sydney,36880,2022-03-21,M,Analytics
1416,Mike,Davis,39,Consultant,Tokyo,32678,2022-11-23,M,Consulting
1417,Paul,Davis,47,Architect,London,95280,2024-06-06,M,Architecture
1418,Mike,Miller,54,Manager,Sydney,47302,2018-04-28,M,Management
1419,Tom,Smith,23,Manager,Singapore,66896,2024-01-10,M,Management
1420,Jane,Wilson,43,Designer,Paris,111922,2001-06-12,F,Design
1421,Paul,Wilson,48,Engineer,London,39206,2011-12-13,F,Engineering
1422,Lisa,Smith,57,Manager,Sydney,62491,2017-10-19,F,Management
1423,Sara,Garcia,32,Engineer,Tokyo,81982,2019-04-04,F,Engineering
1424,Tom,Taylor,59,Designer,New York,115270,2009-06-19,F,Design
1425,Jane,Jones,57,Engineer,Toronto,29078,2012-04-03,M,Engineering
1426,Lisa,Williams,55,Designer,Singapore,86556,2023-08-10,F,Design
1427,Tom,Miller,38,Intern,Toronto,65649,2004-09-06,M,Training
1428,Tom,Miller,22,Developer,Paris,83173,2023-10-02,F,Engineering
1429,Alex,Jones,19,Consultant,Singapore,73278,2008-11-09,M,Consulting
1430,Alex,Davis,50,Intern,Berlin,108311,2007-05-07,F,Training
1431,Sara,Williams,57,Architect,Delhi,34023,2020-03-26,M,Architecture
1432,Emma,Smith,60,Lead,Tokyo,78958,2010-04-18,M,Leadership
1433,Lisa,Jones,27,Intern,Toronto,105157,2022-12-27,M,Training
1434,Paul,Johnson,32,Lead,Dubai,81853,2011-04-06,M,Leadership
1435,Sam,Smith,21,Consultant,Sydney,26087,2024-09-21,F,Consulting
1436,Alex,Garcia,42,Clerk,Paris,116027,2003-06-30,F,Operations
1437,Alex,Wilson,45,Lead,Dubai,48080,2022-05-13,M,Leadership
1438,John,Jones,21,Designer,Berlin,60245,2015-12-04,F,Design
1439,Emma,Johnson,45,Consultant,Paris,45413,2009-10-07,F,Consulting
1440,Lisa,Wilson,47,Consultant,London,116417,2022-04-06,M,Consulting
1441,Emma,Taylor,25,Engineer,Tokyo,25784,2003-03-28,M,Engineering
1442,Paul,Garcia,24,Clerk,Toronto,49548,2011-03-12,M,Operations
1443,Emma,Williams,50,Clerk,Paris,106296,2000-08-30,M,Operations
1444,Mike,Miller,36,Developer,Delhi,33930,2018-05-10,M,Engineering
1445,Jane,Williams,28,Manager,Paris,98462,2015-07-07,F,Management
1446,Emma,Miller,37,Engineer,Toronto,96333,2011-01-06,F,Engineering
1447,Emma,Johnson,19,Consultant,London,63027,2007-06-30,M,Consulting
1448,Mike,Jones,27,Consultant,Sydney,84034,2013-06-23,F,Consulting
1449,Sara,Davis,44,Designer,Singapore,52003,2008-01-04,F,Design
1450,John,Taylor,33,Intern,Delhi,80991,2015-06-24,M,Training
1451,Paul,Wilson,55,Intern,Delhi,66959,2002-05-26,M,Training
1452,Alex,Davis,42,Developer,Toronto,115014,2019-06-09,F,Engineering
1453,Lisa,Miller,53,Consultant,Dubai,92745,2009-12-25,M,Consulting
1454,Alex,Taylor,54,Developer,Delhi,37841,2014-06-11,F,Engineering
1455,Sara,Davis,37,Manager,Delhi,74810,2008-02-15,M,Management
1456,Sara,Smith,25,Developer,Sydney,80057,2023-01-27,M,Engineering
1457,Mike,Smith,47,Clerk,Sydney,60080,2002-07-07,F,Operations
1458,Alex,Wilson,35,Designer,Paris,81692,2000-09-03,M,Design
1459,Emma,Miller,27,Developer,London,85364,2020-12-24,F,Engineering
1460,Sam,Davis,26,Engineer,Delhi,28097,2008-09-07,M,Engineering
1461,Sara,Wilson,40,Engineer,Berlin,64062,2020-10-17,M,Engineering
1462,Lisa,Smith,20,Lead,Dubai,62639,2007-08-10,M,Leadership
1463,Alex,Johnson,33,Clerk,Delhi,81533,2008-06-25,M,Operations
1464,Lisa,Williams,20,Clerk,Paris,60380,2010-10-23,F,Operations
1465,Lisa,Smith,46,Clerk,Sydney,109985,2020-02-04,F,Operations
1466,John,Wilson,51,Engineer,Paris,106455,2018-01-27,M,Engineering
1467,John,Williams,45,Consultant,Singapore,65437,2002-02-22,M,Consulting
1468,Sam,Jones,44,Clerk,Singapore,55063,2014-08-20,M,Operations
1469,Sara,Davis,47,Developer,Dubai,112178,2010-09-10,F,Engineering
1470,Mike,Williams,45,Analyst,Berlin,100635,2001-01-14,F,Analytics
1471,Lisa,Brown,24,Engineer,Toronto,111104,2022-05-16,M,Engineering
1472,Sara,Wilson,19,Designer,Paris,35429,2021-08-04,F,Design
1473,Lisa,Miller,40,Clerk,Singapore,86852,2021-10-01,F,Operations
1474,Paul,Garcia,18,Analyst,New York,65111,2010-03-24,F,Analytics
1475,Tom,Williams,30,Lead,Sydney,52762,2011-03-30,F,Leadership
1476,Paul,Williams,48,Architect,Sydney,51149,2006-02-20,M,Architecture
1477,Sam,Smith,28,Manager,Sydney,89453,2002-10-15,F,Management
1478,Emma,Wilson,51,Intern,Toronto,43504,2018-04-27,F,Training
1479,Sara,Smith,48,Architect,London,48714,2004-06-27,M,Architecture
1480,John,Brown,54,Lead,Berlin,47531,2011-11-10,M,Leadership
1481,Paul,Smith,22,Engineer,Singapore,111900,2009-03-27,M,Engineering
1482,Emma,Wilson,50,Consultant,Tokyo,53318,2020-07-30,F,Consulting
1483,Paul,Taylor,41,Analyst,Dubai,95250,2005-01-14,F,Analytics
1484,Mike,Williams,23,Manager,Tokyo,106177,2022-07-26,F,Management
1485,Tom,Williams,44,Manager,Berlin,102435,2000-11-12,M,Management
1486,Emma,Jones,39,Analyst,Delhi,109020,2003-09-26,M,Analytics
1487,Lisa,Taylor,21,Architect,Berlin,41539,2008-12-06,F,Architecture
1488,Tom,Jones,39,Intern,Berlin,95435,2004-01-01,M,Training
1489,Jane,Miller,36,Clerk,Tokyo,109557,2019-02-12,F,Operations
1490,Paul,Smith,25,Consultant,London,55127,2006-10-22,F,Consulting
1491,Emma,Jones,50,Engineer,London,75941,2022-02-21,M,Engineering
1492,Mike,Wilson,48,Lead,Tokyo,59035,2014-01-29,M,Leadership
1493,Emma,Williams,33,Manager,Tokyo,66024,2001-09-18,M,Management
1494,Lisa,Williams,55,Consultant,Sydney,39058,2021-07-20,F,Consulting
1495,Alex,Brown,44,Engineer,New York,31470,2005-05-15,F,Engineering
1496,Tom,Garcia,57,Architect,London,101860,2011-10-20,F,Architecture
1497,Sara,Davis,43,Clerk,London,76017,2003-05-29,F,Operations
1498,John,Johnson,34,Designer,Tokyo,73888,2016-08-30,M,Design
1499,Jane,Wilson,29,Designer,London,48849,2002-06-23,F,Design
1500,John,Jones,38,Architect,Singapore,66835,2011-10-24,M,Architecture
1501,Mike,Jones,42,Lead,Delhi,80713,2001-05-21,M,Leadership
1502,Mike,Wilson,38,Manager,Singapore,111186,2022-10-07,M,Management
1503,Alex,Wilson,41,Intern,Dubai,94943,2008-07-27,F,Training
1504,Sam,Davis,26,Architect,New York,108227,2001-04-10,F,Architecture
1505,Jane,Wilson,36,Manager,Singapore,59842,2024-06-21,F,Management
1506,Paul,Wilson,36,Designer,Paris,112888,2014-11-02,F,Design
1507,Mike,Smith,55,Consultant,Tokyo,57411,2015-12-11,F,Consulting
1508,Paul,Jones,26,Analyst,Singapore,108513,2010-11-01,M,Analytics
1509,Lisa,Jones,54,Intern,Toronto,83709,2002-07-14,,Training
1510,Sara,Smith,57,Designer,Delhi,58266,2000-11-03,F,Design
1511,Tom,Miller,40,Designer,London,91581,2024-05-06,F,Design
1512,Mike,Williams,59,Consultant,Sydney,56095,2016-11-20,F,Consulting
1513,Emma,Davis,58,Clerk,Berlin,41077,2017-03-02,M,Operations
1514,Tom,Davis,45,Consultant,Dubai,38627,2004-03-28,F,Consulting
1515,Paul,Williams,19,Engineer,London,85837,2018-11-19,F,Engineering
1516,Paul,Williams,25,Analyst,Paris,38154,2018-01-25,F,Analytics
1517,Jane,Jones,40,Clerk,Paris,84478,2006-10-18,F,Operations
1518,Sara,Wilson,38,Architect,Tokyo,57536,2004-08-05,M,Architecture
1519,Paul,Davis,19,Intern,New York,39574,2006-12-16,F,Training,extra_field
1520,Paul,Williams,20,Manager,Singapore,105225,2000-03-29,M,Management
1521,John,Taylor,23,Lead,Tokyo,62668,2009-06-18,F,Leadership
1522,Emma,Wilson,21,Lead,Tokyo,110103,2001-12-09,M,Leadership
1523,Emma,Brown,32,Designer,Tokyo,107932,2010-04-22,F,Design
1524,Paul,Williams,19,Manager,Tokyo,67647,2021-12-31,F,Management
1525,John,Williams,24,Architect,Tokyo,90241,2007-02-12,F,Architecture
1526,Jane,Smith,49,Consultant,New York,108677,2013-09-19,M,Consulting
1527,Paul,Johnson,29,Intern,Berlin,28829,2004-05-30,F,Training
1528,Sam,Miller,24,Designer,Berlin,102859,2009-01-24,M,Design
1529,Lisa,Wilson,54,Lead,Berlin,60926,2016-09-26,F,Leadership
1530,Tom,Miller,32,Engineer,Sydney,76414,2023-11-17,M,Engineering
1531,Sam,Miller,31,Intern,Toronto,30848,2014-08-18,F,Training
1532,Emma,Jones,55,Manager,New York,33737,2015-10-11,F,Management
1533,Emma,Williams,21,Manager,Sydney,33930,2018-10-04,F,Management
1534,Alex,Garcia,25,Manager,Sydney,97846,2004-10-20,F,Management
1535,John,Davis,42,Developer,Toronto,85192,2010-10-05,M,Engineering
1536,Sara,Brown,38,Designer,Paris,84855,2014-10-14,F,Design
1537,Alex,Brown,32,Intern,Dubai,107500,2000-05-05,F,Training
1538,Paul,Johnson,39,Intern,Berlin,61789,2012-02-22,F,Training
1539,Sara,Miller,53,Manager,Toronto,108806,2004-09-09,M,Management
1540,Sara,Williams,57,Intern,Berlin,40269,2015-11-21,F,Training
1541,Mike,Miller,56,Clerk,Sydney,33816,2003-03-04,F,Operations
1542,Jane,Taylor,26,Developer,Paris,112854,2003-10-12,F,Engineering
1543,Paul,Brown,42,Lead,Toronto,117528,2018-11-11,F,Leadership
1544,Sam,Brown,35,Designer,New York,110035,2015-05-05,M,Design
1545,Sam,Smith,42,Engineer,Berlin,113770,2023-02-02,F,Engineering
1546,Mike,Williams,37,Clerk,Dubai,62699,2017-11-05,F,Operations
1547,Tom,Davis,42,Designer,Singapore,73567,2017-10-15,M,Design
1548,Tom,Smith,58,Developer,New York,118077,2006-09-26,F,Engineering
1549,Alex,Jones,55,Lead,London,25753,2007-01-23,M,Leadership
1550,Tom,Garcia,30,Architect,New York,70927,2006-10-29,F,Architecture
1551,Mike,Davis,45,Clerk,Toronto,39666,2024-11-24,M,Operations
1552,Lisa,Garcia,45,Manager,Toronto,108217,2000-01-12,F,Management
1553,Tom,Brown,28,Developer,Berlin,52926,2002-05-14,M,Engineering
1554,Mike,Jones,45,Designer,London,97350,2000-07-30,M,Design
1555,Mike,Wilson,43,Developer,Tokyo,58786,2007-04-23,F,Engineering
1556,Mike,Jones,18,Manager,London,47736,2018-10-02,M,Management
1557,Mike,Jones,46,Intern,Tokyo,55960,2007-08-18,F,Training
1558,Sam,Taylor,44,Architect,Delhi,116749,2024-09-27,F,Architecture
1559,Emma,Taylor,36,Architect,Tokyo,96692,2000-03-14,M,Architecture
1560,Paul,Miller,27,Analyst,Singapore,44044,2024-04-18,M,Analytics
1561,John,Garcia,45,Clerk,Berlin,44567,2024-01-17,F,Operations
1562,Tom,Taylor,58,Architect,Tokyo,66425,2002-01-22,M,Architecture
1563,Lisa,Taylor,57,Developer,Dubai,79525,2021-06-23,F,Engineering
1564,John,Williams,35,Analyst,Tokyo,64260,2024-05-28,F,Analytics
1565,John,Davis,36,Clerk,Singapore,37509,2002-05-19,F,Operations
1566,John,Garcia,42,Consultant,Dubai,46893,2010-03-14,M,Consulting
1567,Tom,Davis,31,Developer,Dubai,72230,2016-06-09,M,Engineering
1568,Sam,Miller,27,Consultant,Paris,106456,2022-12-21,M,Consulting
1569,John,Taylor,26,Engineer,Sydney,31008,2020-12-07,M,Engineering
1570,Sam,Taylor,43,Intern,Paris,55148,2007-10-24,M,Training
1571,Mike,Garcia,18,Manager,Berlin,105666,2013-10-28,F,Management
1572,Mike,Williams,18,Engineer,Dubai,70470,2022-07-03,F,Engineering
1573,Tom,Johnson,50,Architect,Tokyo,105542,2016-01-12,M,Architecture
1574,Sara,Wilson,23,Architect,Dubai,67250,2005-08-22,F,Architecture
1575,Sara,Taylor,30,Developer,Paris,31722,2009-03-04,M,Engineering
1576,John,Brown,56,Analyst,Toronto,27699,2010-09-12,F,Analytics
1577,Tom,Davis,42,Architect,Singapore,57735,2006-02-06,F,Architecture
1578,Alex,Davis,23,Designer,Delhi,99788,2000-03-18,F,Design
1579,Jane,Brown,56,Consultant,Tokyo,73543,2003-01-09,F,Consulting
1580,John,Garcia,27,Lead,Delhi,114629,2002-03-05,F,Leadership
1581,Lisa,Smith,30,Developer,Toronto,39056,2018-06-15,M,Engineering
1582,Jane,Davis,25,Architect,Tokyo,45763,2009-12-12,M,Architecture
1583,Mike,Miller,36,Intern,New York,118559,2005-03-03,F,Training
1584,Sara,Brown,38,Developer,Toronto,69493,2013-05-19,M,Engineering
1585,Sara,Johnson,35,Architect,New York,31700,2016-10-15,F,Architecture
1586,Lisa,Smith,44,Analyst,London,92625,2000-11-14,F,Analytics
1587,Tom,Davis,56,Architect,Tokyo,78072,2024-02-17,M,Architecture
1588,Lisa,Davis,33,Consultant,Toronto,108516,2014-09-27,M,Consulting
1589,Paul,Taylor,60,Architect,New York,73102,2014-05-27,M,Architecture
1590,Sara,Davis,26,Developer,London,92929,2011-12-04,F,Engineering
1591,Mike,Brown,37,Designer,Dubai,37856,2019-10-16,M,Design
1592,Lisa,Taylor,49,Clerk,Sydney,38681,2004-04-12,F,Operations
1593,Paul,Williams,44,Lead,New York,55230,2012-11-02,M,Leadership
1594,Tom,Miller,36,Architect,New York,102954,2007-12-22,F,Architecture
1595,John,Smith,38,Designer,Dubai,63734,2001-08-27,M,Design
1596,Sam,Williams,41,Consultant,Berlin,71698,2009-04-19,F,Consulting
1597,Paul,Johnson,50,Clerk,Tokyo,51370,2003-10-01,F,Operations
1598,Jane,Davis,20,Analyst,Paris,N/A,2004-04-02,M,Analytics
1599,Mike,Garcia,46,Developer,Paris,26846,2021-08-29,F,Engineering
1600,Emma,Taylor,27,Consultant,Tokyo,37555,2013-12-18,F,Consulting
1601,Alex,Williams,29,Consultant,Dubai,87607,2022-08-22,F,Consulting
1602,Alex,Taylor,26,Intern,Sydney,84205,2008-11-27,M,Training
1603,Tom,Jones,39,Engineer,Toronto,78212,2000-07-16,M,Engineering
1604,Alex,Williams,38,Engineer,Sydney,95038,2015-11-22,M,Engineering
1605,Tom,Johnson,43,Lead,New York,94114,2013-08-05,M,Leadership
1606,Jane,Taylor,58,Engineer,Paris,87541,2014-04-29,M,Engineering
1607,Alex,Jones,50,Analyst,Berlin,83777,2015-06-28,M,Analytics
1608,Tom,Garcia,34,Engineer,Berlin,97736,2022-03-17,M,Engineering
1609,Lisa,Garcia,35,Clerk,New York,61457,2004-11-10,M,Operations
1610,Emma,Brown,51,Manager,Paris,67228,2006-06-21,F,Management
1611,Sara,Johnson,38,Consultant,Berlin,87233,2006-09-09,F,Consulting
1612,Paul,Williams,30,Intern,Singapore,110203,2021-08-04,F,Training
1613,Paul,Garcia,27,Analyst,Singapore,115404,2024-03-09,F,Analytics
1614,Lisa,Jones,40,Manager,Tokyo,107435,2024-05-18,M,Management
1615,Emma,Wilson,34,Intern,London,108237,2021-08-09,M,Training
1616,Sara,Miller,37,Clerk,New York,79896,2007-08-28,F,Operations
1617,Mike,Williams,18,Designer,Delhi,110122,2023-12-08,F,Design
1618,Mike,Johnson,38,Designer,Sydney,81384,2016-07-18,F,Design
1619,Tom,Garcia,46,Consultant,Sydney,110582,2024-12-18,M,Consulting
1620,Lisa,Williams,36,Manager,Paris,55872,2021-08-30,F,Management
1621,Lisa,Taylor,53,Manager,London,84777,2003-12-18,F,Management
1622,Lisa,Wilson,21,Engineer,Singapore,85433,2000-02-20,F,Engineering
1623,Emma,Smith,50,Lead,Sydney,103504,2010-08-06,M,Leadership
1624,Mike,Davis,55,Lead,New York,104607,2024-05-07,F,Leadership
1625,Paul,Brown,44,Intern,Tokyo,35399,2017-12-20,F,Training
1626,Lisa,Brown,35,Architect,Berlin,108599,2011-05-11,M,Architecture
1627,Sara,Miller,53,Designer,Sydney,55217,2019-10-29,F,Design
1628,John,Johnson,36,Developer,Berlin,118134,2006-01-27,M,Engineering
1629,Jane,Jones,38,Analyst,Dubai,56925,2019-09-01,F,Analytics
1630,Mike,Jones,45,Lead,Singapore,62909,2001-12-23,M,Leadership
1631,Sara,Davis,58,Intern,Sydney,26532,2000-03-15,F,Training
1632,Lisa,Wilson,33,Engineer,New York,99120,2011-10-03,F,Engineering
1633,Lisa,Taylor,57,Clerk,Sydney,93750,2004-03-08,M,Operations
1634,Paul,Wilson,57,Consultant,Tokyo,50124,2021-10-08,F,Consulting
1635,Lisa,Wilson,31,Intern,Paris,81166,2010-06-10,F,Training
1636,Mike,Brown,47,Manager,Berlin,34667,2000-07-02,M,Management
1637,Lisa,Johnson,24,Manager,Toronto,115194,2005-07-08,F,Management
1638,Sam,Wilson,25,Lead,Dubai,109259,2021-01-12,F,Leadership
1639,Jane,Johnson,50,Developer,Paris,68039,2018-06-18,M,Engineering
1640,Tom,Smith,30,Developer,New York,47288,2008-10-27,F,Engineering
1641,Lisa,Garcia,32,Architect,Berlin,36452,2022-04-27,F,Architecture
1642,Paul,Wilson,48,Engineer,Toronto,111715,2012-07-31,M,Engineering
1643,Alex,Jones,26,Manager,Paris,90390,2003-10-24,M,Management
1644,Jane,Miller,41,Clerk,Sydney,62698,2002-07-10,M,Operations
1645,Lisa,Brown,52,Developer,Dubai,109651,2014-08-20,M,Engineering
1646,Paul,Smith,50,Lead,London,76152,2003-08-09,F,Leadership
1647,Sam,Garcia,21,Architect,London,58269,2016-04-28,M,Architecture
1648,Mike,Jones,35,Engineer,Toronto,100736,2016-06-14,F,Engineering
1649,Paul,Johnson,50,Designer,Singapore,95097,2008-04-02,M,Design
1650,Sara,Williams,32,Analyst,Tokyo,89407,2021-11-19,M,Analytics
1651,Tom,Johnson,35,Designer,Delhi,110989,2014-10-12,F,Design
1652,Alex,Williams,59,Consultant,Toronto,101263,2023-11-09,M,Consulting
1653,Paul,Johnson,60,Intern,Dubai,108216,2009-07-22,F,Training
1654,Paul,Wilson,60,Lead,Delhi,38169,2013-03-13,F,Leadership
1655,Tom,Williams,30,Lead,Singapore,58229,2012-06-16,M,Leadership
1656,Paul,Wilson,51,Engineer,London,51802,2023-07-17,F,Engineering
1657,Sam,Wilson,56,Engineer,New York,26223,2017-04-23,M,Engineering
1658,Jane,Davis,44,Clerk,Paris,47405,2011-05-18,F,Operations
1659,Emma,Taylor,23,Intern,Dubai,116907,2023-10-04,M,Training
1660,Alex,Williams,37,Consultant,Sydney,91702,2021-03-22,M,Consulting
1661,Mike,Taylor,26,Analyst,Tokyo,93464,2017-11-19,M,Analytics
1662,Alex,Williams,48,Clerk,Delhi,86505,2011-06-03,M,Operations
1663,Mike,Johnson,31,Consultant,Singapore,47293,2004-04-13,M,Consulting
1664,Paul,Jones,57,Lead,London,59692,2011-06-29,F,Leadership
1665,Mike,Miller,24,Clerk,Singapore,60535,2009-09-15,F,Operations
1666,Lisa,Jones,58,Architect,Berlin,92034,2011-07-05,F,Architecture
1667,Alex,Jones,43,Architect,Delhi,49191,2010-01-14,M,Architecture
1668,Paul,Smith,40,Analyst,Sydney,34909,2022-02-20,M,Analytics
1669,John,Jones,60,Intern,Singapore,98941,2009-05-05,F,Training
1670,Mike,Davis,46,Manager,Singapore,72771,2005-09-05,F,Management
1671,Alex,Garcia,44,Intern,Toronto,64899,2015-03-14,M,Training
1672,Tom,Miller,52,Engineer,Berlin,71931,2009-10-10,F,Engineering
1673,Jane,Johnson,53,Developer,Delhi,32475,2020-06-05,M,Engineering
1674,Alex,Wilson,33,Manager,Berlin,59582,2006-04-02,F,Management
1675,Lisa,Smith,36,Architect,Berlin,53032,2009-06-30,F,Architecture
1676,John,Williams,19,Architect,Singapore,41339,2000-01-15,M,Architecture
1677,Alex,Garcia,55,Designer,Delhi,98965,2015-11-14,F,Design
1678,Sara,Wilson,20,Consultant,Paris,76015,2002-06-21,F,Consulting
1679,Sam,Smith,31,Analyst,Berlin,41673,2015-02-19,F,Analytics
1680,Sam,Miller,30,Analyst,Dubai,84579,2016-08-20,F,Analytics
1681,Sara,Williams,36,Intern,Singapore,28483,2018-02-21,M,Training
1682,Sara,Johnson,19,Developer,Sydney,62673,2009-07-31,F,Engineering
1683,Jane,Smith,43,Developer,Tokyo,102045,2018-02-27,F,Engineering
1684,Lisa,Taylor,51,Clerk,New York,75180,2005-05-19,F,Operations
1685,Jane,Jones,50,Analyst,Dubai,85328,2014-02-27,M,Analytics
1686,John,Garcia,44,Analyst,Berlin,37618,2012-08-24,F,Analytics
1687,Paul,Williams,59,Lead,Dubai,34126,2006-07-02,F,Leadership
1688,Tom,Taylor,46,Manager,Singapore,89467,2000-11-24,F,Management
1689,Sara,Taylor,27,Consultant,Sydney,31800,2007-01-23,M,Consulting
1690,Paul,Garcia,20,Intern,Tokyo,42982,2024-10-13,F,Training
1691,Paul,Garcia,58,Manager,London,101943,2010-11-30,F,Management
1692,Jane,Jones,26,Clerk,Paris,50342,2016-08-05,M,Operations
1693,Sam,Taylor,49,Clerk,Delhi,88875,2020-04-08,F,Operations
1694,Sara,Jones,24,Engineer,London,105509,2024-06-01,M,Engineering
1695,Tom,Davis,56,Developer,Berlin,75510,2019-12-23,F,Engineering
1696,Mike,Davis,46,Engineer,New York,52495,2019-04-04,M,Engineering
1697,Mike,Smith,21,Designer,Tokyo,56859,2019-04-26,F,Design
1698,Alex,Smith,49,Architect,Toronto,38853,2016-09-09,F,Architecture
1699,Jane,Jones,55,Analyst,Dubai,104306,2012-03-27,F,Analytics
1700,Lisa,Taylor,56,Intern,Dubai,63677,2014-06-28,F,Training
1701,Lisa,Miller,39,Lead,Toronto,69645,2001-07-08,M,Leadership
1702,Lisa,Johnson,48,Clerk,Tokyo,42313,2016-05-26,M,Operations
1703,Lisa,Garcia,49,Manager,Delhi,61479,2008-12-25,F,Management
1704,Emma,Jones,20,Consultant,Dubai,88154,2016-12-20,M,Consulting
1705,Paul,Miller,29,Manager,Sydney,115384,2011-12-01,M,Management
1706,Lisa,Taylor,19,Clerk,Sydney,35617,2008-05-16,M,Operations
1707,Tom,Brown,44,Developer,Singapore,114962,2003-01-16,M,Engineering
1708,Jane,Jones,42,Architect,London,59282,2000-05-04,F,Architecture
1709,Emma,Jones,47,Architect,Dubai,33190,2005-05-31,M,Architecture
1710,Alex,Jones,36,Intern,Berlin,107090,2013-10-27,M,Training
1711,Emma,Davis,21,Manager,Delhi,29070,2022-06-03,M,Management
1712,Sam,Jones,60,Engineer,Toronto,25711,2011-10-29,F,Engineering
1713,Lisa,Smith,27,Lead,Berlin,90431,2007-08-23,M,Leadership
1714,Lisa,Davis,48,Manager,Sydney,76609,2010-05-04,M,Management
1715,Lisa,Miller,20,Intern,Singapore,108254,2002-05-14,F,Training
1716,Sara,Miller,50,Developer,London,35785,2022-05-31,M,Engineering
1717,Paul,Jones,35,Intern,Tokyo,65181,2006-07-05,F,Training
1718,John,Jones,27,Lead,New York,106252,2018-11-12,M,Leadership
1719,Tom,Johnson,25,Consultant,Delhi,67923,2005-05-24,F,Consulting
1720,Lisa,Jones,34,Clerk,Paris,70493,2001-08-07,M,Operations
1721,Jane,Smith,43,Clerk,Dubai,32483,2011-07-16,M,Operations
1722,Emma,Brown,19,Clerk,Tokyo,108340,2001-02-24,M,Operations
1723,Emma,Miller,48,Engineer,Sydney,78582,2020-09-20,M,Engineering
1724,Sam,Johnson,39,Developer,Sydney,28485,2020-03-07,F,Engineering
1725,Emma,Davis,24,Developer,Delhi,109907,2024-06-09,M,Engineering
1726,Emma,Jones,51,Consultant,Sydney,100493,2007-09-20,F,Consulting
1727,Jane,Jones,22,Manager,Singapore,48181,2001-06-03,F,Management
1728,Sam,Davis,33,Consultant,Delhi,52840,2004-10-11,F,Consulting
1729,Emma,Williams,23,Lead,Dubai,115017,2022-01-22,M,Leadership
1730,Tom,Garcia,52,Analyst,Paris,51822,2004-11-21,M,Analytics
1731,Sam,Jones,23,Lead,Tokyo,117905,2010-02-24,F,Leadership
1732,Mike,Brown,25,Intern,Toronto,30882,2016-02-27,M,Training
1733,Alex,Davis,44,Lead,Toronto,43106,2010-12-17,M,Leadership
1734,Sara,Davis,34,Architect,Tokyo,37351,2018-03-17,F,Architecture
1735,Sara,Taylor,24,Developer,Singapore,85741,2013-01-10,F,Engineering
1736,John,Smith,60,Clerk,Delhi,36294,2022-06-11,F,Operations
1737,Sara,Davis,53,Manager,Tokyo,51385,2022-04-18,F,Management
1738,Paul,Taylor,46,Architect,Berlin,66926,2015-09-28,F,Architecture
1739,Mike,Garcia,36,Designer,Paris,92520,2021-07-23,F,Design
1740,Emma,Miller,26,Intern,Paris,87042,2011-05-31,M,Training
1741,John,Wilson,59,Lead,Dubai,68293,2018-04-19,M,Leadership
1742,Mike,Johnson,52,Analyst,Toronto,115799,2008-04-12,M,Analytics
1743,Sara,Williams,44,Developer,Dubai,41940,2004-10-29,F,Engineering
1744,Sara,Davis,45,Clerk,Paris,26326,2014-12-12,F,Operations
1745,Emma,Jones,42,Designer,Dubai,44764,2009-06-24,F,Design
1746,Mike,Miller,39,Manager,Dubai,37028,2017-12-01,F,Management
1747,Tom,Smith,52,Manager,Toronto,88320,2001-11-25,M,Management
1748,Sam,Miller,35,Developer,Tokyo,68122,2012-03-13,F,Engineering
1749,John,Miller,45,Developer,London,111562,2001-03-23,F,Engineering
1750,Mike,Brown,54,Architect,Dubai,27984,2010-04-09,F,Architecture
1751,Paul,Williams,25,Developer,New York,39041,2020-05-27,M,Engineering
1752,John,Taylor,24,Manager,Singapore,106906,2009-03-06,F,Management
1753,Alex,Jones,54,Consultant,Paris,55125,2015-02-26,M,Consulting
1754,Jane,Miller,30,Engineer,New York,97541,2012-06-10,M,Engineering
1755,Paul,Smith,20,Developer,Sydney,63045,2024-06-17,F,Engineering
1756,John,Wilson,35,Architect,Sydney,70496,2008-11-01,M,Architecture
1757,Mike,Jones,58,Analyst,Toronto,54250,2002-05-03,M,Analytics
1758,Sam,Johnson,37,Analyst,London,73253,2006-04-23,F,Analytics
1759,Jane,Wilson,50,Intern,Dubai,27508,2016-01-23,F,Training
1760,Tom,Brown,41,Analyst,Dubai,80612,2001-02-12,F,Analytics
1761,Sara,Wilson,45,Designer,Sydney,109908,2005-03-27,F,Design
1762,Lisa,Miller,58,Clerk,Tokyo,N/A,2012-01-09,M,Operations
1763,Paul,Miller,35,Developer,Sydney,90320,2020-12-20,M,Engineering
1764,Paul,Davis,25,Clerk,Toronto,72289,2015-07-05,F,Operations
1765,Sara,Smith,55,Consultant,Toronto,42629,2016-03-06,F,Consulting
1766,Lisa,Williams,46,Engineer,Sydney,104014,2006-04-12,F,Engineering
1767,John,Taylor,29,Designer,Tokyo,83853,2020-06-24,M,Design
1768,Lisa,Jones,20,Engineer,Tokyo,25470,2009-05-31,F,Engineering
1769,Sam,Johnson,34,Manager,Toronto,75884,2011-12-10,F,Management
1770,Emma,Taylor,55,Lead,Singapore,110515,2003-05-25,F,Leadership
1771,Sara,Garcia,23,Lead,Tokyo,79238,2014-09-20,M,Leadership
1772,Lisa,Miller,46,Developer,Dubai,105901,2019-10-17,M,Engineering
1773,Sam,Brown,34,Analyst,New York,113597,2004-07-07,M,Analytics
1774,Alex,Williams,40,Manager,New York,32387,2016-09-11,F,Management
1775,Sara,Garcia,43,Analyst,Paris,65025,2008-12-22,F,Analytics
1776,Paul,Jones,18,Architect,Toronto,46253,2003-08-24,M,Architecture
1777,Paul,Smith,33,Lead,New York,36997,2010-10-31,F,Leadership
1778,Tom,Smith,44,Designer,London,76867,2017-06-22,M,Design
1779,Emma,Johnson,20,Consultant,Tokyo,72988,2010-09-19,F,Consulting
1780,Emma,Wilson,55,Consultant,Dubai,63807,2000-07-26,M,Consulting
1781,Jane,Taylor,58,Consultant,Singapore,74830,2019-02-19,M,Consulting
1782,Sara,Jones,49,Lead,Delhi,97879,2013-10-27,M,Leadership
1783,Emma,Miller,31,Manager,Dubai,114063,2023-05-28,F,Management
1784,Jane,Garcia,26,Developer,Toronto,101766,2009-04-18,F,Engineering
1785,Sara,Davis,58,Architect,New York,75451,2006-10-17,M,Architecture
1786,Mike,Johnson,46,Engineer,New York,108781,2018-07-20,M,Engineering
1787,Paul,Jones,51,Engineer,Singapore,97130,2000-09-18,F,Engineering
1788,Sam,Williams,55,Clerk,Sydney,45191,2005-10-07,M,Operations
1789,Alex,Brown,48,Consultant,Singapore,59684,2009-01-26,F,Consulting
1790,Lisa,Taylor,45,Consultant,New York,33573,2001-02-05,F,Consulting
1791,Alex,Johnson,55,Lead,Delhi,34405,2011-12-03,F,Leadership
1792,Alex,Taylor,39,Clerk,Paris,62323,2018-08-01,F,Operations
1793,Sam,Johnson,23,Manager,London,117842,2002-05-18,F,Management
1794,John,Miller,33,Engineer,Toronto,95717,2002-12-05,F,Engineering
1795,Alex,Wilson,31,Designer,Paris,46615,2014-10-22,M,Design
1796,Tom,Wilson,57,Developer,London,88651,2010-11-15,M,Engineering
1797,Jane,Miller,36,Engineer,Delhi,62691,2012-02-27,M,Engineering
1798,Mike,Johnson,37,Clerk,Tokyo,86834,2006-06-04,M,Operations
1799,John,Wilson,60,Consultant,Paris,64209,2019-02-23,F,Consulting
1800,John,Brown,23,Consultant,Sydney,47273,2012-06-03,F,Consulting
1801,Tom,Miller,45,Manager,Paris,51120,2012-07-10,F,Management
1802,Sam,Jones,48,Lead,New York,54732,2019-04-12,M,Leadership
1803,Jane,Smith,35,Clerk,Sydney,41398,2009-01-21,F,Operations
1804,Paul,Wilson,43,Architect,Sydney,95170,2009-02-25,F,Architecture
1805,Sam,Williams,34,Developer,Delhi,85987,2003-09-07,M,Engineering
1806,Sara,Smith,39,Clerk,Singapore,84481,2021-11-28,M,Operations
1807,John,Davis,47,Intern,London,77383,2021-10-20,F,Training
1808,Mike,Taylor,41,Clerk,Sydney,69352,2020-08-06,F,Operations
1809,John,Smith,30,Manager,Sydney,72162,2004-01-11,F,Management
1810,Paul,Smith,53,Analyst,Dubai,33468,2010-10-24,M,Analytics
1811,Paul,Jones,48,Engineer,London,69612,2024-11-06,M,Engineering
1812,Sara,Taylor,31,Designer,Singapore,69446,2024-11-14,F,Design
1813,Lisa,Jones,46,Engineer,New York,44810,2017-07-08,F,Engineering
1814,Sam,Brown,49,Intern,Singapore,78112,2004-04-12,M,Training
1815,Sara,Miller,36,Engineer,Berlin,95391,2000-06-01,F,Engineering
1816,Tom,Miller,36,Consultant,Singapore,90656,2016-03-09,M,Consulting
1817,Sam,Wilson,60,Designer,Paris,36586,2014-04-26,F,Design
1818,Sara,Johnson,56,Developer,Dubai,52364,2010-07-29,M,Engineering
1819,Jane,Smith,21,Developer,Tokyo,76814,2002-06-24,F,Engineering
1820,Sara,Garcia,56,Consultant,Tokyo,102307,2001-01-29,F,Consulting
1821,John,Williams,32,Engineer,Toronto,49450,2024-02-11,M,Engineering
1822,Paul,Miller,31,Manager,London,115892,2017-05-07,F,Management
1823,Alex,Jones,47,Lead,Paris,62749,2021-03-25,F,Leadership
1824,Jane,Brown,20,Designer,Sydney,117770,2009-02-17,F,Design
1825,Sara,Garcia,21,Designer,Sydney,98075,2018-01-31,F,Design
1826,Jane,Taylor,43,Engineer,Singapore,25973,2007-09-05,M,Engineering
1827,Alex,Brown,32,Analyst,London,46399,2008-12-01,F,Analytics
1828,Lisa,Brown,29,Manager,Singapore,87593,2004-08-30,F,Management
1829,Mike,Wilson,37,Lead,Berlin,55158,2023-02-06,F,Leadership
1830,Jane,Wilson,35,Consultant,Sydney,40544,2016-07-20,M,Consulting
1831,Paul,Taylor,32,Intern,London,116708,2001-06-06,F,Training
1832,Emma,Wilson,42,Analyst,Tokyo,81823,2009-11-06,F,Analytics
1833,Mike,Wilson,44,Manager,Paris,83218,2021-02-22,M,Management
1834,Lisa,Williams,25,Analyst,Paris,28998,2013-02-01,F,Analytics
1835,Mike,Smith,53,Developer,New York,93440,2020-08-04,F,Engineering
1836,Emma,Wilson,19,Developer,Singapore,60463,2009-07-22,M,Engineering
1837,Sam,Williams,36,Lead,Paris,104888,2020-01-01,F,Leadership
1838,Jane,Taylor,54,Developer,Delhi,93157,2021-08-13,M,Engineering
1839,Sara,Garcia,45,Clerk,Tokyo,74404,2020-11-19,F,Operations
1840,Paul,Smith,37,Analyst,London,75052,2015-02-08,F,Analytics
1841,Jane,Williams,36,Analyst,London,98539,2017-01-18,M,Analytics
1842,Jane,Garcia,30,Manager,Paris,110714,2006-11-24,F,Management
1843,Tom,Jones,29,Consultant,Berlin,66959,2013-01-07,M,Consulting
1844,Paul,Jones,47,Engineer,Paris,52700,2003-11-03,F,Engineering
1845,John,Johnson,39,Clerk,Sydney,104235,2007-06-06,M,Operations
1846,Paul,Davis,24,Developer,Dubai,103065,2004-03-30,F,Engineering
1847,Paul,Taylor,33,Architect,Tokyo,53611,2015-11-24,M,Architecture
1848,Jane,Miller,26,Designer,New York,87086,2010-07-03,M,Design
1849,John,Smith,46,Manager,Delhi,89711,2013-09-04,M,Management
1850,Paul,Wilson,53,Consultant,Dubai,88025,2009-07-28,F,Consulting
1851,Jane,Wilson,51,Lead,London,112087,2023-06-03,M,Leadership
1852,Lisa,Smith,21,Developer,New York,40784,2005-03-28,F,Engineering
1853,Emma,Williams,28,Consultant,Sydney,98192,2021-12-05,M,Consulting
1854,Emma,Miller,20,Developer,Tokyo,50040,2023-08-24,F,Engineering
1855,Paul,Garcia,34,Architect,Sydney,38212,2024-01-01,F,Architecture
1856,John,Jones,23,Intern,Singapore,80241,2016-07-18,M,Training
1857,Mike,Wilson,32,Consultant,Sydney,74898,2014-03-22,M,Consulting
1858,Sam,Brown,26,Intern,Dubai,75747,2008-07-02,F,Training
1859,Paul,Garcia,26,Developer,Singapore,43815,2015-09-01,F,Engineering
1860,Tom,Wilson,44,Clerk,Paris,101855,2010-10-29,M,Operations
1861,Tom,Jones,57,Intern,Paris,80582,2003-06-29,M,Training
1862,Sam,Davis,57,Architect,Sydney,108009,2005-06-01,M,Architecture
1863,Paul,Garcia,38,Lead,Delhi,37393,2017-08-15,F,Leadership
1864,Lisa,Wilson,34,Intern,Singapore,62347,2007-07-30,F,Training
1865,Emma,Taylor,41,Designer,Tokyo,74880,2002-12-20,F,Design
1866,Paul,Johnson,21,Engineer,New York,108219,2007-02-21,M,Engineering
1867,John,Smith,20,Lead,Dubai,107648,2005-02-24,F,Leadership
1868,Paul,Miller,58,Architect,Singapore,66488,2003-03-11,F,Architecture
1869,Tom,Jones,55,Engineer,Paris,84286,2001-11-27,F,Engineering
1870,Lisa,Johnson,51,Designer,Paris,118568,2019-09-05,M,Design
1871,Sara,Wilson,60,Designer,Tokyo,72397,2005-08-19,F,Design
1872,Lisa,Williams,29,Lead,Paris,48133,2003-05-10,M,Leadership
1873,Mike,Wilson,49,Consultant,New York,119263,2015-06-17,F,Consulting
1874,Sam,Smith,54,Manager,London,57270,2001-06-04,F,Management
1875,Tom,Smith,54,Manager,Tokyo,31544,2015-04-09,F,Management
1876,Emma,Garcia,45,Analyst,Dubai,29394,2017-08-19,F,Analytics
1877,Sam,Jones,23,Engineer,Delhi,104209,2013-05-14,M,Engineering
1878,Sara,Miller,35,Analyst,London,47693,2019-11-11,F,Analytics
1879,Paul,Wilson,56,Engineer,Singapore,112880,2017-07-06,M,Engineering
1880,John,Miller,27,Engineer,London,89903,2013-04-23,F,Engineering
1881,Paul,Brown,32,Manager,Singapore,94641,2002-11-29,F,Management
1882,John,Smith,60,Lead,Dubai,43622,2006-03-07
1883,Emma,Williams,55,Developer,Berlin,112216,2004-07-27,M,Engineering
1884,Lisa,Brown,41,Engineer,Paris,27429,2023-10-05,M,Engineering
1885,Tom,Garcia,24,Intern,Dubai,103369,2002-08-28,F,Training
1886,Sara,Brown,20,Analyst,Paris,94499,2022-01-18,M,Analytics
1887,Sam,Brown,32,Architect,London,110717,2010-03-07,M,Architecture
1888,Emma,Smith,21,Lead,Delhi,101781,2020-07-10,M,Leadership
1889,Lisa,Brown,45,Consultant,Paris,111593,2019-03-25,F,Consulting
1890,Jane,Jones,41,Analyst,Paris,99555,2008-01-30,M,Analytics
1891,Tom,Davis,55,Lead,London,42086,2023-01-15,F,Leadership
1892,Mike,Smith,52,Intern,Sydney,32653,2013-01-08,F,Training
1893,John,Johnson,37,Lead,Singapore,117521,2014-04-23,M,Leadership
1894,Jane,Wilson,43,Lead,Tokyo,32985,2007-08-07,M,Leadership
1895,Sam,Jones,20,Clerk,Singapore,25939,2016-04-18,M,Operations
1896,Sam,Brown,20,Intern,Paris,45829,2013-06-22,M,Training
1897,Tom,Williams,28,Clerk,London,83059,2019-04-11,F,Operations
1898,Alex,Miller,37,Analyst,Sydney,92569,2023-10-30,F,Analytics
1899,John,Taylor,37,Designer,Paris,115907,2003-12-25,M,Design
1900,Lisa,Garcia,60,Designer,New York,93652,2018-06-18,F,Design
1901,Jane,Davis,21,Designer,Dubai,73298,2024-03-31,M,Design
1902,Alex,Garcia,23,Architect,Berlin,44076,2007-08-10,F,Architecture
1903,John,Wilson,30,Engineer,Delhi,110519,2013-10-24,F,Engineering
1904,Mike,Davis,19,Lead,Dubai,43665,2014-04-08,F,Leadership
1905,Jane,Wilson,23,Developer,Sydney,91659,2005-08-29,F,Engineering
1906,Lisa,Wilson,21,Consultant,Singapore,102989,2002-08-15,F,Consulting
1907,Sam,Wilson,23,Analyst,London,97298,2008-01-08,M,Analytics
1908,Sara,Garcia,34,Manager,Tokyo,59357,2019-02-04,M,Management
1909,Sara,Taylor,30,Manager,London,57670,2011-08-10,F,Management
1910,Sam,Johnson,42,Developer,Dubai,78231,2006-12-15,M,Engineering
1911,Mike,Brown,28,Intern,Tokyo,38135,2006-08-30,F,Training
1912,John,Wilson,51,Consultant,London,84569,2003-04-29,M,Consulting
1913,John,Brown,40,Developer,Sydney,53198,2020-01-17,F,Engineering
1914,Lisa,Garcia,37,Lead,Paris,98038,2013-07-31,F,Leadership
1915,Lisa,Davis,45,Manager,Delhi,96213,2012-10-17,F,Management
1916,Alex,Brown,42,Consultant,Tokyo,32217,2017-09-28,M,Consulting
1917,Lisa,Miller,29,Engineer,Dubai,58980,2017-02-11,M,Engineering
1918,Emma,Brown,58,Architect,Sydney,59532,2015-09-12,M,Architecture
1919,Lisa,Taylor,20,Consultant,Singapore,72998,2022-09-03,M,Consulting
1920,Paul,Smith,23,Analyst,New York,94751,2014-08-19,F,Analytics
1921,Jane,Smith,19,Analyst,Paris,41940,2006-02-03,M,Analytics
1922,Jane,Taylor,23,Intern,Dubai,106932,2006-11-18,F,Training
1923,Mike,Davis,45,Consultant,Sydney,116406,2007-09-27,F,Consulting
1924,Tom,Miller,20,Lead,New York,48109,2020-09-24,F,Leadership
1925,Paul,Brown,53,Architect,New York,31214,2023-06-21,F,Architecture
1926,Mike,Garcia,59,Lead,New York,63481,2016-12-27,M,Leadership
1927,Paul,Johnson,30,Architect,Berlin,65179,2004-06-20,M,Architecture
1928,Alex,Jones,54,Engineer,Dubai,66398,2001-10-06,M,Engineering
1929,Emma,Davis,41,Engineer,Berlin,37078,2020-05-29,F,Engineering
1930,Lisa,Brown,24,Designer,Tokyo,110897,2008-06-10,M,Design
1931,Paul,Wilson,52,Lead,Berlin,90180,2010-04-12,M,Leadership
1932,Sam,Taylor,30,Manager,Sydney,102029,2012-01-26,M,Management
1933,John,Miller,28,Designer,New York,92908,2001-05-09,F,Design
1934,John,Williams,42,Engineer,New York,93046,2004-07-10,M,Engineering
1935,Mike,Taylor,20,Manager,London,70529,2019-03-28,F,Management
1936,Paul,Miller,53,Lead,Delhi,107941,2003-05-12,F,Leadership
1937,Sara,Johnson,32,Manager,Paris,79664,2024-02-14,F,Management
1938,Lisa,Wilson,50,Lead,Sydney,104527,2024-01-29,F,Leadership
1939,Mike,Wilson,27,Manager,Dubai,69530,2007-12-07,M,Management
1940,John,Davis,41,Intern,Singapore,30056,2007-09-17,F,Training
1941,Tom,Miller,36,Intern,Sydney,118906,2009-08-30,M,Training
1942,Mike,Williams,53,Clerk,London,97122,2011-01-09,F,Operations
1943,John,Wilson,37,Architect,Delhi,32194,2002-08-22,M,Architecture
1944,Emma,Smith,31,Consultant,Singapore,64280,2009-12-19,M,Consulting
1945,Sara,Smith,21,Designer,London,59883,2010-03-13,F,Design
1946,Mike,Wilson,50,Designer,London,51387,2016-01-12
1947,Mike,Taylor,44,Clerk,Dubai,45755,2007-03-31,F,Operations
1948,Emma,Johnson,57,Engineer,New York,56329,2009-08-02,M,Engineering
1949,Mike,Wilson,49,Designer,Berlin,30726,2017-11-21,F,Design
1950,Alex,Davis,24,Lead,Tokyo,53733,2018-02-25,F,Leadership
1951,Paul,Garcia,42,Engineer,Dubai,114096,2022-07-06,M,Engineering
1952,Sara,Williams,33,Architect,Toronto,53819,2016-07-02,F,Architecture
1953,Sam,Davis,18,Clerk,Paris,32988,2024-03-27,M,Operations
1954,Lisa,Taylor,44,Lead,London,52087,2014-08-18,F,Leadership
1955,Alex,Jones,20,Consultant,Toronto,103832,2006-12-20,F,Consulting
1956,Alex,Wilson,32,Analyst,London,35356,2003-12-29,M,Analytics
1957,John,Davis,46,Engineer,Delhi,116847,2008-09-23,M,Engineering
1958,John,Johnson,45,Analyst,Paris,94424,2016-09-28,F,Analytics
1959,Emma,Smith,41,Lead,Sydney,66237,2010-07-09,M,Leadership
1960,Sara,Garcia,52,Designer,Singapore,80705,2002-12-09,M,Design
1961,Sara,Garcia,54,Consultant,Paris,109490,2005-01-30,F,Consulting
1962,Lisa,Brown,52,Developer,London,78049,2024-04-22,F,Engineering
1963,Lisa,Williams,26,Consultant,Dubai,48999,2008-11-02,M,Consulting
1964,Mike,Miller,48,Clerk,London,108955,2010-02-19,M,Operations
1965,Jane,Miller,33,Consultant,Dubai,72305,2021-12-10,M,Consulting
1966,Mike,Miller,33,Designer,Toronto,112383,2010-05-25,F,Design
1967,Tom,Williams,43,Architect,Tokyo,32347,2005-09-03,F,Architecture
1968,Sara,Williams,36,Intern,Dubai,104320,2006-07-23,F,Training
1969,Jane,Brown,21,Consultant,Delhi,98485,2001-12-23,M,Consulting
1970,Alex,Brown,41,Analyst,Tokyo,31949,2011-08-16,M,Analytics
1971,Sam,Johnson,41,Designer,Paris,94352,2011-07-28,M,Design
1972,Lisa,Johnson,45,Manager,Paris,101893,2003-07-18,F,Management
1973,John,Davis,19,Manager,Singapore,83631,2016-04-17,F,Management
1974,Paul,Wilson,38,Lead,Paris,77441,2014-05-05,M,Leadership
1975,Tom,Williams,54,Architect,Delhi,96886,2009-11-14,M,Architecture
1976,Jane,Johnson,53,Consultant,New York,92649,2005-10-15,M,Consulting
1977,Paul,Brown,18,Consultant,Singapore,58169,2018-12-21,F,Consulting
1978,Sam,Davis,52,Analyst,New York,60596,2017-02-28,M,Analytics
1979,Alex,Wilson,36,Engineer,Berlin,82705,2006-08-21,M,Engineering
1980,Emma,Williams,56,Engineer,Sydney,38230,2024-08-16,M,Engineering
1981,Mike,Miller,49,Architect,Singapore,39806,2017-11-16,M,Architecture
1982,Tom,Williams,44,,Paris,89263,2015-01-31,F,Engineering
1983,Emma,Taylor,40,Consultant,Tokyo,103124,2008-07-17,F,Consulting
1984,Jane,Garcia,31,Clerk,Toronto,70843,2008-04-19,F,Operations
1985,Paul,Taylor,25,Designer,Delhi,100373,2013-06-25,M,Design
1986,Tom,Wilson,32,Designer,Dubai,100471,2015-03-13,M,Design
1987,Paul,Johnson,39,Developer,London,50404,2019-11-05,M,Engineering
1988,Lisa,Garcia,20,Manager,Singapore,40144,2000-10-19,F,Management
1989,Paul,Williams,38,Designer,Berlin,42922,2019-01-15,M,Design
1990,Mike,Garcia,30,Designer,Toronto,45666,2013-07-10,M,Design
1991,Emma,Smith,42,Designer,Paris,115803,2021-04-30,M,Design
1992,Emma,Garcia,28,Manager,Toronto,92669,2011-04-02,M,Management
1993,Lisa,Garcia,54,Architect,New York,37447,2023-11-27,F,Architecture
1994,Paul,Williams,48,Engineer,Singapore,104572,2013-12-04,F,Engineering
1995,Emma,Williams,59,Consultant,Dubai,66258,2001-10-02,M,Consulting
1996,John,Johnson,43,Engineer,Berlin,74302,2015-08-26,F,Engineering
1997,Emma,Davis,37,Developer,Berlin,36533,2014-12-25,F,Engineering
1998,Sam,Miller,24,Intern,Tokyo,85043,2019-10-14,F,Training
1999,Alex,Taylor,23,Engineer,London,95543,2003-07-02,F,Engineering
2000,John,Jones,42,Intern,Tokyo,45057,2006-07-27,F,Training
2001,Paul,Garcia,32,Manager,Berlin,42429,2010-02-20,M,Management
2002,Tom,Davis,50,Consultant,London,111570,2005-01-02,M,Consulting
2003,Lisa,Johnson,43,Architect,Sydney,86853,2024-07-04,M,Architecture
2004,Mike,Brown,59,Designer,Delhi,115604,2004-09-13,F,Design
2005,Mike,Brown,33,Manager,New York,115152,2002-01-07,M,Management
2006,John,Smith,56,Analyst,Berlin,74904,2003-09-15,F,Analytics
2007,John,Miller,38,Engineer,Toronto,62236,2004-04-17,M,Engineering
2008,John,Davis,35,Clerk,Paris,102279,2013-02-10,F,Operations
2009,Alex,Smith,60,Designer,Singapore,95402,2018-07-07,F,Design
2010,John,Taylor,30,Lead,Toronto,51585,2016-04-30,F,Leadership
2011,John,Brown,46,Lead,Tokyo,66539,2007-04-21,F,Leadership
2012,Tom,Smith,48,Designer,London,89322,2007-03-10,M,Design
2013,Paul,Garcia,55,Consultant,New York,91165,2006-05-10,F,Consulting
2014,Paul,Williams,24,Developer,Singapore,118690,2014-05-30,M,Engineering
2015,Alex,Davis,21,Clerk,New York,105659,2009-09-30,M,Operations
2016,Sam,Miller,18,Consultant,London,67728,2019-04-25,M,Consulting
2017,Jane,Taylor,30,Developer,Tokyo,107839,2023-01-12,M,Engineering
2018,Sara,Miller,33,Intern,Sydney,57183,2009-04-20,F,Training
2019,Paul,Miller,18,Lead,Singapore,103442,2015-08-26,M,Leadership
2020,Emma,Smith,34,Clerk,Toronto,112337,2010-06-23,F,Operations
2021,Paul,Brown,36,Analyst,Dubai,101385,2024-05-29,M,Analytics
2022,John,Taylor,19,Developer,Tokyo,76922,2019-12-05,M,Engineering
2023,Jane,Brown,35,Intern,Dubai,78839,2004-06-06,M,Training
2024,Sara,Wilson,23,Lead,Delhi,107108,2016-11-22,M,Leadership
2025,Sam,Smith,42,Architect,Toronto,35530,2011-01-25,M,Architecture
2026,Emma,Davis,53,Clerk,Singapore,67351,2012-01-01,F,Operations
2027,Sam,Miller,32,Architect,Delhi,65956,2020-02-08,M,Architecture
2028,Lisa,Wilson,35,Architect,Toronto,30496,2014-12-21,F,Architecture
2029,John,Davis,26,Lead,Sydney,105695,2022-12-22,F,Leadership
2030,Lisa,Williams,57,Engineer,New York,78740,2002-08-28,M,Engineering
2031,Mike,Jones,29,Developer,Dubai,111938,2019-12-09,M,Engineering
2032,Paul,Taylor,18,Designer,Singapore,76225,2013-11-18,M,Design
2033,Emma,Williams,54,Analyst,Berlin,34462,2001-02-22,M,Analytics
2034,John,Miller,28,Clerk,Toronto,66737,2018-11-22,M,Operations
2035,Tom,Williams,34,Clerk,Berlin,113396,2010-08-15,M,Operations
2036,Lisa,Taylor,29,Developer,Sydney,64807,2004-01-28,F,Engineering
2037,John,Brown,38,Analyst,Singapore,76221,2023-05-03,F,Analytics
2038,Emma,Garcia,23,Manager,Toronto,50170,2003-12-28,M,Management
2039,Paul,Taylor,42,Lead,Toronto,33233,2017-06-14,F,Leadership
2040,Tom,Garcia,47,Lead,Tokyo,80418,2017-05-14,M,Leadership
2041,Sara,Davis,31,Analyst,Singapore,62670,2002-08-14,F,Analytics
2042,Paul,Miller,56,Analyst,Dubai,34865,2017-05-25,F,Analytics
2043,Lisa,Williams,38,Clerk,Singapore,49902,2016-09-12,F,Operations
2044,Sam,Brown,59,Manager,Toronto,104362,2024-02-06,M,Management
2045,Alex,Davis,19,Designer,Berlin,71046,2011-08-25,M,Design
2046,John,Miller,31,Intern,Singapore,63563,2008-10-01,F,Training
2047,Emma,Wilson,28,Analyst,Delhi,78306,2004-02-29,M,Analytics
2048,Jane,Taylor,18,Designer,Singapore,61771,2012-09-05,M,Design
2049,Tom,Wilson,60,Developer,Sydney,29130,2005-07-01,M,Engineering
2050,Paul,Davis,43,Consultant,London,99232,2014-07-05,M,Consulting
2051,Lisa,Johnson,28,Consultant,Sydney,95068,2016-02-17,M,Consulting
2052,Jane,Miller,39,Intern,Singapore,90108,2004-07-11,M,Training
2053,Mike,Jones,58,Manager,Delhi,30301,2010-06-17,F,Management
2054,Paul,Miller,28,Intern,Dubai,75573,2004-08-03,F,Training
2055,Lisa,Taylor,31,Clerk,Dubai,32538,2006-01-30,M,Operations
2056,John,Wilson,30,Developer,Berlin,55644,2000-09-08,M,Engineering
2057,Emma,Miller,52,Consultant,Singapore,110389,2003-11-23,F,Consulting
2058,Emma,Jones,45,Developer,Singapore,59869,2007-06-29,F,Engineering
2059,Sara,Wilson,46,Developer,London,89369,2014-11-24,F,Engineering
2060,Sara,Taylor,20,Intern,Paris,86205,2000-01-14,F,Training
2061,Lisa,Williams,49,Designer,Berlin,101864,2023-12-31,M,Design
2062,Mike,Wilson,25,Clerk,Sydney,46057,2002-04-03,F,Operations
2063,Tom,Wilson,18,Intern,Delhi,110858,2021-11-12,M,Training
2064,Sam,Wilson,26,Intern,Berlin,65326,2006-10-24,M,Training
2065,Tom,Taylor,52,Lead,Dubai,71158,2000-03-01,F,Leadership
2066,Paul,Miller,39,Engineer,New York,71596,2013-12-30,M,Engineering
2067,Sara,Smith,27,Developer,Paris,119117,2007-05-09,M,Engineering
2068,Jane,Taylor,27,Clerk,Toronto,31111,2004-08-10,F,Operations
2069,Mike,Wilson,60,Manager,Sydney,31122,2020-09-28,M,Management
2070,Emma,Davis,30,Analyst,Toronto,77742,2011-07-06,M,Analytics
2071,John,Smith,35,Intern,Toronto,57522,2016-04-07,M,Training
2072,Sam,Davis,54,Architect,Toronto,89161,2023-05-29,M,Architecture
2073,Sam,Wilson,32,Engineer,Dubai,55459,2020-01-17,M,Engineering
2074,Mike,Taylor,30,Lead,Delhi,55112,2010-09-05,M,Leadership
2075,Sara,Davis,56,Engineer,Tokyo,73961,2010-11-13,F,Engineering
2076,Alex,Smith,21,Analyst,Dubai,72175,2007-09-11,F,Analytics
2077,Jane,Garcia,55,Designer,Sydney,112320,2022-09-24,F,Design
2078,Sara,Smith,59,Lead,Paris,88698,2007-09-19,F,Leadership
2079,Jane,Williams,53,Engineer,Toronto,96821,2014-08-12,M,Engineering
2080,Alex,Wilson,27,Manager,London,68716,2019-09-30,M,Management
2081,Tom,Wilson,44,Consultant,Tokyo,47712,2016-11-20,F,Consulting
2082,Tom,Brown,46,Manager,Dubai,69505,2004-02-26,F,Management
2083,Sam,Davis,55,Clerk,Berlin,115308,2012-12-06,M,Operations
2084,Alex,Brown,59,Intern,Delhi,61702,2021-01-13,M,Training
2085,Sara,Jones,54,Consultant,Toronto,36124,2011-11-25,F,Consulting
2086,Paul,Davis,30,Engineer,Paris,95376,2009-07-05,M,Engineering
2087,John,Smith,24,Analyst,Paris,97060,2023-10-16,F,Analytics
2088,Tom,Smith,40,Intern,Toronto,30112,2005-08-21,M,Training
2089,Tom,Davis,41,Clerk,Tokyo,74177,2024-01-10,F,Operations
2090,Sara,Wilson,44,Lead,Toronto,113143,2023-12-28,F,Leadership
2091,Mike,Johnson,54,Designer,Paris,34489,2005-10-07,F,Design
2092,John,Jones,34,Manager,London,73208,2014-04-16,M,Management
2093,Paul,Brown,31,Engineer,Sydney,110755,2006-03-19,M,Engineering
2094,Mike,Williams,38,Developer,Delhi,50897,2016-10-02,M,Engineering
2095,Tom,Smith,36,Designer,New York,58729,2001-04-08,F,Design
2096,Jane,Jones,28,Engineer,Paris,74163,2002-11-03,M,Engineering
2097,Paul,Smith,40,Manager,Tokyo,103631,2004-03-09,F,Management
2098,Lisa,Smith,31,Intern,Berlin,113723,2003-02-11,M,Training
2099,Lisa,Taylor,39,Manager,Dubai,97248,2003-11-23,M,Management
2100,Jane,Jones,52,Intern,New York,94066,2007-11-18,M,Training
2101,Alex,Brown,28,Engineer,Toronto,78437,2008-04-28,F,Engineering
2102,Emma,Wilson,55,Designer,Tokyo,85124,2010-05-10,M,Design
2103,Alex,Johnson,59,Designer,Delhi,55666,2012-10-24,F,Design
2104,Alex,Johnson,55,Clerk,London,74167,2000-03-03,M,Operations
2105,Lisa,Smith,33,Lead,Singapore,111696,2014-07-15,M,Leadership
2106,Paul,Smith,43,Clerk,Berlin,39103,2018-05-16,F,Operations
2107,Sam,Taylor,34,Analyst,London,97127,2017-04-29,F,Analytics
2108,Paul,Brown,54,Architect,New York,94793,2022-07-24,F,Architecture
2109,Emma,Wilson,40,Clerk,Delhi,61757,2024-02-15,F,Operations
2110,Sam,Jones,25,Architect,Toronto,25627,2007-03-23,M,Architecture
2111,Tom,Davis,18,Developer,Delhi,95477,2010-10-20,M,Engineering
2112,Tom,Wilson,38,Developer,Tokyo,95687,2013-08-15,F,Engineering
2113,Lisa,Taylor,51,Designer,Sydney,45130,2024-05-05,M,Design
2114,Paul,Brown,60,Manager,Delhi,47751,2016-10-25,M,Management
2115,Tom,Jones,32,Clerk,Dubai,36667,2001-12-06,M,Operations
2116,Sara,Davis,37,Designer,Toronto,94862,2023-08-08,F,Design
2117,Jane,Wilson,44,Intern,London,106041,2008-10-13,F,Training
2118,Emma,Williams,25,Clerk,New York,33128,2012-10-02,M,Operations
2119,Lisa,Smith,55,Manager,London,101395,2018-08-04,M,Management
2120,Mike,Miller,37,Consultant,Berlin,50680,2007-01-26,M,Consulting
2121,Tom,Brown,20,Lead,Toronto,48704,2022-06-04,F,Leadership
2122,Sam,Jones,20,Intern,New York,78686,2014-12-05,F,Training
2123,Sara,Johnson,49,Architect,New York,41662,2017-02-22,M,Architecture
2124,Lisa,Jones,29,Manager,Sydney,51397,2001-12-31,F,Management
2125,Paul,Jones,33,Consultant,New York,88429,2008-05-24,F,Consulting
2126,Alex,Smith,19,Lead,London,82236,2017-06-04,F,Leadership
2127,Sara,Taylor,43,Architect,Toronto,51322,2011-06-17,F,Architecture
2128,Emma,Williams,27,Developer,Singapore,56774,2011-06-30,F,Engineering
2129,Tom,Williams,42,Engineer,Dubai,100850,2023-06-12,F,Engineering
2130,Mike,Garcia,31,Architect,Tokyo,70629,2005-12-28,M,Architecture
2131,Tom,Jones,43,Lead,Dubai,30256,2003-03-28,M,Leadership
2132,Tom,Taylor,27,Developer,Dubai,84633,2015-06-27,M,Engineering
2133,Jane,Taylor,51,Consultant,Delhi,105511,2004-08-16,M,Consulting
2134,Lisa,Taylor,38,Consultant,Delhi,32759,2006-03-12,F,Consulting
2135,Lisa,Johnson,50,Architect,Dubai,33287,2013-02-04,F,Architecture
2136,John,Garcia,44,Manager,Delhi,37174,2005-10-30,F,Management
2137,Mike,Jones,35,Analyst,Delhi,63947,2022-01-08,M,Analytics
2138,Sara,Garcia,26,Manager,Tokyo,56851,2016-01-22,F,Management
2139,Sam,Taylor,48,Architect,Sydney,42589,2010-08-05,M,Architecture
2140,Paul,Davis,23,Consultant,Toronto,115139,2000-12-28,M,Consulting
2141,Jane,Brown,19,Intern,Dubai,86558,2014-09-08,F,Training
2142,Alex,Williams,42,Intern,Singapore,28019,2024-08-25,F,Training
2143,Lisa,Williams,56,Lead,Dubai,76076,2020-07-24,M,Leadership
2144,Mike,Garcia,49,Lead,Paris,83968,2008-05-26,F,Leadership
2145,Paul,Brown,53,Intern,Delhi,47036,2005-02-12,M,Training
2146,Mike,Taylor,24,Analyst,Delhi,107057,2002-02-27,M,Analytics
2147,Alex,Williams,27,Engineer,New York,33388,2003-07-02,M,Engineering
2148,Mike,Wilson,38,Consultant,Berlin,51600,2011-09-19,M,Consulting
2149,Alex,Brown,30,Lead,Singapore,25892,2010-05-12,F,Leadership
2150,Alex,Brown,52,Engineer,Berlin,77418,2007-02-22,F,Engineering
2151,Sam,Wilson,54,Consultant,Toronto,40122,2021-05-14,F,Consulting
2152,Emma,Wilson,43,Clerk,Dubai,96340,2017-02-08,M,Operations
2153,Sam,Brown,53,Consultant,Dubai,25641,2016-04-11,F,Consulting
2154,Lisa,Wilson,55,Analyst,Dubai,43580,2021-09-22,M,Analytics
2155,Sara,Johnson,29,Clerk,Paris,100267,2004-04-23,M,Operations
2156,Tom,Garcia,21,Developer,Berlin,108595,2019-09-02,F,Engineering
2157,Jane,Smith,53,Clerk,Dubai,28933,2021-11-10,M,Operations
2158,Alex,Taylor,42,Clerk,Singapore,73942,2015-05-08,M,Operations
2159,Tom,Taylor,23,Clerk,New York,117610,2002-12-31,F,Operations
2160,John,Miller,43,Developer,Toronto,59685,2006-12-13,M,Engineering
2161,Sam,Smith,41,Engineer,Toronto,115347,2024-09-06,M,Engineering
2162,Jane,Williams,37,Lead,Dubai,81484,2005-12-05,M,Leadership
2163,Lisa,Johnson,21,Analyst,Singapore,27833,2017-03-05,M,Analytics
2164,Tom,Brown,54,Architect,Dubai,37791,2006-10-01,M,Architecture
2165,Mike,Miller,31,Engineer,Berlin,64359,2012-03-17,M,Engineering
2166,Alex,Taylor,58,Architect,Delhi,91230,2021-01-31,F,Architecture
2167,Emma,Smith,51,Manager,Berlin,81581,2021-08-24,F,Management
2168,Lisa,Smith,32,Developer,Delhi,69057,2021-03-13,M,Engineering
2169,Lisa,Johnson,54,Architect,Dubai,72814,2019-01-03,F,Architecture
2170,Paul,Miller,34,Architect,Berlin,85160,2016-03-07,F,Architecture
2171,Lisa,Wilson,21,Lead,New York,102502,2011-01-03,F,Leadership
2172,Emma,Williams,23,Clerk,Sydney,55248,2003-02-20,F,Operations
2173,Paul,Davis,36,Engineer,Delhi,95990,2021-09-05,F,Engineering
2174,Sam,Davis,26,Lead,Tokyo,100652,2024-03-10,M,Leadership
2175,Emma,Wilson,32,Architect,Dubai,87457,2012-08-03,M,Architecture
2176,John,Taylor,53,Analyst,Delhi,88432,2007-09-28,M,Analytics
2177,Jane,Brown,53,Analyst,Delhi,30035,2019-04-16,F,Analytics
2178,Sara,Wilson,19,Engineer,New York,48790,2022-07-22,F,Engineering
2179,Jane,Davis,45,Clerk,Berlin,93959,2002-06-23,M,Operations
2180,Lisa,Brown,34,Architect,Dubai,83216,2020-06-29,M,Architecture
2181,John,Smith,29,Manager,Delhi,68818,2010-08-15,F,Management
2182,Sam,Davis,29,Consultant,Singapore,103277,2020-09-18,M,Consulting
2183,Tom,Brown,48,Engineer,Sydney,74415,2018-01-18,F,Engineering
2184,Tom,Wilson,53,Engineer,Dubai,96712,2023-04-19,F,Engineering
2185,Sara,Williams,35,Architect,Berlin,77614,2010-06-20,M,Architecture
2186,Jane,Taylor,45,Architect,Toronto,79545,2011-08-04,M,Architecture
2187,Tom,Wilson,59,Manager,Singapore,35170,2000-05-31,M,Management
2188,Alex,Smith,38,Manager,Berlin,38008,2017-04-24,F,Management
2189,Sara,Smith,19,Lead,Berlin,38986,2003-09-04,F,Leadership
2190,Emma,Johnson,44,Clerk,Delhi,83740,2008-12-11,F,Operations
2191,Paul,Williams,28,Lead,Dubai,76433,2013-03-13,F,Leadership
2192,Sara,Garcia,51,Analyst,Sydney,95790,2020-09-08,M,Analytics
2193,Lisa,Taylor,52,Architect,New York,105367,2004-09-20,M,Architecture
2194,Alex,Taylor,39,Intern,Paris,65019,2007-03-09,M,Training
2195,Mike,Jones,32,Engineer,Toronto,50857,2010-07-07,F,Engineering
2196,Mike,Johnson,36,Engineer,Berlin,100693,2019-05-10,F,Engineering
2197,Emma,Jones,26,Manager,Dubai,53615,2021-12-30,F,Management
2198,Mike,Wilson,28,Engineer,Dubai,52560,2001-10-18,F,Engineering
2199,Jane,Davis,45,Designer,Dubai,65096,2024-09-29,F,Design
2200,Paul,Brown,27,Consultant,Tokyo,72250,2005-09-14,M,Consulting
2201,Alex,Taylor,31,Intern,Tokyo,118654,2019-07-25,F,Training
2202,Mike,Johnson,30,Consultant,Delhi,61685,2009-01-24,M,Consulting
2203,Emma,Jones,43,Developer,New York,78357,2011-07-04,F,Engineering
2204,Alex,Williams,26,Manager,Singapore,29289,2015-07-03,F,Management
2205,John,Taylor,26,Developer,Berlin,62943,2008-07-02,M,Engineering
2206,Lisa,Jones,35,Consultant,New York,57886,2018-07-18,F,Consulting
2207,Paul,Taylor,29,Manager,Paris,32365,2003-03-14,F,Management
2208,Paul,Garcia,26,Clerk,Singapore,61149,2011-03-06
2209,Sam,Davis,39,Engineer,Berlin,46122,2015-06-08,M,Engineering
2210,Tom,Davis,44,Manager,Dubai,54169,2002-08-03,F,Management
2211,Lisa,Johnson,35,Clerk,Singapore,95569,2017-03-08,M,Operations
2212,Paul,Taylor,50,Manager,Toronto,83797,2024-09-29,F,Management
2213,Alex,Smith,39,Consultant,Tokyo,45754,2005-09-19,F,Consulting
2214,Sara,Brown,42,Architect,Dubai,77482,2024-04-12,M,Architecture
2215,Emma,Davis,24,Designer,Sydney,32188,2000-11-09,F,Design
2216,Sara,Johnson,53,Analyst,Paris,63618,2020-09-08,F,Analytics
2217,Jane,Taylor,44,Architect,Singapore,106225,2000-11-11,F,Architecture
2218,Tom,Davis,51,Architect,Tokyo,69340,2023-08-17,M,Architecture
2219,Alex,Taylor,26,Intern,New York,93767,2007-10-04,M,Training
2220,John,Jones,21,Intern,Tokyo,45128,2005-10-17,F,Training
2221,Tom,Brown,40,Lead,Berlin,109727,2014-12-28,M,Leadership
2222,Sam,Jones,23,Analyst,Paris,26456,2000-11-29,M,Analytics
2223,Tom,Brown,34,Developer,Berlin,74597,2002-01-11,M,Engineering
2224,Alex,Jones,27,Manager,Singapore,57697,2001-04-15,M,Management
2225,Alex,Brown,47,Intern,Singapore,48088,2013-01-21,M,Training
2226,Lisa,Jones,38,Clerk,London,108246,2014-05-25,F,Operations
2227,Sara,Garcia,48,Clerk,London,105050,2022-07-10,M,Operations
2228,Paul,Wilson,36,Architect,Singapore,90682,2018-02-17,M,Architecture
2229,Alex,Wilson,43,Engineer,Sydney,80093,2001-06-26,F,Engineering
2230,Paul,Williams,31,Designer,New York,46358,2013-06-28,F,Design
2231,Paul,Brown,35,Manager,Tokyo,30018,2016-12-18,M,Management
2232,Sara,Miller,57,Consultant,Paris,31649,2009-07-27,M,Consulting
2233,Lisa,Davis,38,Intern,Singapore,33658,2023-01-05,F,Training
2234,Alex,Smith,58,Lead,New York,77991,2018-07-09,F,Leadership
2235,Sam,Davis,31,Engineer,Berlin,69023,2013-08-02,F,Engineering
2236,Emma,Smith,60,Clerk,Sydney,97567,2001-10-17,M,Operations
2237,Tom,Brown,43,Intern,Dubai,73445,2005-05-16,M,Training
2238,Alex,Brown,44,Engineer,Toronto,68678,2015-05-16,F,Engineering
2239,Alex,Smith,41,Manager,Delhi,81707,2020-11-04,F,Management
2240,John,Miller,54,Lead,Paris,28238,2004-11-03,F,Leadership
2241,Jane,Wilson,47,Developer,Sydney,43089,2008-05-03,M,Engineering
2242,Tom,Wilson,20,Analyst,Paris,94993,2020-03-11,M,Analytics
2243,Alex,Wilson,21,Manager,London,41965,2019-06-30,F,Management
2244,Mike,Miller,58,Consultant,Paris,64511,2009-12-10,M,Consulting
2245,Mike,Wilson,44,Clerk,Delhi,91721,2013-12-13,M,Operations
2246,Sam,Smith,30,Analyst,Berlin,78294,2008-10-11,M,Analytics
2247,Emma,Garcia,37,Clerk,Dubai,85914,2022-08-13,F,Operations
2248,Paul,Smith,41,Consultant,Dubai,52886,2010-11-13,M,Consulting
2249,Sara,Jones,42,Clerk,Delhi,65858,2013-06-03,F,Operations
2250,Sara,Taylor,37,Architect,London,32419,2023-08-01,M,Architecture
2251,Paul,Davis,28,Intern,Paris,95956,2009-10-11,M,Training
2252,John,Smith,22,Engineer,Dubai,82249,2022-05-28,F,Engineering
2253,Tom,Davis,26,Lead,Delhi,68983,2004-09-12,M,Leadership
2254,Sara,Taylor,45,Designer,Delhi,55395,2016-12-26,F,Design
2255,Tom,Garcia,41,Lead,Berlin,108506,2017-01-09,M,Leadership
2256,Lisa,Garcia,49,Lead,Sydney,113682,2018-05-29,F,Leadership
2257,Lisa,Davis,27,Clerk,Singapore,95376,2024-06-16,M,Operations
2258,Sara,Garcia,50,Analyst,Sydney,72642,2012-01-24,F,Analytics
2259,Tom,Miller,48,Consultant,Dubai,56283,2020-05-28,M,Consulting
2260,Lisa,Wilson,48,Designer,Sydney,25421,2003-07-30,M,Design
2261,Lisa,Davis,52,Developer,Sydney,66071,2018-04-30,F,Engineering
2262,Jane,Miller,42,Architect,New York,49174,2020-11-23,F,Architecture
2263,Sam,Williams,33,Designer,New York,104648,2019-04-10,F,Design
2264,Tom,Johnson,59,Engineer,Toronto,58097,2008-10-29,M,Engineering
2265,Jane,Smith,54,Manager,Singapore,111649,2024-05-01,F,Management
2266,John,Wilson,40,Lead,London,54804,2004-08-25,M,Leadership
2267,Sara,Brown,24,Designer,London,96036,2008-06-06,F,Design
2268,Tom,Jones,47,Consultant,Tokyo,42389,2017-10-22,F,Consulting
2269,Sara,Johnson,36,Designer,Toronto,39574,2020-12-13,M,Design
2270,Sam,Wilson,21,Developer,Tokyo,68480,2015-04-20,F,Engineering
2271,Paul,Taylor,43,Developer,New York,40143,2004-11-03,F,Engineering
2272,Emma,Jones,22,Lead,Berlin,101105,2014-02-28,M,Leadership
2273,Sara,Davis,34,Engineer,New York,119751,2006-06-22,F,Engineering
2274,Sara,Brown,50,Clerk,Sydney,99894,2019-08-31,M,Operations,extra_field
2275,Mike,Brown,47,Designer,Tokyo,78996,2004-10-20,F,Design
2276,Lisa,Smith,60,Engineer,Dubai,98393,2011-09-27,M,Engineering
2277,Emma,Jones,42,Engineer,Berlin,70233,2015-11-01,F,Engineering
2278,Emma,Johnson,35,Architect,Toronto,37591,2006-08-04,M,Architecture
2279,John,Jones,57,Lead,Berlin,73437,2020-08-09,F,Leadership
2280,Alex,Miller,43,Designer,New York,64736,2024-05-25,M,Design
2281,Sam,Smith,20,Lead,Dubai,68520,2019-10-16,M,Leadership
2282,Sara,Wilson,59,Manager,Sydney,61578,2019-10-02,M,Management
2283,Jane,Wilson,35,Designer,Sydney,48593,2017-10-27,F,Design
2284,Emma,Johnson,42,Manager,Paris,107918,2011-08-21,M,Management
2285,Sara,Brown,60,Engineer,Sydney,48491,2022-02-10,F,Engineering
2286,Emma,Smith,23,Clerk,Toronto,42387,2008-07-11,F,Operations
2287,Mike,Garcia,19,Developer,Paris,94581,2007-04-05,M,Engineering
2288,Paul,Williams,41,Manager,New York,98677,2001-11-16,M,Management
2289,Tom,Johnson,52,Analyst,Dubai,37204,2012-07-19,M,Analytics
2290,Mike,Williams,39,Designer,Delhi,43180,2015-09-21,M,Design
2291,John,Williams,32,Engineer,Singapore,79092,2011-05-16,M,Engineering
2292,Jane,Garcia,20,Analyst,Tokyo,55208,2007-11-19,F,Analytics
2293,Lisa,Brown,37,Engineer,Paris,43300,2012-05-28,M,Engineering
2294,Mike,Taylor,52,Analyst,Toronto,33707,2021-06-04,F,Analytics
2295,John,Taylor,47,Lead,London,98583,2017-02-28,F,Leadership
2296,Jane,Johnson,30,Engineer,Paris,54890,2005-03-08,F,Engineering
2297,Lisa,Miller,58,Manager,New York,59044,2022-08-29,M,Management
2298,Jane,Williams,28,Architect,London,83511,2006-11-28,F,Architecture
2299,Alex,Wilson,25,Lead,Singapore,76839,2009-12-30,M,Leadership
2300,Jane,Miller,53,Analyst,Paris,73591,2022-07-09,F,Analytics
2301,Paul,Davis,42,Manager,Singapore,87731,2002-09-01,M,Management
2302,Alex,Jones,60,Analyst,Toronto,84698,2018-09-14,M,Analytics
2303,Emma,Davis,25,Engineer,Delhi,46876,2016-06-23,M,Engineering
2304,Jane,Brown,51,Engineer,Tokyo,26862,2004-04-16,M,Engineering
2305,Alex,Davis,50,Designer,Paris,36488,2012-05-09,M,Design
2306,Paul,Davis,22,Clerk,Paris,53763,2000-11-07,F,Operations
2307,John,Smith,48,Intern,Toronto,51872,2022-01-07,F,Training
2308,John,Miller,59,Engineer,Sydney,85550,2003-11-05,F,Engineering
2309,Tom,Taylor,26,Lead,Toronto,91965,2019-10-03,F,Leadership
2310,Paul,Jones,48,Manager,Tokyo,45056,2011-02-14,M,Management
2311,Sara,Garcia,35,Designer,Tokyo,77993,2014-11-12,F,Design
2312,Sara,Williams,60,Designer,London,77106,2024-11-25,M,Design
2313,Lisa,Smith,59,Intern,London,85821,2019-12-06,M,Training
2314,Lisa,Smith,57,Developer,Delhi,109212,2005-09-17,F,Engineering
2315,Mike,Taylor,52,Designer,Dubai,27051,2006-08-21,M,Design
2316,Sara,Garcia,51,Architect,Sydney,29092,2024-06-17,F,Architecture
2317,Sara,Smith,35,Clerk,Delhi,118647,2002-06-01,F,Operations
2318,John,Johnson,32,Architect,Sydney,70072,2016-12-18,M,Architecture
2319,John,Jones,39,Developer,Sydney,99671,2017-12-25,F,Engineering
2320,Paul,Garcia,56,Designer,London,49277,2001-02-05,F,Design
2321,Sara,Jones,48,Lead,Singapore,82166,2000-10-10,M,Leadership
2322,Mike,Miller,37,Lead,Dubai,43720,2002-08-11,M,Leadership
2323,Alex,Johnson,57,Lead,Tokyo,51963,2022-04-27,F,Leadership
2324,Paul,Miller,60,Designer,Paris,39873,2012-09-17,M,Design
2325,Alex,Davis,43,Manager,Toronto,88973,2008-01-22,M,Management
2326,Emma,Brown,34,Clerk,Berlin,101874,2009-05-05,M,Operations
2327,Jane,Davis,29,Engineer,Sydney,76929,2019-05-05,F,Engineering
2328,Sara,Taylor,56,Consultant,Dubai,32044,2009-12-02,M,Consulting
2329,Alex,Taylor,47,Lead,Sydney,114801,2021-03-07,M,Leadership
2330,Tom,Johnson,51,Engineer,Toronto,80636,2019-12-04,M,Engineering
2331,Alex,Johnson,53,Architect,Toronto,95620,2022-03-20,M,Architecture
2332,Emma,Smith,29,Analyst,Tokyo,51314,2000-01-04,F,Analytics
2333,Emma,Smith,53,Developer,Tokyo,78171,2021-12-13,F,Engineering
2334,Sam,Garcia,60,Intern,Delhi,117372,2015-01-15,M,Training
2335,Tom,Wilson,18,Designer,Singapore,70601,2000-02-05,M,Design
2336,Alex,Miller,37,Consultant,Tokyo,41927,2009-01-19,F,Consulting
2337,Jane,Garcia,54,Intern,New York,62112,2014-05-12,F,Training
2338,Tom,Williams,58,Architect,Tokyo,46987,2007-11-30,F,Architecture
2339,Mike,Garcia,47,Developer,Berlin,93126,2018-07-07,F,Engineering
2340,Mike,Smith,30,Designer,Sydney,57474,2015-01-06,F,Design
2341,Jane,Jones,60,Designer,Delhi,112422,2001-03-10,M,Design
2342,Tom,Smith,28,Engineer,Dubai,56766,2007-09-13,F,Engineering
2343,Jane,Miller,48,Clerk,Singapore,61971,2017-07-17,F,Operations
2344,Mike,Brown,47,Consultant,Singapore,117823,2012-03-05,F,Consulting
2345,John,Johnson,25,Clerk,London,113835,2018-03-15,M,Operations
2346,Emma,Miller,52,Analyst,Dubai,58943,2015-08-16,M,Analytics,extra_field
2347,John,Wilson,26,Clerk,Paris,29920,2014-10-09,M,Operations
2348,Emma,Miller,29,Lead,Tokyo,67392,2012-11-02,M,Leadership
2349,Lisa,Williams,31,Designer,Tokyo,71955,2023-01-19,M,Design
2350,John,Williams,31,Developer,New York,42845,2000-10-22,M,Engineering
2351,Emma,Brown,30,Manager,Sydney,31866,2012-12-08,F,Management
2352,Emma,Johnson,54,Lead,London,48373,2001-03-15,F,Leadership
2353,Emma,Williams,21,Clerk,Delhi,35681,2021-12-25,M,Operations
2354,Sam,Jones,35,Intern,Delhi,44909,2019-10-04,F,Training
2355,Jane,Miller,47,Analyst,New York,117961,2020-07-17,M,Analytics
2356,Emma,Wilson,57,Intern,Singapore,107521,2006-05-05,M,Training
2357,Mike,Davis,29,Architect,Sydney,73547,2012-04-17,M,Architecture
2358,Jane,Johnson,23,Engineer,Dubai,85511,2012-01-18,M,Engineering
2359,John,Jones,25,Consultant,Paris,91493,2007-06-06,F,Consulting
2360,Jane,Smith,25,Designer,New York,101825,2011-02-08,F,Design
2361,Emma,Davis,26,Developer,Dubai,85283,2013-08-05,M,Engineering
2362,Sam,Taylor,24,Designer,New York,69561,2006-02-10,F,Design
2363,Jane,Taylor,51,Manager,Sydney,103452,2004-02-20,M,Management
2364,Tom,Garcia,24,Lead,Toronto,64312,2007-10-14,F,Leadership
2365,Alex,Smith,51,Developer,Dubai,44751,2023-04-12,M,Engineering
2366,Paul,Wilson,52,Intern,Tokyo,77606,2007-12-02,F,Training
2367,Mike,Wilson,55,Architect,London,80390,2014-08-26,F,Architecture
2368,Paul,Garcia,33,Developer,Dubai,118215,2004-09-11,F,Engineering
2369,Paul,Johnson,38,Manager,Delhi,115439,2021-06-09,M,Management
2370,Jane,Taylor,25,Lead,Tokyo,101390,2018-09-03,F,Leadership
2371,Paul,Garcia,28,Clerk,Berlin,88722,2010-03-20,F,Operations
2372,Lisa,Jones,43,Intern,Paris,42220,2024-09-06,F,Training
2373,Lisa,Taylor,23,Engineer,Tokyo,64560,2023-06-15,F,Engineering
2374,Jane,Garcia,31,Developer,London,60776,2011-03-02,M,Engineering
2375,Lisa,Davis,23,Analyst,Dubai,58492,2015-06-02,M,Analytics
2376,Sam,Brown,19,Manager,Berlin,67723,2008-06-18,M,Management
2377,Sara,Williams,22,Analyst,Dubai,56191,2005-02-08,M,Analytics
2378,Sara,Johnson,35,Designer,Berlin,104526,2008-09-08,F,Design
2379,Emma,Wilson,26,Engineer,Sydney,40842,2024-10-12,M,Engineering
2380,Tom,Jones,48,Consultant,Dubai,63012,2017-04-11,M,Consulting
2381,Mike,Williams,60,Designer,Tokyo,40973,2012-08-22,M,Design
2382,Jane,Johnson,27,Designer,Berlin,110678,2008-07-30,F,Design
2383,Lisa,Wilson,30,Lead,Delhi,65286,2019-11-25,M,Leadership
2384,John,Wilson,19,Clerk,Paris,78341,2021-03-17,M,Operations
2385,Alex,Taylor,58,Intern,Tokyo,37816,2009-11-27,M,Training
2386,Emma,Wilson,32,Engineer,New York,103309,2005-12-11,F,Engineering
2387,Emma,Johnson,45,Lead,Tokyo,106446,2012-06-05,F,Leadership
2388,Sam,Williams,28,Consultant,Dubai,57555,2004-06-07,F,Consulting
2389,Sam,Garcia,47,Manager,New York,119498,2018-03-31,M,Management
2390,Alex,Miller,35,Analyst,Sydney,112840,2008-01-21,F,Analytics
2391,Alex,Taylor,18,Intern,Delhi,118591,2008-01-15,M,Training
2392,Emma,Davis,52,Developer,Sydney,115391,2006-09-19,F,Engineering
2393,Alex,Garcia,44,Manager,New York,69770,2023-11-06,F,Management
2394,Alex,Wilson,60,Manager,Toronto,48363,2004-03-13,M,Management
2395,Paul,Miller,32,Developer,Singapore,74902,2004-10-18,F,Engineering
2396,John,Smith,27,Manager,Berlin,41944,2005-01-14,F,Management
2397,Emma,Miller,59,Lead,Sydney,75280,2023-12-19,M,Leadership
2398,Tom,Brown,22,Clerk,Berlin,98389,2010-10-25,M,Operations
2399,Tom,Jones,43,Architect,Delhi,36235,2023-10-09,M,Architecture
2400,Emma,Miller,18,Architect,Paris,53755,2006-12-12,M,Architecture
2401,Lisa,Williams,30,Designer,London,52313,2000-08-10,M,Design
2402,Sara,Wilson,25,Lead,Tokyo,27492,2005-07-14,F,Leadership
2403,Paul,Wilson,49,Designer,New York,26524,2003-12-02,F,Design
2404,Tom,Garcia,19,Analyst,Dubai,87850,2002-08-05,F,Analytics
2405,Paul,Garcia,34,Manager,New York,101484,2001-11-25,F,Management
2406,Paul,Johnson,40,Intern,New York,88162,2008-12-04,F,Training
2407,Mike,Johnson,30,Clerk,Sydney,45006,2001-04-10,M,Operations
2408,Jane,Johnson,51,Architect,Berlin,104469,2019-11-29,M,Architecture
2409,Jane,Brown,33,Architect,Toronto,69637,2009-07-21,M,Architecture
2410,Emma,Taylor,58,Engineer,Berlin,54911,2014-06-05,F,Engineering
2411,Jane,Wilson,18,Clerk,Sydney,116857,2008-03-31,M,Operations
2412,Jane,Williams,57,Engineer,London,42822,2010-09-03,F,Engineering
2413,Tom,Jones,60,Designer,New York,117782,2005-09-01,M,Design
2414,John,Taylor,40,Developer,Berlin,118171,2019-05-28,F,Engineering
2415,Sara,Brown,29,Developer,Tokyo,29499,2008-12-08,F,Engineering
2416,John,Wilson,29,Architect,Delhi,82453,2014-11-25,M,Architecture
2417,Jane,Garcia,48,Engineer,New York,54489,2016-11-03,F,Engineering
2418,Sam,Davis,34,Clerk,New York,102963,2005-09-01,M,Operations
2419,Lisa,Brown,48,Analyst,Delhi,61474,2000-06-15,M,Analytics
2420,Mike,Johnson,36,Lead,Singapore,72548,2003-10-03,F,Leadership
2421,Emma,Williams,47,Lead,New York,53959,2011-08-27,F,Leadership
2422,Paul,Garcia,53,Architect,Delhi,104036,2024-10-26,F,Architecture
2423,Jane,Miller,49,Developer,Delhi,47478,2005-07-03,F,Engineering
2424,Tom,Jones,38,Developer,Dubai,86612,2021-07-01,M,Engineering
2425,Mike,Brown,35,Analyst,New York,97760,2015-09-09,M,Analytics
2426,Sam,Wilson,46,Consultant,Dubai,88465,2022-01-29,M,Consulting
2427,Sam,Miller,22,Developer,Toronto,29908,2003-07-08,M,Engineering
2428,Sam,Taylor,50,Developer,Dubai,66712,2001-05-20,F,Engineering
2429,John,Brown,19,Intern,Sydney,51288,2003-02-01,F,Training
2430,John,Davis,52,Developer,Toronto,25294,2006-04-26,M,Engineering
2431,Emma,Jones,28,Intern,London,78687,2007-04-12,M,Training
2432,Jane,Garcia,32,Consultant,Toronto,49404,2023-12-12,F,Consulting
2433,Tom,Davis,21,Consultant,New York,105253,2019-07-10,M,Consulting
2434,Emma,Taylor,19,Lead,Toronto,81488,2020-05-05,F,Leadership
2435,Sara,Garcia,21,Architect,Tokyo,25794,2002-02-03,F,Architecture
2436,Mike,Garcia,43,Consultant,Paris,64762,2018-07-26,M,Consulting
2437,Emma,Williams,23,Designer,Delhi,81322,2018-01-13,F,Design
2438,Mike,Miller,29,Engineer,Sydney,69316,2009-07-20,F,Engineering
2439,Jane,Smith,50,Analyst,Tokyo,25730,2018-07-08,M,Analytics
2440,John,Wilson,50,Developer,Delhi,113766,2007-05-07,F,Engineering
2441,Lisa,Miller,41,Lead,Paris,30140,2019-09-24,F,Leadership
2442,Tom,Miller,50,Manager,Dubai,57586,2023-08-07,F,Management
2443,John,Taylor,25,Intern,Tokyo,73829,2021-04-07,M,Training
2444,Alex,Taylor,45,Engineer,Sydney,47010,2017-05-17,F,Engineering
2445,Sam,Brown,27,Intern,Tokyo,29889,2001-02-20,F,Training
2446,Alex,Garcia,50,Manager,Singapore,40728,2011-05-07,M,Management
2447,Emma,Miller,31,Consultant,Tokyo,96176,2017-12-20,F,Consulting
2448,Paul,Taylor,27,Engineer,Dubai,75206,2004-12-20,F,Engineering
2449,Alex,Johnson,49,Architect,Tokyo,57015,2016-10-13,M,Architecture
2450,Sara,Jones,38,Developer,Dubai,81785,2016-07-17,M,Engineering
2451,Sam,Williams,20,Intern,Berlin,67019,2016-02-14,F,Training
2452,Paul,Smith,35,Designer,Sydney,43867,2007-04-07,M,Design
2453,Sam,Johnson,33,Intern,London,110521,2013-03-25,M,Training
2454,Jane,Jones,35,Clerk,Sydney,55921,2000-10-10,F,Operations
2455,Alex,Williams,21,Intern,Berlin,42204,2015-05-06,F,Training
2456,Jane,Wilson,45,Clerk,Sydney,48866,2014-06-26,F,Operations
2457,Sam,Smith,37,Designer,Delhi,111057,2005-01-28,M,Design
2458,Paul,Jones,53,Intern,Tokyo,71644,2011-11-07,F,Training
2459,Mike,Davis,48,Consultant,Paris,26110,2003-09-06,F,Consulting
2460,Paul,Taylor,40,Lead,Berlin,65757,2001-06-08,M,Leadership
2461,Tom,Jones,34,Clerk,Dubai,81035,2003-08-02,M,Operations
2462,Tom,Jones,59,Manager,London,77974,2023-06-26,F,Management
2463,Sam,Jones,59,Designer,New York,40701,2008-03-07,F,Design
2464,Paul,Taylor,20,Architect,Singapore,93510,2017-06-03,F,Architecture
2465,Lisa,Jones,37,Clerk,Tokyo,100722,2004-12-18,F,Operations
2466,John,Brown,22,Clerk,Singapore,28826,2000-09-03,M,Operations
2467,Paul,Johnson,26,Engineer,Tokyo,109058,2014-11-15,M,Engineering
2468,John,Brown,45,Developer,Tokyo,109652,2005-04-01,F,Engineering
2469,Jane,Miller,24,Lead,Paris,99303,2000-02-28,F,Leadership
2470,Alex,Johnson,45,Architect,Delhi,35141,2005-12-01,F,Architecture
2471,Lisa,Johnson,53,Manager,Berlin,34366,2023-05-30,F,Management
2472,Sara,Brown,30,Architect,Paris,82079,2020-12-04,M,Architecture
2473,John,Taylor,19,Designer,New York,78486,2016-05-13,M,Design
2474,John,Wilson,57,Intern,Toronto,95064,2012-09-09,M,Training
2475,Paul,Johnson,30,Lead,Berlin,52989,2012-07-02,F,Leadership
2476,Emma,Williams,24,Manager,Sydney,69650,2010-12-08,F,Management
2477,Alex,Wilson,39,Designer,Toronto,96502,2010-11-13,M,Design
2478,Jane,Miller,31,Lead,Toronto,47622,2001-07-09,F,Leadership
2479,Mike,Brown,19,Consultant,Paris,67207,2020-06-19,F,Consulting
2480,John,Miller,42,Manager,Delhi,118248,2005-10-07,M,Management
2481,Sam,Wilson,34,Developer,Delhi,97806,2019-04-18,F,Engineering
2482,Tom,Jones,39,Developer,Delhi,94581,2020-11-22,M,Engineering
2483,John,Wilson,41,Analyst,Paris,58904,2017-12-30,F,Analytics
2484,Emma,Wilson,52,Clerk,London,76307,2017-04-30,M,Operations
2485,Paul,Miller,32,Manager,Dubai,81541,2003-03-18,M,Management
2486,John,Brown,32,Developer,Sydney,105961,2003-06-22,F,Engineering
2487,Emma,Johnson,25,Analyst,Berlin,35257,2023-10-03,M,Analytics
2488,Paul,Davis,54,Consultant,Singapore,27443,2009-06-20,F,Consulting
2489,John,Williams,53,Lead,Singapore,N/A,2023-12-29,M,Leadership
2490,Mike,Taylor,21,Clerk,New York,99511,2021-01-25,M,Operations
2491,Paul,Garcia,52,Analyst,Singapore,115004,2001-10-08,M,Analytics
2492,Jane,Miller,28,Architect,Paris,33823,2010-12-13,F,Architecture
2493,Paul,Smith,32,Designer,Sydney,116685,2008-07-23,F,Design
2494,Lisa,Smith,26,Analyst,Singapore,57951,2023-09-13,M,Analytics
2495,John,Williams,38,Consultant,Singapore,65141,2010-03-08,M,Consulting
2496,Emma,Garcia,33,Analyst,Delhi,66685,2014-07-26,M,Analytics
2497,Mike,Wilson,49,Designer,Toronto,96477,2013-01-25,M,Design
2498,Sam,Jones,60,Engineer,New York,78985,2009-01-07,M,Engineering
2499,Lisa,Johnson,55,Analyst,Paris,31016,2008-08-02,F,Analytics
2500,Tom,Garcia,52,Developer,London,107990,2001-10-30,F,Engineering
2501,Sara,Wilson,36,Engineer,Singapore,108192,2013-11-20,M,Engineering
2502,John,Johnson,44,Designer,Dubai,46570,2009-12-18,M,Design
2503,Sam,Davis,52,Clerk,Singapore,53481,2016-06-18,F,Operations
2504,Jane,Brown,38,Developer,Sydney,96771,2003-01-24,F,Engineering
2505,Jane,Taylor,43,Designer,New York,39819,2018-03-25,F,Design
2506,Lisa,Brown,43,Lead,London,73830,2022-01-13,F,Leadership
2507,Emma,Williams,56,Lead,New York,32176,2023-04-03,M,Leadership
2508,Mike,Jones,24,Engineer,Sydney,119289,2003-01-14,F,Engineering
2509,Alex,Miller,60,Developer,Dubai,102647,2001-07-22,F,Engineering
2510,Emma,Davis,37,Lead,Toronto,80302,2012-02-13,M,Leadership
2511,Sam,Brown,53,Developer,Singapore,74179,2011-12-09,M,Engineering
2512,Sam,Jones,25,Architect,Tokyo,35465,2010-05-12,M,Architecture
2513,Paul,Jones,21,Designer,Tokyo,116386,2011-03-10,M,Design
2514,Paul,Smith,39,Manager,New York,116849,2002-07-26,M,Management
2515,Lisa,Davis,55,Analyst,Toronto,65660,2013-07-07,M,Analytics
2516,Sara,Wilson,58,Intern,Berlin,102688,2001-02-25,M,Training
2517,Sara,Miller,19,Architect,Tokyo,68556,2023-07-23,M,Architecture
2518,Mike,Johnson,34,Analyst,Delhi,119648,2004-01-13,M,Analytics
2519,Sara,Brown,42,Manager,Toronto,73580,2020-09-26,M,Management
2520,Sara,Jones,48,Lead,Sydney,51429,2020-06-29,M,Leadership
2521,Emma,Wilson,39,Developer,London,37992,2020-05-31,F,Engineering
2522,Tom,Smith,53,Developer,New York,31849,2007-06-22,F,Engineering
2523,Alex,Jones,59,Intern,Singapore,64629,2006-08-12,M,Training
2524,Jane,Wilson,45,Intern,Sydney,71545,2016-08-16,M,Training
2525,Jane,Johnson,32,Manager,Dubai,25765,2022-12-05,F,Management
2526,Emma,Smith,24,Developer,Singapore,101705,2007-08-21,M,Engineering
2527,Tom,Johnson,30,Designer,Dubai,100411,2020-09-12,F,Design
2528,Sara,Williams,41,Consultant,Berlin,26645,2007-09-24,F,Consulting
2529,Sara,Miller,43,Clerk,New York,97096,2003-09-10,F,Operations
2530,Sam,Garcia,57,Lead,Toronto,104353,2024-02-27,F,Leadership
2531,Mike,Miller,59,Consultant,Sydney,27094,2004-06-19,F,Consulting
2532,Alex,Williams,29,Architect,New York,69274,2021-01-22,F,Architecture
2533,Sara,Garcia,47,Developer,Singapore,90630,2009-07-29,F,Engineering
2534,Sam,Garcia,30,Lead,Delhi,83571,2016-03-16,F,Leadership
2535,Jane,Williams,37,Intern,Berlin,98430,2007-12-09,M,Training
2536,John,Johnson,28,Designer,Dubai,88656,2024-08-28,F,Design
2537,Lisa,Davis,38,Lead,Sydney,56506,2003-04-18,F,Leadership
2538,Sara,Smith,56,Designer,Paris,102260,2002-11-07,F,Design
2539,Paul,Johnson,55,Lead,Singapore,31848,2002-12-03,F,Leadership
2540,Alex,Williams,46,Consultant,Paris,71500,2007-08-27,M,Consulting,extra_field
2541,Paul,Johnson,51,Clerk,Sydney,76095,2011-02-22,F,Operations
2542,Lisa,Williams,26,Manager,Paris,82755,2008-04-29,M,Management
2543,John,Jones,51,Designer,Tokyo,45007,2014-10-11,M,Design
2544,Alex,Garcia,35,Developer,Paris,106410,2022-12-01,F,Engineering
2545,Lisa,Wilson,52,Clerk,Toronto,116461,2021-03-20,M,Operations
2546,Sara,Miller,50,Clerk,London,43588,2004-04-08,M,Operations
2547,Alex,Smith,49,Developer,New York,29052,2018-11-10,M,Engineering
2548,Tom,Williams,38,Analyst,Paris,116997,2020-08-15,M,Analytics
2549,Alex,Johnson,19,Manager,Berlin,41730,2013-09-02,M,Management
2550,Alex,Johnson,32,Designer,Sydney,46234,2021-04-02,F,Design
2551,Mike,Johnson,59,Intern,Delhi,108412,2008-07-29,M,Training
2552,Alex,Wilson,28,Designer,London,95360,2023-07-04,M,Design
2553,John,Williams,29,Engineer,Paris,114333,2002-06-15,F,Engineering
2554,Mike,Wilson,46,Lead,Toronto,85334,2005-08-19,M,Leadership
2555,Lisa,Garcia,34,Analyst,Singapore,45491,2003-04-27,F,Analytics
2556,Sara,Miller,45,Engineer,Dubai,71723,2003-03-30,M,Engineering
2557,Emma,Williams,31,Lead,Singapore,51793,2009-11-22,F,Leadership
2558,Sara,Garcia,36,Intern,Toronto,53011,2005-12-17,F,Training
2559,Tom,Jones,39,Consultant,Toronto,77778,2023-07-20,M,Consulting
2560,Jane,Wilson,29,Consultant,Singapore,82762,2015-04-27,F,Consulting
2561,Emma,Miller,49,Lead,Dubai,95686,2017-02-04,F,Leadership
2562,John,Davis,45,Architect,Berlin,108709,2016-07-02,M,Architecture
2563,Tom,Brown,41,Manager,London,110914,2018-05-15,F,Management
2564,Jane,Brown,20,Designer,Berlin,90715,2020-04-30,F,Design
2565,Emma,Taylor,55,Lead,Tokyo,56339,2002-05-30,M,Leadership
2566,Sara,Williams,59,Consultant,Singapore,108694,2013-09-03,M,Consulting
2567,Jane,Jones,25,Clerk,Paris,33067,2010-05-15,F,Operations
2568,Tom,Williams,51,Designer,Berlin,105882,2016-05-14,F,Design
2569,John,Garcia,51,Consultant,Toronto,29866,2005-12-21,F,Consulting
2570,Sam,Miller,23,Manager,London,108323,2008-09-26,M,Management
2571,Jane,Garcia,19,Designer,Sydney,96952,2006-07-04,M,Design
2572,Paul,Jones,26,Manager,Singapore,26586,2017-02-03,M,Management
2573,Sam,Taylor,48,Developer,Delhi,92427,2005-04-04,F,Engineering
2574,Sam,Garcia,60,Manager,Singapore,118265,2001-11-16,F,Management
2575,Emma,Johnson,41,Designer,Dubai,32148,2003-04-25,M,Design
2576,Emma,Davis,28,Lead,New York,30520,2004-08-04,F,Leadership
2577,Emma,Brown,36,Developer,Sydney,29176,2016-12-08,M,Engineering
2578,Sara,Jones,27,Clerk,Dubai,40406,2003-03-02,F,Operations
2579,Lisa,Jones,51,Intern,Tokyo,36901,2010-09-28,F,Training
2580,Sara,Garcia,33,Designer,Toronto,80103,2008-11-21,F,Design
2581,Sara,Smith,35,Designer,Tokyo,46591,2008-06-24,F,Design
2582,Sara,Johnson,46,Engineer,Berlin,99178,2018-10-09,F,Engineering
2583,Jane,Wilson,30,Intern,Dubai,67891,2023-08-18,F,Training
2584,Sara,Wilson,53,Intern,Singapore,41481,2004-11-19,F,Training
2585,John,Brown,21,Developer,Dubai,103772,2013-05-18,M,Engineering
2586,Sam,Garcia,19,Developer,Singapore,32270,2009-05-08,M,Engineering
2587,Jane,Smith,50,Consultant,Dubai,66368,2016-03-05,M,Consulting
2588,Sam,Garcia,19,Architect,Berlin,76959,2012-05-04,F,Architecture
2589,Sara,Johnson,40,Developer,London,36623,2012-08-15,F,Engineering
2590,John,Smith,32,Intern,London,29620,2023-09-20,F,Training
2591,Sara,Taylor,23,Lead,Dubai,107489,2009-12-30,F,Leadership
2592,Lisa,Jones,25,Clerk,Berlin,48875,2014-02-18,F,Operations
2593,Tom,Wilson,41,Lead,Delhi,99140,2014-12-02,F,Leadership
2594,Emma,Williams,37,Lead,Paris,99560,2000-03-23,M,Leadership
2595,Sam,Miller,22,Lead,Sydney,70555,2015-11-07,M,Leadership
2596,Alex,Smith,54,Engineer,Paris,106976,2001-12-09,M,Engineering
2597,Mike,Jones,47,Architect,Paris,83272,2013-11-02,F,Architecture
2598,Jane,Taylor,43,Clerk,Dubai,113200,2008-12-16,F,Operations
2599,Paul,Miller,33,Engineer,Delhi,66947,2000-09-11,F,Engineering
2600,Paul,Taylor,46,Lead,Tokyo,78110,2010-05-25,M,Leadership
2601,Sam,Johnson,45,Architect,Tokyo,48129,2020-11-30,F,Architecture
2602,Mike,Davis,57,Consultant,New York,26316,2000-11-20,M,Consulting
2603,Sara,Smith,19,Manager,New York,78391,2003-10-02,F,Management
2604,Emma,Smith,33,Designer,Berlin,69138,2018-11-16,F,Design
2605,Alex,Taylor,45,Clerk,Toronto,44794,2021-03-30,F,Operations
2606,Tom,Smith,53,Consultant,Singapore,97335,2000-05-14,F,Consulting
2607,Lisa,Davis,20,Engineer,Paris,37929,2003-06-01,F,Engineering
2608,Mike,Taylor,22,Developer,Singapore,80511,2006-03-21,F,Engineering
2609,John,Wilson,47,Intern,New York,57702,2019-08-21,F,Training
2610,Mike,Miller,58,Analyst,Singapore,101879,2007-04-23,F,Analytics
2611,Lisa,Wilson,28,Engineer,Dubai,85562,2007-12-09,M,Engineering
2612,Jane,Williams,49,Developer,London,103641,2000-10-04,M,Engineering
2613,Sara,Jones,31,Architect,Sydney,93177,2003-03-16,M,Architecture
2614,Sam,Davis,32,Engineer,Singapore,50855,2017-11-06,M,Engineering
2615,Sam,Taylor,38,Analyst,Dubai,42308,2004-07-19,M,Analytics
2616,Sara,Taylor,31,Consultant,Sydney,28261,2004-09-21,F,Consulting
2617,Sam,Garcia,56,Architect,Delhi,49280,2020-05-05,M,Architecture
2618,Sara,Jones,40,Engineer,London,38623,2013-11-04,F,Engineering
2619,Emma,Jones,43,Architect,Delhi,114387,2007-02-09,M,Architecture
2620,Alex,Davis,35,Manager,Toronto,72093,2002-03-15,F,Management
2621,Tom,Smith,43,Clerk,Berlin,29850,2012-02-06,F,Operations
2622,Jane,Brown,29,Architect,Toronto,90320,2021-03-19,F,Architecture
2623,Paul,Taylor,46,Engineer,London,91906,2006-08-05,M,Engineering
2624,Alex,Wilson,42,Lead,Singapore,77143,2014-01-29,F,Leadership
2625,Sam,Williams,37,Designer,New York,37041,2014-06-23,M,Design
2626,Mike,Smith,26,Lead,Dubai,99405,2001-10-23,F,Leadership
2627,Alex,Taylor,45,Analyst,Paris,42963,2004-10-03,F,Analytics
2628,Emma,Davis,22,Manager,Paris,51508,2019-10-08,F,Management
2629,Emma,Johnson,23,Consultant,Singapore,88004,2002-12-05,M,Consulting
2630,Sam,Jones,24,Manager,Paris,56354,2019-08-30,F,Management
2631,Emma,Jones,52,Clerk,Tokyo,92669,2010-08-25,M,Operations
2632,Jane,Davis,37,Manager,Paris,29653,2017-01-24,M,Management
2633,Tom,Smith,48,Engineer,Paris,45318,2016-10-06,M,Engineering
2634,Sam,Davis,28,Developer,Toronto,64106,2018-11-06,M,Engineering
2635,Tom,Davis,18,Manager,New York,48908,2003-11-23,F,Management
2636,Lisa,Jones,36,Manager,Sydney,94448,2008-09-16,F,Management
2637,Mike,Wilson,37,Designer,Toronto,28101,2015-11-21,M,Design
2638,Paul,Garcia,44,Lead,Toronto,50732,2019-10-26,F,Leadership
2639,Sara,Jones,34,Clerk,London,45946,2012-05-20,M,Operations
2640,John,Wilson,54,Designer,Delhi,85569,2004-08-30,F,Design
2641,Paul,Taylor,41,Lead,Dubai,84631,2022-01-18,M,Leadership
2642,John,Johnson,40,Analyst,Singapore,63210,2003-12-30,M,Analytics
2643,Alex,Wilson,21,Architect,Sydney,103226,2000-10-19,F,Architecture
2644,Alex,Miller,54,Clerk,Berlin,116664,2016-09-07,M,Operations
2645,Paul,Brown,48,Developer,Berlin,83363,2001-12-26,M,Engineering
2646,Sara,Williams,52,Intern,Singapore,29963,2006-03-20,F,Training
2647,Emma,Williams,32,Clerk,Delhi,55732,2022-01-13,F,Operations
2648,Jane,Taylor,60,Developer,Toronto,90552,2008-03-11,M,Engineering
2649,Paul,Williams,49,Intern,Berlin,81403,2020-12-28,F,Training
2650,Sara,Johnson,42,Developer,Toronto,105265,2015-12-08,M,Engineering
2651,Tom,Davis,26,Developer,Sydney,54763,2022-11-06,M,Engineering
2652,Lisa,Miller,35,Designer,New York,118690,2002-04-07,M,Design
2653,Sara,Johnson,25,Lead,Delhi,108078,2009-08-24,F,Leadership
2654,Tom,Wilson,58,Analyst,Singapore,61174,2011-11-25,M,Analytics
2655,Mike,Wilson,23,Designer,Toronto,102236,2014-05-23,F,Design
2656,Mike,Brown,33,Manager,Dubai,37771,2005-05-01,F,Management
2657,Alex,Brown,22,Engineer,London,44457,2008-03-25,M,Engineering
2658,Tom,Williams,44,Clerk,Dubai,49243,2006-08-24,M,Operations
2659,Lisa,Davis,53,Developer,Toronto,111035,2001-02-11,F,Engineering
2660,Alex,Johnson,60,Designer,Berlin,95959,2020-09-24,F,Design
2661,Emma,Taylor,49,Architect,London,50237,2001-11-07,F,Architecture
2662,Sam,Taylor,30,Designer,Tokyo,115846,2014-01-12,F,Design
2663,Lisa,Taylor,37,Manager,New York,54726,2016-04-11,M,Management
2664,Mike,Smith,30,Developer,Toronto,96666,2003-08-12,F,Engineering
2665,Sara,Smith,25,Intern,Toronto,104034,2019-04-27,F,Training
2666,Sam,Wilson,26,Developer,Toronto,61529,2012-08-27,F,Engineering
2667,Alex,Miller,51,Engineer,Dubai,100580,2011-01-19,M,Engineering
2668,Jane,Smith,37,Engineer,Toronto,43460,2022-02-27,M,Engineering
2669,Emma,Williams,58,Manager,Tokyo,98521,2022-11-02,M,Management
2670,Sara,Wilson,49,Analyst,Delhi,68620,2013-06-02,F,Analytics
2671,Emma,Davis,27,Intern,London,101752,2016-07-24,M,Training
2672,Alex,Miller,23,Architect,London,26804,2000-07-10,M,Architecture
2673,Jane,Taylor,37,Architect,Delhi,90289,2010-09-19,F,Architecture
2674,Mike,Johnson,47,Engineer,Tokyo,72668,2016-12-01,M,Engineering
2675,Sara,Jones,31,Developer,Paris,88425,2024-12-22,F,Engineering
2676,Sam,Miller,41,Lead,Delhi,82303,2002-08-14,M,Leadership
2677,Sam,Jones,25,Developer,New York,48117,2008-12-22,F,Engineering
2678,Jane,Garcia,50,Intern,Singapore,63174,2023-09-17,F,Training
2679,Sam,Wilson,60,Architect,New York,76383,2006-09-24,F,Architecture
2680,Tom,Johnson,45,Clerk,Berlin,32581,2004-03-24,M,Operations
2681,Alex,Johnson,43,Designer,Sydney,32113,2002-12-29,M,Design
2682,Sara,Taylor,18,Developer,London,71238,2011-08-10,M,Engineering
2683,Tom,Williams,44,Manager,London,58287,2019-12-22,F,Management
2684,Sam,Taylor,42,Intern,Berlin,54696,2022-08-11,M,Training
2685,Tom,Davis,23,Engineer,Delhi,109076,2024-03-17,F,Engineering
2686,Mike,Smith,59,Clerk,Tokyo,77954,2019-12-08,M,Operations
2687,Emma,Wilson,24,Analyst,London,33510,2006-09-01,M,Analytics
2688,Sam,Garcia,31,Consultant,New York,30862,2020-11-20,F,Consulting
2689,Emma,Johnson,53,Intern,Dubai,115038,2005-01-04,M,Training
2690,Mike,Johnson,26,Intern,Delhi,65832,2003-02-18,M,Training
2691,Emma,Brown,42,Engineer,London,90611,2024-04-09,M,Engineering
2692,Jane,Garcia,49,Engineer,Dubai,86243,2004-01-14,F,Engineering
2693,Mike,Taylor,22,Clerk,Delhi,32679,2004-08-28,M,Operations
2694,John,Johnson,42,Designer,Sydney,110046,2003-08-29,F,Design
2695,Jane,Wilson,36,Architect,Paris,55416,2014-07-29,M,Architecture
2696,Emma,Wilson,27,Consultant,Berlin,76931,2021-02-27,F,Consulting
2697,Jane,Taylor,35,Clerk,New York,57211,2005-09-06,M,Operations
2698,Paul,Smith,30,Consultant,New York,96059,2005-04-06,F,Consulting
2699,Jane,Johnson,34,Manager,Toronto,60237,2019-10-17,M,Management
2700,Jane,Wilson,41,Architect,Delhi,113706,2010-02-28,M,Architecture
2701,Mike,Jones,20,Designer,Sydney,113900,2011-09-01,F,Design
2702,Mike,Miller,19,Engineer,Tokyo,113181,2006-09-06,M,Engineering
2703,John,Taylor,59,Lead,Sydney,76142,2011-11-03,F,Leadership
2704,Sara,Brown,20,Analyst,Delhi,36107,2019-10-02,M,Analytics
2705,Lisa,Brown,50,Designer,New York,49377,2017-02-17,F,Design
2706,Tom,Smith,53,Architect,Delhi,30040,2024-04-18,F,Architecture
2707,Jane,Smith,28,Consultant,Berlin,29144,2001-12-28,F,Consulting
2708,Jane,Johnson,29,Lead,Dubai,108376,2010-06-24,M,Leadership
2709,Paul,Miller,58,Developer,Singapore,63694,2016-03-13,M,Engineering
2710,John,Smith,32,Intern,London,25245,2017-12-02,M,Training
2711,Paul,Davis,25,Lead,London,25890,2019-06-18,M,Leadership
2712,Sam,Brown,53,Designer,Toronto,66048,2024-04-23,F,Design
2713,Emma,Williams,29,Intern,Tokyo,88358,2021-11-27,M,Training
2714,Emma,Garcia,50,Intern,Berlin,119473,2018-03-21,F,Training
2715,Mike,Jones,56,Manager,Singapore,34424,2019-05-17,M,Management
2716,Jane,Miller,19,Manager,London,35704,2016-01-11,M,Management
2717,Lisa,Jones,37,Consultant,Delhi,50898,2015-12-01,M,Consulting
2718,Sam,Davis,40,Clerk,Tokyo,93603,2013-04-09,M,Operations
2719,Mike,Davis,25,Architect,Berlin,95767,2023-05-12,F,Architecture
2720,Sam,Johnson,23,Consultant,Berlin,41886,2005-08-15,M,Consulting
2721,Jane,Brown,41,Engineer,New York,61995,2008-02-24,M,Engineering
2722,Mike,Williams,47,Developer,Berlin,63695,2014-05-30,M,Engineering
2723,Lisa,Jones,26,Lead,Toronto,82175,2018-05-06,F,Leadership
2724,Lisa,Smith,43,Manager,Toronto,42074,2009-01-05,M,Management
2725,Tom,Jones,34,Architect,New York,114325,2012-01-26,F,Architecture
2726,Tom,Miller,58,Intern,Sydney,86412,2021-04-08,F,Training
2727,Mike,Brown,44,Developer,Tokyo,76679,2016-05-13,F,Engineering
2728,Mike,Taylor,32,Manager,Paris,116723,2004-08-28,M,Management
2729,Mike,Williams,54,Lead,New York,110855,2007-07-31,M,Leadership
2730,Alex,Smith,31,Developer,Delhi,43365,2010-06-17,M,Engineering
2731,Sara,Taylor,49,Clerk,Paris,28094,2023-10-12,F,Operations
2732,Paul,Brown,50,Lead,Singapore,76161,2020-08-07,M,Leadership
2733,Sam,Brown,46,Architect,Delhi,119689,2020-05-15,F,Architecture
2734,John,Jones,47,Architect,Dubai,104775,2005-11-23,M,Architecture
2735,Tom,Garcia,43,Analyst,Delhi,46359,99-99-9999,F,Analytics
2736,Sam,Miller,26,Intern,Paris,107422,2024-04-23,F,Training
2737,Sara,Garcia,24,Analyst,London,88374,2002-11-21,F,Analytics
2738,Sam,Wilson,36,Consultant,Berlin,94238,2014-10-23,F,Consulting
2739,Jane,Taylor,54,Engineer,Berlin,117794,2010-01-12,M,Engineering
2740,John,Miller,34,Clerk,Tokyo,25983,2010-10-12,F,Operations
2741,Sam,Williams,49,Manager,Dubai,82103,2022-12-14,M,Management
2742,John,Brown,22,Clerk,Dubai,119560,2024-03-13,M,Operations
2743,Paul,Brown,18,Manager,Tokyo,105894,2020-01-22,M,Management
2744,Paul,Davis,21,Lead,New York,58506,2016-03-21,F,Leadership
2745,Paul,Taylor,29,Developer,London,33583,2001-03-21,M,Engineering
2746,Alex,Wilson,49,Lead,Dubai,104048,2013-10-14,F,Leadership
2747,Jane,Jones,26,Clerk,Tokyo,62728,2019-11-14,M,Operations
2748,Jane,Jones,20,Engineer,Dubai,101222,2018-06-08,F,Engineering
2749,Sara,Jones,49,Clerk,London,58843,2021-10-30,M,Operations
2750,Sam,Jones,25,Architect,Paris,75003,2018-12-04,F,Architecture
2751,Lisa,Smith,49,Developer,Sydney,63085,2017-08-14,M,Engineering
2752,Sam,Johnson,27,Developer,Dubai,29429,2015-11-20,M,Engineering
2753,Alex,Brown,47,Clerk,Tokyo,111531,2004-09-24,M,Operations
2754,Mike,Garcia,19,Engineer,Dubai,106838,2023-06-02,M,Engineering
2755,Emma,Smith,30,Intern,Toronto,104915,2000-03-10,M,Training
2756,Tom,Taylor,29,Clerk,Paris,46323,2012-11-26,F,Operations
2757,Mike,Brown,19,Lead,Berlin,43920,2005-06-13,F,Leadership
2758,Alex,Davis,53,Engineer,Sydney,47006,2013-04-05,F,Engineering
2759,Sam,Garcia,51,Manager,Toronto,68013,2009-03-13,F,Management
2760,Emma,Williams,32,Analyst,Berlin,25409,2011-09-02,F,Analytics
2761,John,Johnson,20,Designer,New York,39895,2012-09-01,F,Design
2762,Jane,Williams,35,Designer,Berlin,66247,2010-08-19,F,Design
2763,Emma,Brown,21,Designer,London,85989,2016-05-01,F,Design
2764,Lisa,Williams,20,Clerk,Dubai,98139,2005-03-27,M,Operations
2765,Sam,Johnson,52,Manager,Berlin,69339,2013-03-01,M,Management
2766,Tom,Williams,25,Lead,Berlin,76328,2009-08-04,M,Leadership
2767,Mike,Brown,19,Lead,Dubai,40534,2015-08-08,F,Leadership
2768,Sam,Taylor,29,Developer,Tokyo,35151,2020-01-02,M,Engineering
2769,Alex,Johnson,26,Designer,Singapore,73987,2006-12-08,F,Design
2770,John,Smith,37,Lead,Paris,60934,2022-10-14,F,Leadership
2771,Lisa,Johnson,41,Consultant,New York,43919,2019-11-24,M,Consulting
2772,Mike,Williams,45,Analyst,New York,48881,2008-09-05,F,Analytics
2773,Alex,Williams,41,Manager,Sydney,91214,2020-04-02,F,Management
2774,John,Brown,37,Lead,London,46537,2001-10-28,F,Leadership
2775,Tom,Wilson,30,Analyst,Toronto,55684,2005-10-09,M,Analytics
2776,Paul,Johnson,43,Lead,Singapore,64113,2003-05-08,F,Leadership
2777,Sara,Brown,27,Analyst,Tokyo,80775,2014-05-18,F,Analytics
2778,Tom,Wilson,58,Developer,Paris,39543,2009-11-01,F,Engineering
2779,Emma,Davis,39,Clerk,Berlin,64548,2020-05-11,M,Operations
2780,John,Miller,24,Analyst,Paris,27354,2003-10-11,F,Analytics
2781,Lisa,Johnson,37,Architect,London,42857,2015-01-13,M,Architecture
2782,Alex,Smith,23,Developer,New York,89924,2009-09-30,F,Engineering
2783,Sara,Garcia,25,Engineer,Sydney,31569,2000-05-11,F,Engineering
2784,Mike,Davis,46,Intern,Berlin,29591,2003-11-26,M,Training
2785,Mike,Johnson,43,Engineer,Tokyo,72891,2015-06-17,F,Engineering
2786,Mike,Davis,53,Designer,Berlin,34787,2020-01-22,F,Design
2787,Sam,Johnson,27,Manager,London,88793,2004-07-30,M,Management
2788,Emma,Wilson,57,Consultant,Sydney,96815,2010-12-28,M,Consulting
2789,John,Wilson,34,Lead,Paris,32364,2024-08-20,F,Leadership
2790,John,Wilson,31,Consultant,Sydney,117982,2007-03-17,F,Consulting
2791,Emma,Smith,59,Intern,Delhi,116353,2017-03-17,M,Training
2792,Sara,Williams,19,Developer,Delhi,63630,2023-05-19,F,Engineering
2793,Sara,Williams,45,Lead,Sydney,89763,2012-07-09,F,Leadership
2794,Jane,Miller,28,Architect,Tokyo,78348,2010-11-08,F,Architecture
2795,Sam,Taylor,54,Manager,Delhi,89986,2006-08-15,M,Management
2796,Paul,Miller,25,Consultant,Toronto,78596,2013-07-09,F,Consulting
2797,Paul,Wilson,22,Analyst,Singapore,115509,2007-07-05,F,Analytics
2798,Emma,Williams,38,Analyst,New York,72727,2004-10-26,M,Analytics
2799,Sara,Smith,34,Clerk,Tokyo,64676,2002-04-23,F,Operations
2800,Paul,Jones,60,Lead,Sydney,41175,2020-05-07,M,Leadership
2801,Sara,Jones,27,Engineer,Delhi,85920,2010-09-28,F,Engineering
2802,Alex,Wilson,59,Manager,Paris,31507,2007-12-11,M,Management
2803,Paul,Taylor,52,Lead,Paris,72381,2017-06-14,M,Leadership
2804,Paul,Taylor,57,Architect,Dubai,65611,2008-04-24,M,Architecture
2805,Emma,Wilson,59,Developer,Delhi,52748,2020-09-16,F,Engineering
2806,Mike,Wilson,40,Intern,Dubai,84003,2005-11-04,M,Training
2807,Paul,Jones,56,Engineer,Toronto,104737,2007-07-22,M,Engineering
2808,Sam,Davis,48,Clerk,Tokyo,97608,2013-05-01,M,Operations
2809,Mike,Taylor,44,Analyst,Paris,117533,2022-10-29,F,Analytics
2810,Tom,Garcia,36,Intern,Sydney,64260,2019-02-07,M,Training
2811,Alex,Smith,30,Architect,Delhi,67788,2008-07-07,F,Architecture
2812,Sara,Miller,40,Architect,Singapore,105740,2014-11-25,F,Architecture
2813,Emma,Johnson,32,Analyst,Singapore,94115,2002-10-26,M,Analytics
2814,Tom,Davis,35,Manager,Delhi,N/A,2011-10-21,M,Management
2815,Mike,Brown,35,Manager,Tokyo,72560,2009-05-07,M,Management
2816,Paul,Davis,51,Architect,New York,104323,2008-10-15,M,Architecture
2817,Lisa,Smith,19,Designer,Tokyo,72153,2017-07-04,M,Design
2818,Sam,Jones,49,Engineer,Paris,80966,2009-01-29,F,Engineering
2819,John,Smith,24,Architect,New York,33506,2023-12-03,F,Architecture
2820,John,Brown,37,Designer,Tokyo,95524,2022-08-15,F,Design
2821,Lisa,Wilson,27,Intern,Tokyo,89780,2001-01-10,M,Training
2822,Mike,Miller,58,Consultant,Tokyo,116180,2016-02-29,M,Consulting
2823,Tom,Johnson,45,Consultant,Sydney,29601,2013-04-06,F,Consulting
2824,Tom,Johnson,54,Consultant,Toronto,50896,2011-10-25,M,Consulting
2825,Mike,Jones,34,Lead,Toronto,47378,2005-03-24,F,Leadership
2826,Emma,Wilson,48,Manager,New York,62449,2019-04-25,M,Management
2827,Sara,Brown,34,Engineer,Singapore,69762,2015-03-22,F,Engineering
2828,Jane,Wilson,29,Clerk,Dubai,106929,2007-05-31,M,Operations
2829,Emma,Smith,34,Designer,Paris,40840,2003-10-16,M,Design
2830,Emma,Smith,22,Architect,New York,34485,2002-07-19,F,Architecture
2831,Jane,Wilson,35,Manager,Sydney,34491,2012-02-04,M,Management
2832,Lisa,Johnson,46,Engineer,Delhi,60426,2022-03-11,F,Engineering
2833,Jane,Brown,29,Manager,Tokyo,78671,2007-09-18,M,Management
2834,Sara,Miller,54,Manager,Singapore,58452,2015-12-08,M,Management
2835,John,Smith,48,Architect,Singapore,107961,2008-05-16,M,Architecture
2836,John,Williams,54,Manager,Tokyo,49589,2003-05-01,F,Management
2837,Jane,Johnson,42,Consultant,Berlin,59248,2007-05-05,M,Consulting
2838,Alex,Davis,36,Manager,Paris,104712,2004-11-10,F,Management
2839,Lisa,Garcia,20,Designer,Singapore,37197,2000-01-22,F,Design
2840,Mike,Wilson,38,Manager,New York,81726,2004-11-09,M,Management
2841,Jane,Smith,21,Analyst,Tokyo,44467,2022-07-28,M,Analytics
2842,Paul,Johnson,29,Architect,Tokyo,62164,2007-04-20,F,Architecture
2843,Sara,Jones,44,Analyst,Sydney,102743,2019-03-21,M,Analytics
2844,John,Davis,29,Lead,Singapore,81635,2007-08-11,F,Leadership
2845,Emma,Wilson,33,Manager,Sydney,37011,2013-09-11,F,Management
2846,Emma,Taylor,47,Manager,Toronto,46079,2014-10-12,M,Management
2847,Emma,Smith,30,Developer,Paris,96751,2010-01-05,F,Engineering
2848,John,Jones,56,Architect,New York,27922,2012-06-21,M,Architecture
2849,Lisa,Brown,58,Lead,New York,45549,2003-08-25,F,Leadership
2850,Lisa,Brown,37,Architect,London,106833,2023-07-16,M,Architecture
2851,Sam,Brown,41,Clerk,Tokyo,59227,2014-01-10,M,Operations
2852,Lisa,Garcia,52,Manager,Dubai,103758,2021-04-10,M,Management
2853,Alex,Brown,58,Engineer,Paris,25100,2018-09-22,M,Engineering
2854,Alex,Johnson,47,Engineer,Dubai,37053,2021-12-03,M,Engineering
2855,Lisa,Johnson,21,Manager,Tokyo,59928,2023-08-02,F,Management
2856,Sara,Miller,30,Designer,Dubai,59930,2011-05-29,M,Design
2857,Paul,Miller,30,Consultant,Paris,110171,2022-06-01,F,Consulting
2858,Sam,Davis,59,Manager,Tokyo,118953,2020-04-21,M,Management
2859,Jane,Johnson,41,Engineer,London,91805,2022-10-12,F,Engineering
2860,Tom,Wilson,44,Engineer,Paris,107448,2019-03-13,F,Engineering
2861,Alex,Wilson,27,Clerk,Tokyo,63811,2017-01-31,F,Operations
2862,Sam,Miller,36,Clerk,Berlin,55072,2001-03-24,F,Operations
2863,Sara,Davis,53,Developer,Singapore,65460,2015-05-14,F,Engineering
2864,Paul,Smith,23,Consultant,Singapore,85236,2019-05-01,F,Consulting
2865,Mike,Davis,29,Manager,Singapore,52753,2007-04-01,F,Management
2866,Alex,Davis,47,Architect,Delhi,34879,2014-04-24,M,Architecture
2867,Emma,Williams,38,Clerk,Paris,96636,2004-03-21,F,Operations
2868,Sara,Miller,60,Analyst,Dubai,83981,2020-04-12,M,Analytics
2869,Mike,Williams,25,Engineer,Dubai,87051,2023-04-16,M,Engineering
2870,Alex,Johnson,26,Consultant,Singapore,116159,2018-04-01,M,Consulting
2871,Sara,Taylor,52,Designer,London,65422,2009-09-24,M,Design
2872,Mike,Garcia,44,Developer,Sydney,88270,2023-05-14,F,Engineering
2873,Emma,Brown,21,Analyst,Toronto,72937,2006-10-12,M,Analytics
2874,Alex,Wilson,58,Analyst,Paris,97597,2015-09-22,F,Analytics
2875,Jane,Miller,26,Consultant,Berlin,105195,2022-10-08,F,Consulting
2876,Alex,Davis,27,Clerk,Dubai,55609,2003-08-19,M,Operations
2877,Emma,Wilson,46,Engineer,Dubai,79590,2014-04-14,M,Engineering
2878,Mike,Miller,22,Clerk,Paris,27131,2024-12-06,M,Operations
2879,Sam,Davis,48,Consultant,Dubai,56163,2007-09-02,M,Consulting
2880,John,Smith,42,Clerk,Toronto,100521,2021-05-02,F,Operations
2881,Jane,Williams,23,Architect,Toronto,117328,2010-08-28,M,Architecture
2882,Sara,Garcia,38,Designer,Berlin,45775,2008-01-12,F,Design
2883,Tom,Wilson,48,Intern,Delhi,88485,2021-10-09,F,Training
2884,Paul,Smith,28,Designer,Toronto,50763,2012-11-14,F,Design
2885,Sam,Taylor,58,Intern,Berlin,104825,2003-07-19,M,Training
2886,Jane,Wilson,24,Intern,New York,50482,2007-04-21,M,Training
2887,Tom,Garcia,59,Lead,Sydney,95425,2004-02-13,F,Leadership
2888,Lisa,Miller,24,Architect,Paris,76879,2021-04-25,F,Architecture
2889,Mike,Davis,40,Lead,Berlin,64244,2011-04-04,F,Leadership
2890,Alex,Johnson,33,Designer,Berlin,41685,2003-06-21,M,Design
2891,Sara,Garcia,41,Manager,Delhi,93521,2005-09-10,F,Management
2892,Sara,Brown,19,Intern,London,31864,2016-03-23,F,Training
2893,Lisa,Garcia,50,Manager,New York,90679,2021-09-07,M,Management
2894,John,Jones,30,Engineer,New York,71413,2022-12-17,M,Engineering
2895,Alex,Taylor,41,Architect,London,107969,2023-11-27,F,Architecture
2896,Mike,Jones,58,Analyst,Delhi,66666,2015-03-15,F,Analytics
2897,Sara,Smith,41,Designer,Singapore,118776,2020-08-13,M,Design
2898,Emma,Brown,60,Architect,Delhi,77297,2006-12-18,F,Architecture
2899,Tom,Jones,25,Analyst,Dubai,97195,2012-01-21,M,Analytics
2900,Lisa,Garcia,33,Intern,London,68093,2007-12-29,F,Training
2901,Paul,Williams,23,Engineer,Sydney,119810,2009-12-14,M,Engineering
2902,Jane,Johnson,47,Manager,Tokyo,69049,99-99-9999,M,Management
2903,Alex,Taylor,27,Engineer,Dubai,112596,2003-10-08,F,Engineering
2904,John,Brown,34,Manager,Tokyo,30920,2005-11-19,F,Management
2905,Alex,Jones,41,Manager,Singapore,66310,2004-12-23,F,Management
2906,Sam,Williams,50,Analyst,Toronto,107847,2021-07-06,M,Analytics
2907,Jane,Miller,54,Engineer,New York,98439,2022-03-13,M,Engineering
2908,Paul,Williams,39,Architect,Toronto,47869,2013-10-30,M,Architecture
2909,Lisa,Davis,20,Lead,Singapore,34575,2001-06-14,F,Leadership
2910,Alex,Garcia,44,Intern,Paris,42104,2022-12-09,M,Training
2911,Emma,Garcia,25,Designer,Berlin,43757,2023-07-07,F,Design
2912,Mike,Garcia,19,Clerk,Singapore,114211,2023-05-13,M,Operations
2913,Emma,Smith,22,Developer,Toronto,93299,2010-11-01,F,Engineering
2914,Emma,Davis,19,Designer,Dubai,104575,2007-04-26,M,Design
2915,John,Smith,55,Analyst,Dubai,109064,2002-08-02,F,Analytics,extra_field
2916,John,Miller,32,Engineer,Toronto,80264,2024-07-15,M,Engineering
2917,Alex,Miller,52,Engineer,London,91960,2023-07-04,M,Engineering
2918,Mike,Brown,27,Consultant,Toronto,42604,2015-01-12,F,Consulting
2919,Sara,Davis,49,Manager,Sydney,75535,2003-06-04,F,Management
2920,John,Miller,23,Developer,Tokyo,109958,2008-12-21,M,Engineering
2921,Jane,Taylor,56,Clerk,Dubai,58042,2003-08-03,F,Operations
2922,Lisa,Miller,47,Intern,Toronto,33894,2019-10-31,F,Training
2923,Mike,Miller,19,Clerk,Tokyo,44896,2023-02-07,F,Operations
2924,Paul,Davis,29,Developer,Singapore,110298,2018-02-11,M,Engineering
2925,Tom,Taylor,36,Manager,Dubai,47165,2010-06-01,F,Management
2926,Sam,Smith,18,Lead,Tokyo,112747,2024-05-01,F,Leadership
2927,Sam,Williams,40,Intern,Dubai,27331,2017-03-04,F,Training
2928,Sam,Garcia,55,Intern,Singapore,28512,2005-12-08,F,Training
2929,Mike,Miller,38,Analyst,Paris,89947,2020-09-14,M,Analytics
2930,Paul,Miller,46,Consultant,Dubai,83238,99-99-9999,F,Consulting
2931,Mike,Davis,18,Consultant,Sydney,95842,2015-11-11,M,Consulting
2932,Mike,Davis,29,Designer,Tokyo,89109,2009-04-30,M,Design
2933,Lisa,Taylor,34,Consultant,Dubai,66941,2007-03-31,F,Consulting
2934,John,Johnson,48,Developer,Toronto,32374,2024-11-16,F,Engineering
2935,Tom,Wilson,52,Designer,Sydney,44901,2015-01-17,F,Design
2936,Paul,Davis,26,Designer,Singapore,99542,2017-03-07,F,Design
2937,Paul,Miller,58,Engineer,Singapore,112064,2008-07-19,F,Engineering
2938,Lisa,Williams,52,Clerk,Tokyo,33577,2009-11-08,M,Operations
2939,Lisa,Brown,29,Engineer,Tokyo,40186,2020-12-30,M,Engineering
2940,Emma,Miller,19,Architect,Singapore,45417,2012-08-06,M,Architecture
2941,Sara,Davis,37,Analyst,New York,65656,2000-04-16,M,Analytics
2942,Emma,Taylor,35,Engineer,Delhi,110286,2019-02-27,M,Engineering
2943,Emma,Davis,40,Manager,Berlin,74614,2004-04-26,M,Management
2944,Paul,Taylor,27,Designer,Tokyo,67284,2013-07-25,F,Design
2945,Jane,Jones,50,Intern,Berlin,102339,2014-12-07,M,Training
2946,Emma,Taylor,18,Architect,London,60247,2000-05-12,M,Architecture
2947,Jane,Wilson,34,Analyst,Toronto,113291,2009-02-23,F,Analytics
2948,Sam,Brown,45,Consultant,Dubai,109897,2007-01-23,F,Consulting
2949,Lisa,Williams,24,Engineer,Berlin,59743,2014-07-18,F,Engineering
2950,Emma,Wilson,24,Lead,Dubai,34964,2012-02-01,M,Leadership
2951,Lisa,Williams,59,Manager,Berlin,72209,2005-09-15,F,Management
2952,Sara,Taylor,42,Consultant,London,94913,2005-07-01,M,Consulting
2953,Mike,Davis,39,Clerk,Dubai,64478,2018-11-20,M,Operations
2954,Emma,Miller,52,Engineer,Tokyo,43176,2014-10-03,M,Engineering
2955,Tom,Johnson,20,Consultant,Paris,119942,2015-06-29,F,Consulting
2956,Emma,Miller,24,Consultant,Toronto,93690,2010-07-17,M,Consulting
2957,Emma,Brown,51,Engineer,London,33744,2008-03-09,M,Engineering
2958,Mike,Garcia,50,Clerk,New York,37498,2015-04-08,M,Operations
2959,Mike,Jones,54,Designer,Toronto,37537,2006-07-26,F,Design
2960,Tom,Smith,45,Architect,Toronto,98311,2023-01-05,M,Architecture
2961,Paul,Smith,47,Consultant,Delhi,115289,2008-11-10,M,Consulting
2962,Alex,Taylor,41,Manager,Delhi,85543,2022-07-07,F,Management
2963,Mike,Johnson,56,Analyst,New York,84088,2005-04-14,M,Analytics
2964,Jane,Williams,39,Manager,Tokyo,31990,2017-06-02,M,Management
2965,Emma,Wilson,46,Intern,Berlin,103372,2013-07-07,M,Training
2966,Lisa,Brown,27,Manager,Singapore,100343,2019-05-16,F,Management
2967,Paul,Smith,46,Consultant,Sydney,53592,2008-12-19,F,Consulting
2968,Tom,Jones,60,Manager,Toronto,87185,2022-07-10,F,Management
2969,John,Smith,51,Analyst,Tokyo,25619,2005-04-07,M,Analytics
2970,Tom,Williams,21,Intern,Delhi,66282,2007-02-02,F,Training
2971,Jane,Jones,52,Clerk,Toronto,86521,2021-03-23,F,Operations
2972,Jane,Garcia,35,Lead,New York,64377,2019-02-27,F,Leadership
2973,Jane,Davis,49,Analyst,Delhi,26223,2009-09-23,F,Analytics
2974,Paul,Wilson,28,Lead,Delhi,34194,2013-08-27,M,Leadership
2975,Paul,Miller,22,Analyst,Toronto,47491,2007-06-12,M,Analytics
2976,Alex,Wilson,44,Manager,Berlin,73153,2014-06-08,F,Management
2977,Emma,Williams,32,Manager,Tokyo,50567,2012-11-17,M,Management
2978,Lisa,Williams,22,Analyst,London,103659,2017-09-30,F,Analytics
2979,Jane,Garcia,46,Developer,Delhi,110809,2005-04-21,M,Engineering
2980,Lisa,Jones,41,Clerk,Singapore,113537,2020-08-05,M,Operations
2981,Sara,Garcia,46,Engineer,Delhi,100001,2018-12-22,F,Engineering
2982,Jane,Taylor,29,Analyst,London,106304,2014-07-13,M,Analytics
2983,Sam,Taylor,30,Architect,Delhi,84195,2010-03-03,F,Architecture
2984,Jane,Johnson,24,Analyst,Tokyo,111119,2008-12-03,M,Analytics
2985,Paul,Jones,22,Clerk,New York,87044,2016-10-22,M,Operations
2986,Tom,Brown,22,Engineer,London,54243,2018-12-07,F,Engineering
2987,Alex,Smith,35,Lead,Toronto,98743,2018-01-02,M,Leadership
2988,Paul,Johnson,51,Analyst,Berlin,118749,2019-10-12,M,Analytics
2989,Emma,Brown,20,Lead,Sydney,74778,2017-02-09,M,Leadership
2990,Alex,Garcia,21,Manager,New York,102426,2023-04-13,M,Management
2991,Sara,Smith,33,Analyst,Singapore,82122,2011-01-19,M,Analytics
2992,Paul,Garcia,41,Architect,Sydney,35535,2014-12-20,F,Architecture
2993,John,Taylor,22,Architect,New York,49189,2019-08-26,F,Architecture
2994,Emma,Jones,21,Designer,New York,76528,2004-06-27,M,Design
2995,Tom,Smith,28,Designer,Toronto,78452,2003-02-01,M,Design
2996,Sara,Wilson,57,Intern,Berlin,112462,2012-07-08,M,Training
2997,John,Davis,21,Manager,Paris,67879,2004-11-10,M,Management
2998,Jane,Wilson,20,Engineer,Tokyo,50097,2021-08-10,F,Engineering
2999,Tom,Smith,18,Consultant,Sydney,109296,2002-03-16,F,Consulting
3000,Sam,Davis,47,Analyst,Toronto,79367,2000-09-06,M,Analytics
3001,John,Smith,19,Lead,Tokyo,98619,2007-10-10,F,Leadership
3002,Emma,Taylor,30,Clerk,Paris,92522,2012-05-31,F,Operations
3003,Sara,Miller,31,Engineer,London,64786,2011-02-25,M,Engineering
3004,Jane,Brown,57,Developer,Paris,89089,2010-04-20,F,Engineering
3005,John,Taylor,25,Manager,Tokyo,110741,2000-01-03,M,Management
3006,Jane,Williams,27,Clerk,Toronto,94717,2019-03-03,F,Operations
3007,Alex,Williams,34,Analyst,Dubai,76898,2020-09-22,M,Analytics
3008,Sara,Garcia,59,Designer,Toronto,114195,2000-10-17,M,Design
3009,Jane,Miller,45,Consultant,Delhi,41651,2024-10-04,M,Consulting
3010,Tom,Taylor,20,Designer,Paris,104765,2016-03-10,M,Design
3011,Sam,Garcia,57,Manager,Berlin,59180,2018-11-13,F,Management
3012,Sara,Smith,42,Manager,Sydney,77281,2009-01-17,F,Management
3013,Jane,Williams,47,Analyst,Singapore,40263,2000-08-07,M,Analytics
3014,Emma,Smith,29,Architect,Berlin,66240,2018-02-22,F,Architecture
3015,Lisa,Miller,30,Developer,Dubai,67833,2018-10-23,M,Engineering
3016,Sara,Brown,30,Lead,Toronto,77814,2017-06-08,M,Leadership
3017,Emma,Taylor,55,Engineer,Sydney,76492,2018-02-27,F,Engineering
3018,Jane,Williams,48,Consultant,Sydney,59544,2007-04-18,M,Consulting
3019,Lisa,Brown,48,Analyst,Berlin,38388,2000-11-27,M,Analytics
3020,Alex,Garcia,57,Developer,Paris,107500,2007-07-16,M,Engineering
3021,Lisa,Garcia,54,Intern,Dubai,57132,2007-05-21,M,Training
3022,Mike,Davis,38,Lead,Toronto,98507,2014-10-12,M,Leadership
3023,Lisa,Garcia,44,Engineer,Paris,44441,2012-12-05,M,Engineering
3024,Jane,Johnson,45,Manager,Singapore,41251,2010-08-22,F,Management
3025,Sara,Williams,37,Designer,Sydney,108325,2009-12-22,F,Design
3026,Alex,Taylor,54,Consultant,Sydney,52346,2002-01-27,F,Consulting
3027,Tom,Jones,33,Consultant,Toronto,62058,2015-08-13,M,Consulting
3028,Alex,Smith,60,Intern,Dubai,71111,2018-05-11,M,Training
3029,Jane,Wilson,54,Analyst,Tokyo,97598,2011-12-27,M,Analytics
3030,Sam,Garcia,46,Developer,Paris,85961,2011-12-26,F,Engineering
3031,Tom,Taylor,60,Developer,Tokyo,119070,2013-10-08,M,Engineering
3032,Sara,Brown,30,Lead,Delhi,52962,2021-11-03,M,Leadership
3033,Jane,Miller,58,Engineer,London,103067,2023-01-18,M,Engineering
3034,Sam,Johnson,32,Consultant,Dubai,89497,2022-05-27,M,Consulting
3035,Tom,Johnson,37,Designer,Tokyo,82252,2023-12-23,F,Design
3036,Lisa,Brown,60,Manager,Singapore,53190,2001-10-29,M,Management
3037,Mike,Davis,59,Consultant,Paris,101176,2016-06-11,F,Consulting
3038,Lisa,Smith,44,Analyst,Paris,58048,2012-03-14,M,Analytics
3039,Paul,Wilson,36,Architect,Berlin,117399,2023-02-11,M,Architecture
3040,Lisa,Jones,34,Architect,Paris,81791,2012-01-14,M,Architecture
3041,Lisa,Taylor,28,Engineer,Berlin,64648,2000-05-24,F,Engineering
3042,Jane,Davis,54,Consultant,Dubai,70696,2001-05-20,M,Consulting
3043,Paul,Garcia,19,Lead,Delhi,59106,2018-06-30,F,Leadership
3044,Jane,Davis,37,Intern,Singapore,91797,2019-09-05,F,Training
3045,Alex,Miller,49,Engineer,Paris,50854,2018-10-28,M,Engineering
3046,John,Miller,37,Designer,Paris,103140,2015-01-02,F,Design
3047,Sam,Taylor,30,Developer,London,113090,2019-03-21,M,Engineering
3048,Emma,Garcia,26,Engineer,Sydney,59013,2011-04-01,F,Engineering
3049,Sam,Brown,40,Clerk,London,51292,2024-04-26,M,Operations
3050,John,Smith,34,Consultant,Singapore,107610,2021-09-14,F,Consulting
3051,John,Garcia,46,Lead,Toronto,102675,2024-07-26,F,Leadership
3052,Lisa,Wilson,30,Engineer,Delhi,95402,2024-02-28,F,Engineering
3053,John,Johnson,53,Consultant,Paris,115166,2001-08-02,F,Consulting
3054,Paul,Wilson,19,Consultant,Paris,86151,2013-07-11,M,Consulting
3055,Lisa,Wilson,38,Manager,Berlin,57155,2019-12-12,F,Management
3056,Lisa,Taylor,41,Developer,Berlin,106684,2010-04-15,M,Engineering
3057,Paul,Williams,38,Designer,Delhi,72093,2005-07-03,F,Design
3058,Sara,Jones,31,Manager,Berlin,92706,2014-12-14,F,Management
3059,Sara,Williams,35,Intern,Dubai,69349,2019-07-14,F,Training
3060,Lisa,Smith,23,Engineer,Toronto,108763,2006-12-11,F,Engineering
3061,Jane,,53,Consultant,Delhi,31354,2017-08-04,F,Consulting
3062,Mike,Smith,60,Engineer,Dubai,72652,2000-09-03,F,Engineering
3063,Alex,Taylor,28,Consultant,London,34043,2015-07-09,F,Consulting
3064,Sara,Davis,43,Analyst,Singapore,37961,2021-06-28,M,Analytics
3065,Sara,Davis,24,Developer,Dubai,64725,2013-12-01,M,Engineering
3066,Mike,Davis,58,Engineer,Delhi,67631,2014-07-10,M,Engineering
3067,Tom,Brown,19,Designer,London,68780,2004-11-30,F,Design
3068,Paul,Taylor,49,Lead,Singapore,60431,2002-03-28,F,Leadership
3069,Lisa,Johnson,32,Manager,Singapore,59535,2007-12-23,M,Management
3070,John,Davis,44,Lead,London,88354,2005-03-06,M,Leadership
3071,Mike,Smith,49,Intern,Berlin,25426,2008-05-07,M,Training
3072,Sam,Brown,27,Intern,Sydney,72283,2022-01-31,F,Training
3073,Jane,Jones,39,Manager,Berlin,27035,2012-03-10,F,Management
3074,Paul,Brown,42,Manager,Tokyo,27043,2009-02-06,M,Management
3075,Tom,Smith,35,Designer,Paris,28057,2021-02-06,M,Design
3076,Sam,Taylor,21,Designer,Toronto,48574,2004-05-31,M,Design
3077,Mike,Davis,22,Architect,Paris,78755,2019-10-07,M,Architecture
3078,Lisa,Wilson,50,Lead,London,75366,2001-06-19,F,Leadership
3079,Jane,Davis,40,Manager,Tokyo,50525,2000-02-29,F,Management
3080,Tom,Miller,19,Engineer,Tokyo,59460,2024-09-29,F,Engineering
3081,Alex,Miller,37,Clerk,Sydney,65770,2016-03-01,F,Operations
3082,Alex,Williams,29,Manager,New York,35974,2006-05-10,F,Management
3083,Mike,Davis,36,Analyst,Singapore,75702,2019-04-12,F,Analytics
3084,Emma,Garcia,34,Intern,Berlin,26584,2009-07-02,F,Training
3085,Emma,Williams,40,Analyst,Tokyo,49692,2014-05-28,M,Analytics
3086,Paul,Wilson,53,Architect,Paris,33860,2013-06-25,M,Architecture
3087,Mike,Taylor,46,Manager,Toronto,40174,2007-03-20,M,Management
3088,Jane,Garcia,28,Architect,Tokyo,27716,2021-02-25,F,Architecture
3089,Emma,Jones,31,Designer,Delhi,62892,2021-10-26,F,Design
3090,John,Taylor,46,Intern,Sydney,50702,2015-11-07,M,Training
3091,Mike,Jones,19,Engineer,Sydney,117256,2002-12-23,M,Engineering
3092,Sara,Davis,27,Engineer,New York,101633,2013-06-30,M,Engineering
3093,Tom,Jones,18,Architect,Singapore,113787,2012-03-01,M,Architecture
3094,Tom,Jones,57,Clerk,London,84318,2004-03-18,F,Operations
3095,Mike,Brown,38,Developer,Sydney,106931,2003-08-27,F,Engineering
3096,Sara,Smith,21,Lead,Tokyo,85018,2024-08-10,M,Leadership
3097,Paul,Brown,19,Engineer,Delhi,27628,2010-09-02,M,Engineering
3098,Sara,Jones,42,Analyst,New York,90665,2021-05-13,M,Analytics
3099,Lisa,Jones,49,Engineer,Berlin,42100,2012-12-16,F,Engineering
3100,Alex,Smith,43,Intern,Delhi,69542,2019-05-29,M,Training
3101,Sara,Wilson,52,Manager,Sydney,34280,2004-07-11,F,Management
3102,Jane,Miller,58,Clerk,Dubai,39714,2011-04-20,F,Operations
3103,Tom,Taylor,48,Consultant,Tokyo,85574,2004-05-29,M,Consulting
3104,John,Jones,52,Manager,Tokyo,101540,2012-06-28,F,Management
3105,Jane,Wilson,45,Clerk,New York,94252,2001-05-08,M,Operations
3106,Sam,Miller,28,Analyst,Singapore,76338,2004-01-19,M,Analytics
3107,Sara,,41,Lead,Tokyo,100024,2003-11-06,F,Leadership
3108,Lisa,Davis,36,Designer,Paris,101887,2024-04-10,F,Design
3109,Alex,Garcia,50,Architect,New York,39163,2017-04-02,M,Architecture
3110,Jane,Miller,34,Designer,Toronto,90123,2000-08-02,F,Design
3111,John,Brown,31,Engineer,Delhi,28726,2014-07-11,M,Engineering
3112,Lisa,Garcia,27,Consultant,Paris,88903,2009-08-24,F,Consulting
3113,Sam,Miller,57,Intern,Berlin,58551,2006-05-27,F,Training
3114,Emma,Taylor,46,Analyst,Sydney,106051,2013-07-02,F,Analytics
3115,Alex,Williams,50,Intern,Paris,118560,2013-04-12,F,Training
3116,Alex,Brown,20,Manager,New York,106799,2006-05-10,F,Management
3117,Tom,Jones,30,Lead,Berlin,67969,2019-01-25,M,Leadership
3118,Emma,Wilson,27,Analyst,New York,40995,2002-05-17,F,Analytics
3119,Paul,Miller,60,Engineer,London,99634,2004-05-01,F,Engineering
3120,Emma,Wilson,22,Lead,Berlin,62934,2022-02-01,M,Leadership
3121,Tom,Taylor,33,Manager,Singapore,72335,2004-04-02,M,Management
3122,Emma,Wilson,23,Intern,New York,70230,2000-06-25,F,Training
3123,Jane,Jones,25,Designer,Singapore,80346,2012-11-04,F,Design
3124,John,Davis,50,Clerk,Delhi,57893,2008-11-14,M,Operations
3125,Emma,Williams,34,Consultant,Tokyo,89375,2024-08-13,F,Consulting
3126,Mike,Davis,,Lead,Tokyo,97316,2013-06-25,F,Leadership
3127,Mike,Miller,42,Intern,Tokyo,94636,2003-05-21,F,Training
3128,Sara,Johnson,34,Analyst,Sydney,109457,2021-10-19,M,Analytics
3129,Paul,Taylor,51,Intern,Dubai,65293,2018-11-30,M,Training,extra_field
3130,Paul,Johnson,36,Analyst,Berlin,73733,2024-03-08,F,Analytics
3131,Emma,Davis,24,Intern,Delhi,67022,2024-06-04,F,Training
3132,Sam,Davis,56,Developer,New York,25046,2009-12-27,M,Engineering
3133,Mike,Brown,28,Lead,Paris,41394,2007-12-11,F,Leadership
3134,Tom,Jones,22,Engineer,New York,96348,2001-09-24,F,Engineering
3135,Emma,Smith,35,Engineer,Toronto,74923,2023-06-15,F,Engineering
3136,John,Wilson,25,Clerk,Dubai,110973,2012-05-23,M,Operations
3137,John,Wilson,60,Developer,Sydney,27096,2012-11-23,M,Engineering
3138,Jane,Johnson,58,Engineer,Dubai,100636,2012-04-16,M,Engineering
3139,Paul,Johnson,43,Engineer,Dubai,111887,2011-04-23,M,Engineering
3140,Alex,Garcia,22,Architect,Delhi,114712,2003-09-15,F,Architecture
3141,Emma,Smith,54,Developer,Delhi,51086,2008-01-06,M,Engineering
3142,Jane,Wilson,51,Developer,Toronto,117080,2008-11-04,M,Engineering
3143,Alex,Wilson,53,Clerk,Dubai,116385,2001-01-02,M,Operations
3144,Sam,Taylor,44,Engineer,Delhi,31294,2008-01-26,M,Engineering
3145,John,Jones,53,Manager,Toronto,68657,2000-08-07,M,Management
3146,Alex,Taylor,20,Intern,Toronto,31895,2011-08-08,F,Training
3147,John,Davis,23,Manager,Paris,107726,2011-05-22,F,Management
3148,Jane,Williams,23,Intern,London,25671,2009-02-05,M,Training
3149,Tom,Garcia,26,Designer,Singapore,31537,2003-08-07,F,Design
3150,Mike,Garcia,40,Intern,Singapore,26532,2010-04-11,F,Training
3151,Emma,Miller,55,Intern,Toronto,35610,2021-10-24,M,Training
3152,Paul,Davis,34,Architect,Paris,97653,2004-02-19,M,Architecture
3153,Jane,Smith,54,Intern,London,83698,2009-01-02,M,Training
3154,Emma,Miller,18,Developer,Delhi,46606,2023-10-06,F,Engineering
3155,Paul,Smith,57,Analyst,Delhi,95016,2021-03-08,M,Analytics
3156,Emma,Smith,36,Engineer,Dubai,80350,2009-11-26,F,Engineering
3157,Mike,Williams,57,Developer,London,53322,2024-10-03,F,Engineering
3158,John,Johnson,39,Developer,Berlin,31226,2006-03-01,M,Engineering
3159,Emma,Garcia,24,Designer,Berlin,92850,2002-10-17,F,Design
3160,Sara,Williams,39,Consultant,Sydney,70574,2018-08-26,F,Consulting
3161,Sam,Johnson,41,Developer,Berlin,78558,2021-12-19,M,Engineering
3162,Tom,Garcia,24,Developer,Paris,107188,2009-01-13,F,Engineering
3163,John,Davis,54,Manager,Berlin,43732,2013-12-22,M,Management
3164,John,Williams,46,Intern,Sydney,35254,2014-05-26,M,Training
3165,Sam,Smith,58,Manager,Berlin,98651,2024-06-19,F,Management
3166,Paul,Taylor,32,Designer,Sydney,97580,2017-10-02,M,Design
3167,Sara,Davis,31,Intern,New York,91500,2005-05-02,F,Training
3168,Mike,Davis,57,Engineer,New York,69044,2004-05-11,M,Engineering
3169,John,Wilson,42,Lead,Singapore,108823,2003-01-06,F,Leadership
3170,Tom,Wilson,26,Developer,Dubai,119476,2002-09-07,F,Engineering
3171,Paul,Jones,54,Designer,Paris,119404,2007-09-20,F,Design
3172,Tom,Wilson,57,Analyst,Singapore,78552,2022-05-26,F,Analytics
3173,Jane,Johnson,57,Architect,Paris,116638,2019-04-19,M,Architecture
3174,Mike,Miller,24,Consultant,Toronto,83413,2007-07-03,F,Consulting
3175,John,Garcia,56,Consultant,Singapore,96501,2013-09-24,M,Consulting
3176,John,Jones,43,Consultant,Toronto,115034,2010-03-27,M,Consulting
3177,Alex,Smith,36,Manager,Paris,103449,2005-11-08,M,Management
3178,Alex,Jones,41,Clerk,Delhi,109643,2002-08-17,M,Operations
3179,John,Garcia,54,Architect,London,53529,2023-10-28,M,Architecture
3180,Alex,Garcia,46,Developer,Tokyo,108232,2022-08-14,M,Engineering
3181,Mike,Garcia,57,Designer,Dubai,118011,2010-12-20,M,Design
3182,Sara,Brown,51,Analyst,Tokyo,55951,2015-05-13,M,Analytics
3183,Mike,Wilson,35,Consultant,Delhi,82726,2007-10-25,M,Consulting
3184,Paul,Davis,52,Lead,Dubai,42272,2007-12-24,M,Leadership
3185,Emma,Johnson,20,Lead,Toronto,29725,2005-09-25,F,Leadership
3186,Mike,Garcia,35,Lead,Dubai,72892,2024-06-18,M,Leadership
3187,Emma,Miller,40,Manager,Tokyo,45906,2006-08-13,F,Management
3188,Mike,Johnson,31,Designer,Singapore,84528,2011-01-16,F,Design
3189,Paul,Garcia,18,Developer,Toronto,72998,2004-08-18,M,Engineering
3190,Lisa,Taylor,49,Clerk,Berlin,74196,2010-04-16,M,Operations
3191,Sam,Williams,23,Lead,Berlin,99211,2009-02-06,M,Leadership
3192,Emma,Brown,44,Designer,Berlin,40739,2021-01-17,M,Design
3193,Emma,Garcia,53,Architect,Singapore,86264,2017-04-17,F,Architecture
3194,John,Williams,28,Manager,Sydney,45988,2018-01-12,M,Management
3195,Jane,Wilson,40,Designer,Toronto,40537,2006-06-01,M,Design
3196,Sara,Smith,18,Consultant,Dubai,35556,2010-09-06,F,Consulting
3197,Tom,Taylor,58,Architect,Delhi,60044,2015-03-16,F,Architecture
3198,Mike,Smith,37,Manager,Paris,103165,2022-03-15,M,Management
3199,Alex,Jones,22,Architect,Toronto,63747,2016-09-30,F,Architecture
3200,Sam,Brown,30,Architect,Sydney,101394,2022-05-03,F,Architecture
3201,Sam,Brown,31,Lead,Tokyo,33180,2010-10-19,M,Leadership
3202,Sam,Williams,18,Architect,Singapore,50457,2005-04-06,M,Architecture
3203,Tom,Brown,59,Developer,Sydney,40414,2003-04-05,M,Engineering
3204,John,Williams,21,Developer,Dubai,70449,2012-10-21,M,Engineering
3205,Jane,Johnson,18,Designer,Sydney,65927,2019-04-04,M,Design
3206,Paul,Wilson,55,Consultant,Berlin,111361,2007-07-03,F,Consulting
3207,Sam,Jones,40,Designer,New York,90785,2002-05-15,M,Design
3208,Alex,Johnson,48,Architect,Dubai,83430,2016-08-14,F,Architecture
3209,Sam,Williams,55,Clerk,New York,114561,2003-08-23,F,Operations
3210,Alex,Wilson,39,Designer,Toronto,112620,2013-06-13,M,Design
3211,Alex,Smith,53,Designer,Singapore,54814,2017-11-10,F,Design
3212,John,Williams,51,Engineer,New York,72458,2010-02-27,M,Engineering
3213,Lisa,Miller,41,Clerk,Delhi,73299,2002-03-09,F,Operations
3214,Mike,Miller,56,Architect,Dubai,45373,2002-10-12,M,Architecture
3215,Emma,Williams,28,Manager,Paris,83293,2015-10-06,F,Management
3216,Mike,Smith,51,Architect,New York,79689,2024-06-05,M,Architecture
3217,Jane,Wilson,44,Lead,London,109741,2001-06-23,F,Leadership
3218,Mike,Davis,58,Manager,Delhi,107166,2006-10-13,F,Management
3219,Alex,Wilson,48,Manager,Sydney,109632,2000-04-30,F,Management
3220,John,Jones,57,Consultant,Tokyo,119845,2010-04-07,M,Consulting
3221,John,Miller,30,Engineer,Toronto,94999,2002-03-06,M,Engineering
3222,Alex,Davis,53,Designer,Sydney,86203,2004-02-25,F,Design
3223,Alex,Davis,51,Designer,Paris,93708,2006-10-31
3224,Sara,Smith,20,Intern,Paris,91205,2007-08-18,M,Training
3225,Paul,Smith,38,Engineer,Toronto,29428,2003-04-13,M,Engineering
3226,Paul,Taylor,24,Clerk,Delhi,42573,2021-08-12,F,Operations
3227,Sam,Johnson,55,Analyst,Toronto,89064,2000-03-20,F,Analytics
3228,John,Williams,34,Lead,Paris,63875,2004-03-15,M,Leadership
3229,Mike,Jones,33,Engineer,Paris,64426,2005-08-18,F,Engineering
3230,Tom,Brown,24,Analyst,Berlin,107781,2015-10-07,F,Analytics
3231,Jane,Smith,34,Analyst,Delhi,117808,2016-07-23,F,Analytics
3232,Tom,Brown,28,Architect,Tokyo,69163,2014-12-16,F,Architecture
3233,Tom,Miller,19,Developer,New York,111412,2000-05-29,F,Engineering
3234,John,Garcia,31,Manager,Toronto,119376,2017-12-24,M,Management
3235,Sara,Johnson,39,Consultant,Delhi,113642,2014-05-23,M,Consulting
3236,Paul,Wilson,50,Designer,Sydney,50718,2005-08-01,M,Design
3237,Sam,Johnson,24,Consultant,Berlin,107242,2010-06-04,M,Consulting
3238,Jane,Davis,36,Consultant,Delhi,117936,2008-09-04,M,Consulting
3239,Alex,Miller,47,Developer,Tokyo,58861,2024-08-28,F,Engineering
3240,Tom,Jones,60,Manager,Tokyo,34981,2005-12-08,M,Management
3241,Emma,Wilson,20,Developer,London,116918,2019-05-20,F,Engineering
3242,John,Garcia,60,Engineer,Singapore,103860,2008-02-21,M,Engineering
3243,Alex,Taylor,56,Manager,London,118716,2009-10-30,F,Management
3244,Sam,Williams,32,Manager,Singapore,82987,2022-09-18,M,Management
3245,Jane,Wilson,39,Developer,Sydney,41189,2016-08-08,M,Engineering
3246,Mike,Williams,28,Lead,Singapore,42347,2017-02-22,F,Leadership
3247,Jane,Williams,23,Developer,Paris,68504,2003-10-27,F,Engineering
3248,Lisa,Davis,21,Developer,Toronto,100392,2014-08-10,M,Engineering
3249,Jane,Miller,49,Developer,Delhi,40483,2015-10-22,M,Engineering
3250,Lisa,Jones,57,Consultant,Sydney,36503,2015-06-14,M,Consulting
3251,Sara,Johnson,32,Intern,Dubai,66726,2007-10-24,F,Training
3252,Sara,Jones,41,Designer,Sydney,116428,2001-10-06,M,Design
3253,Paul,Taylor,44,Consultant,Paris,73938,2021-09-01,M,Consulting
3254,Paul,Brown,19,Consultant,Berlin,46356,2008-07-19,F,Consulting
3255,Alex,Smith,37,Consultant,Singapore,77133,2014-01-20,F,Consulting
3256,Alex,Williams,42,Developer,Singapore,117160,2005-06-08,M,Engineering
3257,John,Brown,29,Clerk,Tokyo,56321,2018-06-28,F,Operations
3258,Mike,Jones,38,Analyst,Paris,100027,2021-12-27,M,Analytics
3259,Paul,Wilson,54,Analyst,New York,95545,2019-07-03,M,Analytics
3260,Lisa,Taylor,19,Engineer,Toronto,49481,2005-06-21,M,Engineering
3261,Sam,Garcia,46,Analyst,London,76642,2023-04-24,M,Analytics
3262,Sara,Taylor,59,Lead,Tokyo,37055,2018-06-17,F,Leadership
3263,Sara,Garcia,35,Clerk,Sydney,33483,2013-08-08,F,Operations
3264,Tom,Wilson,42,Engineer,London,115179,2021-03-04,M,Engineering
3265,Sam,Jones,52,Manager,Paris,42005,2001-06-10,F,Management
3266,Lisa,Wilson,48,Manager,Delhi,119561,2015-09-11,M,Management
3267,Mike,Johnson,56,Developer,Sydney,30928,2017-12-08,M,Engineering
3268,Emma,Taylor,27,Clerk,Sydney,45624,2011-11-04,F,Operations
3269,Lisa,Miller,34,Developer,Paris,105903,2000-10-02,F,Engineering
3270,Sam,Garcia,36,Lead,Berlin,67792,2005-02-04,M,Leadership
3271,Alex,Smith,30,Engineer,Sydney,82423,2019-12-04,M,Engineering
3272,Lisa,Smith,40,Architect,London,92437,2002-04-24,F,Architecture
3273,John,Wilson,48,Intern,Sydney,26214,2005-05-17,M,Training
3274,Sam,Wilson,47,Consultant,London,98530,2004-08-15,M,Consulting
3275,Sam,Smith,38,Architect,New York,69608,2001-10-23,F,Architecture
3276,Mike,Williams,59,Intern,Tokyo,77580,2003-12-06,M,Training
3277,Sara,Davis,27,Lead,Tokyo,75409,2022-11-12,F,Leadership
3278,Jane,Johnson,53,Clerk,Berlin,28796,2020-06-18,M,Operations
3279,John,Smith,50,Intern,Dubai,54626,2008-02-03,M,Training
3280,Emma,Jones,35,Clerk,New York,35755,2002-12-13,F,Operations
3281,John,Wilson,31,Manager,Berlin,66511,2024-09-21,M,Management
3282,Tom,Garcia,23,Engineer,New York,107755,2021-07-26,M,Engineering
3283,Sam,Garcia,54,Developer,Berlin,112814,2013-06-12,M,Engineering
3284,John,Taylor,60,Lead,Sydney,74084,2024-04-26,F,Leadership
3285,Mike,Garcia,27,Manager,Delhi,81230,2019-06-04,M,Management
3286,John,Wilson,46,Architect,Tokyo,104531,2017-12-01,F,Architecture
3287,Mike,Garcia,22,Designer,Berlin,106203,2016-03-21,F,Design
3288,Sam,Brown,34,Analyst,Sydney,30583,2018-01-30,F,Analytics
3289,Alex,Brown,27,Architect,Paris,113504,2013-05-21,F,Architecture
3290,Sam,Smith,25,Consultant,Paris,81137,2009-01-09,M,Consulting
3291,Paul,Garcia,50,Developer,Dubai,110421,2016-01-05,M,Engineering
3292,Tom,Smith,50,Intern,Toronto,75811,2007-06-11,F,Training
3293,Alex,Jones,47,Engineer,Tokyo,110664,2011-05-02,M,Engineering
3294,Lisa,Davis,58,Consultant,New York,111485,2022-03-02,F,Consulting
3295,Alex,Williams,32,Engineer,Sydney,88853,2004-07-22,M,Engineering
3296,John,Garcia,51,Consultant,Berlin,61985,2018-05-06,M,Consulting
3297,Emma,Garcia,48,Developer,Toronto,112222,2000-04-28,F,Engineering
3298,Sam,Wilson,19,Designer,Toronto,77575,2003-12-17,F,Design
3299,Paul,Williams,31,Lead,Dubai,44728,2005-03-25,M,Leadership
3300,Alex,Taylor,42,Designer,Delhi,82736,2022-07-21,M,Design
3301,Sam,Garcia,35,Lead,Dubai,31721,2010-02-09,M,Leadership
3302,Sara,Davis,25,Lead,Toronto,102946,2000-06-26,F,Leadership
3303,Sara,Taylor,53,Consultant,Dubai,36959,2006-07-25,M,Consulting
3304,Tom,Williams,36,Developer,New York,80008,2019-08-21,M,Engineering
3305,Alex,Johnson,52,Designer,Delhi,48431,2012-11-20,F,Design
3306,Lisa,Jones,34,Clerk,New York,108435,2001-03-16,F,Operations
3307,Paul,Garcia,19,Architect,Delhi,71926,2014-03-04,M,Architecture
3308,Tom,Jones,49,Consultant,Singapore,59068,2016-12-01,F,Consulting
3309,Tom,Johnson,40,Consultant,New York,110438,2000-10-08,F,Consulting
3310,John,Johnson,56,Engineer,London,48295,2015-10-17,F,Engineering
3311,John,Garcia,19,Analyst,Delhi,103596,2020-09-21,F,Analytics
3312,Lisa,Miller,50,Analyst,New York,56234,2015-06-22,F,Analytics
3313,John,Wilson,41,Designer,Toronto,29317,2000-01-13,M,Design
3314,Tom,Jones,46,Designer,New York,85786,2008-09-01,M,Design
3315,John,Garcia,42,Architect,Berlin,40487,2002-08-22,F,Architecture
3316,John,Miller,30,Intern,London,51771,2000-10-10,M,Training
3317,Alex,Johnson,27,Architect,Berlin,67587,2002-06-09,F,Architecture
3318,Jane,Taylor,36,Intern,London,35720,2004-08-29,F,Training
3319,Mike,Wilson,23,Intern,Berlin,42358,2016-11-10,F,Training
3320,Emma,Jones,20,Designer,Delhi,87078,2004-07-01,M,Design
3321,Sam,Taylor,23,Manager,Dubai,87784,2009-01-07,M,Management
3322,Alex,Jones,54,Lead,Singapore,52178,2008-01-12,M,Leadership
3323,Paul,Jones,36,Architect,Toronto,114511,2016-07-16,M,Architecture
3324,Sam,Williams,30,Architect,Paris,29246,2024-12-19,F,Architecture
3325,Emma,Brown,18,Lead,London,87346,2018-04-25,M,Leadership
3326,Sam,Miller,38,Engineer,Berlin,40948,2001-03-12,F,Engineering
3327,Sam,Wilson,21,Analyst,Delhi,76089,2023-01-08,M,Analytics
3328,Lisa,Brown,48,Clerk,New York,107848,2021-01-04,M,Operations
3329,Mike,Smith,55,Clerk,London,46693,2016-10-26,M,Operations
3330,Paul,Brown,45,Lead,Delhi,60039,2010-08-02,M,Leadership
3331,Jane,Johnson,35,Architect,Tokyo,90441,2015-12-30,M,Architecture
3332,Sam,Garcia,18,Engineer,Singapore,42464,2014-01-01,F,Engineering
3333,John,Jones,18,Lead,Paris,49455,2005-07-06,F,Leadership
3334,Emma,Jones,49,Manager,London,48173,2006-05-09,F,Management
3335,Emma,Smith,52,Engineer,London,51593,2017-07-15,F,Engineering
3336,John,Williams,35,Architect,New York,97826,2004-05-27,M,Architecture
3337,Lisa,Miller,23,Developer,Berlin,104595,2014-10-02,M,Engineering
3338,Alex,Garcia,20,Lead,Berlin,110989,2024-02-25,M,Leadership
3339,Emma,Garcia,21,Engineer,Paris,65257,2021-07-26,M,Engineering
3340,Tom,Brown,50,Developer,New York,32832,2005-07-11,F,Engineering
3341,Sara,Smith,23,Manager,Paris,104916,2008-03-27,M,Management
3342,Paul,Miller,43,Architect,Toronto,85146,2016-01-06,F,Architecture
3343,Sam,Brown,36,Manager,Delhi,41896,2021-11-04,F,Management
3344,John,Taylor,46,Lead,Toronto,89362,2001-02-14,M,Leadership
3345,Jane,Garcia,59,Designer,Singapore,33270,2013-02-10,F,Design
3346,Lisa,Wilson,33,Manager,Tokyo,94595,2019-02-09,M,Management
3347,Sam,Davis,34,Engineer,Tokyo,31532,2000-06-03,F,Engineering
3348,Sara,Taylor,39,Consultant,Singapore,102823,2015-09-30,M,Consulting
3349,Mike,Garcia,49,Clerk,Tokyo,97251,2007-07-07,M,Operations
3350,Mike,Smith,28,Analyst,Sydney,98847,2007-12-14,M,Analytics
3351,Mike,Taylor,39,Intern,London,71055,2015-09-07,M,Training
3352,Sam,Davis,56,Architect,Berlin,32276,2015-06-24,F,Architecture
3353,Jane,Smith,31,Architect,London,107237,2002-05-09,M,Architecture
3354,Emma,Brown,25,Manager,New York,59030,2012-06-09,F,Management
3355,Jane,Williams,43,Developer,Toronto,28440,2009-02-16,F,Engineering
3356,Mike,Smith,58,Analyst,Paris,114536,2022-10-26,M,Analytics
3357,Tom,Brown,47,Clerk,Paris,75342,2007-02-15,M,Operations
3358,Mike,Smith,27,Developer,Dubai,31633,2000-02-09,M,Engineering
3359,Alex,Williams,27,Consultant,London,57121,2019-05-30,M,Consulting
3360,John,Jones,42,Engineer,Tokyo,96215,2016-03-07,M,Engineering
3361,Jane,Williams,41,Consultant,Toronto,114180,2016-05-09,F,Consulting
3362,Emma,Garcia,53,Engineer,New York,79048,2023-08-21,F,Engineering
3363,Emma,Wilson,60,Clerk,New York,48952,2024-08-22,F,Operations
3364,Jane,Garcia,58,Analyst,New York,78754,2002-10-28,F,Analytics
3365,Sam,Williams,57,Intern,Dubai,93345,2017-07-04,F,Training
3366,Sam,Taylor,37,Clerk,Berlin,74530,2018-07-17,F,Operations
3367,Jane,Davis,51,Intern,Singapore,33657,2008-11-22,M,Training
3368,John,Jones,35,Clerk,Toronto,30585,2006-06-13,M,Operations
3369,Sam,Miller,54,Intern,Berlin,84492,2005-11-13,M,Training
3370,Paul,Miller,43,Consultant,Dubai,60239,2024-12-02,F,Consulting
3371,Sara,Smith,41,Clerk,Dubai,109472,2015-08-22,F,Operations
3372,Sara,Smith,31,Architect,Dubai,82449,2020-01-07,M,Architecture
3373,Sara,Davis,56,Manager,Singapore,49224,2016-03-12,M,Management
3374,Paul,Jones,56,Lead,London,57084,2002-08-31,M,Leadership
3375,Alex,Garcia,48,Lead,London,86197,2016-05-23,F,Leadership
3376,Lisa,Smith,36,Consultant,Dubai,67940,2020-05-22,M,Consulting
3377,Emma,Brown,51,Manager,Toronto,106602,2021-01-05,M,Management
3378,Mike,Davis,43,Clerk,Toronto,108963,2022-06-06,F,Operations
3379,Mike,Wilson,42,Engineer,Paris,48417,2008-11-18,F,Engineering
3380,Lisa,Williams,59,Consultant,Paris,46557,2015-01-18,M,Consulting
3381,Lisa,Miller,54,Designer,Tokyo,88450,2021-12-10,M,Design
3382,Jane,Davis,54,Clerk,New York,74897,2023-03-02,M,Operations
3383,Sara,Garcia,33,Intern,Toronto,104431,2004-06-08,F,Training
3384,Emma,Williams,40,Engineer,New York,49313,2011-01-23,M,Engineering
3385,Paul,Wilson,53,Manager,New York,104823,2010-12-04,F,Management
3386,Paul,Miller,18,Designer,Tokyo,43628,2000-08-06,F,Design
3387,Sara,Wilson,57,Manager,Singapore,74006,2023-03-09,F,Management
3388,Alex,Wilson,49,Designer,Sydney,35713,2008-02-09,M,Design
3389,Sara,Davis,49,Clerk,Tokyo,93626,2023-12-04,F,Operations
3390,Paul,Davis,57,Manager,London,85606,2010-03-23,F,Management
3391,Paul,Taylor,39,Analyst,London,60790,2009-05-06,F,Analytics
3392,Alex,Wilson,49,Manager,Toronto,97130,2017-10-18,M,Management
3393,John,Miller,59,Consultant,Dubai,81073,2006-10-14,F,Consulting
3394,Mike,Miller,45,Clerk,Berlin,116533,2005-01-27,F,Operations
3395,Emma,Garcia,54,Consultant,Delhi,101380,2003-05-27,F,Consulting
3396,Lisa,Wilson,57,Developer,Tokyo,36982,2024-03-16,M,Engineering
3397,Paul,Smith,35,Designer,Dubai,86835,2006-01-16,M,Design
3398,Alex,Wilson,26,Manager,Tokyo,76683,2007-11-06,M,Management
3399,Sam,Garcia,55,Clerk,Singapore,61096,2006-06-12,M,Operations
3400,Emma,Brown,24,Architect,Delhi,81077,2004-04-21,M,Architecture
3401,Tom,Brown,46,Architect,Berlin,80190,2004-12-14,M,Architecture
3402,Lisa,Taylor,19,Intern,Toronto,95195,2013-05-20,M,Training
3403,Tom,Wilson,37,Developer,Tokyo,32045,2001-02-26,F,Engineering
3404,John,Brown,57,Analyst,Berlin,116753,2000-12-28,M,Analytics
3405,Sara,Brown,35,Engineer,Dubai,97569,2015-07-22,F,Engineering
3406,Sam,Smith,20,Lead,Tokyo,109080,2024-10-08,M,Leadership
3407,Lisa,Jones,38,Developer,London,72390,2000-08-05,M,Engineering
3408,Paul,Davis,20,Lead,Toronto,42114,2004-08-30,F,Leadership
3409,Emma,Jones,25,Analyst,Paris,27667,2008-01-18,M,Analytics
3410,Alex,Davis,33,Analyst,Delhi,28752,2021-12-10,F,Analytics
3411,Mike,Garcia,32,Architect,Singapore,73581,2012-06-04,F,Architecture
3412,Jane,Brown,38,Developer,London,89279,2018-09-17,M,Engineering
3413,John,Garcia,53,Designer,Berlin,39716,2000-12-18,M,Design
3414,Tom,Garcia,54,Analyst,Delhi,71945,2024-09-07,M,Analytics
3415,Jane,Taylor,28,Engineer,Singapore,118379,2019-07-04,M,Engineering
3416,Tom,Williams,55,Analyst,Singapore,89830,2024-10-24,M,Analytics
3417,Mike,Smith,60,Analyst,Delhi,86438,2016-12-17,M,Analytics
3418,Sam,Miller,25,Developer,Sydney,68222,2019-10-10,F,Engineering
3419,Mike,Taylor,54,Engineer,Toronto,50750,2004-08-12,M,Engineering
3420,Jane,Wilson,22,Consultant,Sydney,31903,2020-12-23,M,Consulting
3421,Alex,Smith,58,Lead,Tokyo,57966,2012-09-22,M,Leadership
3422,John,Brown,27,Lead,Toronto,43667,2016-02-19,M,Leadership
3423,Sam,Garcia,45,Lead,Berlin,87968,2011-06-26,M,Leadership
3424,John,Brown,36,Intern,Dubai,47363,2012-12-13,M,Training
3425,Sam,Davis,30,Intern,Tokyo,31431,2003-01-31,F,Training
3426,Tom,Davis,44,Clerk,New York,108623,2005-08-20,M,Operations
3427,Lisa,Garcia,41,Consultant,Paris,33830,2022-01-15,F,Consulting
3428,Jane,Smith,59,Intern,Singapore,26431,2012-07-12,F,Training
3429,Alex,Miller,32,Consultant,Sydney,115331,2021-04-23,M,Consulting
3430,Emma,Williams,50,Engineer,Sydney,83376,2017-09-24,M,Engineering
3431,Lisa,Wilson,33,Developer,Tokyo,27354,2004-03-15,M,Engineering
3432,Mike,Garcia,59,Clerk,New York,29578,2008-09-17,F,Operations
3433,Sam,Brown,31,Developer,Paris,98645,2022-07-29,F,Engineering
3434,Emma,Wilson,53,Consultant,London,80023,2008-05-05,F,Consulting
3435,Sam,Johnson,20,Lead,Toronto,90526,2006-10-13,F,Leadership
3436,Tom,Jones,26,Clerk,Berlin,106069,2002-09-28,M,Operations
3437,Tom,Taylor,46,Intern,New York,68908,2022-06-14,F,Training
3438,Emma,Davis,19,Architect,Dubai,101805,2024-05-02,M,Architecture
3439,Lisa,Garcia,43,Clerk,Dubai,31137,2023-06-18,M,Operations
3440,John,Garcia,50,Designer,Toronto,74009,2017-11-12,M,Design
3441,Mike,Williams,56,Developer,Singapore,96509,2024-04-11,F,Engineering
3442,Mike,Brown,54,Manager,Berlin,62913,2009-12-24,M,Management
3443,Mike,Miller,25,Developer,Dubai,52176,2019-11-29,F,Engineering
3444,Jane,Jones,57,Engineer,Toronto,90318,2008-10-14,F,Engineering
3445,Mike,Taylor,26,Analyst,New York,51705,2006-03-26,F,Analytics
3446,Alex,Brown,30,Consultant,Dubai,40413,2015-10-22,M,Consulting
3447,Paul,Garcia,50,Clerk,Paris,31704,2002-06-07,F,Operations
3448,Lisa,Williams,57,Clerk,Singapore,102702,2005-06-16,M,Operations
3449,Sara,Taylor,21,Analyst,New York,106159,2009-10-05,M,Analytics
3450,Jane,Miller,29,Analyst,Toronto,97601,2015-09-04,F,Analytics
3451,Lisa,Miller,35,Analyst,Paris,49193,2016-08-05,F,Analytics
3452,Emma,Davis,28,Manager,Singapore,110836,2002-04-26,M,Management
3453,Alex,Wilson,38,Consultant,Berlin,92946,2019-03-18,M,Consulting
3454,Mike,Miller,57,Clerk,Tokyo,31277,2023-01-11,M,Operations
3455,Paul,Jones,59,Manager,Tokyo,58134,2010-02-17,M,Management
3456,Alex,Smith,19,Lead,Delhi,92033,2018-09-22,F,Leadership
3457,Mike,Garcia,54,Clerk,Dubai,26347,2012-07-25,M,Operations
3458,Lisa,Jones,23,Architect,Berlin,60352,2005-07-12,M,Architecture
3459,Paul,Taylor,36,Lead,Paris,46116,2019-11-30,F,Leadership
3460,Lisa,Davis,29,Engineer,Singapore,115948,2015-08-31,F,Engineering
3461,Paul,Taylor,23,Consultant,Paris,78505,2023-08-05,F,Consulting
3462,Paul,Jones,38,Lead,Singapore,63751,2014-10-12,M,Leadership
3463,Jane,Johnson,28,Consultant,Toronto,54499,2001-07-13,M,Consulting
3464,Sara,Wilson,38,Consultant,Dubai,92693,2024-04-08,M,Consulting
3465,Paul,Davis,46,Consultant,Paris,40881,2018-11-15,M,Consulting
3466,Emma,Taylor,52,Designer,Toronto,64961,2011-05-15,M,Design
3467,John,Taylor,55,Clerk,Delhi,80693,2022-10-26,F,Operations
3468,Alex,Smith,38,Consultant,Sydney,39444,2002-12-20,F,Consulting
3469,Paul,Davis,44,Architect,Singapore,83406,2000-12-04,M,Architecture
3470,Lisa,Wilson,57,Engineer,Paris,96432,2021-03-03,F,Engineering
3471,Paul,Davis,41,Designer,Berlin,25008,2005-12-05,M,Design
3472,Mike,Garcia,49,Intern,Paris,35917,2010-06-09,F,Training
3473,Mike,Johnson,32,Manager,London,88724,2007-02-18,F,Management
3474,Tom,Wilson,35,Lead,Dubai,38324,2018-07-07,M,Leadership
3475,Sara,Brown,42,Manager,Berlin,77995,2003-03-17,M,Management
3476,Sam,Williams,38,Analyst,London,89413,2024-04-21,F,Analytics
3477,John,Jones,58,Analyst,Singapore,105552,2007-11-09,F,Analytics
3478,Alex,Wilson,51,Manager,Delhi,108122,2003-03-31,M,Management
3479,Paul,Miller,39,Developer,Toronto,56671,2009-06-16,F,Engineering
3480,Sam,Garcia,59,Analyst,Dubai,99979,2005-01-29,M,Analytics
3481,Sara,Brown,36,Designer,London,119650,2016-06-14,M,Design
3482,Mike,Taylor,59,Engineer,Sydney,73324,2014-09-09,F,Engineering
3483,Paul,Garcia,26,Manager,London,113332,2004-06-14,M,Management
3484,John,Taylor,21,Engineer,Berlin,58684,2022-02-04,M,Engineering
3485,Tom,Jones,29,Analyst,London,110108,2015-03-11,F,Analytics
3486,John,Miller,52,Lead,Toronto,115728,2005-02-26,M,Leadership
3487,Mike,Garcia,49,Clerk,Toronto,96145,2018-08-20,F,Operations
3488,John,Johnson,31,Architect,Berlin,27915,2009-12-04,F,Architecture
3489,Lisa,Garcia,37,Developer,London,89707,2017-11-07,M,Engineering
3490,Jane,Garcia,34,Manager,Tokyo,56749,2012-11-23,M,Management
3491,John,Wilson,55,Clerk,Delhi,80351,2017-03-19,F,Operations
3492,Lisa,Miller,39,Designer,Delhi,75775,2000-02-14,F,Design
3493,Emma,Smith,50,Architect,Paris,108118,2023-02-18,F,Architecture
3494,Lisa,Williams,47,Consultant,Toronto,42800,2001-09-01,M,Consulting
3495,Mike,Wilson,35,Clerk,Berlin,118450,2008-09-08,F,Operations
3496,John,Wilson,36,Clerk,Delhi,N/A,2019-04-12,F,Operations
3497,Sam,Miller,35,Lead,Delhi,38606,2007-02-22,M,Leadership
3498,Lisa,Johnson,45,Designer,Paris,98163,2015-04-02,F,Design
3499,Tom,Garcia,21,Consultant,Delhi,97262,2014-07-29,M,Consulting
3500,Alex,Miller,41,Clerk,Toronto,84937,2014-10-09,M,Operations
3501,Tom,Johnson,24,Clerk,Sydney,49917,2022-09-15,M,Operations
3502,Sara,Taylor,28,Manager,Toronto,73915,2000-04-14,M,Management
3503,Paul,Jones,34,Intern,Paris,59635,2000-05-20,M,Training
3504,Tom,Jones,43,Analyst,Sydney,31392,2004-10-19,F,Analytics
3505,Sara,Smith,34,Designer,Toronto,37756,2019-04-19,F,Design
3506,Sara,Miller,46,Engineer,New York,93804,2002-11-03,M,Engineering
3507,Sara,Williams,25,Clerk,Delhi,50961,2017-03-19,F,Operations
3508,Mike,Johnson,40,Analyst,Singapore,63217,2006-12-26,M,Analytics
3509,Sara,Jones,44,Analyst,London,54150,2006-11-14,F,Analytics
3510,Lisa,Taylor,43,Designer,Dubai,45601,2011-02-13,M,Design
3511,Emma,Johnson,36,Analyst,Toronto,90143,2017-01-23,F,Analytics
3512,Mike,Davis,55,Consultant,Singapore,85052,2021-02-27,F,Consulting
3513,Jane,Jones,34,Consultant,Dubai,106291,2005-04-09,M,Consulting
3514,Emma,Miller,29,Consultant,Delhi,65500,2011-09-05,F,Consulting
3515,Emma,Garcia,46,Developer,Paris,60802,2005-11-11,F,Engineering
3516,Sam,Smith,38,Clerk,Dubai,52031,2009-04-12,F,Operations
3517,Mike,Johnson,52,Developer,Tokyo,27051,2024-09-14,F,Engineering
3518,Jane,Taylor,54,Architect,New York,71329,2014-03-23,F,Architecture
3519,Jane,Williams,41,Lead,Dubai,51829,2012-04-05,F,Leadership
3520,Alex,Miller,38,Consultant,Tokyo,95740,2008-08-30,F,Consulting
3521,Sam,Wilson,52,Analyst,Toronto,106919,2004-03-28,F,Analytics
3522,Sara,Davis,18,Clerk,London,112920,2003-06-06,M,Operations
3523,John,Davis,34,Engineer,Delhi,60459,2002-05-16,F,Engineering
3524,Emma,Taylor,50,Manager,Berlin,96614,2003-08-20,M,Management
3525,Tom,Garcia,29,Engineer,London,119041,2005-12-15,M,Engineering
3526,Emma,Williams,30,Architect,Dubai,89849,2013-06-03,F,Architecture
3527,Jane,Davis,59,Manager,Tokyo,72337,2007-06-26,F,Management
3528,Tom,Davis,28,Designer,Singapore,28288,2001-07-06,F,Design
3529,Sam,Garcia,53,Manager,Sydney,41125,2004-03-02,F,Management
3530,Tom,Brown,45,Lead,Toronto,93897,2020-11-18,M,Leadership
3531,Emma,Taylor,45,Engineer,London,89374,2011-10-08,F,Engineering
3532,Mike,Garcia,46,Consultant,Singapore,102902,2023-05-20,M,Consulting
3533,Emma,Taylor,25,Developer,New York,114347,2002-06-26,F,Engineering
3534,John,Johnson,59,Analyst,Dubai,110077,2009-06-09,F,Analytics
3535,Sam,Wilson,28,Analyst,Sydney,91998,2017-11-14,F,Analytics
3536,Sam,Taylor,32,Engineer,London,103811,2010-08-28,F,Engineering
3537,Emma,Taylor,52,Intern,Toronto,110242,2013-12-27,F,Training
3538,Paul,Johnson,47,Clerk,Berlin,96471,2023-03-11,M,Operations
3539,Sara,Wilson,53,Intern,Sydney,93124,2006-09-10,M,Training
3540,Sara,Williams,47,Manager,London,42022,2010-11-15,F,Management
3541,Mike,Wilson,55,Intern,Delhi,108508,2012-01-21,M,Training
3542,Emma,Wilson,20,Consultant,Toronto,69715,2011-11-20,M,Consulting
3543,Paul,Williams,49,Consultant,New York,104528,2000-05-01,M,Consulting
3544,Paul,Williams,35,Designer,Delhi,69872,2012-10-16,F,
3545,Paul,Miller,29,Engineer,Toronto,116687,2014-05-06,M,Engineering
3546,Tom,Miller,48,Designer,Singapore,76833,2021-06-14,F,Design
3547,Paul,Brown,51,Manager,Delhi,63025,2002-03-09,M,Management
3548,Alex,Garcia,25,Architect,Toronto,36010,2013-10-13,M,Architecture,extra_field
3549,Lisa,Jones,59,Engineer,Toronto,47050,2010-09-15,F,Engineering
3550,Jane,Wilson,25,Intern,London,61085,2007-06-22,M,Training
3551,Emma,Davis,52,Lead,Sydney,100865,2007-06-29,M,Leadership
3552,Sara,Taylor,47,Lead,Delhi,101577,2005-02-11,M,Leadership
3553,Sara,Williams,31,Developer,Sydney,71650,2007-04-28,F,Engineering
3554,Alex,Brown,55,Designer,Sydney,72460,2013-07-07,M,Design
3555,Jane,Garcia,28,Consultant,London,32543,2024-04-01,F,Consulting
3556,Emma,Miller,57,Lead,New York,49576,2020-08-06,M,Leadership
3557,Emma,Davis,28,Engineer,Singapore,97545,2005-02-08,M,Engineering
3558,Alex,Davis,21,Engineer,Delhi,98873,2000-07-01,F,Engineering
3559,Emma,Brown,35,Analyst,Dubai,107176,2012-12-04,M,Analytics
3560,Tom,Johnson,37,Developer,Sydney,102820,2014-06-18,F,Engineering
3561,Tom,Taylor,50,Lead,Singapore,118339,2008-10-07,F,Leadership
3562,Emma,Wilson,33,Analyst,Sydney,37654,2008-10-13,M,Analytics
3563,John,Jones,32,Intern,Dubai,94361,2022-04-17,M,Training
3564,Emma,Smith,38,Architect,Delhi,90179,2010-10-11,F,Architecture
3565,Mike,Johnson,60,Consultant,Toronto,26171,2001-04-24,M,Consulting
3566,Emma,Johnson,30,Designer,Sydney,53480,2004-08-01,F,Design
3567,Mike,Miller,22,Manager,London,89275,2000-01-21,M,Management
3568,Sam,Jones,29,Lead,Singapore,90572,2020-08-30,M,Leadership
3569,Sam,Garcia,26,Architect,Paris,71562,2016-01-23,M,Architecture
3570,John,Williams,44,Architect,Singapore,56155,2000-06-16,M,Architecture
3571,Tom,Smith,29,Analyst,Berlin,79918,2005-09-27,M,Analytics
3572,Alex,Davis,25,Clerk,Sydney,68791,2001-07-24,F,Operations
3573,Emma,Wilson,60,Analyst,London,104777,2006-04-02,F,Analytics
3574,Jane,Williams,26,Analyst,Sydney,36880,2001-02-08,M,Analytics
3575,Sara,Johnson,38,Developer,Toronto,N/A,2000-03-11,F,Engineering
3576,Sam,Wilson,34,Intern,London,41098,2006-10-15,M,Training
3577,John,Brown,31,Intern,London,111242,2020-11-20,F,Training
3578,Paul,Williams,31,Manager,Sydney,62529,2003-05-01,M,Management
3579,Sam,Smith,36,Architect,Berlin,119102,2011-04-16,M,Architecture
3580,Jane,Williams,48,Analyst,New York,85405,2015-06-25,M,Analytics
3581,Lisa,Johnson,55,Intern,Sydney,82884,2015-01-13,F,Training
3582,Paul,Williams,34,Manager,Singapore,60617,2021-02-19,F,Management
3583,Paul,Garcia,44,Engineer,New York,78691,2015-08-04,M,Engineering
3584,Mike,Brown,34,Clerk,Paris,79808,2003-11-07,F,Operations
3585,Emma,Miller,28,Clerk,New York,51679,2024-04-13,F,Operations
3586,Sara,Miller,25,Designer,Tokyo,69723,2023-12-11,F,Design
3587,Emma,Smith,34,Analyst,Tokyo,76686,2016-02-19,F,Analytics
3588,Tom,Jones,57,Architect,Paris,93840,2005-12-20,M,Architecture
3589,Emma,Garcia,31,Architect,Dubai,71222,2003-12-30,M,Architecture
3590,Lisa,Wilson,21,Designer,Sydney,98201,2018-03-01,M,Design
3591,Paul,Brown,22,Developer,London,38988,2000-02-16,M,Engineering
3592,Emma,Williams,42,Consultant,Delhi,32742,2015-09-25,F,Consulting
3593,Lisa,Taylor,30,Architect,Tokyo,115218,2001-08-09,M,Architecture
3594,Lisa,Brown,54,Architect,Toronto,103455,2021-01-29,F,Architecture
3595,Emma,Williams,35,Architect,Berlin,77188,2019-05-20,M,Architecture
3596,Lisa,Williams,49,Lead,Dubai,55033,2000-04-02,F,Leadership
3597,John,Davis,22,Consultant,Sydney,87617,2007-08-10,F,Consulting
3598,Lisa,Davis,36,Architect,Singapore,54303,2022-03-25,F,Architecture
3599,Paul,Williams,58,Manager,Dubai,117238,2001-04-06,F,Management
3600,Alex,Garcia,56,Architect,Paris,50344,2021-08-08,M,Architecture
3601,Jane,Williams,22,Architect,New York,114424,2008-07-12,M,Architecture
3602,Jane,Davis,36,Analyst,Sydney,28453,2005-11-01,F,Analytics
3603,Lisa,Williams,55,Lead,New York,116856,2015-01-16,F,Leadership
3604,Tom,Brown,39,Intern,Singapore,92011,2018-05-17,F,Training
3605,John,Wilson,28,Intern,Sydney,60944,2008-05-04,M,Training
3606,Alex,Davis,40,Intern,Paris,108668,2005-02-07,F,Training
3607,Tom,Wilson,20,Analyst,Singapore,115398,2017-10-23,M,Analytics
3608,John,Johnson,36,Clerk,Berlin,45443,2024-07-31,M,Operations
3609,Alex,Jones,59,Engineer,Toronto,61560,2023-09-14,M,Engineering
3610,Lisa,Davis,23,Lead,London,66785,2011-03-29,F,Leadership
3611,Paul,Taylor,57,Architect,Sydney,62428,2020-05-06,F,Architecture
3612,Tom,Smith,24,Analyst,Tokyo,109949,2010-03-31,M,Analytics
3613,Mike,Williams,49,Analyst,Singapore,111066,2021-11-04,F,Analytics
3614,Paul,Jones,51,Clerk,Dubai,52164,2020-10-06,M,Operations
3615,Jane,Davis,24,Manager,Singapore,79118,2022-04-25,M,Management
3616,Jane,Garcia,55,Architect,Tokyo,97674,2009-06-07,F,Architecture
3617,Alex,Johnson,58,Engineer,New York,50726,2000-11-12,F,Engineering
3618,Tom,Brown,42,Manager,Dubai,98522,2001-08-12,F,Management
3619,Sam,Taylor,50,Lead,Berlin,82549,2004-05-23,M,Leadership
3620,Emma,Davis,38,Clerk,Singapore,50017,2024-11-02,F,Operations
3621,Emma,Williams,25,Consultant,Delhi,99834,2023-06-09,F,Consulting
3622,Sara,Brown,26,Architect,Paris,41443,2012-12-29,M,Architecture
3623,Lisa,Davis,41,Lead,New York,84540,2017-12-16,F,Leadership
3624,John,Jones,23,Developer,Berlin,54807,2017-01-15,F,Engineering
3625,Sam,Garcia,35,Manager,Tokyo,67019,2013-08-24,M,Management
3626,Alex,Miller,55,Architect,Delhi,73271,2009-03-24,M,Architecture
3627,Tom,Wilson,51,Architect,Singapore,73463,2004-04-22,M,Architecture
3628,Emma,Miller,36,Designer,Sydney,54979,2016-04-20,M,Design
3629,Sara,Davis,47,Lead,Berlin,62168,2010-02-23,M,Leadership
3630,John,Wilson,37,Analyst,London,77404,2012-08-15,F,Analytics
3631,John,Williams,18,Consultant,Sydney,33058,2017-04-24,M,Consulting
3632,Paul,Wilson,39,Analyst,Dubai,65326,2003-08-30,F,Analytics
3633,Jane,Williams,57,Architect,Paris,91344,2001-01-03,F,Architecture
3634,Tom,Garcia,43,Intern,London,105682,2023-08-17,F,Training
3635,Lisa,Smith,19,Engineer,Paris,82118,2003-03-16,M,Engineering
3636,Mike,Williams,56,Consultant,Tokyo,108520,2014-05-09,M,Consulting
3637,Jane,Taylor,26,Designer,London,118372,2004-12-01,M,Design
3638,Tom,Smith,38,Intern,New York,48002,2008-06-13,M,Training
3639,Mike,Taylor,36,Manager,Dubai,91432,2014-06-08,F,Management
3640,Mike,Williams,53,Developer,Berlin,107566,2017-11-20,F,Engineering
3641,Emma,Taylor,42,Lead,Toronto,36958,2022-05-11,F,Leadership
3642,Emma,Garcia,54,Consultant,London,86173,2021-12-31,F,Consulting
3643,Lisa,Jones,51,Manager,Toronto,69017,2009-08-23,F,Management
3644,Tom,Williams,32,Architect,London,100359,2011-05-16,F,Architecture
3645,Mike,Jones,32,Intern,Tokyo,83695,2005-09-10,F,Training
3646,Alex,Miller,25,Lead,Singapore,54602,2015-07-04,F,Leadership
3647,Alex,Johnson,54,Consultant,Toronto,68120,2020-09-14,M,Consulting
3648,Mike,Davis,47,Intern,New York,35489,2011-06-01,F,Training
3649,Jane,Smith,59,Consultant,Paris,49081,2012-02-04,M,Consulting
3650,Alex,Miller,36,Manager,Dubai,99219,2017-07-11,M,Management
3651,Alex,Jones,52,Engineer,Paris,89319,2019-06-08,M,Engineering
3652,Mike,Williams,27,Analyst,Sydney,104563,2013-11-30,F,Analytics
3653,Alex,Garcia,55,Clerk,New York,57356,2024-03-11,M,Operations
3654,Lisa,Garcia,46,Developer,Berlin,91316,2012-03-05,M,Engineering
3655,Sam,Brown,51,Consultant,Sydney,70545,2006-10-18,F,Consulting
3656,John,Miller,28,Manager,Berlin,88079,2013-07-27,M,Management
3657,Sam,Davis,31,Consultant,Toronto,78057,2018-11-06,M,Consulting
3658,Paul,Williams,52,Architect,London,46260,2003-04-04,F,Architecture
3659,Emma,Miller,29,Architect,New York,73660,2005-02-07,F,Architecture
3660,Jane,Miller,41,Engineer,Sydney,61733,2005-06-25,F,Engineering
3661,Jane,Brown,41,Lead,Paris,41191,2002-08-12,M,Leadership
3662,Sara,Smith,29,Analyst,Singapore,84160,2012-09-25,M,Analytics
3663,Jane,Smith,52,Developer,Delhi,38649,2009-06-04,M,Engineering
3664,Paul,Garcia,26,Analyst,Delhi,65979,2001-11-23,M,Analytics
3665,Alex,Wilson,40,Intern,Singapore,81838,2001-02-15,M,Training
3666,Sara,Williams,36,Consultant,Dubai,25110,2003-09-25,M,Consulting
3667,Alex,Garcia,38,Architect,Sydney,83339,2024-08-21,F,Architecture
3668,Alex,Johnson,60,Architect,New York,59295,2023-08-26,M,Architecture
3669,Alex,Wilson,59,Architect,Sydney,63211,2005-12-02,M,Architecture
3670,Alex,Miller,31,Developer,Delhi,28069,2017-04-12,F,Engineering
3671,Alex,Johnson,23,Developer,Tokyo,102124,2019-10-03,F,Engineering
3672,John,Davis,38,Developer,Tokyo,56523,2010-03-01,F,Engineering
3673,Jane,Brown,31,Designer,Dubai,75918,99-99-9999,M,Design
3674,Emma,Smith,28,Architect,New York,100337,2024-09-18,F,Architecture
3675,Paul,Davis,33,Analyst,London,110710,2023-01-18,F,Analytics
3676,Emma,Davis,55,Manager,London,92315,2017-03-13,F,Management
3677,John,Davis,51,Engineer,Delhi,38703,2018-04-08,M,Engineering
3678,Sam,Brown,29,Analyst,Berlin,30693,2015-12-12,F,Analytics
3679,Mike,Garcia,51,Consultant,Paris,32930,2011-10-24,M,Consulting
3680,Sam,Taylor,29,Intern,New York,69812,2019-08-09,F,Training
3681,Paul,Garcia,45,Clerk,Toronto,43089,2003-01-23,M,Operations
3682,Tom,Taylor,54,Analyst,London,43005,2015-01-30,F,Analytics
3683,Alex,Garcia,23,Clerk,New York,59993,2011-05-14,F,Operations
3684,Emma,Brown,39,Analyst,London,91532,2013-12-30,F,Analytics
3685,Lisa,Miller,21,Clerk,Dubai,70054,2011-03-21,M,Operations
3686,Paul,Williams,20,Consultant,Berlin,82902,2015-02-01,M,Consulting
3687,Alex,Johnson,43,Consultant,Tokyo,98080,2024-06-20,F,Consulting
3688,Sara,Smith,50,Intern,Delhi,115023,2008-11-30,M,Training
3689,Mike,Davis,21,Designer,Paris,84604,2017-03-29
3690,Sam,Wilson,32,Lead,Delhi,102738,2005-06-10,F,Leadership
3691,Sam,Johnson,48,Designer,Sydney,47888,2024-07-30,F,Design
3692,Emma,Jones,34,Developer,Tokyo,29398,2002-03-16,F,Engineering
3693,Jane,Williams,20,Designer,Toronto,34718,2002-11-15,M,Design
3694,Alex,Garcia,60,Lead,Sydney,105872,2024-02-08,F,Leadership
3695,Emma,Brown,53,Analyst,Berlin,33711,2011-04-16,F,Analytics
3696,Alex,Wilson,52,Intern,Berlin,81980,2015-05-13,M,Training
3697,Jane,Brown,35,Lead,Berlin,64195,2015-11-15,F,Leadership
3698,John,Johnson,47,Manager,Delhi,34187,2011-11-06,M,Management
3699,Paul,Brown,56,Designer,New York,105468,2002-07-05,F,Design
3700,Paul,Miller,29,Analyst,Delhi,89354,2016-03-24,M,Analytics
3701,Jane,Davis,46,Developer,Delhi,64467,2022-08-21,F,Engineering
3702,Tom,Davis,57,Engineer,Toronto,80761,2015-11-16,M,Engineering
3703,Lisa,Miller,43,Analyst,Delhi,98900,2012-07-05,M,Analytics
3704,Sara,Williams,23,Developer,Paris,111497,2012-06-18,F,Engineering
3705,John,Garcia,27,Manager,Delhi,93411,2024-09-08,M,Management
3706,Tom,Jones,55,Clerk,Berlin,51400,2008-03-18,M,Operations
3707,Emma,Garcia,31,Engineer,Delhi,91713,2019-08-04,F,Engineering
3708,Jane,Smith,21,Analyst,Tokyo,64013,2003-08-14,F,Analytics
3709,John,Williams,57,Designer,Delhi,68804,2010-11-30,F,Design
3710,John,Johnson,53,Architect,Berlin,66795,2020-08-16,M,Architecture
3711,Emma,Johnson,25,Clerk,Dubai,59541,2024-12-11,F,Operations
3712,Tom,Taylor,38,Manager,London,43570,2009-01-29,M,Management
3713,Sam,Smith,29,Developer,Tokyo,70391,2003-11-28,M,Engineering
3714,Emma,Brown,57,Intern,Singapore,58188,2010-06-27,F,Training
3715,Jane,Johnson,53,Analyst,Dubai,74475,2016-04-16,F,Analytics
3716,Emma,Smith,44,Analyst,Singapore,107282,2017-03-20,F,Analytics
3717,Tom,Davis,23,Developer,London,61353,2017-10-31,F,Engineering
3718,Mike,Taylor,34,Architect,London,45106,2012-10-27,F,Architecture
3719,Tom,Davis,48,Architect,Delhi,83608,2009-10-11,M,Architecture
3720,Alex,Jones,36,Analyst,Sydney,48900,2001-07-18,M,Analytics
3721,Sam,Jones,32,Manager,Dubai,87462,2013-01-19,M,Management
3722,Mike,Jones,46,Designer,Tokyo,96037,2020-09-24,F,Design
3723,Mike,Johnson,30,Lead,Sydney,108293,2020-02-21,M,Leadership
3724,Tom,Williams,19,Manager,Sydney,51417,2021-08-03,F,Management
3725,Lisa,Williams,38,Clerk,Paris,55852,2000-09-07,F,Operations
3726,Alex,Jones,30,Manager,Toronto,72946,2024-07-28,F,Management
3727,Paul,Miller,30,Developer,Berlin,105074,2019-07-04,F,Engineering
3728,Tom,Miller,37,Intern,London,46588,2023-12-01,F,Training
3729,Sara,Jones,24,Architect,Singapore,N/A,2016-03-09,F,Architecture
3730,Sam,Jones,22,Intern,London,84667,2022-07-09,M,Training
3731,Paul,Taylor,25,Designer,Sydney,65476,2009-12-11,M,Design
3732,Paul,Davis,38,Manager,London,35369,2012-07-23,M,Management
3733,Mike,Smith,57,Developer,Sydney,43822,2000-08-05,M,Engineering
3734,Jane,Taylor,57,Analyst,London,84624,2016-05-05,F,Analytics
3735,Paul,Johnson,44,Consultant,Paris,39128,2018-12-09,M,Consulting
3736,Alex,Johnson,23,Consultant,Dubai,41890,2017-03-13,M,Consulting
3737,Mike,Wilson,54,Lead,Tokyo,43537,2015-12-01,M,Leadership
3738,Alex,Davis,28,Clerk,Delhi,109715,2019-12-07,M,Operations
3739,Jane,Wilson,29,Manager,Dubai,93771,2022-06-22,M,Management
3740,Paul,Miller,56,Engineer,New York,89551,2002-12-24,F,Engineering
3741,Jane,Taylor,36,Engineer,London,85833,2013-09-20,M,Engineering
3742,Emma,Miller,54,Engineer,New York,102647,2004-06-20,F,Engineering
3743,Paul,Garcia,44,Analyst,New York,106194,2002-06-03,F,Analytics
3744,Jane,Brown,26,Analyst,New York,103999,2019-03-05,F,Analytics
3745,Tom,Garcia,59,Clerk,Singapore,30133,2019-05-12,F,Operations
3746,Lisa,Garcia,46,Manager,London,33540,2018-05-12,M,Management
3747,Emma,Smith,52,Lead,Berlin,111040,2015-07-24,M,Leadership
3748,Sam,Miller,24,Developer,New York,99701,2001-10-03,F,Engineering
3749,Alex,Garcia,31,Engineer,Sydney,46843,2003-06-18,M,Engineering
3750,Tom,Jones,23,Architect,Singapore,110275,2023-09-17,F,Architecture
3751,Sam,Jones,27,Architect,Dubai,93389,2012-09-09,M,Architecture
3752,Sara,Johnson,42,Designer,Dubai,113272,2020-06-08,F,Design
3753,Tom,Davis,38,Clerk,Paris,28748,2019-12-23,F,Operations
3754,Sam,Miller,33,Clerk,Singapore,80139,2021-12-04,M,Operations
3755,Jane,Johnson,40,Engineer,New York,47488,2024-01-04,F,Engineering
3756,Mike,Jones,43,Analyst,New York,50899,2013-08-19,F,Analytics
3757,Sam,Johnson,18,Designer,London,106582,2012-09-01,F,Design
3758,Jane,Davis,22,Developer,Berlin,117852,2006-12-01,F,Engineering
3759,Emma,Brown,42,Designer,Delhi,97232,2008-06-16,M,Design
3760,Tom,Garcia,34,Clerk,Singapore,86913,2000-04-17,F,Operations
3761,John,Taylor,20,Consultant,London,103246,2003-02-08,F,Consulting
3762,Jane,Miller,24,Consultant,Berlin,51084,2009-11-20,F,Consulting
3763,Paul,Taylor,57,Designer,Dubai,61398,2021-03-30,M,Design
3764,Sam,Jones,40,Analyst,New York,55799,2024-11-19,M,Analytics
3765,Paul,Williams,49,Engineer,Dubai,30100,2019-01-16,F,Engineering
3766,Emma,Taylor,54,Developer,Paris,29776,2006-12-12,F,Engineering
3767,Emma,Miller,46,Developer,London,106925,2010-09-05,M,Engineering
3768,Sam,Garcia,21,Developer,New York,86988,2012-08-17,F,Engineering
3769,John,Brown,54,Manager,London,102206,2000-06-21,F,Management
3770,Jane,Wilson,22,Analyst,Delhi,89338,2014-08-18,F,Analytics
3771,Jane,Garcia,29,Clerk,New York,32459,2015-02-15,F,Operations
3772,John,Williams,54,Manager,New York,75284,2018-02-19,F,Management
3773,Sam,Williams,57,Designer,New York,60643,2013-09-11,F,Design
3774,Jane,Taylor,51,Designer,London,69509,2024-03-07,M,Design
3775,Sara,Brown,38,Analyst,Sydney,37839,2024-01-26,F,Analytics
3776,Emma,Johnson,21,Manager,Delhi,106931,2000-01-24,M,Management
3777,Sam,Smith,18,Lead,Paris,82503,2014-01-13,F,Leadership
3778,Paul,Miller,44,Lead,Dubai,40780,2013-10-12,M,Leadership
3779,Paul,Williams,20,Developer,Sydney,95820,2005-03-01,F,Engineering
3780,Paul,Jones,18,Developer,Delhi,113429,2023-11-29,F,Engineering
3781,Sara,Wilson,21,Engineer,Delhi,93592,2017-05-23,M,Engineering
3782,Lisa,Wilson,35,Designer,Paris,101131,2018-02-23,M,Design
3783,Jane,Davis,34,Designer,Singapore,116865,2007-04-20,F,Design
3784,Jane,Jones,36,Analyst,Berlin,34757,2007-12-15,M,Analytics
3785,Alex,Wilson,56,Intern,Paris,46387,2008-12-05,F,Training
3786,Sam,Taylor,32,Developer,New York,89313,2008-03-24,M,Engineering
3787,Paul,Brown,50,Intern,Singapore,26191,2010-10-03,F,Training
3788,Jane,Garcia,47,Manager,Delhi,52213,2023-07-08,F,Management
3789,Mike,Taylor,46,Engineer,Singapore,42291,2007-02-17,M,Engineering
3790,Alex,Williams,33,Developer,Singapore,80210,2000-04-18,F,Engineering
3791,Emma,Davis,59,Lead,Sydney,72295,2023-02-22,F,Leadership
3792,Mike,Brown,42,Lead,Paris,40157,2022-08-25,F,Leadership
3793,Mike,Garcia,24,Manager,Delhi,75095,2012-02-16,F,Management
3794,Mike,Taylor,27,Intern,Berlin,115276,2010-03-04,F,Training
3795,John,Smith,45,Architect,Tokyo,38123,2020-07-14,F,Architecture
3796,Tom,Brown,27,Designer,Sydney,44550,2011-01-09,M,Design
3797,Paul,Brown,22,Analyst,Dubai,99012,2017-02-04,F,Analytics
3798,Mike,Brown,25,Engineer,New York,88503,2021-10-31,F,Engineering
3799,Paul,Garcia,55,Analyst,New York,119000,2022-11-30,M,Analytics
3800,Emma,Taylor,56,Consultant,Sydney,29041,2006-05-11,F,Consulting
3801,Lisa,Miller,54,Analyst,Paris,38083,2000-09-14,F,Analytics
3802,Jane,Miller,24,Intern,Berlin,93941,2007-02-11,F,Training
3803,Alex,Garcia,31,Developer,Tokyo,108202,2015-04-29,M,Engineering
3804,Sara,Miller,58,Designer,Berlin,86301,2017-05-19,F,Design
3805,Tom,Davis,33,Engineer,Delhi,74785,2019-02-11,M,Engineering
3806,Lisa,Miller,34,Developer,Delhi,29946,2011-10-18,F,Engineering
3807,Lisa,Johnson,19,Designer,Berlin,97387,2017-02-24,M,Design
3808,Emma,Jones,48,Lead,New York,113848,2021-01-31,M,Leadership
3809,Sam,Williams,29,Clerk,Toronto,81757,2000-09-13,F,Operations
3810,Sara,Smith,41,Manager,Toronto,104467,2022-07-24,F,Management
3811,Tom,Miller,22,Consultant,Toronto,101500,2012-11-06,F,Consulting
3812,Sam,Wilson,31,Intern,Toronto,82232,2000-07-25,F,Training
3813,Paul,Jones,36,Clerk,Toronto,49797,2011-11-18,M,Operations
3814,Alex,Brown,27,Engineer,Singapore,44983,2012-07-18,F,Engineering
3815,Emma,Williams,43,Architect,Dubai,115765,2013-01-27,F,Architecture
3816,Lisa,Garcia,38,Analyst,London,117370,2007-06-29,M,Analytics
3817,Emma,Brown,19,Architect,Toronto,97192,2006-04-03,F,Architecture
3818,Mike,Garcia,38,Clerk,Toronto,61354,2015-08-22,F,Operations
3819,Emma,Brown,23,Engineer,Paris,29320,2016-04-24,F,Engineering
3820,Lisa,Jones,58,Analyst,Singapore,109604,2009-10-22,M,Analytics
3821,Mike,Miller,39,Manager,Singapore,52742,2023-09-02,F,Management
3822,Sam,Garcia,32,Manager,Singapore,79691,2004-08-21,M,Management
3823,Sara,Smith,36,Consultant,London,89885,2020-01-29,F,Consulting
3824,Jane,Wilson,49,Consultant,Dubai,80916,2002-06-24,F,Consulting
3825,Sam,Garcia,31,Architect,New York,69416,2000-02-26,M,Architecture
3826,Mike,Smith,34,Architect,New York,114180,2019-09-01,F,Architecture
3827,Sara,Miller,60,Engineer,New York,88243,2014-03-20,M,Engineering
3828,Tom,Garcia,55,Manager,London,116902,2024-10-06,F,Management
3829,John,Jones,34,Analyst,London,115634,2005-12-29,M,Analytics
3830,Emma,Brown,50,Designer,New York,63982,2008-03-10,M,Design
3831,Mike,Davis,22,Manager,Tokyo,55500,2023-05-17,F,Management
3832,John,Williams,47,Manager,Delhi,58863,2009-11-14,M,Management
3833,Emma,Taylor,52,Architect,Paris,27694,2006-07-21,F,Architecture
3834,Tom,Garcia,44,Designer,Dubai,103228,2000-10-03,F,Design
3835,John,Garcia,34,Architect,Tokyo,91212,2019-11-20,F,Architecture
3836,Sam,Taylor,40,Intern,New York,102218,2002-07-12,F,Training
3837,Paul,Johnson,42,Developer,Tokyo,86482,2024-03-05,F,Engineering
3838,Jane,Johnson,58,Lead,Dubai,55482,2024-01-27,M,Leadership
3839,Sara,Garcia,40,Engineer,Dubai,117892,2012-05-26,F,Engineering
3840,Sara,Miller,36,Developer,Tokyo,114121,2009-08-11,F,Engineering
3841,Jane,Smith,33,Consultant,Singapore,111942,2014-06-08,M,Consulting
3842,Tom,Taylor,44,Developer,Sydney,83775,2019-08-28,M,Engineering
3843,Jane,Garcia,22,Manager,Sydney,39942,2015-08-29,F,Management
3844,Sara,Williams,23,Clerk,Singapore,114343,2010-02-19,F,Operations
3845,Sam,Miller,22,Engineer,Sydney,76623,2014-01-31,M,Engineering
3846,Lisa,Jones,27,Engineer,Delhi,36178,2016-07-08,M,Engineering
3847,Sam,Jones,59,Manager,Toronto,103867,2006-07-18,F,Management
3848,Tom,Johnson,53,Architect,Paris,81588,2024-12-09,F,Architecture
3849,Emma,Davis,53,Architect,Sydney,113433,2012-08-03,F,Architecture
3850,Jane,Wilson,54,Designer,Tokyo,81703,2019-09-21,M,Design
3851,Emma,Smith,28,Designer,London,30365,2017-05-21,M,Design
3852,Lisa,Taylor,35,Manager,Toronto,102852,2006-03-22,F,Management
3853,Lisa,Johnson,50,Consultant,Singapore,52466,2006-05-24,M,Consulting
3854,John,Miller,58,Architect,Sydney,82094,2013-11-12,F,Architecture
3855,Tom,Jones,48,Consultant,Sydney,102725,2008-08-08,M,Consulting
3856,Jane,Jones,56,Lead,Tokyo,116715,2002-08-28,M,Leadership
3857,Lisa,Garcia,26,Consultant,Singapore,25489,2020-08-08,M,Consulting
3858,Sam,Garcia,21,Architect,Tokyo,101797,2022-11-25,M,Architecture
3859,Lisa,Davis,57,Manager,New York,60010,2002-08-04,F,Management
3860,Mike,Jones,46,Analyst,Sydney,53894,2009-06-11,M,Analytics
3861,Lisa,Johnson,24,Developer,Sydney,76737,2018-05-25,M,Engineering
3862,Lisa,Miller,59,Clerk,Delhi,46848,2019-10-17,M,Operations
3863,Jane,Smith,46,Manager,Delhi,37221,2013-03-11,M,Management
3864,Emma,Davis,31,Analyst,Tokyo,91221,2008-09-02,F,Analytics
3865,Emma,Garcia,53,Lead,Delhi,47776,2019-06-24,F,Leadership
3866,Tom,Williams,46,Analyst,Dubai,90075,2021-03-05,M,Analytics
3867,Sam,Taylor,41,Architect,Berlin,100487,2019-08-16,M,Architecture
3868,Paul,Johnson,25,Architect,Paris,32287,2007-12-19,M,Architecture
3869,Lisa,Brown,54,Clerk,New York,64423,2002-02-28,M,Operations
3870,John,Johnson,50,Designer,London,34053,2003-05-27,F,Design
3871,Sam,Miller,50,Lead,London,103476,2007-06-08,M,Leadership
3872,Lisa,Brown,29,Architect,Berlin,77766,2004-06-07,F,Architecture
3873,John,Brown,25,Clerk,Paris,48623,2013-07-05,M,Operations
3874,Paul,Williams,53,Analyst,New York,102259,2023-03-25,F,Analytics
3875,Mike,Smith,56,Developer,London,94005,2023-07-14,F,Engineering
3876,Lisa,Davis,38,Analyst,Singapore,72715,2004-09-17,F,Analytics
3877,Jane,Williams,31,Clerk,Toronto,100682,2015-07-11,M,Operations
3878,Sam,Taylor,59,Designer,New York,79891,2018-05-22,F,Design
3879,Paul,Davis,57,Lead,Tokyo,69056,2001-11-06,F,Leadership
3880,Sam,Williams,27,Analyst,Delhi,40870,2008-04-05,F,Analytics
3881,Lisa,Taylor,27,Intern,Delhi,97102,2005-04-03,F,Training
3882,Jane,Davis,18,Developer,Toronto,66601,2002-09-16,M,Engineering
3883,Lisa,Smith,28,Engineer,Delhi,33417,2009-07-12,M,Engineering
3884,Alex,Brown,32,Designer,Delhi,25640,2004-02-28,F,Design
3885,Alex,Miller,31,Designer,Berlin,89509,2005-08-04,M,Design
3886,Alex,Davis,40,Manager,Sydney,104782,2008-01-14,F,Management
3887,John,Davis,28,Designer,Berlin,80466,2023-05-11,F,Design
3888,John,Garcia,29,Lead,Toronto,25008,2000-09-08,F,Leadership
3889,Sam,Johnson,32,Architect,Tokyo,31299,2022-04-13,F,Architecture
3890,Tom,Smith,26,Intern,Berlin,66742,2009-08-08,M,Training
3891,Paul,Williams,36,Intern,London,32977,2002-03-27,M,Training
3892,John,Taylor,57,Designer,Toronto,66217,2007-07-27,F,Design
3893,Emma,Taylor,51,Lead,Berlin,42723,2019-10-17,F,Leadership
3894,Mike,Miller,53,Manager,Toronto,94681,2017-11-12,F,Management
3895,Paul,Jones,49,Lead,Paris,76140,2016-11-26,F,Leadership
3896,John,Miller,37,Developer,New York,99825,2006-01-21,F,Engineering
3897,Jane,Brown,33,Designer,Sydney,50163,2015-12-08,M,Design
3898,Sam,Taylor,47,Developer,Sydney,109958,2016-08-22,F,Engineering
3899,Sam,Wilson,25,Developer,Delhi,92082,2019-06-12,M,Engineering
3900,John,Garcia,27,Engineer,Singapore,99305,2013-02-18,F,Engineering
3901,Alex,Taylor,41,Designer,Singapore,78659,2008-07-06,F,Design
3902,Mike,Miller,57,Engineer,London,40059,2013-12-14,F,Engineering
3903,Emma,Davis,29,Clerk,New York,75509,2015-12-14,M,Operations
3904,Sam,Johnson,47,Lead,Berlin,36227,2023-12-28,M,Leadership
3905,Paul,Jones,48,Engineer,Dubai,61596,2009-10-28,M,Engineering
3906,Lisa,Davis,21,Manager,Paris,29220,99-99-9999,F,Management
3907,Jane,Williams,42,Designer,London,119662,2024-03-02,F,Design
3908,Alex,Smith,45,Designer,Toronto,57028,2002-06-13,M,Design
3909,Lisa,Smith,22,Intern,London,58554,2022-03-21,M,Training
3910,Tom,Taylor,36,Manager,Berlin,104152,2012-09-11,F,Management
3911,Sam,Garcia,30,Architect,Paris,101506,2017-06-04,F,Architecture
3912,Sara,Davis,31,Lead,Tokyo,103298,2021-06-12,F,Leadership
3913,Sara,Smith,57,Engineer,Tokyo,43158,2005-06-16,F,Engineering
3914,John,Brown,55,Intern,Paris,97438,2009-08-05,F,Training
3915,Alex,Brown,37,Engineer,Paris,48657,2007-05-27,F,Engineering
3916,Sam,Brown,20,Designer,Sydney,46899,2009-04-01,F,Design
3917,Lisa,Miller,57,Manager,New York,101040,2016-07-30,F,Management
3918,Sam,Smith,24,Manager,Tokyo,61997,2001-05-31,M,Management
3919,Alex,Williams,20,Architect,Paris,42069,2015-07-24,M,Architecture
3920,Jane,Williams,53,Clerk,Toronto,93969,2021-06-20,F,Operations
3921,Lisa,Johnson,49,Intern,Paris,77595,2002-10-05,M,Training
3922,Lisa,Wilson,60,Designer,Paris,106740,2013-05-16,F,Design
3923,Alex,Smith,40,Lead,Dubai,31251,2007-10-12,M,Leadership
3924,Sam,Johnson,58,Architect,Dubai,70852,2018-08-29,F,Architecture
3925,Sam,Miller,56,Manager,New York,90284,2017-09-24,F,Management
3926,Paul,Davis,20,Analyst,New York,37235,2022-04-26,M,Analytics
3927,Sam,Taylor,27,Engineer,Dubai,114814,2011-09-23,F,Engineering
3928,Jane,Wilson,58,Lead,Toronto,71560,2000-01-18,F,Leadership
3929,Sam,Miller,19,Analyst,London,32250,2022-12-26,M,Analytics
3930,Tom,Davis,48,Architect,Singapore,117632,2001-01-12,F,Architecture
3931,Emma,Williams,41,Intern,Tokyo,65879,2015-08-21,F,Training
3932,Alex,Miller,52,Consultant,Sydney,41113,2001-07-03,M,Consulting
3933,Paul,Jones,53,Intern,Sydney,76253,2024-02-10,M,Training
3934,Tom,Jones,26,Manager,New York,50966,2024-09-28,F,Management
3935,Paul,Johnson,39,Clerk,New York,100062,2021-02-13,F,Operations
3936,John,Jones,21,Designer,Berlin,108129,2016-11-06,M,Design
3937,Emma,Johnson,44,Designer,Tokyo,36287,2002-08-29,M,Design
3938,John,Jones,31,Developer,Toronto,57905,2014-01-20,F,Engineering
3939,Tom,Smith,26,Engineer,Toronto,76068,2014-06-19,F,Engineering
3940,Sara,Williams,56,Designer,Sydney,66356,2020-10-08,M,Design
3941,Sara,Brown,49,Developer,Delhi,90548,2012-12-22,M,Engineering
3942,Mike,Johnson,23,Developer,London,73606,2019-12-13,F,Engineering
3943,Sara,Johnson,54,Intern,Toronto,111603,2008-06-15,M,Training
3944,John,Wilson,33,Lead,Sydney,105693,2023-05-23,M,Leadership
3945,Sam,Johnson,39,Consultant,Toronto,116166,2013-12-11,M,Consulting
3946,Jane,Jones,32,Engineer,Delhi,79686,2009-02-22,M,Engineering
3947,Mike,Davis,39,Architect,Paris,59978,2006-06-03,F,Architecture
3948,Mike,Brown,26,Architect,New York,90055,2001-03-11,M,Architecture
3949,Paul,Johnson,19,Developer,Tokyo,31833,2011-02-07,F,Engineering
3950,Lisa,Johnson,51,Manager,Sydney,78396,2015-08-13,F,Management
3951,Tom,Davis,44,Analyst,Singapore,29804,2005-10-28,M,Analytics
3952,John,Taylor,30,Developer,Delhi,109719,2000-05-03,F,Engineering
3953,Tom,Smith,50,Analyst,Dubai,42056,2015-12-04,M,Analytics
3954,Jane,Davis,54,Designer,Dubai,56054,2016-03-13,M,Design
3955,Lisa,Wilson,52,Architect,Tokyo,57048,2002-12-27,F,Architecture
3956,Emma,Wilson,21,Architect,Singapore,70725,2023-11-19,M,Architecture
3957,Tom,Brown,44,Intern,Paris,93927,2023-08-12,M,Training
3958,Mike,Davis,33,Manager,Toronto,50955,2023-09-19,F,Management
3959,Sam,Taylor,57,Intern,Paris,40330,2000-07-25,M,Training
3960,Lisa,Garcia,27,Architect,Paris,90262,2008-09-06,M,Architecture
3961,Tom,Williams,39,Analyst,Tokyo,69862,2019-09-28,F,Analytics
3962,Sam,Smith,43,Designer,Berlin,60887,2003-02-23,M,Design
3963,Emma,Johnson,32,Architect,London,60988,2008-02-03,M,Architecture
3964,Lisa,Taylor,37,Analyst,Paris,44463,2017-08-01,F,Analytics
3965,John,Garcia,29,Consultant,New York,74451,2019-10-29,F,Consulting
3966,Alex,Brown,59,Developer,Dubai,80273,2013-11-29,F,Engineering
3967,Sam,Miller,42,Intern,New York,104622,2000-05-09,M,Training
3968,Paul,Davis,42,Engineer,Singapore,107077,2004-06-15,F,Engineering
3969,Sara,Taylor,30,Clerk,New York,58307,2024-01-11,F,Operations
3970,John,Johnson,28,Intern,Delhi,60324,2024-03-15,F,Training
3971,John,Brown,36,Manager,Berlin,113420,2023-12-09,F,Management
3972,Emma,Davis,34,Engineer,Paris,57683,2010-02-04,M,Engineering
3973,Lisa,Miller,40,Designer,Toronto,73275,2009-07-12,F,Design
3974,Paul,Johnson,21,Designer,Tokyo,97206,2005-05-09,F,Design
3975,Jane,Davis,53,Developer,Dubai,34635,2021-03-23,F,Engineering
3976,Mike,Jones,21,Designer,Paris,67796,2023-05-26,M,Design
3977,Paul,Williams,41,Designer,Berlin,41130,2023-05-27,M,Design
3978,Mike,Miller,50,Manager,Dubai,81920,2014-08-02,M,Management
3979,Sam,Williams,55,Analyst,London,96847,2022-07-09,M,Analytics
3980,Sam,Williams,41,Manager,Paris,81760,2004-10-23,M,Management
3981,Paul,Taylor,27,Clerk,Paris,72448,2022-08-03,M,Operations
3982,Mike,Jones,40,Manager,Toronto,48305,2010-03-31,M,Management
3983,Sara,Miller,35,Developer,New York,102972,2018-01-19,M,Engineering
3984,Paul,Johnson,60,Designer,New York,92537,2005-08-21,F,Design
3985,Sara,Brown,49,Engineer,Delhi,100403,2015-04-02,F,Engineering
3986,Sara,Smith,36,Developer,Sydney,89603,2014-07-04,M,Engineering
3987,Sam,Smith,42,Developer,Tokyo,117850,2006-05-10,M,Engineering
3988,Jane,Johnson,35,Developer,Tokyo,110931,2001-12-19,F,Engineering
3989,Alex,Smith,40,Clerk,Toronto,91416,2004-10-13,F,Operations
3990,Lisa,Williams,35,Designer,Tokyo,99014,2023-11-22,F,Design
3991,Tom,Johnson,18,Lead,Tokyo,90552,2023-05-27,F,Leadership
3992,Tom,Williams,48,Analyst,Sydney,59179,2010-05-30,M,Analytics
3993,Emma,Johnson,25,Consultant,Tokyo,91419,2001-06-07,F,Consulting
3994,Alex,Miller,60,Lead,Sydney,55199,2019-09-04,M,Leadership
3995,Sara,Brown,41,Intern,Delhi,116101,2023-10-16,M,Training
3996,Alex,Davis,33,Lead,New York,55892,2022-02-03,F,Leadership
3997,Sam,Jones,36,Engineer,Sydney,71872,2013-12-29,M,Engineering
3998,Mike,Johnson,52,Architect,Tokyo,94481,2022-08-10,M,Architecture
3999,Emma,Miller,37,Architect,Delhi,101520,2005-03-08,M,Architecture
4000,Tom,Smith,37,Manager,Singapore,81724,2010-11-17,M,Management
4001,Tom,Davis,35,Architect,Sydney,44708,2015-04-28,F,Architecture
4002,Sam,Taylor,29,Architect,New York,60105,2000-11-11,F,Architecture
4003,Jane,Smith,42,Consultant,Paris,78472,2007-11-30,F,Consulting
4004,Lisa,Brown,38,Intern,Delhi,83509,2011-09-04,F,Training
4005,John,Miller,48,Architect,Toronto,94266,2004-09-23,M,Architecture
4006,Alex,Johnson,20,Designer,Tokyo,81596,2000-05-08,M,Design
4007,Emma,Wilson,35,Manager,Berlin,44510,2021-06-09,F,Management
4008,Alex,Brown,56,Intern,Sydney,103938,2021-03-23,F,Training
4009,Emma,Smith,36,Developer,London,107194,2013-05-30,F,Engineering
4010,Alex,Wilson,29,Consultant,Toronto,62373,2004-03-15,F,Consulting
4011,Mike,Davis,42,Intern,London,112232,2020-03-11,F,Training
4012,Paul,Davis,53,Engineer,Dubai,106311,2005-10-26,F,Engineering
4013,Emma,Johnson,52,Lead,Dubai,68701,2008-07-14,F,Leadership
4014,Emma,Miller,23,Architect,New York,28683,2006-03-16,M,Architecture
4015,Paul,Wilson,30,Analyst,Dubai,35901,2015-12-26,F,Analytics
4016,Sam,Garcia,35,Analyst,Tokyo,118056,2010-10-06,F,Analytics
4017,Tom,Smith,21,Intern,Singapore,51154,2020-06-19,F,Training
4018,Paul,Johnson,31,Intern,Toronto,111103,2017-06-22,F,Training
4019,Lisa,Johnson,47,Engineer,Sydney,43900,2024-05-31,M,Engineering
4020,Lisa,Davis,49,Developer,Toronto,34371,2014-10-18,F,Engineering
4021,Mike,Garcia,46,Designer,Singapore,43655,2003-09-23,M,Design
4022,Sara,Brown,18,Intern,Delhi,114574,2015-11-12,F,Training
4023,Paul,Davis,55,Designer,Tokyo,52807,2002-07-01,F,Design
4024,Alex,Miller,31,Designer,Delhi,110669,2012-06-16,F,Design
4025,Lisa,Garcia,38,Intern,Paris,102902,2011-09-24,M,Training
4026,John,Garcia,40,Clerk,Paris,98713,2019-10-22,M,Operations
4027,Tom,Taylor,20,Manager,Dubai,110367,2017-09-28,F,Management
4028,John,Johnson,42,Analyst,Berlin,117821,2009-09-24,F,Analytics
4029,Jane,Williams,26,Lead,Toronto,47008,2020-09-28,M,Leadership
4030,Tom,Johnson,44,Lead,Paris,57765,2003-06-18,F,Leadership
4031,Sara,Brown,40,Clerk,Tokyo,27037,2018-03-27,M,Operations
4032,Lisa,Smith,39,Manager,New York,53269,2006-10-28,M,Management
4033,Paul,Miller,34,Architect,Delhi,83437,2020-11-06,M,Architecture
4034,Sam,Taylor,53,Intern,New York,26406,2014-05-24,F,Training
4035,Jane,Johnson,29,Intern,Paris,47277,2018-07-19,M,Training
4036,Mike,Garcia,51,Clerk,Toronto,99833,2023-07-07,F,Operations
4037,Paul,Williams,32,Manager,New York,49408,2009-08-06,F,Management
4038,Jane,Miller,57,Consultant,Berlin,33648,2021-11-07,F,Consulting
4039,Mike,Taylor,37,Architect,Berlin,116541,2020-07-29,F,Architecture
4040,Alex,Johnson,52,Engineer,London,96333,2000-02-24,F,Engineering
4041,Lisa,Smith,47,Manager,New York,32087,2007-08-18,M,Management
4042,Paul,Williams,26,Manager,Tokyo,33781,2018-12-18,F,Management
4043,Sara,Wilson,37,Designer,Tokyo,109412,2001-09-03,F,Design
4044,Emma,Brown,54,Architect,Dubai,74563,2020-01-14,F,Architecture
4045,Paul,Garcia,49,Developer,Dubai,49841,2013-08-04,F,Engineering
4046,Sara,Wilson,29,Manager,Toronto,109432,2016-02-21,F,Management
4047,Jane,Williams,59,Developer,Sydney,46873,2000-01-19,F,Engineering
4048,John,Garcia,55,Lead,Berlin,97820,2020-05-25,M,Leadership
4049,Sara,Garcia,53,Clerk,Sydney,66189,2010-01-22,F,Operations
4050,Emma,Taylor,25,Manager,London,59121,2013-06-19,F,Management
4051,Tom,Miller,38,Clerk,Singapore,47933,2021-01-24,M,Operations
4052,Lisa,Brown,48,Consultant,Berlin,101218,2022-04-25,F,Consulting
4053,Sara,Johnson,49,Intern,Tokyo,27306,2005-03-24,M,Training
4054,Jane,Garcia,55,Engineer,Paris,42040,2023-06-09,M,Engineering
4055,Paul,Miller,45,Consultant,New York,25965,2024-12-09,M,Consulting
4056,Mike,Davis,41,Architect,Delhi,75076,2018-11-27,F,Architecture
4057,Jane,Taylor,27,Clerk,Paris,102604,2007-09-20,F,Operations
4058,Alex,Taylor,26,Clerk,Berlin,60034,2001-10-01,M,Operations
4059,Sam,Smith,28,Architect,Sydney,55985,2010-05-19,F,Architecture
4060,Emma,Garcia,27,Intern,Dubai,30271,2004-01-14,M,Training
4061,Tom,Wilson,36,Intern,Paris,45970,2006-03-20,M,Training
4062,Tom,Smith,48,Analyst,Tokyo,57893,2000-12-06,F,Analytics
4063,Lisa,Williams,49,Analyst,Tokyo,51353,2021-11-06,M,Analytics
4064,Tom,Taylor,50,Analyst,Paris,32209,2007-01-22,M,Analytics
4065,Mike,Brown,57,Intern,Toronto,66920,2023-09-28,M,Training
4066,John,Jones,19,Developer,London,68564,2002-01-11,M,Engineering
4067,Alex,Williams,46,Lead,Dubai,117115,2023-07-26,F,Leadership
4068,Tom,Miller,26,Lead,Berlin,45487,2021-12-09,M,Leadership
4069,Paul,Wilson,39,Lead,Toronto,104905,2013-12-23,F,Leadership
4070,Sam,Wilson,19,Manager,New York,36333,2018-08-13,M,Management
4071,Sara,Taylor,60,Analyst,Tokyo,118157,2013-09-13,M,Analytics
4072,John,Johnson,42,Analyst,Dubai,34276,2022-12-08,M,Analytics
4073,Tom,Wilson,35,Engineer,Toronto,96768,2006-08-09,M,Engineering
4074,Sam,Smith,18,Analyst,Paris,106872,2007-08-22,M,Analytics
4075,John,Brown,23,Developer,Sydney,73690,2020-02-03,M,Engineering
4076,Sam,Williams,57,Developer,Singapore,51183,2011-05-26,M,Engineering
4077,Mike,Davis,36,Clerk,Singapore,91381,2019-01-01,M,Operations
4078,Sara,Miller,30,Manager,Dubai,78237,2023-01-28,F,Management
4079,Paul,Taylor,58,Engineer,Dubai,100486,2008-02-05,F,Engineering
4080,Emma,Taylor,45,Consultant,Dubai,94091,2008-09-28,M,Consulting
4081,Tom,Garcia,29,Designer,London,114574,2006-02-26,F,Design
4082,Paul,Brown,20,Consultant,Tokyo,57725,2011-07-14,M,Consulting
4083,Sara,Davis,39,Architect,Paris,56732,2009-05-01,M,Architecture
4084,Sara,Davis,56,Designer,Dubai,113210,2012-02-10,F,Design
4085,Alex,Jones,40,Architect,Singapore,28476,2001-04-04,M,Architecture
4086,Mike,Smith,32,Clerk,Toronto,114697,2002-08-23,F,Operations
4087,Lisa,Smith,20,Lead,Delhi,105494,2014-07-10,F,Leadership
4088,John,Taylor,51,Developer,Delhi,28777,2019-12-27,M,Engineering
4089,Mike,Smith,21,Architect,Tokyo,46641,2012-05-28,F,Architecture
4090,John,Brown,51,Architect,Toronto,106706,2020-02-17,F,Architecture
4091,Sam,Davis,42,Engineer,Dubai,70127,2006-08-24,F,Engineering
4092,Tom,Wilson,36,Developer,Paris,63229,2023-01-04,F,Engineering
4093,John,Brown,42,Clerk,Dubai,92080,2010-02-05,F,Operations
4094,Mike,Davis,18,Lead,Toronto,71820,2017-06-22,M,Leadership
4095,Lisa,Davis,28,Engineer,Singapore,35154,2013-12-03,F,Engineering
4096,Sara,Davis,50,Manager,Delhi,75978,2004-05-30,M,Management
4097,Emma,Smith,35,Manager,Singapore,51170,2011-10-22,M,Management
4098,Sara,Wilson,32,Analyst,London,67304,2021-11-07,M,Analytics
4099,Sam,Garcia,43,Consultant,New York,110530,2021-04-11,F,Consulting
4100,Tom,Garcia,58,Analyst,Singapore,39684,2008-08-30,M,Analytics
4101,Sam,Williams,45,Engineer,Sydney,28791,2022-05-30,M,Engineering
4102,Tom,Williams,20,Developer,New York,80963,2019-06-29,M,Engineering
4103,Tom,Miller,48,Developer,London,84477,2017-11-13,F,Engineering
4104,Mike,Taylor,54,Designer,Delhi,61299,2003-03-17,F,Design
4105,Jane,Johnson,40,Developer,Toronto,26597,2013-06-24,M,Engineering
4106,John,Wilson,28,Engineer,Delhi,50859,2024-03-14,M,Engineering
4107,Mike,Johnson,24,Manager,Berlin,95797,2010-08-10,M,Management
4108,Sara,Garcia,48,Lead,Sydney,87882,2000-12-30,F,Leadership
4109,Sara,Taylor,44,Engineer,London,69266,2007-10-01,F,Engineering
4110,Jane,Wilson,38,Engineer,Tokyo,107989,2005-05-14,M,Engineering
4111,Alex,Johnson,40,Lead,Tokyo,40663,2005-02-08,M,Leadership
4112,Sam,Brown,21,Analyst,Berlin,83815,2013-09-18,M,Analytics
4113,Emma,Smith,57,Engineer,Toronto,35360,2021-11-16,F,Engineering
4114,Tom,Taylor,21,Clerk,New York,25774,2015-01-12,F,Operations
4115,Paul,Smith,46,Analyst,Paris,79571,2010-12-04,F,Analytics
4116,Lisa,Williams,25,Engineer,London,43372,2010-11-07,M,Engineering
4117,John,Davis,59,Lead,Dubai,119508,2009-05-17,F,Leadership
4118,Paul,Brown,52,Clerk,London,116968,2007-10-03,F,Operations
4119,John,Taylor,28,Architect,Dubai,65442,2024-02-05,F,Architecture
4120,Lisa,Smith,39,Clerk,Tokyo,108553,2007-10-26,F,Operations
4121,Lisa,Taylor,52,Intern,Tokyo,57350,2005-05-14,F,Training
4122,Emma,Garcia,44,Engineer,Paris,77636,2000-06-20,M,Engineering
4123,Sara,Brown,56,Analyst,Delhi,103913,2024-10-14,M,Analytics
4124,Paul,Johnson,19,Developer,Paris,56917,2001-05-30,F,Engineering
4125,Sara,Smith,42,Manager,Tokyo,68173,2023-11-29,M,Management
4126,Emma,Davis,56,Engineer,Tokyo,113136,2000-02-20
4127,Tom,Wilson,42,Lead,Toronto,68362,2021-10-25,M,Leadership
4128,Jane,Jones,37,Analyst,Tokyo,28742,2007-07-07,F,Analytics
4129,Tom,Johnson,34,Lead,Dubai,38861,2016-07-12,M,Leadership
4130,Alex,Davis,57,Architect,Dubai,114533,2013-11-22,M,Architecture
4131,Sara,Johnson,35,Analyst,Singapore,34704,2013-02-11,F,Analytics
4132,Mike,Davis,46,Architect,London,70700,2020-12-05,F,Architecture
4133,Lisa,Williams,36,Analyst,London,72406,2013-10-29,M,Analytics
4134,Sam,Davis,57,Engineer,Paris,99044,2015-10-20,F,Engineering
4135,Alex,Taylor,49,Manager,Paris,45475,2008-01-28,F,Management
4136,Emma,Wilson,22,Intern,Tokyo,106647,2020-12-02,F,Training
4137,Jane,Miller,28,Designer,New York,80284,2004-09-28,F,Design
4138,Mike,Taylor,29,Designer,New York,25352,2023-01-07,M,Design
4139,Emma,Davis,47,Clerk,Paris,35507,2020-08-05,F,Operations
4140,Mike,Jones,44,Manager,Toronto,64523,2007-12-11,F,Management
4141,Paul,Johnson,54,Engineer,Toronto,66369,2016-09-18,M,Engineering
4142,Tom,Brown,45,Clerk,Tokyo,35276,2007-03-15,M,Operations
4143,Mike,Jones,27,Lead,New York,75251,2014-03-04,F,Leadership
4144,Paul,Taylor,33,Architect,Sydney,60881,2003-01-14,F,Architecture
4145,Sara,Miller,22,Architect,Dubai,96099,2021-12-26,F,Architecture
4146,Alex,Miller,51,Consultant,Paris,40332,2023-06-16,F,Consulting
4147,Sara,Taylor,52,Designer,Dubai,105795,2000-01-24,M,Design
4148,Jane,Wilson,51,Architect,London,90058,2003-06-11,F,Architecture
4149,John,Williams,27,Manager,Delhi,68176,2021-03-30,F,Management
4150,Tom,Garcia,45,Clerk,New York,85488,2011-08-12,M,Operations
4151,Emma,Jones,27,Intern,Singapore,107213,2024-01-22,F,Training
4152,Jane,Johnson,29,Analyst,Delhi,84848,2000-11-11,F,Analytics
4153,Lisa,Garcia,21,Developer,Tokyo,97907,2006-08-22,F,Engineering
4154,John,Davis,18,Intern,Singapore,77047,2020-03-09,F,Training
4155,Tom,Garcia,26,Manager,Tokyo,85980,2024-02-17,F,Management
4156,Emma,Williams,59,Analyst,Sydney,83280,2012-02-28,F,Analytics
4157,Tom,Brown,41,Lead,London,114094,2024-10-05,F,Leadership
4158,Jane,Wilson,26,Engineer,Sydney,62001,2023-05-25,F,Engineering
4159,Mike,Brown,49,Engineer,Tokyo,62558,2004-03-30,F,Engineering
4160,Alex,Jones,49,Engineer,New York,108805,2007-08-20,M,Engineering
4161,Sam,Taylor,24,Intern,Sydney,84424,2022-04-12,M,Training
4162,John,Davis,42,Architect,New York,117786,2020-04-19,F,Architecture
4163,Lisa,Jones,27,Architect,Paris,87070,2023-06-20,M,Architecture
4164,Lisa,Brown,46,Developer,Toronto,41182,2002-04-23,F,Engineering
4165,Lisa,Brown,38,Developer,New York,75125,2015-04-05,F,Engineering
4166,Sara,Wilson,22,Analyst,Singapore,58985,2002-04-20,M,Analytics
4167,Mike,Johnson,23,Developer,Singapore,35697,2000-05-27,F,Engineering
4168,John,Smith,50,Lead,Toronto,45884,2021-05-22,F,Leadership
4169,John,Jones,58,Consultant,Sydney,43484,2006-11-28,F,Consulting
4170,Lisa,Davis,28,Architect,Sydney,72392,2016-07-04,F,Architecture
4171,Emma,Wilson,18,Analyst,Dubai,37459,2013-02-23,F,Analytics
4172,John,Wilson,41,Engineer,Berlin,63985,2006-12-16,F,Engineering
4173,Jane,Taylor,28,Architect,Sydney,54078,2024-05-30,F,Architecture
4174,Sara,Smith,32,Analyst,Singapore,76503,2003-11-09,M,Analytics
4175,Jane,Miller,23,Architect,Delhi,26010,2012-08-01,M,Architecture
4176,Lisa,Smith,38,Intern,Delhi,104327,2013-07-06,M,Training
4177,Paul,Brown,53,Engineer,Delhi,86473,2001-10-30,F,Engineering
4178,Mike,Davis,20,Analyst,Singapore,81590,2009-12-17,M,Analytics
4179,Sara,Jones,28,Engineer,Paris,28512,2024-03-09,F,Engineering
4180,Mike,Brown,27,Lead,Delhi,85903,2016-08-14,M,Leadership
4181,John,Jones,57,Engineer,Singapore,112286,2020-04-06,M,Engineering
4182,Sam,Taylor,43,Manager,Paris,89988,2013-03-17,M,Management
4183,Jane,Brown,51,Consultant,Sydney,40203,2006-06-12,F,Consulting
4184,Jane,Jones,58,Lead,London,117937,2015-12-23,M,Leadership
4185,Emma,Jones,56,Developer,Berlin,83786,2018-12-05,F,Engineering
4186,Sam,Johnson,33,Designer,Delhi,114214,2017-05-30,F,Design
4187,Paul,Miller,59,Analyst,London,28248,2011-06-02,F,Analytics
4188,John,Garcia,49,Lead,Toronto,26836,2000-04-28,M,Leadership
4189,Sam,Taylor,40,Developer,Tokyo,119154,2011-07-29,F,Engineering
4190,Emma,Garcia,50,Manager,New York,54607,2021-10-16,M,Management
4191,Sam,Taylor,21,Consultant,Berlin,54605,2005-04-04,F,Consulting
4192,Lisa,Jones,46,Lead,London,104960,2020-10-02,M,Leadership
4193,John,Williams,50,Intern,Paris,117879,2013-06-19,M,Training
4194,Jane,Miller,55,Intern,Paris,73449,2020-11-30,M,Training
4195,Sara,Brown,53,Developer,Sydney,40795,2017-04-04,M,Engineering
4196,Jane,Smith,21,Lead,Toronto,99034,2002-01-02,M,Leadership
4197,Jane,Jones,46,Clerk,Dubai,39268,2002-01-30,M,Operations
4198,Tom,Garcia,35,Clerk,Dubai,102383,2023-03-08,F,Operations
4199,Jane,Johnson,47,Designer,London,98768,2021-05-09,F,Design
4200,Sara,Smith,51,Clerk,Tokyo,72804,2018-12-02,M,Operations
4201,Paul,Johnson,44,Consultant,London,35368,2010-02-19,M,Consulting
4202,Mike,Smith,23,Intern,Delhi,47751,2017-03-25,F,Training
4203,Sara,Smith,49,Designer,Paris,110225,2022-12-17,M,Design
4204,Lisa,Jones,25,Analyst,New York,28472,2010-11-03,M,Analytics
4205,Mike,Williams,47,Manager,Paris,26860,2001-11-12,F,Management
4206,Alex,Brown,24,Lead,London,75982,2012-09-08,F,Leadership
4207,Sam,Brown,45,Clerk,Paris,56908,2004-03-17,M,Operations
4208,Paul,Jones,53,Engineer,Tokyo,41778,2017-04-07,M,Engineering
4209,Mike,Williams,38,Developer,Dubai,31291,2006-12-20,F,Engineering
4210,Sara,Jones,29,Intern,Delhi,115705,2000-10-29,M,Training
4211,Alex,Miller,41,Architect,Sydney,90661,2019-04-30,F,Architecture
4212,John,Williams,39,Engineer,Tokyo,39529,2020-03-29,M,Engineering
4213,John,Jones,45,Engineer,Tokyo,44625,2006-10-11,M,Engineering
4214,Tom,Johnson,32,Clerk,Singapore,49850,2013-10-17,F,Operations
4215,Lisa,Wilson,56,Engineer,Delhi,77499,2000-02-26,M,Engineering
4216,Alex,Miller,18,Developer,Toronto,61415,2015-03-18,F,Engineering
4217,Sara,Garcia,46,Analyst,London,49104,2007-09-17,M,Analytics
4218,Jane,Garcia,57,Analyst,Toronto,47618,2012-04-30,M,Analytics
4219,Lisa,Johnson,46,Architect,Delhi,111760,2023-07-06,F,Architecture
4220,Mike,Brown,49,Manager,Tokyo,31282,2020-10-27,M,Management
4221,Jane,Davis,52,Architect,Dubai,70238,2009-01-10,F,Architecture
4222,Emma,Wilson,37,Engineer,Tokyo,113740,2020-12-29,F,Engineering
4223,John,Wilson,38,Engineer,Dubai,114553,2014-02-13,M,Engineering
4224,Alex,Brown,26,Analyst,New York,113206,2023-09-29,F,Analytics
4225,Sara,Smith,19,Engineer,New York,42008,2015-03-18,M,Engineering
4226,Lisa,Davis,33,Intern,Toronto,25155,2018-01-22,M,Training
4227,John,Davis,52,Designer,Delhi,28187,2013-11-08,F,Design
4228,John,Wilson,18,Manager,Toronto,80517,2023-06-03,M,Management
4229,Lisa,Garcia,27,Lead,Paris,34840,2017-06-25,F,Leadership
4230,John,Johnson,36,Analyst,London,97381,2001-10-28,F,Analytics
4231,Alex,Johnson,41,Lead,Tokyo,88582,2019-08-13,F,Leadership
4232,Sam,Wilson,30,Manager,Dubai,77774,2001-11-03,F,Management
4233,Lisa,Jones,45,Designer,Singapore,58185,2013-11-24,M,Design
4234,Emma,Smith,37,Engineer,Sydney,50173,2024-08-14,M,Engineering
4235,Jane,Miller,45,Lead,New York,81908,2010-06-02,M,Leadership
4236,Alex,Smith,59,Designer,Paris,82194,2006-08-17,F,Design
4237,Jane,Davis,22,Engineer,Tokyo,113345,2020-04-21,F,Engineering
4238,John,Davis,52,Designer,Berlin,51461,2007-04-23,M,Design
4239,Sara,Taylor,45,Designer,Sydney,59919,2020-06-13,M,Design
4240,Mike,Johnson,27,Consultant,London,102793,2001-03-17,M,Consulting
4241,Mike,Miller,50,Clerk,Toronto,31584,2000-07-13,F,Operations
4242,Lisa,Taylor,23,Manager,Delhi,31576,2016-08-12,M,Management
4243,Jane,Johnson,53,Consultant,Delhi,102053,2021-04-05,F,Consulting
4244,John,Smith,55,Lead,Toronto,51568,2005-06-28,F,Leadership
4245,Sara,Jones,37,Designer,Delhi,92551,2012-02-04,M,Design
4246,Paul,Garcia,31,Lead,New York,46857,2006-10-19,M,Leadership
4247,Paul,Johnson,26,Clerk,London,109575,2008-06-05,M,Operations
4248,Lisa,Williams,34,Consultant,Dubai,95199,2005-01-10,M,Consulting
4249,Sam,Wilson,36,Designer,Berlin,90861,2012-07-17,F,Design
4250,Alex,Miller,60,Architect,Dubai,107158,2007-02-26,F,Architecture
4251,Jane,,23,Intern,London,59117,2009-07-29,F,Training
4252,John,Smith,55,Manager,Tokyo,26279,2008-09-25,F,Management
4253,Lisa,Brown,38,Developer,Sydney,61131,2016-02-27,M,Engineering
4254,Jane,Jones,39,Developer,Berlin,88636,2001-03-06,M,Engineering
4255,Alex,Wilson,39,Analyst,Paris,95435,2024-11-08,M,Analytics
4256,Alex,Taylor,33,Architect,Singapore,118764,2005-11-07,F,Architecture
4257,Lisa,Brown,46,Consultant,Berlin,118761,2017-06-21,F,Consulting
4258,Mike,Jones,60,Manager,Dubai,31762,2002-10-19,M,Management
4259,Mike,Taylor,21,Developer,Sydney,61681,2014-06-29,F,Engineering
4260,Jane,Taylor,55,Designer,London,60070,2000-08-02,M,Design
4261,John,Smith,58,Engineer,Berlin,71487,2012-04-30,M,Engineering
4262,Sara,Miller,58,Designer,Berlin,98189,2020-12-02,M,Design
4263,Jane,Smith,35,Lead,Paris,53200,2018-07-16,M,Leadership
4264,Sam,Wilson,43,Lead,Tokyo,93908,2014-04-11,M,Leadership
4265,Paul,Wilson,50,Clerk,Singapore,77781,2015-11-21,M,Operations
4266,Emma,Johnson,25,Analyst,Sydney,88441,2016-10-08,F,Analytics
4267,Emma,Miller,57,Lead,London,82126,2012-02-01,M,Leadership
4268,Jane,Taylor,19,Intern,Berlin,38885,2016-10-01,M,Training
4269,Mike,Wilson,31,Consultant,New York,29745,2014-10-10,M,Consulting
4270,Alex,Miller,30,Designer,Toronto,63905,2019-08-22,M,Design
4271,Alex,Johnson,34,Manager,Paris,74906,2011-04-28,F,Management
4272,Alex,Brown,60,Developer,London,64720,2018-02-07,F,Engineering
4273,Sara,Brown,56,Architect,Tokyo,38193,2017-05-10,M,Architecture
4274,John,Taylor,59,Analyst,Paris,28083,2007-03-03,M,Analytics
4275,John,Jones,34,Developer,Singapore,86328,2018-08-12,M,Engineering
4276,Mike,Johnson,21,Intern,Dubai,50474,2009-12-13,F,Training
4277,Sam,Taylor,57,Engineer,Singapore,46308,2012-04-09,M,Engineering
4278,Jane,Davis,39,Consultant,New York,100276,2013-10-07,F,Consulting
4279,Alex,Garcia,24,Architect,Sydney,29407,2002-12-27,F,Architecture
4280,Emma,Johnson,52,Developer,Sydney,89322,2006-05-29,M,Engineering
4281,Mike,Jones,19,Lead,Sydney,103895,2024-06-01,F,Leadership
4282,Jane,Johnson,60,Analyst,London,78582,2019-04-08,M,Analytics
4283,John,Wilson,46,Developer,Paris,55646,2008-12-18,F,Engineering
4284,Emma,Miller,32,Manager,Paris,31010,2015-08-24,F,Management
4285,Emma,Williams,22,Engineer,Singapore,64052,2017-05-07,M,Engineering
4286,Tom,Johnson,32,Clerk,New York,72280,2007-12-14,M,Operations
4287,Mike,Smith,54,Lead,Singapore,46440,2008-07-17,M,Leadership
4288,Mike,Johnson,30,Intern,Paris,46468,2007-06-06,M,Training
4289,Tom,Jones,48,Engineer,Sydney,101911,2006-12-11,M,Engineering
4290,Mike,Wilson,27,Architect,Toronto,48249,2002-04-17,M,Architecture
4291,Sara,Garcia,31,Engineer,Dubai,52837,2016-07-28,F,Engineering
4292,Alex,Wilson,59,Manager,Dubai,99013,2018-09-22,M,Management
4293,Paul,Johnson,29,Lead,New York,61038,2020-04-04,F,Leadership
4294,Sam,Jones,29,Analyst,Singapore,40570,2003-03-26,M,Analytics
4295,Sara,Brown,44,Consultant,Berlin,30049,2010-03-24,M,Consulting
4296,Mike,Garcia,22,Lead,Tokyo,79732,2001-03-27,M,Leadership
4297,Alex,Davis,35,Analyst,Dubai,114306,2020-10-06,F,Analytics
4298,Paul,Garcia,35,Designer,London,118052,2007-04-15,F,Design
4299,Sara,Wilson,34,Architect,London,34191,2011-08-30,M,Architecture
4300,Jane,Johnson,51,Clerk,Paris,57841,2020-02-09,F,Operations
4301,Lisa,Williams,41,Analyst,Paris,41809,2020-08-11,M,Analytics
4302,Paul,Garcia,18,Clerk,New York,50069,2020-08-20,F,Operations
4303,Lisa,Miller,19,Engineer,Delhi,82184,2002-07-10,M,Engineering
4304,Jane,Davis,32,Developer,Delhi,53693,2022-12-18,M,Engineering
4305,John,Jones,54,Analyst,Toronto,50257,2013-11-20,F,Analytics
4306,Lisa,Taylor,51,Clerk,Dubai,69282,2000-05-22,M,Operations
4307,Sara,Brown,24,Architect,Paris,33184,2010-06-26,M,Architecture
4308,Jane,Smith,38,Engineer,London,87593,2013-01-01,F,Engineering
4309,John,Taylor,34,Consultant,New York,97252,2003-04-02,M,Consulting
4310,Lisa,Smith,18,Manager,Tokyo,37426,2024-03-05,M,Management
4311,Tom,Brown,31,Clerk,Sydney,85787,2013-07-10,F,Operations
4312,John,Taylor,28,Clerk,Delhi,61943,2004-07-25,M,Operations
4313,Paul,Johnson,21,Designer,Berlin,63923,2008-05-19,F,Design
4314,Tom,Taylor,47,Designer,Paris,68237,2024-04-03,F,Design
4315,Emma,Smith,42,Developer,Delhi,74533,2022-03-16,F,Engineering
4316,Sara,Brown,26,Developer,Singapore,88179,2011-06-01,M,Engineering
4317,John,Brown,53,Engineer,Delhi,108594,2009-08-15,M,Engineering
4318,Sam,Davis,46,Architect,Paris,70489,2007-01-11,F,Architecture
4319,John,Taylor,22,Lead,Dubai,102168,2016-01-29,F,Leadership
4320,Alex,Wilson,22,Engineer,Singapore,92748,2016-11-09,F,Engineering
4321,John,Miller,49,Manager,Delhi,91657,2008-10-31,M,Management
4322,Lisa,Taylor,55,Manager,London,63458,2012-12-06,F,Management
4323,John,Smith,18,Designer,London,30575,2002-07-14,F,Design
4324,Sam,Wilson,54,Architect,Tokyo,103920,2017-09-25,M,Architecture
4325,Paul,Wilson,56,Architect,New York,27105,2024-09-18,F,Architecture
4326,Jane,Garcia,18,Engineer,London,58910,2012-02-27,M,Engineering
4327,Sara,Jones,41,Clerk,Delhi,106172,2015-12-10,F,Operations
4328,John,Garcia,28,Architect,Paris,116367,2009-07-10,M,Architecture
4329,Mike,Johnson,52,Architect,London,99255,2011-06-24,M,Architecture
4330,Tom,Miller,58,Engineer,London,67126,2002-04-04,F,Engineering
4331,Mike,Miller,56,Engineer,Toronto,42448,2023-08-03,F,Engineering
4332,Tom,Wilson,31,Clerk,Singapore,96318,2001-11-23,M,Operations
4333,Sara,Wilson,34,Consultant,Berlin,35055,2021-08-29,F,Consulting
4334,Sam,Johnson,55,Consultant,New York,43095,2001-05-17,F,Consulting
4335,John,Smith,41,Developer,Sydney,86216,2011-06-17,F,Engineering
4336,Sam,Wilson,25,Developer,Delhi,117538,2017-07-27,M,Engineering
4337,Sara,Wilson,27,Designer,Paris,54837,2022-05-09,M,Design
4338,Lisa,Smith,55,Lead,Paris,48982,2013-05-08,F,Leadership
4339,Paul,Davis,48,Manager,Delhi,82473,2016-05-20,F,Management
4340,Lisa,Jones,28,Consultant,Toronto,49377,2017-05-13,F,Consulting
4341,Paul,Taylor,38,Intern,,61722,2019-10-21,M,Training
4342,Jane,Taylor,18,Lead,Berlin,99354,2021-10-13,M,Leadership
4343,Emma,Davis,43,Consultant,Berlin,74093,2008-01-23,M,Consulting
4344,Alex,Brown,47,Engineer,Toronto,39850,2022-11-29,M,Engineering
4345,Jane,Smith,23,Developer,Paris,48690,2019-01-02,F,Engineering
4346,Sara,Smith,37,Designer,Delhi,53157,2000-12-11,M,Design
4347,Paul,Williams,23,Architect,Toronto,37552,2012-08-28,F,Architecture
4348,Emma,Davis,49,Consultant,Berlin,42862,2017-10-28,M,Consulting
4349,Paul,Davis,46,Consultant,Sydney,60353,2024-07-24,M,Consulting
4350,Jane,Johnson,22,Manager,New York,72710,2007-05-01,F,Management
4351,Mike,Brown,48,Lead,Berlin,102164,2014-01-20,M,Leadership
4352,Alex,Wilson,24,Architect,Paris,70591,2001-02-11,F,Architecture
4353,Paul,Williams,44,Clerk,London,85837,2022-06-23,F,Operations
4354,Tom,Smith,19,Intern,London,73248,2022-07-11,F,Training
4355,Mike,Jones,52,Intern,London,78960,2008-05-26,F,Training
4356,Paul,Jones,31,Architect,London,103718,2014-05-13,F,Architecture
4357,Sam,Wilson,39,Intern,Berlin,111055,2010-06-10,F,Training
4358,Tom,Davis,43,Manager,Paris,33483,2003-09-12,M,Management
4359,Alex,Johnson,38,Architect,Toronto,47429,2023-11-27,F,Architecture
4360,Lisa,Wilson,24,Manager,Delhi,119129,2004-08-20,F,Management
4361,Jane,Garcia,21,Clerk,Toronto,49330,2000-01-16,M,Operations
4362,John,Johnson,19,Manager,Sydney,67951,2003-08-18,F,Management
4363,Emma,Garcia,22,Developer,Dubai,33202,2001-01-20,F,Engineering
4364,Lisa,Johnson,36,Lead,New York,74841,2008-02-06,F,Leadership
4365,Jane,Smith,37,Manager,Tokyo,112326,2010-07-06,M,Management
4366,Paul,Brown,40,Architect,New York,49461,2018-08-03,F,Architecture
4367,John,Brown,45,Manager,London,48719,2012-07-11,F,Management
4368,Sam,Jones,52,Lead,Tokyo,96367,2014-04-20,F,Leadership
4369,Paul,Taylor,50,Architect,Berlin,79872,2007-07-11,M,Architecture
4370,Sara,Wilson,51,Designer,London,53383,2008-10-08,M,Design
4371,Emma,Davis,58,Developer,Berlin,31716,2004-09-18,F,Engineering
4372,Emma,Jones,39,Architect,Delhi,85326,2017-11-05,M,Architecture
4373,Sam,Williams,27,Consultant,Singapore,113621,2018-07-24,M,Consulting
4374,Tom,Williams,39,Lead,Sydney,92143,2009-12-07,F,Leadership
4375,Sara,Garcia,43,Intern,London,30198,2002-07-14,M,Training
4376,John,Smith,57,Designer,Singapore,51412,2014-01-18,M,Design
4377,Jane,Jones,38,Designer,Delhi,53972,2013-04-03,F,Design
4378,Mike,Johnson,60,Developer,Tokyo,68879,2022-05-22,F,Engineering
4379,Emma,Davis,29,Manager,Singapore,70740,99-99-9999,F,Management
4380,Tom,Williams,25,Consultant,Singapore,102857,2005-11-10,F,Consulting
4381,Paul,Smith,51,Clerk,Tokyo,112668,2020-10-22,F,Operations
4382,Paul,Smith,43,Architect,Tokyo,109836,2004-12-19,F,Architecture
4383,Emma,Garcia,29,Lead,Sydney,114635,2022-11-18,M,Leadership
4384,Emma,Smith,46,Intern,Tokyo,27222,2023-09-01,F,Training
4385,John,Smith,60,Lead,Singapore,58217,2005-08-20,F,Leadership
4386,Jane,Wilson,22,Developer,Singapore,61878,2021-07-14,M,Engineering
4387,Sara,Davis,28,Engineer,London,45267,2000-10-24,M,Engineering
4388,Sara,Taylor,24,Engineer,Paris,90266,2011-08-27,F,Engineering
4389,Jane,Taylor,27,Lead,New York,101210,2008-08-28,F,Leadership
4390,Paul,Taylor,56,Developer,Delhi,30044,2002-12-23,F,Engineering
4391,Lisa,Davis,26,Consultant,Toronto,59932,2014-04-03,F,Consulting
4392,Paul,Taylor,25,Developer,London,57841,2012-09-08,M,Engineering
4393,Sam,Jones,21,Architect,Singapore,81681,2013-06-09,F,Architecture
4394,Lisa,Brown,44,Clerk,New York,118588,2021-09-26,F,Operations
4395,John,Taylor,22,Clerk,New York,87460,2022-04-18,F,Operations
4396,Sara,Jones,46,Engineer,London,55159,2000-02-24,F,Engineering
4397,Sam,Wilson,59,Clerk,New York,80652,2016-12-26,F,Operations
4398,Mike,Brown,59,Architect,New York,108291,2018-01-04,M,Architecture
4399,Alex,Jones,19,Analyst,Dubai,45752,2003-08-20,M,Analytics
4400,Alex,Garcia,18,Clerk,Tokyo,42293,2011-04-29,M,Operations
4401,Emma,Smith,59,Architect,Tokyo,44561,2003-11-22,F,Architecture
4402,Tom,Davis,20,Designer,Tokyo,72339,2018-08-07,F,Design
4403,Jane,Jones,24,Analyst,Tokyo,95813,2010-04-30,M,Analytics
4404,Emma,Brown,54,Analyst,Tokyo,27858,2002-11-07,M,Analytics
4405,Mike,Jones,20,Developer,Paris,57079,2020-09-27,M,Engineering
4406,Sam,Garcia,38,Engineer,London,40570,2013-09-18,M,Engineering
4407,Sara,Miller,30,Developer,Delhi,116245,2013-08-07,M,Engineering
4408,Emma,Wilson,60,Intern,Tokyo,91056,2011-07-17,M,Training
4409,Mike,Johnson,30,Manager,Berlin,31281,2005-11-25,M,Management
4410,Sam,Garcia,31,Intern,Toronto,88096,2001-03-06,F,Training
4411,Tom,Garcia,56,Consultant,Toronto,40561,2020-03-15,F,Consulting
4412,Sam,Taylor,43,Consultant,Tokyo,110258,2024-10-11,M,Consulting
4413,Lisa,Smith,41,Analyst,Paris,26472,2023-07-20,M,Analytics
4414,Sara,Smith,42,Intern,Sydney,27719,2001-01-23,M,Training
4415,Alex,Garcia,40,Designer,Singapore,71291,2017-03-22,M,Design
4416,Alex,Taylor,48,Engineer,London,77088,2012-02-24,F,Engineering
4417,Tom,Williams,52,Clerk,Paris,88599,2000-09-16,M,Operations
4418,John,Smith,36,Manager,London,84908,2001-04-18,M,Management
4419,Lisa,Taylor,54,Clerk,Dubai,77707,2020-02-02,F,Operations
4420,John,Wilson,52,Designer,Tokyo,28019,2014-05-19,F,Design
4421,Emma,Johnson,56,Architect,Paris,37092,2014-06-10,F,Architecture
4422,Lisa,Miller,55,Engineer,Tokyo,74966,2009-10-16,M,Engineering
4423,Mike,Brown,40,Designer,Paris,43339,2009-10-13,F,Design
4424,Sam,Williams,42,Manager,Delhi,70751,2000-07-20,M,Management
4425,Mike,Jones,35,Clerk,New York,114758,2010-07-24,M,Operations
4426,Sara,Jones,57,Architect,Berlin,95910,2012-12-25,F,Architecture
4427,Jane,Garcia,29,Architect,New York,118645,2016-01-20,F,Architecture
4428,Alex,Brown,27,Engineer,Singapore,94696,2018-04-10,M,Engineering
4429,Paul,Williams,41,Designer,Sydney,110707,2000-02-02,F,Design
4430,Tom,Johnson,22,Engineer,Berlin,98591,2018-11-09,M,Engineering
4431,Alex,Smith,48,Intern,New York,114744,2003-12-08,F,Training
4432,Paul,Smith,51,Consultant,Sydney,100894,2001-05-01,F,Consulting
4433,Mike,Brown,43,Intern,Dubai,34397,2015-02-08,F,Training
4434,Jane,Garcia,40,Analyst,Singapore,85549,2009-02-08,F,Analytics
4435,John,Johnson,40,Manager,Tokyo,104926,2000-08-04,M,Management
4436,Sam,Johnson,56,Lead,Paris,93033,2012-10-06,F,Leadership
4437,Jane,Brown,32,Clerk,Dubai,61696,2022-11-04,F,Operations
4438,John,Williams,51,Intern,Toronto,84085,2008-12-27,M,Training
4439,Jane,Jones,56,Manager,Toronto,76177,2006-03-24,F,Management
4440,Sara,Smith,29,Architect,Delhi,99265,2018-08-11,F,Architecture
4441,Emma,Williams,55,Lead,Singapore,66201,2021-11-27,F,Leadership
4442,Sam,Davis,31,Engineer,Tokyo,78378,2003-01-05,F,Engineering
4443,John,Davis,40,Developer,Dubai,66144,2005-02-20,F,Engineering
4444,Lisa,Williams,24,Intern,Toronto,78013,2010-09-06,F,Training
4445,Alex,Johnson,33,Clerk,Dubai,99005,2022-05-11,M,Operations
4446,Mike,Wilson,33,Engineer,Dubai,65143,2012-10-30,F,Engineering
4447,Jane,Wilson,30,Manager,Delhi,31156,2008-07-06,M,Management
4448,Emma,Taylor,33,Engineer,New York,57755,2014-09-08,M,Engineering
4449,Sara,Brown,47,Intern,Sydney,83511,2009-05-16,M,Training
4450,Alex,Taylor,55,Analyst,Singapore,68921,2004-07-08,M,Analytics
4451,Alex,Miller,28,Lead,Tokyo,106416,2003-08-27,M,Leadership
4452,Sam,Smith,46,Developer,Toronto,119409,2001-11-12,M,Engineering
4453,Alex,Brown,35,Architect,Delhi,101983,2010-07-09,F,Architecture
4454,Paul,Garcia,59,Manager,Sydney,41619,2000-05-31,M,Management
4455,Mike,Taylor,30,Intern,Paris,63718,2002-07-02,F,Training
4456,Sam,Miller,58,Consultant,Tokyo,76988,2014-07-03,F,Consulting
4457,Alex,Taylor,41,Analyst,London,64927,2013-11-18,M,Analytics
4458,John,Johnson,24,Analyst,Toronto,91273,2016-07-07,F,Analytics
4459,Sam,Brown,39,Manager,Singapore,111995,2020-10-30,M,Management
4460,Emma,Garcia,22,Intern,Delhi,34766,2002-09-21,M,Training
4461,Alex,Taylor,43,Clerk,Berlin,104298,2022-04-15,M,Operations
4462,Lisa,Smith,24,Engineer,Singapore,43039,2019-11-20,F,Engineering
4463,Sam,Davis,36,Architect,London,101039,2016-04-14,F,Architecture
4464,Lisa,Wilson,45,Developer,Delhi,28353,2004-07-15,F,Engineering
4465,Mike,Davis,48,Consultant,Delhi,119279,2015-03-10,M,Consulting
4466,Emma,Taylor,24,Engineer,Toronto,102202,2014-02-09,M,Engineering
4467,Tom,Taylor,60,Intern,Tokyo,100084,2009-07-01,M,Training
4468,Sara,Brown,46,Lead,Tokyo,113261,2010-08-12,F,Leadership
4469,Lisa,Miller,39,Intern,Paris,97396,2008-08-04,M,Training
4470,John,Miller,19,Analyst,Delhi,109361,2019-09-06,F,Analytics
4471,Emma,Johnson,47,Intern,Berlin,51615,2019-07-19,F,Training
4472,Tom,Davis,39,Clerk,Sydney,79245,2016-01-30,F,Operations
4473,Tom,Miller,27,Clerk,London,104557,2007-07-09,M,Operations
4474,Lisa,Williams,27,Manager,Paris,117856,2005-06-02,M,Management
4475,Alex,Wilson,22,Lead,Dubai,39704,2007-08-05,F,Leadership
4476,Sam,Brown,31,Analyst,Toronto,107420,2024-08-02,M,Analytics
4477,Tom,Williams,39,Engineer,Paris,48878,2024-11-17,F,Engineering
4478,Sam,Davis,31,Clerk,Berlin,30975,2017-03-22,F,Operations
4479,Alex,Garcia,58,Intern,Dubai,95465,2012-05-24,M,Training
4480,Emma,Jones,37,Engineer,Berlin,83238,2008-08-04,M,Engineering
4481,Alex,Garcia,38,Lead,Paris,84561,2013-08-30,F,Leadership
4482,Tom,Brown,26,Developer,Dubai,75941,2014-04-17,F,Engineering
4483,Alex,Davis,21,Analyst,Delhi,84732,2018-06-27,F,Analytics
4484,Alex,Taylor,21,Intern,Sydney,50950,2023-04-29,M,Training
4485,Alex,Williams,43,Manager,Paris,25795,2017-02-11,F,Management
4486,Sam,Johnson,58,Developer,Berlin,63808,2009-12-23,M,Engineering
4487,Sara,Davis,27,Analyst,Toronto,43424,2006-01-24,M,Analytics
4488,Emma,Jones,37,Developer,Tokyo,74065,2014-02-27,M,Engineering
4489,Sara,Davis,46,Lead,Berlin,62798,2014-03-21,F,Leadership
4490,Sara,Jones,24,Analyst,Berlin,76269,2007-04-11,M,Analytics
4491,Alex,Davis,34,Architect,Singapore,107860,2004-05-05,M,Architecture
4492,Mike,Wilson,34,Architect,Sydney,50208,2013-04-13,M,Architecture
4493,John,Miller,33,Clerk,Berlin,83594,2005-06-16,F,Operations
4494,Lisa,Smith,46,Lead,Paris,30311,2000-06-10,M,Leadership
4495,Paul,Jones,26,Engineer,Singapore,32815,2015-11-05,M,Engineering
4496,John,Williams,28,Engineer,Sydney,45856,2000-07-21,M,Engineering
4497,John,Taylor,49,Architect,Dubai,35497,2010-06-24,F,Architecture
4498,Emma,Jones,48,Designer,Berlin,35738,2012-03-02,F,Design
4499,Mike,Miller,34,Manager,Berlin,37584,2020-11-18,M,Management
4500,Sara,Davis,57,Analyst,Dubai,59008,2023-08-19,M,Analytics
4501,Paul,Wilson,40,Designer,Toronto,35970,2014-07-22,M,Design
4502,Emma,Williams,25,Consultant,Sydney,111985,2009-07-11,F,Consulting
4503,Paul,Williams,36,Analyst,Dubai,80448,2005-08-23,F,Analytics
4504,Emma,Smith,19,Developer,Berlin,93059,2015-10-05,F,Engineering
4505,Lisa,Taylor,59,Designer,London,54260,2006-09-26,M,Design
4506,Sam,Garcia,35,Intern,New York,102826,2008-11-14,M,Training
4507,Sara,Jones,22,Architect,Dubai,41174,2015-12-31,M,Architecture
4508,Sam,Davis,32,Lead,Toronto,115721,2020-07-15,M,Leadership
4509,Tom,Garcia,37,Consultant,Delhi,51516,2011-11-12,F,Consulting
4510,Tom,Johnson,52,Lead,London,94863,2009-07-11,M,Leadership
4511,Lisa,Miller,42,Manager,London,72711,2023-01-07,M,Management
4512,Sam,Johnson,18,Analyst,Tokyo,67913,2015-04-20,M,Analytics
4513,John,Smith,36,Intern,Sydney,90794,2015-03-29,F,Training
4514,Emma,Miller,38,Designer,London,49934,2014-03-21,M,Design
4515,Sara,Jones,48,Developer,Paris,36322,2002-08-13,M,Engineering
4516,Sara,Taylor,20,Consultant,Sydney,77846,2005-10-05,M,Consulting
4517,Emma,Davis,23,Consultant,Paris,28784,2022-12-04,F,Consulting
4518,Emma,Jones,54,Designer,Tokyo,55343,2019-07-26,F,Design
4519,Sara,Jones,,Architect,Paris,48109,2003-10-01,M,Architecture
4520,Mike,Wilson,27,Manager,Berlin,96779,2022-12-30,F,Management
4521,Mike,Brown,46,Engineer,Singapore,103418,2024-11-11,M,Engineering
4522,Jane,Johnson,28,Intern,Toronto,75526,2003-08-05,F,Training
4523,John,Jones,32,Developer,Delhi,34389,2014-08-12,F,Engineering
4524,Paul,Johnson,42,Manager,Delhi,61007,2002-08-18,M,Management
4525,John,Davis,24,Consultant,Berlin,49618,2013-12-28,F,Consulting
4526,Sam,Taylor,42,Designer,Singapore,62359,2015-05-28,F,Design
4527,Sam,Davis,32,Consultant,New York,48297,2001-03-01,M,Consulting
4528,Tom,Miller,39,Consultant,Toronto,48129,2001-02-11,F,Consulting
4529,Jane,Garcia,25,Intern,Singapore,89995,2007-05-31,M,Training
4530,Lisa,Smith,42,Consultant,New York,34272,2005-07-30,F,Consulting
4531,Sam,Davis,44,Clerk,Sydney,28033,2008-12-18,F,Operations
4532,Sara,Jones,57,Analyst,London,42724,2021-02-17,M,Analytics
4533,Tom,Brown,46,Analyst,Toronto,49753,2011-12-25,M,Analytics
4534,Alex,Miller,58,Manager,New York,106427,2022-04-01,F,Management
4535,Mike,Smith,27,Manager,Delhi,78135,2010-12-28,F,Management
4536,Sara,Johnson,50,Consultant,Delhi,92599,2000-09-29,F,Consulting
4537,Tom,Garcia,20,Intern,Toronto,119766,2004-04-30,F,Training
4538,Paul,Jones,44,Consultant,Dubai,85459,2018-02-09,M,Consulting
4539,Jane,Johnson,60,Designer,Dubai,72116,2014-01-14,F,Design
4540,Sam,Williams,50,Intern,Toronto,81963,2004-03-12,F,Training
4541,John,Davis,56,Manager,London,76401,2011-01-01,M,Management
4542,Sam,Johnson,19,Developer,Singapore,47758,2007-03-23,M,Engineering
4543,Emma,Smith,58,Architect,Singapore,101881,2012-01-09,M,Architecture
4544,Alex,Johnson,49,Intern,Singapore,116368,2003-02-28,M,Training
4545,Tom,Jones,46,Designer,New York,105400,2015-02-03,F,Design
4546,John,Williams,46,Intern,Tokyo,84441,2019-05-21,M,Training
4547,Sara,Davis,32,Clerk,New York,55477,2012-02-10,F,Operations
4548,Emma,Taylor,21,Intern,Dubai,29350,2013-02-12,M,Training
4549,Sam,Brown,23,Developer,London,34955,2018-02-07,M,Engineering
4550,Sara,Garcia,56,Analyst,Dubai,97666,2002-06-16,F,Analytics
4551,Sara,Smith,26,Designer,Toronto,79001,2021-04-14,F,Design
4552,Tom,Miller,36,Designer,Sydney,103575,2014-10-13,M,Design
4553,Jane,Smith,27,Clerk,Sydney,85333,2012-01-08,F,Operations
4554,Mike,Brown,38,Intern,Delhi,107125,2019-12-29,M,Training
4555,Emma,Garcia,43,Engineer,Paris,115329,2021-01-18,F,Engineering
4556,Tom,Davis,51,Architect,Tokyo,42050,2013-04-06,M,Architecture
4557,Alex,Johnson,50,Clerk,New York,33276,2011-04-26,F,Operations
4558,Sam,Smith,59,Clerk,Delhi,83509,2024-06-18,M,Operations
4559,Paul,Smith,40,Lead,New York,86724,2016-01-15,M,Leadership
4560,Sam,Johnson,56,Clerk,Dubai,84767,2008-08-13,F,Operations
4561,Paul,Jones,22,Manager,Dubai,118462,2022-05-22,M,Management
4562,Sam,Johnson,59,Designer,Delhi,39706,2011-10-04,M,Design
4563,Sam,Wilson,57,Developer,Dubai,98144,2024-06-29,F,Engineering
4564,Jane,Garcia,32,Analyst,Delhi,107412,2011-01-25,F,Analytics
4565,Mike,Johnson,56,Lead,Berlin,68019,2007-12-28,F,Leadership
4566,Jane,Smith,42,Consultant,Sydney,67535,2024-06-22,M,Consulting
4567,Mike,Smith,33,Designer,London,65518,2016-07-20,F,Design
4568,Paul,Taylor,58,Consultant,Berlin,90088,2005-08-20,F,Consulting
4569,Lisa,Jones,48,Intern,New York,41220,2007-08-19,F,Training
4570,John,Garcia,49,Developer,Dubai,102853,2011-03-02,F,Engineering
4571,Tom,Miller,44,Architect,Berlin,36775,2023-04-16,M,Architecture
4572,Lisa,Taylor,43,Designer,Tokyo,106288,2002-12-18,M,Design
4573,Jane,Miller,47,Designer,London,78378,2014-12-29,M,Design
4574,Emma,Williams,48,Consultant,Sydney,52676,2004-11-26,M,Consulting
4575,Lisa,Davis,55,Clerk,Sydney,93889,2019-09-14,M,Operations
4576,Tom,Wilson,59,Manager,New York,89805,2013-03-11,F,Management
4577,Paul,Johnson,59,Designer,New York,115925,2004-08-28,M,Design
4578,Tom,Garcia,45,Developer,Berlin,86786,2014-09-17,M,Engineering
4579,Tom,Garcia,35,Lead,Dubai,82668,2024-10-16,M,Leadership
4580,Lisa,Taylor,49,Intern,Sydney,95130,2008-12-14,F,Training
4581,Sara,Miller,42,Engineer,Tokyo,99443,2012-04-23,F,Engineering
4582,Emma,Smith,28,Consultant,Singapore,73515,2003-04-28,M,Consulting
4583,John,Davis,42,Clerk,Paris,60756,2009-11-08,M,Operations
4584,Mike,Brown,41,Designer,Berlin,97164,2018-05-12,M,Design
4585,Lisa,Miller,20,Developer,Toronto,82676,2008-12-09,F,Engineering
4586,Sam,Williams,31,Analyst,Toronto,118400,2019-10-07,M,Analytics
4587,Alex,Johnson,38,Consultant,Berlin,54100,2024-06-04,F,Consulting
4588,Emma,Brown,20,Clerk,London,52558,2006-08-26,F,Operations
4589,Mike,Davis,44,Designer,Tokyo,41708,2014-01-19,F,Design
4590,Mike,Garcia,33,Architect,Dubai,79242,2024-04-22,M,Architecture
4591,Mike,Smith,20,Analyst,Singapore,70002,2009-10-02,M,Analytics
4592,Tom,Miller,36,Developer,Berlin,84884,2022-11-23,M,Engineering
4593,Alex,Johnson,56,Developer,Toronto,65065,2000-05-02,F,Engineering
4594,Lisa,Wilson,39,Engineer,Paris,95486,2018-04-02,F,Engineering
4595,Jane,Davis,21,Analyst,Paris,39377,2018-07-10,F,Analytics
4596,Sara,Williams,46,Designer,Singapore,80206,2014-10-18,F,Design
4597,Mike,Smith,29,Manager,New York,67493,2024-05-18,M,Management
4598,Paul,Taylor,35,Consultant,Tokyo,39124,2014-07-27,M,Consulting
4599,Jane,Garcia,34,Lead,London,81407,2009-06-30,M,Leadership
4600,Sara,Williams,36,Developer,Sydney,57265,2001-07-14,F,Engineering
4601,Sara,Garcia,34,Analyst,Berlin,73027,2022-03-18,M,Analytics
4602,Alex,Garcia,40,Analyst,Dubai,103200,2006-06-28,M,Analytics
4603,Sam,Williams,19,Lead,London,41138,2024-05-29,M,Leadership
4604,Lisa,Williams,46,Lead,Delhi,60870,2021-09-04,F,Leadership
4605,Lisa,Davis,40,Engineer,London,69177,2007-05-04,M,Engineering
4606,Emma,Davis,32,Clerk,Tokyo,28205,2002-07-01,M,Operations
4607,Lisa,Miller,24,Lead,Dubai,115045,2024-10-30,F,Leadership
4608,Lisa,Taylor,51,Intern,Singapore,86735,2018-12-06,F,Training
4609,Lisa,Davis,56,Designer,Sydney,92303,2015-06-12,M,Design
4610,Lisa,Jones,43,Manager,Tokyo,89166,2014-06-13,M,Management
4611,John,Williams,56,Designer,Sydney,30272,2000-01-15,M,Design
4612,Emma,Johnson,54,Intern,Berlin,85483,2012-06-06,M,Training
4613,Emma,Jones,37,Architect,Tokyo,96613,2019-01-02,F,Architecture
4614,Lisa,Wilson,51,Consultant,Berlin,76491,2014-02-17,F,Consulting
4615,John,Wilson,33,Clerk,Dubai,115878,2002-08-09,M,Operations
4616,Emma,Brown,56,Engineer,London,60488,2006-09-11,M,Engineering
4617,Emma,Brown,28,Architect,Berlin,57441,2004-02-12,M,Architecture
4618,Emma,Johnson,53,Consultant,Sydney,83091,2014-09-19,F,Consulting
4619,Emma,Miller,32,Manager,New York,30922,2021-02-08,F,Management
4620,Tom,Davis,19,Intern,Toronto,43247,2001-04-12,M,Training
4621,Tom,Miller,21,Clerk,Singapore,94139,2009-07-26,F,Operations
4622,Emma,Brown,47,Manager,London,67462,2017-12-25,M,Management
4623,Jane,Taylor,21,Developer,Singapore,29419,2006-01-11,F,Engineering
4624,Tom,Wilson,60,Developer,Singapore,63740,2017-10-02,M,Engineering
4625,Paul,Garcia,48,Intern,Singapore,43977,2010-07-24,M,Training
4626,Sara,Brown,41,Architect,London,71927,2004-07-29,F,Architecture
4627,Sam,Williams,55,Developer,Toronto,87011,2005-01-10,F,Engineering
4628,Alex,Davis,30,Developer,London,99233,2018-06-24,F,Engineering
4629,Alex,Smith,35,Analyst,Tokyo,43492,2010-10-24,F,Analytics
4630,Mike,Davis,41,Developer,Delhi,61259,2001-11-08,F,Engineering
4631,Jane,Johnson,25,Intern,Berlin,39724,2001-08-08,F,Training
4632,Tom,Jones,50,Developer,Singapore,32825,2024-10-04,F,Engineering
4633,Lisa,Jones,42,Designer,Tokyo,73252,2008-11-17,M,Design
4634,Tom,Davis,59,Engineer,Paris,96177,2019-03-31,M,Engineering
4635,Tom,Davis,55,Clerk,London,99740,2009-07-07,M,Operations
4636,John,Taylor,22,Architect,Toronto,76843,2021-03-19,M,Architecture
4637,Mike,Davis,20,Intern,Singapore,101014,2008-11-27,F,Training
4638,Jane,Smith,37,Lead,Sydney,33550,2004-01-07,M,Leadership
4639,Paul,Garcia,59,Analyst,Toronto,85932,2013-03-03,F,Analytics
4640,Paul,Smith,60,Designer,Sydney,108882,2001-10-02,M,Design
4641,Sam,Smith,60,Architect,Sydney,90856,2010-10-07,M,Architecture
4642,Paul,Miller,58,Lead,New York,31024,2013-09-05,M,Leadership
4643,Emma,Wilson,29,Engineer,Singapore,66404,2016-09-22,F,Engineering
4644,John,Johnson,46,Designer,Dubai,110609,2011-06-12,F,Design
4645,Sam,Davis,48,Designer,London,104622,2013-10-12,F,Design
4646,Lisa,Williams,41,Designer,New York,107176,2019-09-04,F,Design
4647,Paul,Williams,20,Engineer,Singapore,67442,2003-04-02,F,Engineering
4648,Lisa,Taylor,18,Analyst,Berlin,60381,2020-05-25,F,Analytics
4649,Mike,Wilson,59,Manager,London,28754,2014-12-28,F,Management
4650,Paul,Smith,60,Architect,Berlin,64359,2022-05-05,F,Architecture
4651,Paul,Brown,57,Developer,Sydney,44225,2001-10-05,F,Engineering
4652,Sara,Williams,42,Intern,Paris,28335,2004-11-12,M,Training
4653,Tom,Jones,43,Clerk,Berlin,42940,2005-04-21,M,Operations
4654,Mike,Williams,36,Consultant,Paris,116873,2013-02-01,F,Consulting
4655,Sara,Williams,57,Designer,Paris,27205,2004-06-05,M,Design
4656,Paul,Johnson,21,Intern,New York,105257,2008-01-10,M,Training
4657,Mike,Johnson,43,Designer,Singapore,80143,2017-07-01,F,Design
4658,Lisa,Garcia,20,Designer,Toronto,48945,2004-07-02,F,Design
4659,John,Miller,18,Engineer,Berlin,75669,2004-01-15,F,Engineering
4660,Jane,Smith,46,Analyst,Sydney,69765,2012-10-25,M,Analytics
4661,Mike,Jones,37,Developer,Dubai,59363,2022-04-15,F,Engineering
4662,Mike,Brown,54,Analyst,Berlin,43358,2024-10-28,F,Analytics
4663,Tom,Davis,34,Consultant,Berlin,63136,2014-04-20,M,Consulting
4664,Mike,Miller,54,Designer,Paris,36646,2007-04-06,F,Design
4665,Alex,Miller,56,Analyst,Singapore,78881,2022-05-28,M,Analytics
4666,Alex,Williams,25,Consultant,Tokyo,63554,2021-01-12,M,Consulting
4667,Lisa,Williams,51,Intern,Paris,93750,2003-10-26,M,Training
4668,Paul,Williams,58,Manager,London,44398,2009-05-23,F,Management
4669,John,Brown,26,Lead,Dubai,85638,2005-04-13,M,Leadership
4670,John,Miller,40,Analyst,Dubai,98452,2024-08-16,F,Analytics
4671,Sara,Miller,41,Designer,Dubai,83621,2004-10-31,F,Design
4672,Emma,Smith,37,Analyst,Toronto,25677,2012-04-21,M,Analytics
4673,Paul,Smith,51,Engineer,Tokyo,54069,2022-03-22,M,Engineering
4674,Emma,Taylor,37,Intern,Delhi,101262,2000-05-17,M,Training
4675,Mike,Smith,47,Architect,Berlin,44237,2021-11-04,M,Architecture
4676,Sam,Brown,47,Lead,London,117988,2018-11-27,M,Leadership
4677,Jane,Davis,45,Architect,London,26094,2010-03-15,F,Architecture
4678,Sara,Brown,52,Designer,Singapore,114069,2004-07-07,M,Design
4679,Mike,Williams,54,Consultant,New York,101410,2004-01-11,F,Consulting
4680,Tom,Williams,43,Analyst,Berlin,103930,2005-05-10,M,Analytics
4681,Alex,Davis,49,Engineer,Dubai,47732,2022-03-08,F,Engineering
4682,Paul,Williams,41,Engineer,Berlin,72635,2003-09-27,M,Engineering
4683,Sam,Johnson,55,Clerk,Toronto,87427,2000-01-22,F,Operations
4684,Paul,Taylor,55,Consultant,Tokyo,79679,2022-03-08,F,Consulting
4685,Jane,Garcia,57,Manager,Paris,32724,2004-02-13,F,Management
4686,Sara,Wilson,29,Lead,Tokyo,49990,2016-12-24,M,Leadership
4687,John,Davis,39,Designer,Delhi,114779,2016-08-26,M,Design
4688,Alex,Davis,33,Analyst,Dubai,46339,2001-07-04,F,Analytics
4689,Paul,Johnson,49,Lead,New York,83337,2004-06-14,M,Leadership
4690,Lisa,Johnson,18,Engineer,Singapore,44396,2020-02-03,M,Engineering
4691,Emma,Johnson,27,Clerk,Sydney,50235,2022-02-06,M,Operations
4692,Lisa,Garcia,26,Analyst,Paris,60622,2019-05-31,F,Analytics
4693,Mike,Williams,41,Lead,Singapore,112504,2000-03-09,M,Leadership
4694,Alex,Taylor,60,Analyst,New York,75993,2007-12-26,F,Analytics
4695,Tom,Wilson,43,Manager,London,71298,2003-11-18,M,Management
4696,Emma,Miller,44,Architect,Toronto,31725,2002-11-14,F,Architecture
4697,Lisa,Johnson,40,Manager,Dubai,102872,2005-02-28,F,Management
4698,Paul,Miller,40,Architect,Tokyo,44010,2004-01-17,F,Architecture
4699,John,Johnson,25,Lead,Toronto,38852,2021-09-14,M,Leadership
4700,Jane,Garcia,23,Intern,Berlin,116702,2015-12-24,M,Training
4701,Jane,Williams,38,Analyst,Paris,77084,2014-12-04,M,Analytics
4702,Emma,Garcia,55,Developer,London,36270,2009-03-16,F,Engineering
4703,Tom,Jones,51,Analyst,Paris,101778,2017-08-04,M,Analytics
4704,John,Brown,28,Designer,Berlin,91590,2006-11-07,F,Design
4705,Mike,Wilson,56,Clerk,Toronto,76758,2011-11-20,F,Operations
4706,Mike,Davis,27,Developer,Sydney,50485,2021-09-29,M,Engineering
4707,Paul,Jones,29,Intern,Toronto,115695,2019-06-29,M,Training
4708,Alex,Johnson,51,Manager,Singapore,71692,2001-03-30,M,Management
4709,Alex,Garcia,31,Architect,London,96434,2008-06-17,M,Architecture
4710,Tom,Taylor,19,Designer,London,90477,2015-03-22,F,Design
4711,John,Davis,45,Lead,London,79421,2009-01-19,M,Leadership
4712,Lisa,Wilson,48,Analyst,Sydney,66963,2021-05-26,M,Analytics
4713,Paul,Wilson,27,Manager,Toronto,67341,2015-09-11,M,Management
4714,Mike,Miller,21,Manager,London,84175,2004-11-09,F,Management
4715,Tom,Williams,48,Consultant,New York,41626,2008-01-26,F,Consulting
4716,Alex,Taylor,52,Clerk,Delhi,101861,2019-04-20,F,Operations
4717,Sara,Jones,31,Lead,London,103627,2006-08-31,M,Leadership
4718,Tom,Miller,35,Architect,Sydney,115619,2020-03-28,M,Architecture
4719,Alex,Jones,28,Analyst,Paris,49942,2013-11-12,M,Analytics
4720,Alex,Garcia,48,Clerk,Sydney,101197,2009-10-16,F,Operations
4721,Paul,Garcia,50,Intern,Paris,44829,2017-04-02,F,Training
4722,Alex,Wilson,45,Clerk,Tokyo,91062,2004-09-03,F,Operations
4723,Mike,Taylor,60,Clerk,Toronto,56840,2009-08-02,F,Operations
4724,Mike,Williams,19,Intern,Paris,29582,2009-11-10,F,Training
4725,Paul,Wilson,34,Clerk,Delhi,63719,2009-11-01,M,Operations
4726,Jane,Jones,50,Designer,Berlin,48939,2011-03-02,F,Design
4727,Sara,Johnson,47,Lead,Toronto,113403,2006-11-13,M,Leadership
4728,Mike,Garcia,42,Consultant,Toronto,49812,2018-11-26,F,Consulting
4729,Mike,Smith,56,Clerk,Berlin,67229,2018-09-08,M,Operations
4730,John,Williams,35,Engineer,New York,59730,2000-05-03,M,Engineering
4731,Lisa,Wilson,32,Clerk,Delhi,77786,2003-05-14,F,Operations
4732,Emma,Brown,54,Consultant,New York,57740,2017-07-21,F,Consulting
4733,Paul,Jones,31,Consultant,Singapore,76759,2018-06-09,M,Consulting
4734,Mike,Jones,32,Intern,Dubai,44238,2003-01-21,M,Training
4735,Jane,Jones,54,Analyst,Toronto,97874,2015-11-27,F,Analytics
4736,Paul,Miller,18,Consultant,New York,33581,2000-11-14,M,Consulting
4737,Paul,Smith,54,Engineer,Toronto,112758,2009-07-07,F,Engineering
4738,Alex,Williams,36,Analyst,Delhi,90022,2014-01-16,F,Analytics
4739,Tom,Brown,23,Engineer,New York,41055,2024-06-26,F,Engineering
4740,Tom,Garcia,34,Clerk,Toronto,113526,2008-10-03,M,Operations
4741,Paul,Davis,26,Manager,Berlin,80641,2023-11-16,M,Management
4742,Alex,Taylor,35,Clerk,Sydney,56205,2012-05-31,F,Operations
4743,Sam,Wilson,37,Intern,Singapore,28140,2008-01-14,M,Training
4744,Paul,Davis,49,Analyst,Tokyo,104705,2015-12-23,M,Analytics
4745,Paul,Smith,52,Designer,Berlin,50396,2014-10-27,M,Design
4746,Lisa,Smith,59,Analyst,Berlin,107844,2014-10-15,F,Analytics
4747,John,Williams,46,Architect,New York,59850,2012-04-05,M,Architecture
4748,Sam,Taylor,37,Clerk,Tokyo,58436,2021-01-25,F,Operations
4749,Alex,Smith,51,Architect,Delhi,25912,2000-03-21,F,Architecture
4750,Alex,Taylor,18,Intern,London,37006,2018-07-10,F,Training
4751,Sam,Johnson,55,Clerk,Singapore,35390,2009-12-01,M,Operations
4752,Jane,Davis,29,Manager,London,43474,2010-02-27,F,Management
4753,Mike,Williams,40,Analyst,Singapore,26225,2011-10-08,F,Analytics
4754,Sara,Brown,38,Intern,London,46699,2014-03-11,F,Training
4755,Alex,Davis,48,Designer,New York,95521,2010-02-17,M,Design
4756,Sara,Johnson,30,Lead,Delhi,103263,2023-05-03,M,Leadership
4757,Alex,Brown,48,Designer,Singapore,82730,2001-02-23,M,Design
4758,Lisa,Jones,58,Intern,Paris,39132,2023-11-21,M,Training
4759,Sam,Smith,24,Consultant,Berlin,111181,2020-01-24,M,Consulting
4760,Jane,Davis,28,Engineer,London,30024,2007-05-27,M,Engineering
4761,Sara,Taylor,56,Architect,Tokyo,57584,2022-11-12,F,Architecture
4762,Alex,Davis,21,Manager,Tokyo,62478,2004-02-25,F,Management
4763,Mike,Davis,29,Analyst,Berlin,75607,2014-01-21,F,Analytics
4764,Tom,Johnson,21,Engineer,Singapore,85489,2016-02-28,F,Engineering
4765,Sara,Garcia,46,Intern,Berlin,35561,2016-08-07,F,Training
4766,Tom,Garcia,33,Clerk,New York,115122,2003-12-06,M,Operations
4767,Paul,Davis,54,Lead,Delhi,95824,2014-05-28,M,Leadership
4768,John,Jones,42,Developer,Singapore,116200,2004-12-31,M,Engineering
4769,Mike,Miller,43,Analyst,Tokyo,59077,2006-03-30,M,Analytics
4770,Paul,Davis,30,Architect,New York,93202,2023-02-27,M,Architecture
4771,Emma,Taylor,34,Analyst,Singapore,102698,2004-08-11,M,Analytics
4772,Sara,Brown,24,Designer,Paris,91721,2008-02-20,F,Design
4773,Lisa,Garcia,52,Clerk,Dubai,83974,2009-10-22,M,Operations
4774,Tom,Miller,28,Clerk,Singapore,30479,2002-06-17,F,Operations
4775,Sam,Davis,39,Architect,Singapore,113418,2024-09-05,F,Architecture
4776,John,Miller,30,Engineer,Paris,51738,2005-09-09,F,Engineering
4777,Sam,Taylor,41,Intern,London,39490,2024-11-14,F,Training
4778,Alex,Taylor,57,Developer,New York,119030,2017-07-28,F,Engineering
4779,Emma,Smith,56,Architect,Tokyo,92506,2012-03-17,F,Architecture
4780,Emma,Smith,54,Architect,London,116905,2018-12-17,M,Architecture
4781,Sara,Taylor,21,Analyst,Dubai,112562,2013-11-23,F,Analytics
4782,Alex,Johnson,49,Designer,Sydney,92461,2010-04-16,F,Design
4783,Tom,Davis,48,Analyst,Delhi,74665,2015-09-26,M,Analytics
4784,John,Miller,59,Designer,Berlin,38673,2021-03-12,M,Design
4785,John,Davis,49,Intern,Sydney,108351,2019-05-05,F,Training
4786,Mike,Wilson,31,Manager,New York,87879,2015-07-28,M,Management
4787,Mike,Garcia,54,Intern,Dubai,111584,2007-10-13,M,Training
4788,Sam,Taylor,51,Consultant,Paris,48039,2000-02-04,M,Consulting
4789,Emma,Garcia,32,Manager,Tokyo,96190,2017-12-31,F,Management
4790,Jane,Brown,60,Engineer,Singapore,57832,2023-04-02,M,Engineering
4791,Alex,Davis,32,Consultant,London,56807,2015-02-13,M,Consulting
4792,Paul,Taylor,54,Engineer,Sydney,39347,2009-07-21,F,Engineering
4793,Alex,Jones,46,Analyst,Tokyo,96157,2019-12-24,M,Analytics
4794,Mike,Smith,54,Consultant,Sydney,92745,2023-06-10,F,Consulting
4795,Jane,Wilson,44,Clerk,Paris,53252,2017-12-14,F,Operations
4796,John,Garcia,51,Manager,Dubai,105072,2001-01-25,M,Management
4797,Jane,Jones,40,Intern,Singapore,50226,2006-05-21,M,Training
4798,Emma,Jones,59,Developer,Berlin,35166,2013-03-26,F,Engineering
4799,Lisa,Jones,23,Architect,New York,110585,2003-06-07,F,Architecture
4800,Jane,Garcia,27,Engineer,Dubai,39331,2016-06-04,M,Engineering
4801,John,Taylor,51,Analyst,Sydney,74803,2012-10-06,F,Analytics
4802,Sam,Garcia,33,Consultant,Toronto,45721,2003-07-01,F,Consulting
4803,Mike,Johnson,40,Engineer,London,103258,2000-07-12,F,Engineering
4804,Jane,Miller,50,Manager,Tokyo,84746,2003-11-26,F,Management
4805,Alex,Johnson,33,Engineer,Dubai,25193,2015-02-12,F,Engineering
4806,Mike,Davis,23,Consultant,Sydney,75655,2009-04-13,F,Consulting
4807,Paul,Smith,40,Lead,Delhi,117487,2004-12-25,F,Leadership
4808,Sam,Williams,23,Architect,Toronto,110361,2020-07-20,F,Architecture
4809,Sara,Johnson,25,Lead,Sydney,39324,2023-07-13,F,Leadership
4810,Paul,Wilson,58,Analyst,New York,57005,2018-01-30,M,Analytics
4811,Tom,Williams,34,Engineer,Dubai,68058,2008-10-21,F,Engineering
4812,Sam,Miller,50,Manager,Sydney,54039,2012-04-05,F,Management
4813,Mike,Wilson,50,Lead,Delhi,67288,2023-02-20,F,Leadership
4814,Emma,Jones,20,Clerk,Singapore,67365,2018-06-10,F,Operations
4815,Alex,Jones,50,Lead,Sydney,106680,2023-08-08,M,Leadership
4816,Lisa,Brown,31,Consultant,New York,92156,2010-04-23,F,Consulting
4817,Sam,Jones,57,Consultant,New York,27992,2007-03-01,M,Consulting
4818,Mike,Miller,40,Developer,New York,44097,2002-07-26,M,Engineering
4819,Sara,Brown,59,Engineer,Paris,110006,2002-04-17,F,Engineering
4820,Emma,Davis,51,Lead,London,99225,2008-09-26,M,Leadership
4821,Alex,Jones,23,Consultant,Singapore,55509,2002-09-23,M,Consulting
4822,Sara,Taylor,57,Developer,Paris,60383,2023-05-06,F,Engineering
4823,Jane,Davis,49,Designer,Singapore,108419,2004-07-06,F,Design
4824,Alex,Smith,22,Clerk,Dubai,102529,2007-12-16,F,Operations
4825,Alex,Garcia,55,Intern,New York,40061,2015-06-29,F,Training
4826,Emma,Wilson,51,Developer,Berlin,109742,2004-03-16,F,Engineering
4827,Paul,Miller,58,Developer,Dubai,49680,2013-08-30,F,Engineering
4828,Alex,Miller,53,Developer,Delhi,115865,2012-08-16,M,Engineering
4829,Sam,Miller,46,Consultant,Toronto,29875,2018-12-03,F,Consulting
4830,Sam,Smith,25,Intern,Delhi,108483,2017-02-21,F,Training
4831,Sara,Wilson,39,Engineer,Tokyo,86671,2022-05-12,F,Engineering
4832,Mike,Wilson,31,Clerk,Dubai,114224,2013-06-29,F,Operations
4833,Tom,Smith,20,Developer,Paris,83734,2014-08-07,F,Engineering
4834,Paul,Miller,37,Clerk,Delhi,66994,2003-03-01,M,Operations
4835,Jane,Jones,32,Clerk,Dubai,113579,2019-09-30,F,Operations
4836,Alex,Garcia,29,Clerk,Paris,89928,2016-01-06,F,Operations
4837,Jane,Miller,50,Lead,Berlin,119865,2014-09-09,F,Leadership
4838,Tom,Williams,53,Designer,Sydney,62107,2021-12-17,F,Design
4839,Sam,Jones,41,Clerk,London,54094,2007-12-26,F,Operations
4840,John,Taylor,58,Designer,London,53686,2009-06-14,M,Design
4841,Emma,Johnson,39,Analyst,Dubai,53109,2014-12-19,F,Analytics
4842,Sara,Miller,29,Designer,Tokyo,104974,2011-09-20,F,Design
4843,Sam,Miller,44,Developer,London,79269,2000-07-16,M,Engineering
4844,Alex,Taylor,19,Architect,Paris,117565,2001-01-25,M,Architecture
4845,Lisa,Garcia,51,Manager,Sydney,61172,2008-02-09,M,Management
4846,John,Miller,20,Lead,London,43431,2005-12-30,F,Leadership
4847,John,Davis,29,Consultant,London,56709,2001-02-15,F,Consulting
4848,Emma,Miller,35,Lead,Dubai,36048,2022-04-12,F,Leadership
4849,Sam,Smith,42,Intern,Paris,89849,2024-02-08,M,Training
4850,Jane,Johnson,36,Lead,Toronto,28746,2007-02-26,F,Leadership
4851,Alex,Brown,51,Consultant,London,49760,2018-05-18,F,Consulting
4852,John,Jones,28,Consultant,Berlin,95060,2022-04-12,F,Consulting
4853,Sara,Smith,56,Architect,Delhi,76292,2009-10-25,M,Architecture
4854,Sam,Garcia,27,Analyst,Dubai,107097,2001-06-16,F,Analytics
4855,Paul,Davis,18,Architect,Singapore,48810,2004-06-26,F,Architecture
4856,Tom,Brown,22,Clerk,Dubai,41307,2012-01-29,F,Operations
4857,Mike,Garcia,42,Engineer,Berlin,84466,2006-07-30,F,Engineering
4858,Sam,Taylor,28,Developer,Toronto,111908,2018-03-28,F,Engineering
4859,Sam,Davis,32,Designer,Berlin,99794,2023-06-22,F,Design
4860,Sara,Miller,45,Manager,Toronto,40905,2022-05-18,F,Management
4861,Alex,Davis,52,Lead,Delhi,55742,2022-11-17,M,Leadership
4862,John,Wilson,50,Intern,Delhi,116665,2006-07-01,M,Training
4863,Jane,Smith,54,Developer,Toronto,38609,2023-07-13,F,Engineering
4864,Tom,Miller,36,Manager,Paris,56294,2019-01-22,F,Management
4865,Tom,Jones,59,Consultant,London,30590,2015-10-27,F,Consulting
4866,Mike,Johnson,39,Lead,Sydney,31291,2012-06-07,M,Leadership
4867,Sara,Miller,45,Clerk,Dubai,35890,2006-10-11,F,Operations
4868,Tom,Taylor,27,Clerk,Dubai,85512,2005-09-25,M,Operations
4869,Lisa,Davis,46,Architect,Delhi,93107,2014-02-10,F,Architecture
4870,Sara,Jones,31,Analyst,Tokyo,59813,2011-11-30,F,Analytics
4871,Mike,Jones,44,Analyst,Berlin,87015,2000-03-24,M,Analytics
4872,Sam,Brown,21,Analyst,New York,93378,2004-02-17,M,Analytics
4873,Tom,Brown,38,Developer,Singapore,41750,2008-07-12,F,Engineering
4874,Mike,Miller,42,Lead,New York,35170,2020-11-15,F,Leadership
4875,Sara,Davis,50,Manager,Singapore,89077,2009-08-04,F,Management
4876,Lisa,Wilson,59,Analyst,London,99861,2015-10-21,F,Analytics
4877,Mike,Taylor,27,Consultant,New York,95538,2008-02-26,M,Consulting
4878,Sam,Jones,42,Analyst,Singapore,88904,2017-09-12,M,Analytics
4879,Sam,Johnson,43,Designer,Sydney,114678,2012-05-13,M,Design
4880,John,Miller,59,Architect,Toronto,89022,2003-10-13,F,Architecture
4881,Tom,Wilson,32,Designer,Singapore,75028,2019-03-05,F,Design
4882,Sara,Johnson,35,Clerk,New York,58865,2024-09-02,M,Operations
4883,Emma,Jones,47,Intern,New York,77480,2017-03-09,M,Training
4884,John,Johnson,42,Engineer,New York,60133,2022-08-10,M,Engineering
4885,Lisa,Taylor,20,Intern,Berlin,46312,2004-03-03,M,Training
4886,Lisa,Davis,48,Designer,London,68340,2012-12-14,M,Design
4887,Paul,Davis,54,Developer,Delhi,33326,2000-03-31,M,Engineering
4888,Tom,Brown,21,Developer,Singapore,81869,2021-10-15,F,Engineering
4889,Tom,Wilson,27,Engineer,New York,118631,2017-08-24,M,Engineering
4890,Sam,Smith,54,Architect,Toronto,100200,2022-08-10,M,Architecture
4891,Tom,Davis,37,Developer,Delhi,37653,2015-03-28,F,Engineering
4892,Emma,Johnson,31,Developer,Singapore,89145,2011-11-10,F,Engineering
4893,Alex,Taylor,58,Developer,New York,25128,2005-07-02,F,Engineering
4894,Paul,Smith,34,Lead,Dubai,95267,2016-02-20,F,Leadership
4895,Sam,Miller,57,Developer,Toronto,72315,2001-03-02,F,Engineering
4896,Alex,Garcia,27,Architect,Sydney,81725,2019-11-03,M,Architecture
4897,Paul,Jones,55,Designer,Dubai,117504,2000-11-07,F,Design
4898,Sam,Jones,28,Consultant,Tokyo,81828,2008-06-08,F,Consulting
4899,Jane,Jones,54,Intern,New York,51280,2021-02-22,F,Training
4900,Sam,Taylor,30,Analyst,Singapore,64943,2000-02-26,F,Analytics
4901,Paul,Williams,18,Designer,Singapore,106984,2023-03-18,M,Design
4902,Jane,Jones,38,Engineer,Paris,36677,2017-01-10,F,Engineering
4903,Alex,Taylor,41,Analyst,New York,88145,2012-07-20,M,Analytics
4904,Lisa,Brown,47,Designer,Paris,30031,2001-09-24,M,Design
4905,Alex,Jones,36,Lead,New York,86031,2001-03-24,F,Leadership
4906,Sam,Smith,38,Architect,Dubai,61326,2017-04-13,M,Architecture
4907,John,Garcia,43,Consultant,Dubai,98837,2020-06-05,M,Consulting
4908,John,Miller,18,Intern,New York,107475,2023-09-14,M,Training
4909,Sara,Williams,32,Designer,Paris,67372,2018-04-06,M,Design
4910,Paul,Jones,37,Architect,Dubai,94016,2014-06-10,M,Architecture
4911,Lisa,Miller,29,Lead,Berlin,112118,2006-05-18,M,Leadership
4912,Tom,Brown,45,Clerk,Singapore,59065,2006-11-01,M,Operations
4913,John,Miller,36,Manager,Sydney,72921,2021-09-19,M,Management
4914,Mike,Johnson,40,Consultant,Toronto,77831,2004-08-03,F,Consulting
4915,Paul,Johnson,35,Intern,Paris,65013,2021-05-21,F,Training
4916,Jane,Wilson,21,Analyst,Paris,71309,2009-12-14,F,Analytics
4917,Sam,Brown,23,Architect,Berlin,62277,2022-11-04,M,Architecture
4918,Sara,Williams,52,Designer,Berlin,104233,2024-06-17,F,Design
4919,Tom,Wilson,41,Designer,Paris,52002,2012-11-28,M,Design
4920,Emma,Taylor,31,Manager,Delhi,71705,2014-08-17,M,Management
4921,Sara,Taylor,25,Manager,Toronto,26261,2017-01-16,F,Management
4922,Sam,Davis,48,Clerk,New York,101894,2003-11-07,M,Operations
4923,Sam,Smith,21,Designer,Toronto,73668,2021-10-05,F,Design
4924,Alex,Jones,38,Manager,Singapore,119646,2016-08-25,M,Management
4925,Tom,Garcia,39,Clerk,London,,2015-12-06,F,Operations
4926,John,Brown,42,Engineer,Singapore,94078,2009-04-29,M,Engineering
4927,Jane,Garcia,41,Consultant,Singapore,107140,2003-05-23,F,Consulting
4928,Jane,Williams,55,Manager,Toronto,117175,2024-05-22,F,Management
4929,John,Smith,58,Engineer,Toronto,111282,2008-03-27,M,Engineering
4930,Tom,Wilson,31,Lead,Paris,115584,2024-02-27,F,Leadership
4931,Emma,Garcia,44,Consultant,Dubai,32322,2009-05-06,M,Consulting
4932,Paul,Garcia,31,Designer,Singapore,88352,2004-08-21,M,Design
4933,Lisa,Miller,50,Architect,Delhi,75043,2002-02-08,M,Architecture
4934,Lisa,Smith,38,Analyst,Berlin,102358,2014-04-25,M,Analytics
4935,John,Johnson,48,Intern,London,56594,2023-07-12,F,Training
4936,Emma,Taylor,60,Lead,Toronto,40257,2012-01-16,M,Leadership
4937,Jane,Garcia,31,Consultant,London,117360,2005-08-08,M,Consulting
4938,Sam,Wilson,33,Manager,Dubai,29606,2001-04-22,F,Management
4939,Paul,Jones,28,Manager,Delhi,52150,2012-02-17,F,Management
4940,Paul,Jones,24,Manager,Singapore,78322,2013-07-02
4941,Tom,Garcia,54,Engineer,Berlin,75540,2012-09-19,F,Engineering
4942,Mike,Davis,36,Clerk,Tokyo,94973,2011-02-14,F,Operations
4943,Sam,Davis,25,Lead,Dubai,79106,2002-03-20,F,Leadership
4944,Lisa,Johnson,29,Clerk,Delhi,87220,2005-03-12,M,Operations
4945,John,Williams,52,Developer,Paris,87323,2001-07-03,F,Engineering
4946,Jane,Williams,40,Architect,New York,66621,2010-06-01,F,Architecture
4947,Paul,Jones,29,Analyst,Dubai,52575,2013-02-10,F,Analytics
4948,Tom,Williams,39,Developer,New York,72478,2000-06-08,F,Engineering
4949,Paul,Williams,60,Architect,New York,33608,2005-10-23,M,Architecture
4950,Mike,Smith,29,Manager,Toronto,104655,2012-04-14,F,Management
4951,John,Williams,22,Consultant,London,39413,2022-03-24,F,Consulting
4952,Paul,Jones,46,Manager,Tokyo,113906,2005-12-24,M,Management
4953,Sam,Garcia,36,Manager,Paris,56054,2021-08-19,F,Management
4954,Mike,Garcia,34,Developer,Toronto,40491,2021-03-31,F,Engineering
4955,Sam,Williams,21,Manager,Dubai,117174,2001-08-06,M,Management
4956,Mike,Smith,53,Analyst,London,25533,2016-11-11,F,Analytics
4957,Mike,Smith,40,Engineer,Tokyo,30443,2002-02-22,F,Engineering
4958,Mike,Smith,55,Developer,New York,110854,2021-08-18,F,Engineering
4959,Emma,Smith,20,Manager,Sydney,63543,2000-10-29,F,Management
4960,Sam,Jones,48,Manager,Singapore,74160,2017-03-28,F,Management
4961,Alex,Taylor,47,Designer,London,78362,2018-05-08,M,Design
4962,Sam,Johnson,40,Consultant,Singapore,38366,2012-06-25,M,Consulting
4963,Sam,Smith,58,Designer,Toronto,71448,2017-04-28,F,Design
4964,Paul,Wilson,40,Clerk,Singapore,99770,2015-04-11,F,Operations
4965,Sara,Jones,46,Manager,Berlin,104904,2001-12-28,F,Management
4966,Sam,Smith,35,Architect,Paris,108088,2009-01-18,F,Architecture
4967,Lisa,Garcia,19,Analyst,Tokyo,98152,2006-03-25,M,Analytics
4968,Paul,Smith,34,Intern,Delhi,98192,2011-12-08,M,Training
4969,Tom,Wilson,25,Lead,Dubai,94521,2015-12-26,M,Leadership
4970,Tom,Jones,26,Lead,Berlin,31839,2013-06-16,F,Leadership
4971,John,Jones,34,Developer,Delhi,98277,2007-02-07,M,Engineering
4972,Paul,Jones,37,Lead,Tokyo,82077,2007-02-07,M,Leadership
4973,Emma,Smith,59,Developer,Toronto,108858,2021-07-20,F,Engineering
4974,Paul,Smith,34,Designer,Tokyo,64461,2001-06-28,F,Design
4975,Alex,Garcia,52,Intern,London,56818,2008-11-08,F,Training
4976,Lisa,Johnson,39,Intern,Sydney,114208,2010-03-29,M,Training
4977,Tom,Garcia,58,Manager,New York,110450,2021-03-24,F,Management
4978,Lisa,Miller,35,Architect,Dubai,96134,2012-12-23,M,Architecture
4979,Alex,Garcia,32,Analyst,Toronto,96322,2005-07-08,M,Analytics
4980,Sam,Taylor,39,Clerk,New York,117978,2003-07-30,F,Operations
4981,Paul,Davis,31,Lead,Delhi,59467,2021-11-02,M,Leadership
4982,Sara,Wilson,29,Lead,Singapore,32015,2012-01-10,F,Leadership
4983,John,Wilson,36,Intern,Berlin,84691,2014-10-05,M,Training
4984,Sam,Brown,18,Consultant,Delhi,39677,2009-03-29,F,Consulting
4985,Lisa,Johnson,26,Architect,New York,99627,2002-03-10,F,Architecture
4986,Lisa,Jones,54,Consultant,New York,111049,2008-11-09,M,Consulting
4987,Alex,Williams,38,Intern,Tokyo,77491,2009-10-24,M,Training
4988,Sara,Miller,60,Consultant,Tokyo,96958,2006-10-29,F,Consulting
4989,Mike,Miller,60,Engineer,Tokyo,27139,2001-11-22,M,Engineering
4990,Jane,Taylor,19,Designer,New York,110479,2018-08-23,M,Design
4991,Paul,Taylor,60,Analyst,Dubai,99285,2003-01-11,F,Analytics
4992,Emma,Davis,21,Analyst,Singapore,40693,2021-08-21,F,Analytics
4993,Sara,Williams,18,Intern,Toronto,93420,2018-01-05,M,Training
4994,Jane,Garcia,47,Developer,London,78225,2012-03-20,F,Engineering
4995,Jane,Jones,60,Lead,Tokyo,39028,2018-09-17,F,Leadership
4996,Sam,Miller,43,Engineer,Berlin,31295,2011-01-15,M,Engineering
4997,Alex,Brown,19,Architect,Toronto,117842,2007-09-09,F,Architecture
4998,Lisa,Taylor,28,Engineer,Toronto,113452,2000-09-07,F,Engineering
4999,Sam,Johnson,43,Analyst,Singapore,47436,2015-12-23,M,Analytics
5000,Sara,Garcia,44,Intern,Singapore,30169,2024-08-11,F,Training
5001,Tom,Johnson,60,Clerk,London,86235,2008-05-02,F,Operations
5002,Sara,Wilson,24,Consultant,Toronto,57339,2016-10-21,F,Consulting
5003,Alex,Jones,21,Lead,Sydney,119425,2001-01-03,M,Leadership,extra_field
5004,John,Jones,25,Consultant,London,57522,2005-12-23,M,Consulting
5005,John,Garcia,57,Clerk,New York,57947,2004-01-06,M,Operations
5006,Sam,Smith,25,Engineer,Paris,111630,2001-03-21,M,Engineering
5007,Lisa,Davis,59,Consultant,Toronto,94770,2002-03-26,M,Consulting
5008,Emma,Williams,53,Engineer,Sydney,92630,2020-10-21,M,Engineering
5009,Mike,Wilson,44,Consultant,Singapore,32166,2002-05-18,M,Consulting
5010,Jane,Wilson,35,Designer,Singapore,38405,2024-09-19,M,Design
5011,Paul,Smith,44,Clerk,New York,91982,2002-12-15,F,Operations
5012,Alex,Davis,29,Consultant,Dubai,93191,2008-06-04,F,Consulting
5013,Paul,Smith,40,Manager,Sydney,82121,2016-08-30,F,Management
5014,Alex,Brown,51,Consultant,Singapore,117444,2021-12-14,F,Consulting
5015,Alex,Williams,52,Developer,Dubai,61992,2005-12-28,M,Engineering
5016,Sara,Miller,21,Designer,Singapore,97740,2000-10-24,M,Design
5017,Sara,Jones,30,Consultant,Tokyo,28919,2009-09-08,M,Consulting
5018,Jane,Jones,41,Manager,New York,87830,2006-06-18,F,Management
5019,Sara,Jones,55,Analyst,New York,79287,2007-10-17,F,Analytics
5020,Jane,Davis,32,Clerk,Delhi,55732,2018-05-19,M,Operations
5021,Sam,Jones,53,Consultant,Dubai,119749,2006-05-23,F,Consulting
5022,John,Williams,27,Designer,New York,82176,2011-08-27,F,Design
5023,Jane,Smith,37,Clerk,Berlin,40748,2003-01-11,F,Operations
5024,Mike,Miller,54,Consultant,London,114343,2024-04-05,F,Consulting
5025,Mike,Jones,57,Architect,Dubai,56383,2015-08-16,M,Architecture
5026,Tom,Jones,55,Manager,Berlin,109300,2004-04-04,M,Management
5027,Jane,Brown,35,Engineer,Tokyo,69821,2003-06-23,M,Engineering
5028,John,Davis,39,Clerk,Singapore,105666,2022-01-07,F,Operations
5029,Sam,Taylor,20,Consultant,Toronto,82602,2022-09-09,F,Consulting
5030,Alex,Smith,35,Designer,Singapore,106371,2021-06-02,F,Design
5031,Paul,Jones,22,Clerk,Toronto,28948,2001-08-12,F,Operations
5032,Paul,Taylor,29,Consultant,Delhi,52746,2011-08-28,M,Consulting
5033,Alex,Miller,35,Intern,Tokyo,76850,2015-10-29,M,Training
5034,Alex,Miller,47,Consultant,Delhi,99068,2015-08-05,M,Consulting
5035,Jane,Jones,57,Engineer,Sydney,40252,2018-02-17,M,Engineering
5036,Lisa,Wilson,48,Manager,Berlin,29051,2005-01-09,F,Management
5037,Sara,Smith,21,Clerk,Paris,89201,2000-04-02,M,Operations
5038,John,Miller,52,Manager,Paris,72594,2012-06-15,F,Management
5039,Sara,Taylor,35,Analyst,New York,58767,2000-09-30,F,Analytics
5040,Mike,Miller,34,Analyst,Delhi,57348,2009-08-27,F,Analytics
5041,Jane,Davis,23,Clerk,Toronto,41601,2017-08-08,M,Operations
5042,Sam,Smith,18,Designer,Toronto,33332,2000-08-13,F,Design
5043,Lisa,Brown,46,Architect,Dubai,65741,2017-04-26,M,Architecture
5044,Jane,Taylor,42,Intern,Tokyo,60893,2022-03-18,F,Training
5045,Jane,Miller,34,Designer,Toronto,87507,2015-01-04,M,Design
5046,Jane,Garcia,50,Consultant,Sydney,81786,2017-09-17,M,Consulting
5047,Emma,Davis,54,Intern,Berlin,58839,2007-07-22,F,Training
5048,Alex,Miller,30,Clerk,New York,58347,2002-02-16,M,Operations
5049,Sam,Wilson,34,Analyst,London,31222,2010-08-21,M,Analytics
5050,John,Smith,18,Analyst,Toronto,86332,2024-01-31,F,Analytics
5051,Mike,Taylor,58,Designer,Singapore,71346,2005-12-04,F,Design
5052,Jane,Garcia,20,Intern,Berlin,68501,2020-06-07,M,Training
5053,Alex,Miller,46,Intern,Berlin,29820,2018-09-11,F,Training
5054,Sara,Garcia,35,Analyst,Paris,35881,2008-01-14,F,Analytics
5055,Lisa,Wilson,56,Clerk,Sydney,41164,2007-06-06,F,Operations
5056,Sara,Brown,40,Intern,Delhi,84813,2005-11-28,M,Training
5057,Alex,Davis,28,Consultant,Delhi,48617,2007-04-25,M,Consulting
5058,Emma,Garcia,26,Manager,Dubai,25170,2021-06-18,M,Management
5059,Alex,Smith,20,Clerk,Delhi,40448,2022-06-17,M,Operations
5060,Tom,Wilson,27,Engineer,Singapore,71199,2023-02-13,F,Engineering
5061,Mike,Taylor,33,Clerk,Toronto,58274,2016-05-02,F,Operations
5062,Jane,Jones,44,Intern,Delhi,31589,2003-04-17,M,Training
5063,Lisa,Jones,18,Intern,Toronto,40759,2020-07-21,M,Training
5064,Sara,Smith,39,Clerk,Berlin,65498,2008-12-27,F,Operations
5065,John,Miller,18,Consultant,Sydney,51978,2006-12-27,F,Consulting
5066,Tom,Smith,57,Designer,New York,85538,2002-01-16,M,Design
5067,Paul,Davis,37,Engineer,Sydney,119234,2016-04-21,M,Engineering
5068,Sara,Davis,38,Intern,Toronto,25517,2000-02-20,M,Training
5069,Sam,Davis,36,Architect,Singapore,37766,2006-11-12,F,Architecture
5070,Alex,Davis,39,Engineer,Dubai,99985,2004-05-26,M,Engineering
5071,Jane,Garcia,27,Architect,Singapore,116272,2022-10-19,M,Architecture
5072,Lisa,Garcia,20,Analyst,Singapore,83532,2006-06-28,M,Analytics
5073,John,Wilson,39,Consultant,Dubai,52833,2024-10-18,F,Consulting
5074,Sara,Taylor,35,Consultant,Tokyo,78995,2014-07-24,M,Consulting
5075,Alex,Williams,46,Architect,Delhi,58916,2016-08-16,F,Architecture
5076,Lisa,Davis,36,Clerk,Singapore,59139,2019-05-25,M,Operations
5077,Mike,Davis,34,Clerk,Berlin,98421,2023-10-13,M,Operations
5078,Paul,Jones,57,Analyst,London,49444,2000-09-07,M,Analytics
5079,Alex,Taylor,39,Intern,Paris,33245,2017-01-05,M,Training
5080,John,Davis,18,Architect,London,64250,2007-02-13,F,Architecture
5081,Alex,Johnson,31,Engineer,Sydney,68563,2010-02-24,M,Engineering
5082,Alex,Williams,22,Architect,Delhi,115314,2016-12-12,F,Architecture
5083,Sam,Johnson,44,Intern,Toronto,25483,2013-12-17,F,Training
5084,Paul,Miller,37,Intern,Dubai,109697,2003-04-28,M,Training
5085,Sam,Taylor,20,Intern,Berlin,99136,2014-02-21,M,Training
5086,Paul,Davis,35,Intern,Dubai,50426,2024-03-29,F,Training
5087,Alex,Garcia,57,Clerk,Tokyo,75384,2002-07-09,M,Operations
5088,Tom,Johnson,46,Clerk,Sydney,94150,2023-03-10,F,Operations
5089,Lisa,Davis,34,Engineer,Berlin,41351,2016-02-02,M,Engineering
5090,Mike,Williams,23,Manager,Singapore,102169,2010-09-27,M,Management
5091,Mike,Johnson,56,Developer,Delhi,31177,2021-02-06,M,Engineering
5092,Paul,Taylor,55,Developer,Dubai,29222,2020-11-02,M,Engineering
5093,Sara,Smith,42,Consultant,Dubai,60022,2021-05-20,M,Consulting
5094,Emma,Brown,54,Intern,Sydney,84749,2000-12-05,M,Training
5095,Emma,Johnson,56,Developer,New York,67851,2023-11-14,F,Engineering
5096,Paul,Smith,22,Analyst,Sydney,72244,2013-06-20,F,Analytics
5097,Jane,Taylor,49,Designer,Tokyo,54695,2018-03-09,M,Design
5098,Alex,Jones,27,Developer,Paris,87340,2018-11-17,M,Engineering
5099,Emma,Davis,55,Consultant,Sydney,56264,2014-08-14,M,Consulting
5100,Jane,Jones,48,Consultant,Berlin,50805,2017-03-17,F,Consulting
5101,Paul,Taylor,56,Developer,Paris,41584,2023-07-17,F,Engineering
5102,Mike,Miller,51,Lead,London,117261,2024-12-29,F,Leadership
5103,Emma,Miller,33,Consultant,Toronto,39226,2023-08-06,F,Consulting
5104,Lisa,Jones,56,Analyst,Paris,90256,2017-04-20,F,Analytics
5105,Sam,Garcia,37,Intern,London,79265,2022-09-12,F,Training
5106,Sam,Taylor,29,Clerk,Delhi,80754,2001-09-18,F,Operations
5107,Emma,Davis,57,Analyst,Singapore,64118,2017-07-25,F,Analytics
5108,Jane,Brown,49,Engineer,Delhi,36478,2005-12-12,F,Engineering
5109,Sam,Taylor,21,Consultant,Berlin,81049,2002-12-09,M,Consulting
5110,Emma,Brown,30,Lead,Sydney,72520,2000-11-04,F,Leadership
5111,Emma,Taylor,23,Developer,Tokyo,50271,2013-08-26,M,Engineering
5112,Emma,Williams,33,Designer,Paris,81752,2013-10-07,F,Design
5113,Lisa,Davis,38,Consultant,New York,48123,2021-02-17,M,Consulting
5114,Alex,Johnson,46,Developer,Tokyo,34945,2005-12-15,F,Engineering
5115,Alex,Wilson,47,Designer,Delhi,118416,2006-06-03,M,Design
5116,Emma,Johnson,24,Manager,Singapore,91790,2006-07-11,F,Management
5117,Sam,Wilson,55,Consultant,Paris,61870,2021-02-24,M,Consulting
5118,Mike,Taylor,28,Architect,Tokyo,55556,2016-05-04,F,Architecture
5119,Jane,Miller,30,Lead,Singapore,80259,2013-02-06,M,Leadership
5120,Emma,Wilson,55,Intern,New York,61236,2023-11-18,M,Training
5121,Jane,Taylor,27,Developer,Dubai,71878,2012-06-20,M,Engineering
5122,John,Wilson,35,Clerk,Sydney,68912,2023-01-12,M,Operations
5123,Emma,Davis,32,Intern,New York,81681,2018-11-19,M,Training
5124,Emma,Brown,38,Designer,Delhi,36452,2000-02-26,M,Design
5125,Emma,Wilson,26,Analyst,Sydney,40137,2022-08-02,F,Analytics
5126,Sara,Miller,23,Analyst,Paris,46608,2012-10-02,M,Analytics
5127,Lisa,Taylor,41,Manager,London,104168,2003-03-29,F,Management
5128,John,Smith,42,Architect,Berlin,83152,2010-03-22,F,Architecture
5129,Mike,Jones,22,Designer,Delhi,74141,2021-05-21,M,Design
5130,Sam,Miller,19,Engineer,Sydney,107419,2005-10-09,F,Engineering
5131,Sara,Williams,25,Engineer,Paris,32452,2014-03-31,M,Engineering
5132,Lisa,Garcia,38,Manager,Delhi,95208,2006-03-07,F,Management
5133,Emma,Smith,40,Intern,Berlin,109373,2003-01-01,F,Training
5134,John,Miller,29,Designer,Singapore,37971,2016-09-11,M,Design
5135,Mike,Smith,26,Clerk,Sydney,96651,2004-05-05,F,Operations
5136,Jane,Wilson,46,Lead,Sydney,65213,2008-06-30,F,Leadership
5137,Paul,Davis,60,Analyst,Sydney,62732,2021-11-18,F,Analytics
5138,Tom,Garcia,54,Consultant,Toronto,31144,2001-07-18,F,Consulting
5139,Sam,Davis,23,Developer,Tokyo,68729,2003-02-18,F,Engineering
5140,Mike,Williams,34,Consultant,Toronto,60845,2010-11-28,M,Consulting
5141,Paul,Brown,24,Engineer,Delhi,73855,2008-02-21,F,Engineering
5142,Tom,Garcia,52,Engineer,Tokyo,35245,2016-10-10,F,Engineering
5143,Emma,Jones,37,Architect,Dubai,42791,2010-10-09,M,Architecture
5144,Sara,Taylor,41,Analyst,Singapore,79810,2015-07-16,F,Analytics
5145,Paul,Williams,39,Clerk,Tokyo,90786,2003-03-02,F,Operations
5146,Sam,Wilson,27,Manager,New York,49780,2020-03-08,M,Management
5147,Paul,Smith,35,Analyst,Sydney,118234,2014-09-03,M,Analytics
5148,Emma,Jones,52,Architect,Delhi,77051,2021-10-02,M,Architecture
5149,John,Smith,60,Architect,London,39657,2024-11-29,F,Architecture
5150,Sam,Smith,35,Consultant,Berlin,112637,2012-05-25,F,Consulting
5151,Mike,Davis,28,Manager,Singapore,61171,2014-03-15,M,Management
5152,Sam,Taylor,57,Analyst,Berlin,113666,2010-11-21,F,Analytics
5153,Jane,Jones,25,Lead,Singapore,59796,2024-08-03,M,Leadership
5154,Sam,Davis,18,Architect,Dubai,97636,2013-11-08,M,Architecture
5155,Jane,Brown,37,Designer,Delhi,60746,2004-10-21,F,Design
5156,John,Jones,40,Clerk,London,67704,2021-12-02,M,Operations
5157,Tom,Jones,36,Consultant,Paris,47078,2005-09-30,M,Consulting
5158,Emma,Johnson,36,Developer,Paris,92817,2004-10-23,F,Engineering
5159,John,Williams,55,Intern,Tokyo,107791,2008-09-23,F,Training
5160,Emma,Davis,39,Architect,Sydney,102740,2015-04-28,F,Architecture
5161,Emma,Garcia,27,Engineer,Sydney,35545,2021-07-17,M,Engineering
5162,Tom,Brown,29,Designer,Singapore,38852,2007-02-27,M,Design
5163,Emma,Jones,22,Manager,Paris,112536,2000-12-20,M,Management
5164,Tom,Smith,53,Designer,Tokyo,83087,2003-03-25,F,Design
5165,John,Jones,57,Intern,Singapore,79108,2002-01-17,F,Training
5166,Sara,Davis,38,Lead,Toronto,86075,2006-07-04,F,Leadership
5167,Tom,Garcia,26,Analyst,Sydney,97625,2003-06-16,F,Analytics
5168,Lisa,Garcia,29,Lead,Toronto,119944,2014-12-14,M,Leadership
5169,Alex,Miller,52,Consultant,London,46471,2021-05-05,F,Consulting
5170,John,Smith,30,Architect,Delhi,103387,2013-07-31,M,Architecture
5171,Alex,Smith,57,Analyst,Delhi,63920,2018-06-04,M,Analytics
5172,Jane,Johnson,30,Lead,Dubai,75081,2014-03-20,M,Leadership
5173,Paul,Wilson,47,Clerk,Delhi,68298,2006-04-18,F,Operations
5174,Sam,Williams,59,Architect,Delhi,62745,2017-05-26,M,Architecture
5175,Tom,Miller,43,Architect,Singapore,86663,2002-01-18,M,Architecture
5176,John,Brown,23,Architect,Berlin,69444,2001-07-20,F,Architecture
5177,Sam,Taylor,30,Developer,Toronto,63633,2023-01-02,F,
5178,Emma,Davis,37,Manager,Dubai,67155,2012-07-15,F,Management
5179,Sara,Brown,30,Engineer,London,92155,2011-07-04,F,Engineering
5180,Sam,Johnson,18,Consultant,Dubai,79410,2016-06-07,F,Consulting
5181,Paul,Taylor,48,Lead,London,104346,2006-04-16,M,Leadership
5182,John,Davis,31,Clerk,London,86930,2009-04-09,M,Operations
5183,Mike,Miller,40,Designer,Delhi,104653,2012-05-22,M,Design
5184,Jane,Johnson,52,Consultant,Singapore,103710,2016-08-23,F,Consulting
5185,Sara,Miller,38,Analyst,New York,88694,2014-01-04,M,Analytics
5186,Tom,Davis,40,Designer,London,73921,2012-10-14,M,Design
5187,Paul,Wilson,41,Lead,Tokyo,101749,2014-09-18,M,Leadership
5188,Jane,Wilson,24,Architect,Delhi,57419,2017-03-05,M,Architecture
5189,Mike,Miller,37,Architect,Delhi,80066,2023-08-20,M,Architecture
5190,John,Johnson,21,Developer,New York,26869,2001-03-24,M,Engineering
5191,Mike,Jones,18,Intern,Tokyo,43812,2013-03-11,F,Training
5192,Paul,Taylor,56,Analyst,Singapore,45325,2018-09-25,M,Analytics
5193,Sara,Williams,31,Clerk,Tokyo,92880,2007-12-18,F,Operations
5194,Alex,Jones,43,Clerk,Singapore,98133,2002-07-03,F,Operations
5195,Tom,Smith,48,Analyst,Berlin,40218,2014-07-16,F,Analytics
5196,Alex,Jones,59,Manager,Sydney,35590,2015-07-24,F,Management
5197,Lisa,Wilson,45,Consultant,Toronto,66009,2007-01-04,M,Consulting
5198,Alex,Jones,25,Intern,Sydney,58386,2009-08-12,F,Training
5199,John,Davis,43,Manager,Delhi,83404,2009-04-05,M,Management,extra_field
5200,Paul,Johnson,59,Architect,New York,72736,2018-11-17,M,Architecture
5201,Alex,Taylor,42,Lead,Delhi,31842,2008-07-01,M,Leadership
5202,John,Brown,36,Developer,Singapore,78638,2016-10-26,F,Engineering
5203,Lisa,Brown,23,Designer,Tokyo,68869,2022-04-10,M,Design
5204,Tom,Brown,33,Manager,London,54283,2005-06-07,F,Management
5205,Sam,Taylor,49,Intern,Sydney,59111,2002-02-18,M,Training
5206,Jane,Williams,60,Consultant,Berlin,56700,2011-07-16,F,Consulting
5207,Paul,Davis,22,Analyst,London,90709,2001-09-17,F,Analytics
5208,Paul,Brown,37,Developer,New York,38517,2015-04-01,F,Engineering
5209,Lisa,Smith,28,Analyst,Singapore,51065,2006-11-06,F,Analytics
5210,Emma,,38,Intern,Toronto,33719,2012-02-11,M,Training
5211,Sam,Miller,45,Architect,Toronto,78297,2014-09-26,F,Architecture
5212,Mike,Miller,54,Intern,London,42467,2009-10-15,F,Training
5213,Tom,Davis,44,Manager,Sydney,64414,2013-11-05,M,Management
5214,Paul,Smith,22,Consultant,Paris,58121,2007-05-28,F,Consulting
5215,Jane,Jones,50,Designer,Tokyo,101411,2024-11-26,M,Design
5216,Sara,Davis,48,Designer,London,58529,2021-01-24,M,Design
5217,Paul,Taylor,53,Lead,London,79377,2011-06-19,F,Leadership
5218,Sam,Smith,46,Designer,London,61179,2004-10-21,F,Design
5219,Paul,Brown,34,Analyst,Sydney,87090,2017-08-20,M,Analytics
5220,Sara,Johnson,32,Designer,London,81769,2017-04-03,M,Design
5221,Paul,Garcia,49,Consultant,Berlin,73437,2010-09-06,F,Consulting
5222,Alex,Smith,28,Manager,Singapore,48637,2015-02-22,M,Management
5223,Tom,Johnson,57,Engineer,Toronto,104646,2012-10-12,M,Engineering
5224,Sara,Johnson,47,Lead,Delhi,77286,2012-01-01,M,Leadership
5225,Mike,Jones,35,Clerk,Berlin,83609,2012-01-30,M,Operations
5226,Lisa,Jones,43,Lead,New York,104501,2013-10-28,F,Leadership
5227,Alex,Garcia,19,Intern,Sydney,81472,2009-12-26,F,Training
5228,Tom,Williams,27,Analyst,Delhi,77642,2023-07-30,F,Analytics
5229,Sam,Brown,19,Designer,Berlin,39681,2000-05-05,F,Design
5230,Mike,Johnson,24,Designer,New York,54148,2000-02-01,F,Design
5231,Sara,Davis,59,Architect,Berlin,97653,2013-07-16,M,Architecture
5232,Mike,Davis,25,Consultant,Toronto,102125,2008-01-28,F,Consulting
5233,Mike,Jones,39,Designer,Berlin,69059,2016-08-07,M,Design
5234,Alex,Taylor,37,Manager,Sydney,103375,2013-03-18,M,Management
5235,Emma,Jones,47,Architect,New York,52922,2003-08-30,F,Architecture
5236,Sara,Davis,28,Consultant,New York,78905,2015-08-13,F,Consulting
5237,Lisa,Davis,37,Designer,Singapore,76150,2014-05-16,F,Design
5238,Alex,Johnson,52,Developer,Dubai,37105,2014-08-12,F,Engineering
5239,Sam,Jones,55,Analyst,Berlin,26221,2022-03-05,F,Analytics
5240,Tom,Smith,23,Developer,Paris,98715,2019-09-22,F,Engineering
5241,John,Jones,27,Consultant,Singapore,55054,2008-12-25,M,Consulting
5242,Emma,Smith,35,Analyst,London,53280,2006-06-28,M,Analytics
5243,Paul,Johnson,21,Engineer,Berlin,68238,2000-11-21,M,Engineering
5244,Tom,Davis,47,Clerk,Dubai,89450,2000-08-06,F,Operations
5245,Tom,Garcia,21,Lead,London,46001,2003-11-18,F,Leadership
5246,Lisa,Wilson,43,Consultant,Toronto,57846,2000-01-11,F,Consulting
5247,Tom,Davis,55,Developer,New York,115315,2010-10-03,F,Engineering
5248,Lisa,Wilson,44,Lead,Delhi,114941,2022-10-14,M,Leadership
5249,Sam,Jones,57,Intern,Toronto,101575,2022-09-08,F,Training
5250,Paul,Garcia,60,Engineer,New York,70478,2018-08-03,F,Engineering
5251,John,Johnson,34,Designer,London,100636,2011-01-18,M,Design
5252,John,Davis,21,Clerk,New York,66229,2007-11-24,M,Operations
5253,Jane,Jones,47,Intern,New York,37166,2013-01-21,M,Training
5254,Sara,Jones,50,Intern,New York,70123,2024-11-19,M,Training
5255,Lisa,Garcia,56,Engineer,Paris,104453,2023-02-03,M,Engineering
5256,Emma,Miller,21,Manager,London,72439,2006-10-27,M,Management
5257,Lisa,Taylor,41,Developer,Dubai,72983,2024-06-11,F,Engineering
5258,Mike,Johnson,20,Consultant,London,26264,2019-03-04,M,Consulting
5259,Tom,Taylor,57,Designer,Tokyo,79977,2015-01-19,M,Design
5260,Emma,Garcia,56,Developer,Paris,115530,2016-08-31,M,Engineering
5261,Sam,Williams,56,Analyst,Singapore,81273,2014-02-15,M,Analytics
5262,Sam,Smith,57,Lead,Singapore,46827,2024-07-19,F,Leadership
5263,John,Wilson,30,Analyst,Berlin,83899,2007-05-11,F,Analytics
5264,Lisa,Miller,60,Developer,Sydney,82629,2015-02-04,F,Engineering
5265,Jane,Johnson,58,Designer,Toronto,64188,2003-06-20,F,Design
5266,Sam,Taylor,42,Analyst,London,67422,2001-06-21,M,Analytics
5267,Sara,Smith,40,Lead,Paris,28909,2002-07-08,M,Leadership
5268,John,Taylor,51,Analyst,Dubai,92741,2022-12-09,F,Analytics
5269,Paul,Smith,26,Lead,Toronto,43936,2013-10-18,M,Leadership
5270,John,Smith,18,Engineer,Tokyo,109389,2019-10-01,M,Engineering
5271,Mike,Miller,40,Consultant,Paris,93419,2006-11-21,F,Consulting
5272,Emma,Taylor,22,Analyst,London,92984,2024-05-01,F,Analytics
5273,Sam,Davis,49,Lead,Toronto,53139,2006-12-13,M,Leadership
5274,Sara,Wilson,53,Intern,Paris,51414,2012-12-25,M,Training
5275,Jane,Johnson,34,Designer,Paris,40053,2013-12-17,M,Design
5276,Sam,Garcia,44,Engineer,Paris,42850,2024-06-23,F,Engineering
5277,John,Wilson,47,Analyst,Paris,94309,2022-07-10,M,Analytics
5278,Jane,Wilson,38,Developer,Berlin,71431,2013-01-24,M,Engineering
5279,Tom,Davis,52,Architect,London,83698,2011-12-16,F,Architecture
5280,Sam,Smith,27,Analyst,London,81420,2013-05-28,M,Analytics
5281,Tom,Williams,24,Lead,Berlin,27206,2007-06-16,M,Leadership
5282,Mike,Johnson,38,Lead,Toronto,103142,2000-10-26,M,Leadership
5283,Jane,Brown,54,Lead,New York,102858,2017-12-24,F,Leadership
5284,Tom,Wilson,21,Lead,Berlin,67184,2015-04-26,F,Leadership
5285,Emma,Wilson,46,Manager,Dubai,72635,2000-01-17,F,Management
5286,Sam,Johnson,58,Lead,Delhi,33733,2012-05-02,F,Leadership
5287,Paul,Garcia,30,Analyst,Toronto,106638,2024-04-11,M,Analytics
5288,Sam,Garcia,22,Manager,Paris,83380,2007-08-13,F,Management
5289,Jane,Wilson,35,Analyst,Delhi,110662,2016-09-13,M,Analytics
5290,Paul,Brown,54,Developer,New York,25462,2018-09-08,M,Engineering
5291,Sara,Miller,54,Designer,Berlin,61760,2007-07-22,M,Design
5292,Alex,Garcia,51,Architect,New York,61647,2004-05-25,M,Architecture
5293,Tom,Miller,34,Engineer,New York,57087,2005-11-09,F,Engineering
5294,Jane,Garcia,53,Architect,Singapore,75805,2020-06-15,M,Architecture
5295,Emma,Johnson,39,Intern,Berlin,59838,2016-05-11,M,Training
5296,Paul,Brown,22,Intern,Toronto,65155,2019-06-06,M,Training
5297,Tom,Garcia,28,Developer,Singapore,84139,2002-07-02,F,Engineering
5298,Sam,Jones,23,Developer,Dubai,49118,2014-07-10,F,Engineering
5299,Tom,Miller,42,Designer,Singapore,54617,2006-01-18,F,Design
5300,Sam,Garcia,53,Engineer,New York,102630,2006-10-01,F,Engineering
5301,Sam,Taylor,59,Clerk,London,79097,2002-08-02,F,Operations
5302,Emma,Johnson,30,Designer,London,27404,2015-07-03,F,Design
5303,John,Williams,51,Developer,Singapore,86126,2024-09-01,F,Engineering
5304,Sam,Jones,34,Intern,Toronto,33981,2001-05-02,M,Training
5305,John,Johnson,27,Clerk,Toronto,118958,2005-10-31,M,Operations
5306,Paul,Williams,28,Designer,Dubai,75953,2005-01-03,F,Design
5307,Lisa,Taylor,38,Intern,Dubai,75749,2004-07-15,M,Training
5308,Emma,Jones,35,Intern,Singapore,52357,2014-03-10,M,Training
5309,Alex,Wilson,36,Consultant,Dubai,105569,2024-01-24,F,Consulting
5310,Paul,Garcia,49,Intern,Delhi,72469,2023-11-15,F,Training
5311,Sara,Garcia,25,Engineer,Berlin,56171,2016-10-03,F,Engineering
5312,Alex,Taylor,27,Clerk,Sydney,47134,2005-01-18,M,Operations
5313,Jane,Brown,45,Intern,Delhi,74603,2014-10-18,M,Training
5314,Sam,Garcia,39,Clerk,Tokyo,43546,2017-09-10,M,Operations
5315,Jane,Garcia,27,Clerk,Tokyo,48635,2000-03-22,F,Operations
5316,John,Brown,51,Intern,Paris,88083,2011-04-06,M,Training
5317,Emma,Jones,55,Intern,London,78063,2002-03-19,M,Training
5318,Mike,Davis,36,Intern,Toronto,102956,2020-06-21,M,Training
5319,Jane,Jones,39,Architect,Delhi,78247,2021-09-02,M,Architecture
5320,Alex,Johnson,21,Manager,Sydney,99290,2024-03-03,M,Management
5321,Paul,Brown,42,Clerk,Sydney,59069,2024-06-02,M,Operations
5322,Emma,Garcia,45,Consultant,Tokyo,88482,2023-07-05,F,Consulting
5323,Paul,Williams,42,Manager,Berlin,58515,2023-08-30,M,Management
5324,John,Brown,46,Intern,Singapore,118799,2010-12-13,M,Training
5325,Alex,Brown,32,Clerk,Berlin,51753,2003-10-08,F,Operations
5326,Sam,Smith,23,Designer,Tokyo,50710,2007-04-13,F,Design
5327,Emma,Miller,23,Manager,Tokyo,34727,2007-10-13,F,Management
5328,Sam,Davis,39,Designer,Sydney,97609,2005-11-30,M,Design
5329,Lisa,Smith,39,Consultant,New York,26175,2002-01-07,M,Consulting
5330,John,Miller,24,Consultant,London,29112,2018-09-06,F,Consulting
5331,Mike,Wilson,49,Architect,Sydney,82806,2012-10-20,M,Architecture
5332,Alex,Jones,28,Developer,Tokyo,116923,2013-02-28,F,Engineering
5333,Alex,Garcia,55,Designer,Berlin,41045,2017-06-08,F,Design
5334,Mike,Davis,42,Developer,Singapore,54649,2016-12-27,M,Engineering
5335,Lisa,Davis,25,Consultant,,80905,2012-07-14,F,Consulting
5336,Emma,Williams,21,Designer,Delhi,102362,2008-01-30,F,Design
5337,Sara,Jones,24,Manager,London,117770,2010-04-12,M,Management
5338,Emma,Garcia,21,Engineer,Singapore,63420,2016-05-12,M,Engineering
5339,Tom,Johnson,58,Analyst,Berlin,69683,2000-08-06,M,Analytics
5340,Tom,Brown,31,Clerk,Delhi,73684,2017-07-02,M,Operations
5341,John,Smith,25,Engineer,Singapore,48119,2000-07-02,F,Engineering
5342,John,Wilson,48,Engineer,Toronto,41029,2014-06-19,M,Engineering
5343,Emma,Johnson,18,Architect,Tokyo,61415,2006-07-16,M,Architecture
5344,Lisa,Smith,48,Engineer,Toronto,81462,2001-12-04,F,Engineering
5345,Tom,Brown,56,Developer,Paris,67439,2019-03-04,F,Engineering
5346,Sara,Jones,34,Manager,New York,116048,2021-04-11,F,Management
5347,Sara,Garcia,54,Architect,London,44201,2000-01-12,F,Architecture
5348,Lisa,Brown,40,Designer,New York,69771,2020-10-20,M,Design
5349,Paul,Jones,33,Intern,Singapore,68118,2005-11-12,F,Training
5350,Sara,Williams,27,Manager,New York,37521,2015-07-30,M,Management
5351,Alex,Wilson,51,Architect,Paris,51678,2021-05-08,M,Architecture
5352,Tom,Garcia,53,Designer,Dubai,100271,2003-08-23,F,Design
5353,Tom,Smith,39,,New York,70986,2003-11-21,F,Design
5354,Paul,Wilson,24,Lead,Tokyo,70883,2005-09-26,F,Leadership
5355,Jane,Brown,32,Architect,Delhi,35517,2024-03-23,M,Architecture
5356,Mike,Williams,35,Analyst,Tokyo,110781,2022-04-11,M,Analytics
5357,Lisa,Williams,23,Engineer,Sydney,69190,2018-11-10,F,Engineering
5358,John,Brown,55,Manager,Tokyo,54187,2001-08-22,F,Management
5359,Jane,Johnson,44,Architect,Paris,40886,2019-10-22,M,Architecture
5360,Sam,Davis,35,Consultant,New York,33245,2024-03-19,M,Consulting
5361,Mike,Taylor,42,Analyst,Toronto,33898,2016-12-03,F,Analytics
5362,Sam,Johnson,38,Designer,Delhi,74007,2000-09-04,M,Design
5363,John,Taylor,60,Developer,Toronto,28669,2021-02-02,M,Engineering
5364,Alex,Williams,47,Consultant,London,104305,2006-09-19,F,Consulting
5365,Emma,Brown,28,Consultant,Delhi,103292,2001-10-21,F,Consulting
5366,Alex,Jones,20,Lead,Berlin,43607,2017-05-05,M,Leadership
5367,Emma,Miller,33,Consultant,Berlin,28740,2023-01-03,F,Consulting
5368,Paul,Jones,20,Architect,Singapore,96556,2001-10-30,M,Architecture
5369,John,Smith,38,Consultant,Toronto,55962,2020-10-17,M,Consulting
5370,Jane,Garcia,38,Manager,Tokyo,29073,2004-10-19,M,Management
5371,Sara,Davis,40,Manager,London,35948,2014-03-26,F,Management
5372,Sara,Wilson,44,Architect,Singapore,92486,2005-04-22,F,Architecture
5373,Emma,Wilson,20,Clerk,Toronto,92693,2014-11-13,M,Operations
5374,Alex,Johnson,51,Clerk,New York,64332,2000-12-03,F,Operations
5375,Tom,Garcia,59,Consultant,Tokyo,29394,2019-10-06,M,Consulting
5376,Emma,Taylor,47,Intern,Paris,58541,2023-04-07,M,Training
5377,Sam,Smith,28,Architect,Tokyo,68439,2001-09-29,M,Architecture
5378,Lisa,Williams,53,Consultant,Toronto,79476,2011-11-05,F,Consulting
5379,Sara,Johnson,27,Developer,Toronto,71540,2002-05-07,M,Engineering
5380,Lisa,Williams,39,Lead,Tokyo,29137,99-99-9999,M,Leadership
5381,Paul,Brown,18,Consultant,Sydney,54688,2013-01-16,F,Consulting
5382,Sara,Jones,48,Intern,Singapore,91109,2005-12-05,F,Training
5383,Sam,Smith,54,Designer,New York,88984,2017-04-10,F,Design
5384,Mike,Wilson,41,Clerk,Toronto,106147,2021-06-05,F,Operations
5385,Jane,Williams,46,Architect,Delhi,41787,2005-05-05,F,Architecture
5386,Lisa,Miller,18,Analyst,Delhi,28368,2023-05-20,M,Analytics
5387,Alex,Taylor,38,Intern,Toronto,37384,2014-03-02,F,Training
5388,Paul,Brown,59,Clerk,Singapore,99908,2002-06-02,F,Operations
5389,Alex,Miller,31,Clerk,Delhi,56544,2008-07-04,M,Operations
5390,Lisa,Miller,49,Developer,Paris,29462,2000-08-14,F,Engineering
5391,Paul,Jones,46,Consultant,Singapore,46467,2003-07-10,F,Consulting
5392,Lisa,Johnson,31,Developer,Dubai,34863,2008-10-04,M,Engineering
5393,Tom,Garcia,58,Architect,Singapore,48317,2010-10-20,F,Architecture
5394,John,Jones,55,Designer,Delhi,48529,2005-06-12,F,Design
5395,Emma,Garcia,34,Architect,Paris,84527,2019-05-02,M,Architecture
5396,Mike,Jones,55,Designer,Toronto,54683,2022-02-26,M,Design
5397,Paul,Miller,60,Intern,Tokyo,59612,2000-03-02,F,Training
5398,Jane,Taylor,29,Architect,London,41519,2011-11-06,F,Architecture
5399,Jane,Johnson,32,Clerk,Dubai,47114,2004-10-07,F,Operations
5400,Lisa,Johnson,43,Consultant,Toronto,97591,2021-02-03,F,Consulting
5401,Paul,Smith,47,Developer,Paris,47391,2004-08-16,M,Engineering
5402,Mike,Brown,59,Engineer,Singapore,100367,2000-10-26,F,Engineering
5403,Alex,Johnson,21,Lead,Sydney,85488,2016-11-08,F,Leadership
5404,Sam,Miller,49,Developer,Toronto,68547,2002-09-04,M,Engineering
5405,Alex,Miller,35,Consultant,Dubai,80190,2008-05-23,M,Consulting
5406,Jane,Taylor,49,Intern,New York,100364,2024-06-29,F,Training
5407,John,Williams,23,Clerk,New York,88277,2011-05-17,M,Operations
5408,John,Davis,21,Analyst,Dubai,28428,2014-08-14,F,Analytics
5409,John,Brown,60,Manager,,109827,2020-02-10,M,Management
5410,Alex,Garcia,59,Consultant,Sydney,77663,2021-08-09,F,Consulting
5411,Sam,Wilson,46,Designer,Tokyo,42347,2010-11-06,F,Design
5412,Paul,Taylor,49,Clerk,Sydney,38425,2018-08-22,F,Operations
5413,Alex,Garcia,19,Clerk,Sydney,111061,2015-09-11,F,Operations
5414,Emma,Williams,60,Clerk,Paris,97778,2003-04-09,F,Operations
5415,Paul,Johnson,30,Manager,Toronto,69515,2014-07-16,M,Management
5416,Lisa,Davis,23,Designer,Delhi,72447,2015-04-30,M,Design
5417,Alex,Davis,19,Intern,Berlin,44171,2002-06-14,F,Training
5418,Alex,Smith,30,Clerk,Dubai,74651,2002-08-23,F,Operations
5419,Jane,Miller,48,Analyst,London,118226,2005-06-26,F,Analytics
5420,Emma,Brown,49,Clerk,Paris,38142,2015-09-01,F,Operations
5421,Paul,Garcia,26,Analyst,Delhi,102755,2021-02-01,F,Analytics
5422,Tom,Brown,45,Lead,Singapore,56793,2003-06-02,F,Leadership
5423,Emma,Brown,30,Intern,Paris,30171,2009-03-13,M,Training
5424,Lisa,Taylor,55,Clerk,New York,32884,2017-02-16,M,Operations
5425,Alex,Williams,40,Intern,Tokyo,74154,2023-03-01,F,Training
5426,Emma,Wilson,31,Manager,London,56786,2006-11-29,M,Management
5427,Alex,Smith,53,Manager,Tokyo,50963,2001-12-15,F,Management
5428,Lisa,Wilson,33,Developer,Sydney,90405,2022-04-13,F,Engineering
5429,Alex,Brown,35,Engineer,Paris,85188,2011-08-26,F,Engineering
5430,Sara,Jones,25,Designer,London,45015,2021-04-29,M,Design
5431,Jane,Brown,53,Developer,London,97340,2021-04-23,M,Engineering
5432,Sam,Jones,27,Lead,Sydney,77488,2003-03-25,F,Leadership
5433,Mike,Williams,56,Clerk,Sydney,36060,2016-11-07,F,Operations
5434,Sam,Miller,38,Manager,London,75679,2017-11-08,F,Management
5435,Emma,Taylor,25,Manager,Dubai,46707,2018-02-01,F,Management
5436,Emma,Jones,22,Engineer,Dubai,84349,2000-11-14,F,Engineering
5437,Lisa,Wilson,35,Designer,Delhi,90507,2010-03-28,M,Design
5438,Jane,Smith,56,Intern,Delhi,57751,2012-09-20,F,Training
5439,Mike,Miller,60,Developer,Tokyo,85834,2007-07-29,F,Engineering
5440,Sara,Brown,41,Clerk,Toronto,34060,2017-10-03,F,Operations
5441,Alex,Johnson,19,Engineer,Toronto,104690,2016-06-12,F,Engineering
5442,Sam,Brown,39,Analyst,Delhi,30604,2011-10-08,M,Analytics
5443,Mike,Taylor,22,Analyst,Singapore,113195,2023-11-07,M,Analytics
5444,Alex,Miller,47,Manager,Sydney,29762,2006-08-03,F,Management
5445,Sam,Wilson,29,Designer,Tokyo,48608,2014-12-18,M,Design
5446,Alex,Johnson,20,Analyst,London,118907,2006-10-22,M,Analytics
5447,Sam,Smith,25,Developer,Delhi,106686,2008-11-08,M,Engineering
5448,Sam,Brown,30,Lead,London,64170,2011-03-14,F,Leadership
5449,Lisa,Williams,43,Developer,Dubai,32572,2000-01-14,M,Engineering
5450,Paul,Miller,30,Lead,Berlin,60779,2014-07-10,M,Leadership
5451,Lisa,Davis,49,Consultant,Berlin,63772,2022-08-19,M,Consulting
5452,Alex,Wilson,28,Lead,Toronto,54162,2013-09-26,M,Leadership
5453,Jane,Taylor,48,Architect,New York,25393,2010-05-01,F,Architecture
5454,Mike,Garcia,33,Architect,Dubai,94976,2015-11-22,F,Architecture
5455,John,Wilson,43,Clerk,London,97613,2016-05-22,F,Operations
5456,Sam,Miller,43,Clerk,Dubai,72759,2012-01-28,M,Operations
5457,Jane,Miller,20,Engineer,Toronto,61573,2024-11-19,F,Engineering
5458,Lisa,Johnson,53,Clerk,New York,34353,2020-10-19,F,Operations
5459,Lisa,Williams,44,Analyst,Delhi,35987,2021-12-12,F,Analytics
5460,Emma,Jones,33,Analyst,London,53999,2013-02-05,M,Analytics
5461,Sara,Garcia,53,Lead,Dubai,43598,2003-11-07,F,Leadership
5462,Paul,Garcia,47,Clerk,Tokyo,114985,2020-09-14,F,Operations
5463,Mike,Wilson,47,Architect,Berlin,119026,2022-04-12,F,Architecture
5464,John,Miller,38,Analyst,Singapore,97197,2024-03-16,F,Analytics
5465,Emma,Miller,25,Designer,Delhi,72703,2005-07-26,M,Design
5466,John,Smith,28,Developer,New York,55076,2005-12-08,M,Engineering
5467,John,Smith,18,Engineer,Berlin,86293,2012-06-25,M,Engineering
5468,John,Brown,53,Clerk,Sydney,119422,2018-07-12,M,Operations
5469,Alex,Miller,58,Consultant,Berlin,54068,2002-01-17,F,Consulting
5470,Sam,Taylor,58,Manager,Paris,88605,2002-12-07,M,Management
5471,Lisa,Garcia,58,Lead,Singapore,82901,2017-05-05,M,Leadership
5472,Sam,Smith,21,Consultant,Sydney,82510,2003-04-06,M,Consulting
5473,Alex,Miller,43,Engineer,Sydney,80913,2016-12-15,F,Engineering
5474,Jane,Taylor,26,Architect,Tokyo,89642,2018-11-27,F,Architecture
5475,Lisa,Smith,37,Clerk,Paris,40835,2007-01-09,M,Operations
5476,Paul,Davis,29,Lead,London,82635,2022-04-07,M,Leadership
5477,Paul,Williams,57,Consultant,Toronto,101283,2023-04-09,F,Consulting
5478,Lisa,Miller,24,Clerk,New York,41851,2000-04-17,F,Operations
5479,Paul,Garcia,25,Architect,Sydney,34522,2007-11-19,M,Architecture
5480,Alex,Taylor,35,Analyst,Toronto,90340,2020-10-02,M,Analytics
5481,Alex,Williams,25,Engineer,New York,35992,2002-12-19,M,Engineering
5482,Emma,Davis,55,Lead,Dubai,41664,2004-03-30,F,Leadership
5483,Lisa,Brown,28,Designer,Berlin,36267,2011-01-01,M,Design
5484,Sam,Miller,35,Developer,Singapore,25187,2023-05-16,F,Engineering
5485,Tom,Garcia,36,Developer,Singapore,84105,2004-10-12,F,Engineering
5486,John,Wilson,46,Developer,Dubai,28385,2004-11-24,M,Engineering
5487,Lisa,Wilson,49,Architect,Sydney,95199,2022-10-28,F,Architecture
5488,Tom,Garcia,22,Manager,Berlin,110878,2010-04-28,M,Management
5489,Tom,Johnson,48,Designer,Tokyo,86552,2006-04-19,F,Design
5490,Alex,Garcia,35,Clerk,Singapore,42150,2007-04-13,M,Operations
5491,Jane,Wilson,49,Lead,New York,119021,2004-02-26,M,Leadership
5492,John,Johnson,29,Manager,Toronto,47584,2016-11-16,F,Management
5493,Tom,Jones,56,Architect,London,100672,2024-06-20,F,Architecture
5494,Alex,Jones,48,Consultant,Paris,69070,2002-04-03,M,Consulting
5495,Alex,Garcia,46,Manager,Singapore,106440,2012-08-12,M,Management
5496,Jane,Garcia,22,Developer,London,25404,2023-07-01,M,Engineering
5497,Mike,Miller,59,Consultant,New York,111532,2009-10-09,F,Consulting
5498,Emma,Jones,24,Analyst,Toronto,27010,2009-09-05,F,Analytics
5499,Sara,Taylor,20,Engineer,Dubai,76084,2021-04-10,M,Engineering
5500,Alex,Brown,53,Lead,Singapore,91259,2016-02-04,F,Leadership
5501,Mike,Taylor,25,Clerk,Delhi,49249,2022-09-30,M,Operations
5502,Emma,Wilson,52,Clerk,Delhi,68121,2018-05-31,M,Operations
5503,Emma,Williams,30,Lead,London,90838,2014-11-16,M,Leadership
5504,Tom,Davis,52,Analyst,Singapore,114300,2004-06-23,M,Analytics
5505,Jane,Brown,45,Architect,Singapore,102027,2021-08-29,F,Architecture
5506,Mike,Johnson,28,Lead,Dubai,115017,2000-12-16,M,Leadership
5507,Emma,Davis,54,Designer,Berlin,40698,2010-09-01,F,Design
5508,Paul,Miller,37,Architect,Sydney,83553,2004-07-28,F,Architecture
5509,Sam,Miller,30,Architect,Sydney,31340,2023-05-09,M,Architecture
5510,Jane,Davis,57,Intern,Tokyo,83795,2001-07-14,M,Training
5511,Lisa,Smith,50,Architect,Dubai,73688,2002-06-06,M,Architecture
5512,Sara,Garcia,28,Designer,Singapore,41543,2019-10-12,M,Design
5513,Paul,Smith,42,Lead,Delhi,67616,2010-09-07,F,Leadership
5514,Lisa,Garcia,21,Engineer,London,60581,2011-04-13,M,Engineering
5515,Sara,Wilson,23,Analyst,Tokyo,42695,2009-10-18,F,Analytics
5516,Jane,Davis,52,Manager,Sydney,75185,2022-11-23,M,Management
5517,John,Miller,29,Clerk,New York,107032,2022-11-06,F,Operations
5518,Mike,Davis,60,Consultant,Sydney,60281,2012-11-13,M,Consulting
5519,Sam,Garcia,50,Designer,Dubai,60423,2019-03-20,F,Design
5520,Paul,Brown,26,Engineer,Dubai,56405,2023-09-12,M,Engineering
5521,Sam,Miller,31,Intern,Singapore,67150,2021-07-04,M,Training
5522,John,Davis,44,Analyst,Delhi,62129,2010-04-08,M,Analytics
5523,Emma,Davis,22,Consultant,Sydney,37393,2002-12-05,F,Consulting
5524,Sam,Wilson,43,Analyst,Singapore,28938,2013-04-11,F,Analytics
5525,Paul,Brown,57,Intern,Delhi,107007,2013-02-16,F,Training
5526,Jane,Davis,59,Analyst,Paris,57162,2020-08-27,M,Analytics
5527,Mike,Williams,51,Designer,Tokyo,56577,2021-11-21,F,Design
5528,Emma,Jones,44,Analyst,Sydney,85742,2003-08-20,F,Analytics
5529,Jane,Jones,31,Lead,Singapore,103879,2005-08-21,F,Leadership
5530,Jane,Taylor,39,Designer,Toronto,94275,2011-12-09,M,Design
5531,Lisa,Jones,38,Architect,Singapore,30478,2013-09-11,F,Architecture
5532,Mike,Johnson,20,Architect,London,43990,2016-05-07,F,Architecture
5533,Sara,Brown,25,Consultant,Singapore,90618,2021-03-06,M,Consulting
5534,Paul,Miller,29,Intern,Dubai,82866,2022-07-11,M,Training
5535,Lisa,Wilson,25,Lead,Tokyo,102307,2013-10-16,M,Leadership
5536,Jane,Smith,36,Developer,Paris,99739,2020-12-10,M,Engineering
5537,Alex,Davis,57,Intern,London,69913,2023-04-08,M,Training
5538,John,Johnson,43,Architect,Singapore,25569,2005-03-16,M,Architecture
5539,Lisa,Davis,45,Engineer,Delhi,73530,2010-09-08,M,Engineering
5540,Jane,Davis,57,Architect,London,119240,2010-03-04,F,Architecture
5541,Tom,Taylor,30,Intern,Singapore,61045,2013-12-08,M,Training
5542,Sam,Garcia,59,Consultant,Dubai,119578,2012-04-12,M,Consulting
5543,Jane,Jones,21,Designer,Sydney,107610,2020-05-31,M,Design
5544,Alex,Brown,59,Intern,Paris,28781,2016-02-12,M,Training
5545,Sara,Johnson,54,Engineer,Singapore,87871,2018-02-03,M,Engineering
5546,Sara,Williams,28,Consultant,Singapore,93881,2020-04-25,F,Consulting
5547,John,Wilson,20,Developer,Singapore,47580,2021-06-01,M,Engineering
5548,John,Smith,36,Intern,London,93245,2023-01-07,F,Training
5549,Alex,Miller,43,Manager,Berlin,108102,2000-08-25,F,Management
5550,Jane,Garcia,28,Clerk,Dubai,84127,2002-12-30,F,Operations
5551,Sam,Jones,42,Architect,Paris,108987,2018-10-29,M,Architecture
5552,Jane,Jones,60,Lead,New York,61861,2024-01-30,M,Leadership
5553,Tom,Smith,35,Clerk,London,56381,2015-09-02,F,Operations
5554,Sam,Smith,55,Clerk,London,49494,2022-06-19,M,Operations
5555,Sam,Smith,41,Analyst,Berlin,57410,2015-10-27,F,Analytics
5556,Jane,Williams,51,Analyst,Tokyo,56610,2010-08-22,F,Analytics
5557,Paul,Jones,22,Architect,Tokyo,51510,2019-08-01,M,Architecture
5558,Alex,Garcia,28,Architect,Sydney,58763,2008-04-15,M,Architecture
5559,Lisa,Taylor,53,Lead,Dubai,44909,2022-11-05,M,Leadership
5560,Alex,Miller,52,Manager,Paris,38438,2021-02-26,M,Management
5561,Mike,Davis,28,Engineer,Singapore,100995,2012-10-03,M,Engineering
5562,John,Williams,18,Designer,Sydney,36995,2001-03-28,F,Design
5563,Emma,Garcia,54,Developer,Toronto,25378,2024-12-16,M,Engineering
5564,Mike,Taylor,20,Lead,London,110347,2000-03-22,M,Leadership
5565,Sara,Miller,60,Engineer,Singapore,111739,2017-08-15,F,Engineering
5566,Sara,Smith,24,Clerk,New York,53330,2003-08-20,F,Operations
5567,Jane,Johnson,49,Designer,London,48517,2001-11-30,M,Design
5568,John,Johnson,23,Developer,Paris,51318,2005-10-19,F,Engineering
5569,Tom,Williams,38,Clerk,Tokyo,70034,2007-06-12,F,Operations
5570,Emma,Williams,29,Developer,New York,115154,2006-04-19,F,Engineering
5571,Alex,Williams,47,Clerk,Dubai,109553,2019-02-03,F,Operations
5572,John,Johnson,37,Analyst,Delhi,52454,2014-06-23,M,Analytics
5573,John,Taylor,47,Engineer,Berlin,27123,2009-09-05,M,Engineering
5574,John,Davis,47,Engineer,Tokyo,65409,2015-11-19,M,Engineering
5575,Jane,Davis,48,Intern,Toronto,32148,2015-01-09,M,Training
5576,Lisa,Jones,18,Engineer,Berlin,46264,2013-12-06,M,Engineering
5577,Mike,Taylor,58,Clerk,Berlin,34224,2013-01-28,M,Operations
5578,Lisa,Johnson,35,Designer,New York,44602,2001-09-24,M,Design
5579,Sam,Davis,51,Analyst,London,42171,2020-08-06,M,Analytics
5580,Jane,Williams,47,Engineer,Dubai,47526,2006-01-18,M,Engineering
5581,Tom,Garcia,47,Designer,Toronto,35809,2017-06-22,M,Design
5582,Alex,Smith,43,Architect,Dubai,72386,2015-01-27,F,Architecture
5583,Mike,Garcia,31,Developer,Berlin,53063,2002-07-21,F,Engineering
5584,Alex,Williams,38,Intern,Dubai,111154,2021-08-03,M,Training
5585,John,Wilson,25,Designer,Singapore,72520,2019-09-15,F,Design
5586,Tom,Wilson,44,Clerk,Toronto,119764,2010-08-08,F,Operations
5587,Lisa,Miller,59,Analyst,Toronto,107174,2024-11-11,M,Analytics
5588,Sara,Smith,59,Lead,London,59343,2024-02-08,M,Leadership
5589,Alex,Brown,24,Analyst,Tokyo,25578,2020-08-02,F,Analytics
5590,Jane,Smith,32,Clerk,Delhi,92268,2022-12-29,M,Operations
5591,Paul,Wilson,54,Designer,London,76900,2011-07-12,M,Design
5592,Tom,Brown,20,Architect,Delhi,70258,2018-07-23,F,Architecture
5593,Sam,Williams,19,Intern,Delhi,78902,2012-03-05,M,Training
5594,John,Johnson,58,Developer,Paris,25532,2000-03-21,F,Engineering
5595,Alex,Williams,45,Manager,Toronto,52684,2001-04-12,M,Management
5596,Alex,Davis,42,Intern,New York,55819,2022-10-03,M,Training
5597,Mike,Smith,50,Clerk,Dubai,115279,2009-10-02,F,Operations
5598,Lisa,Miller,60,Lead,London,70702,2000-12-22,M,Leadership
5599,Alex,Miller,51,Manager,Paris,65973,2008-12-04,M,Management
5600,Jane,Johnson,57,Analyst,Paris,58685,2007-01-13,F,Analytics
5601,Mike,Jones,24,Analyst,Sydney,97086,2022-01-05,M,Analytics
5602,Jane,Garcia,26,Lead,Toronto,43396,2010-09-29,F,Leadership
5603,Lisa,Williams,39,Architect,London,59700,2022-10-04,M,Architecture
5604,Alex,Davis,27,Manager,London,99201,2008-01-06,M,Management
5605,Tom,Wilson,40,Clerk,Singapore,48091,2001-05-29,F,Operations
5606,Emma,Jones,31,Manager,New York,76722,2007-10-10,F,Management
5607,Emma,Johnson,59,Intern,Berlin,80480,2020-12-22,F,Training
5608,Lisa,Brown,50,Lead,Berlin,55611,2020-06-23,M,Leadership
5609,Mike,Davis,26,Developer,Berlin,44463,2013-10-24,F,Engineering
5610,John,Williams,28,Architect,Sydney,95324,2020-05-08,M,Architecture
5611,John,Davis,23,Designer,London,58946,2007-01-09,F,Design
5612,Mike,Jones,48,Designer,Paris,61869,2008-02-05,M,Design
5613,Sam,Williams,45,Designer,Paris,100217,2023-06-06,M,Design
5614,Lisa,Garcia,34,Intern,Tokyo,34924,2010-09-30,M,Training
5615,Lisa,Davis,38,Intern,Singapore,30812,2013-03-14,M,Training
5616,Paul,Brown,55,Developer,Berlin,100323,2004-04-14,M,Engineering
5617,Paul,Brown,36,Manager,Toronto,91685,2012-09-28,M,Management
5618,John,Taylor,45,Engineer,Berlin,75480,2003-06-10,M,Engineering
5619,Lisa,Smith,36,Intern,Berlin,88532,2004-10-05,M,Training
5620,Mike,Smith,46,Manager,Toronto,87628,2022-09-23,M,Management
5621,John,Wilson,25,Engineer,Toronto,55881,2012-04-26,M,Engineering
5622,Paul,Brown,36,Engineer,Berlin,117666,2018-11-01,M,Engineering
5623,Alex,Smith,54,Analyst,Tokyo,69096,2000-10-27,F,Analytics
5624,Paul,Davis,48,Designer,Paris,99060,2024-11-04,F,Design
5625,Sam,Miller,33,Lead,Dubai,29899,2006-03-31,F,Leadership
5626,Alex,Wilson,19,Intern,Singapore,106037,2005-01-20,M,Training
5627,Jane,Wilson,47,Consultant,Delhi,82937,2005-07-18,M,Consulting
5628,Sara,Miller,36,Manager,Tokyo,66577,2008-09-21,F,Management
5629,Emma,Miller,47,Analyst,Berlin,70762,2017-02-18,F,Analytics
5630,Alex,Taylor,24,Manager,Paris,27512,2022-06-20,F,Management
5631,Paul,Smith,43,Designer,London,47873,2024-10-13,F,Design
5632,Jane,Smith,42,Clerk,Toronto,90550,2013-08-19,M,Operations
5633,Mike,Davis,45,Designer,Paris,102421,2003-12-05,F,Design
5634,Mike,Johnson,49,Developer,Sydney,111475,2006-09-18,F,Engineering
5635,Mike,Williams,48,Consultant,Berlin,51871,2016-10-15,M,Consulting
5636,John,Davis,43,Clerk,London,78607,2016-06-05,F,Operations
5637,Sara,Davis,22,Lead,Paris,26384,2019-04-02,M,Leadership
5638,Paul,Williams,42,Engineer,Paris,42406,2012-06-02,M,Engineering
5639,Alex,Williams,22,Architect,London,66983,2017-11-19,M,Architecture
5640,Alex,Garcia,33,Designer,Tokyo,83435,2015-10-04,M,Design
5641,John,Johnson,33,Consultant,Tokyo,64692,2011-11-09,F,Consulting
5642,Paul,Johnson,31,Developer,Singapore,59589,2003-11-03,M,Engineering
5643,Sara,Davis,55,Consultant,Sydney,78607,2010-12-23,F,Consulting
5644,Sara,Wilson,56,Engineer,New York,65318,2019-12-05,M,Engineering
5645,Jane,Davis,48,Architect,Tokyo,84004,2015-04-06,M,Architecture
5646,Lisa,Johnson,22,Designer,Tokyo,92404,2004-10-07,M,Design
5647,Sam,Brown,32,Analyst,Paris,42899,2008-01-27,M,Analytics
5648,John,Wilson,20,Architect,London,101553,2003-05-26,M,Architecture
5649,Paul,Johnson,21,Lead,Dubai,38237,2001-04-02,M,Leadership
5650,Mike,Johnson,46,Clerk,Toronto,80866,2016-06-28,F,Operations
5651,Sam,Miller,60,Developer,Tokyo,39983,2022-11-29,M,Engineering
5652,Sara,Johnson,27,Lead,London,105557,2005-10-10,F,Leadership
5653,Tom,Jones,59,Engineer,Tokyo,90531,2014-06-01,M,Engineering
5654,Jane,Wilson,28,Designer,Sydney,70184,2002-07-13,M,Design
5655,Alex,Johnson,36,Developer,Sydney,93400,2011-07-13,F,Engineering
5656,Alex,Brown,59,Intern,Berlin,82768,2017-01-24,M,Training
5657,Tom,Miller,52,Architect,Dubai,53233,2008-12-22,F,Architecture
5658,Sam,Miller,22,Clerk,Paris,31048,2004-02-29,M,Operations
5659,Alex,Williams,30,Analyst,Dubai,90969,2010-01-15,F,Analytics
5660,Paul,Brown,33,Intern,Toronto,72699,2018-08-31,M,Training
5661,Mike,Miller,22,Consultant,Delhi,37567,2013-03-08,F,Consulting
5662,Emma,Williams,39,Designer,Berlin,92934,2007-05-15,M,Design
5663,Lisa,Williams,23,Designer,Tokyo,100572,2021-12-24,F,Design
5664,Jane,Davis,23,Analyst,Dubai,83911,2009-12-09,M,Analytics
5665,Mike,Jones,54,Engineer,Tokyo,39094,2002-02-14,M,Engineering
5666,Tom,Smith,53,Intern,Delhi,76847,2014-12-27,M,Training
5667,Paul,Taylor,19,Lead,Paris,82851,2012-06-11,F,Leadership
5668,Sara,Brown,48,Analyst,Dubai,71409,2016-07-24,M,Analytics
5669,Alex,Brown,30,Analyst,Tokyo,68283,2017-02-04,M,Analytics
5670,Tom,Johnson,28,Architect,Sydney,71469,2004-02-06,F,Architecture
5671,Tom,Smith,33,Analyst,Tokyo,47170,2011-05-03,F,Analytics
5672,Tom,Garcia,53,Lead,Berlin,56229,2022-10-29,F,Leadership
5673,Paul,Garcia,23,Consultant,Tokyo,47415,2024-05-20,F,Consulting
5674,Sam,Davis,40,Lead,Toronto,38942,2008-08-12,M,Leadership
5675,Sara,Johnson,33,Manager,Tokyo,44046,2014-08-16,M,Management
5676,Tom,Jones,49,Clerk,Delhi,72131,2010-06-30,M,Operations
5677,Sara,Garcia,54,Analyst,Paris,83397,2014-11-07,M,Analytics
5678,Tom,Garcia,39,Manager,Dubai,104768,2021-12-18,F,Management
5679,Sara,Brown,58,Consultant,Paris,108105,2014-07-30,F,Consulting
5680,Jane,Wilson,23,Engineer,Delhi,93014,2017-06-26,F,Engineering
5681,Emma,Taylor,59,Consultant,Toronto,26057,2007-02-23,F,Consulting
5682,Alex,Taylor,18,Manager,Tokyo,75172,2016-12-18,M,Management
5683,Jane,Johnson,56,Intern,Singapore,67906,2023-04-15,F,Training
5684,Tom,Taylor,52,Manager,Toronto,55735,2011-07-18,F,Management
5685,Alex,Brown,32,Designer,Dubai,89865,2007-07-11,M,Design
5686,Paul,Davis,30,Architect,Berlin,110791,2015-04-09,M,Architecture
5687,Lisa,Davis,40,Clerk,Toronto,80047,2000-05-24,F,Operations
5688,Lisa,Wilson,55,Intern,Dubai,65724,2015-04-21,M,Training
5689,John,Jones,33,Clerk,Berlin,84636,2002-11-10,M,Operations
5690,Sara,Jones,26,Intern,Berlin,50491,2001-09-23,F,Training
5691,Sam,Johnson,41,Developer,Delhi,69961,2001-01-26,F,Engineering
5692,Lisa,Garcia,30,Architect,Tokyo,25143,2012-02-03,F,Architecture
5693,John,Miller,22,Engineer,Tokyo,111014,2014-01-07,F,Engineering
5694,Paul,Davis,55,Manager,Tokyo,30956,2011-04-19,F,Management
5695,John,Williams,33,Clerk,New York,39628,2019-10-16,M,Operations
5696,Lisa,Davis,39,Consultant,Dubai,64287,2013-09-20,F,Consulting
5697,Jane,Wilson,31,Engineer,Singapore,41107,2001-03-01,M,Engineering
5698,Jane,Williams,53,Manager,Paris,98973,2021-06-06,M,Management
5699,Sam,Brown,49,Manager,Toronto,111482,2013-03-13,M,Management
5700,Lisa,Taylor,18,Analyst,Berlin,83650,2014-07-06,M,Analytics
5701,Lisa,Jones,38,Clerk,Berlin,66703,2014-09-06,F,Operations
5702,Tom,Taylor,44,Manager,Paris,118671,2011-04-11,M,Management
5703,Mike,Brown,32,Engineer,Paris,36594,2005-08-24,F,Engineering
5704,Paul,Jones,26,Clerk,Toronto,50027,2003-12-30,M,Operations
5705,Tom,Miller,26,Manager,Berlin,77744,2018-09-23,F,Management
5706,Mike,Williams,26,Developer,Toronto,85764,2014-12-06,M,Engineering
5707,John,Jones,43,Intern,New York,86449,2017-06-02,F,Training
5708,Paul,Taylor,27,Analyst,London,77898,2002-12-11,F,Analytics
5709,Emma,Brown,39,Clerk,Singapore,28902,2002-05-28,F,Operations
5710,Mike,Smith,27,Lead,Berlin,109884,2001-09-12,F,Leadership
5711,Jane,Wilson,39,Lead,Paris,57605,2006-08-01,F,Leadership
5712,Mike,Wilson,37,Intern,Tokyo,88939,2012-08-23,F,Training
5713,Alex,Williams,25,Consultant,Dubai,100183,2004-05-30,F,Consulting
5714,Tom,Jones,48,Designer,New York,40364,2009-12-22,F,Design
5715,Sara,Brown,33,Lead,Tokyo,53239,2016-01-09,M,Leadership
5716,Tom,Taylor,22,Intern,Dubai,119849,2001-12-20,F,Training
5717,Lisa,Smith,40,Architect,New York,69708,2023-10-16,M,Architecture
5718,Sara,Williams,56,Analyst,Berlin,115468,2011-10-12,M,Analytics
5719,John,Brown,28,Engineer,Dubai,61632,2012-08-27,F,Engineering
5720,Tom,Jones,19,Designer,Berlin,110958,2017-08-25,F,Design
5721,Lisa,Johnson,28,Architect,Singapore,45313,2005-09-19,M,Architecture
5722,Sam,Smith,26,Manager,London,43191,2022-06-27,M,Management
5723,Alex,Smith,46,Consultant,Tokyo,65254,2018-02-09,M,Consulting
5724,Tom,Brown,38,Designer,Toronto,119979,2021-08-07,M,Design
5725,John,Smith,52,Manager,Delhi,48872,2009-11-16,F,Management
5726,Sam,Smith,40,Clerk,Berlin,28901,2002-11-22,M,Operations
5727,Paul,Johnson,47,Engineer,London,101948,2006-03-20,M,Engineering
5728,Sara,Smith,54,Developer,London,49609,2000-11-26,M,Engineering
5729,Jane,Smith,41,Intern,London,57122,2019-02-02,M,Training
5730,Alex,Taylor,55,Intern,Toronto,105931,2013-02-26,F,Training
5731,Sam,Davis,31,Consultant,Berlin,100845,2004-10-16,M,Consulting
5732,Paul,Jones,51,Clerk,Tokyo,119476,2002-09-14,F,Operations
5733,Tom,Brown,31,Designer,New York,63231,2012-08-26,M,Design
5734,John,Davis,23,Designer,London,81448,2005-01-24,F,Design
5735,John,Jones,24,Consultant,Dubai,90867,2017-05-28,F,Consulting
5736,Emma,Miller,35,Analyst,Berlin,28322,2020-06-24,F,Analytics
5737,Paul,Miller,19,Manager,Sydney,113120,2019-09-08,F,Management
5738,Paul,Taylor,37,Architect,Sydney,75239,2006-07-01,F,Architecture
5739,Lisa,Garcia,25,Engineer,Dubai,89086,2000-09-02,M,Engineering
5740,John,Miller,22,Designer,Tokyo,64696,2021-05-28,F,Design
5741,Alex,Miller,36,Architect,Berlin,75604,2018-03-21,M,Architecture
5742,Sara,Garcia,34,Manager,Toronto,110313,2011-08-20,F,Management
5743,Sam,Brown,29,Developer,Singapore,94674,2019-06-17,F,Engineering
5744,Sara,Johnson,39,Analyst,London,107084,2020-05-12,M,Analytics
5745,Jane,Miller,30,Architect,Berlin,72911,2007-06-13,M,Architecture
5746,Sara,Miller,29,Analyst,Tokyo,78132,2004-08-01,F,Analytics
5747,Tom,Brown,52,Architect,Singapore,116276,2015-12-20,F,Architecture
5748,Tom,Jones,34,Intern,Tokyo,105501,2024-06-13,F,Training
5749,Sara,Johnson,21,Engineer,Delhi,N/A,2001-08-29,M,Engineering
5750,Lisa,Johnson,52,Consultant,Sydney,73311,2006-06-09,M,Consulting
5751,Tom,Jones,49,Designer,London,76182,2016-08-15,M,Design
5752,Sam,Williams,57,Designer,Berlin,53236,2007-07-20,M,Design
5753,Mike,Wilson,33,Lead,Singapore,50188,2015-04-08,M,Leadership
5754,John,Johnson,55,Manager,Paris,115157,2001-12-22,F,Management
5755,Emma,Taylor,29,Architect,Berlin,112464,2016-07-31,F,Architecture
5756,Mike,Jones,59,Architect,Berlin,83820,2018-10-22,F,Architecture
5757,Tom,Taylor,53,Designer,New York,48139,2000-01-24,F,Design
5758,Sam,Wilson,28,Lead,Delhi,96958,2004-10-10,F,Leadership
5759,Paul,Smith,50,Designer,Paris,89740,2011-01-30,M,Design
5760,Sara,Taylor,50,Analyst,Paris,30101,2013-06-03,F,Analytics
5761,Sam,Davis,48,Manager,Tokyo,113990,2013-05-09,M,Management
5762,Lisa,Davis,37,Designer,London,79922,2006-02-13,F,Design
5763,Mike,Williams,43,Lead,Paris,56530,2021-02-09,F,Leadership
5764,Alex,Wilson,32,Developer,Dubai,50526,2005-11-01,F,Engineering
5765,Tom,Garcia,45,Consultant,Sydney,107106,2008-08-17,M,Consulting
5766,John,Johnson,40,Architect,Singapore,98469,2012-11-02,M,Architecture
5767,Emma,Miller,32,Clerk,Dubai,49766,2004-02-25,M,Operations
5768,John,Taylor,60,Manager,New York,99883,2018-07-25,F,Management
5769,Lisa,Brown,23,Consultant,New York,94584,2010-08-06,F,Consulting
5770,Sara,Taylor,18,Architect,Sydney,101318,2018-04-25,M,Architecture
5771,Alex,Brown,56,Clerk,London,37250,2010-06-01,M,Operations
5772,Alex,Brown,53,Developer,Tokyo,112330,2018-08-16,F,Engineering
5773,Tom,Johnson,52,Designer,Paris,59262,2020-02-18,M,Design
5774,Mike,Brown,39,Engineer,Delhi,49331,2015-10-21,M,Engineering
5775,Paul,Garcia,45,Manager,Berlin,111453,2015-12-15,F,Management
5776,Paul,Smith,18,Lead,Paris,58585,2016-01-26,M,Leadership
5777,Tom,Davis,53,Intern,London,43911,2015-10-07,F,Training
5778,Lisa,Miller,58,Developer,New York,108042,2005-06-26,M,Engineering
5779,Sara,Davis,44,Analyst,Delhi,51348,2008-09-28,M,Analytics
5780,Tom,Wilson,47,Consultant,Toronto,38195,2012-07-13,M,Consulting
5781,Tom,Davis,25,Developer,Singapore,111477,2003-08-18,F,Engineering
5782,Emma,Johnson,20,Intern,Toronto,87761,2022-07-17,M,Training
5783,Sam,Wilson,60,Consultant,Singapore,31319,2009-03-07,F,Consulting
5784,Paul,Williams,46,Engineer,Berlin,115640,2015-08-29,M,Engineering
5785,Sara,Wilson,40,Consultant,Sydney,27460,2023-08-28,M,Consulting
5786,Mike,Johnson,44,Engineer,London,91470,2021-10-05,M,Engineering
5787,Sam,Davis,45,Clerk,Delhi,89889,2017-03-22,M,Operations
5788,Lisa,Wilson,45,Consultant,Berlin,33478,2011-01-22,F,Consulting
5789,Lisa,Miller,52,Architect,Toronto,102865,2015-05-30,F,Architecture
5790,Jane,Smith,53,Engineer,Berlin,42032,2011-10-04,F,Engineering
5791,Paul,Johnson,26,Lead,Paris,100174,2018-04-11,M,Leadership
5792,Sam,Miller,48,Intern,Berlin,38753,2005-07-01,M,Training
5793,Mike,Williams,23,Analyst,New York,34259,2015-10-29,M,Analytics
5794,Lisa,Johnson,23,Consultant,London,103482,2019-04-25,M,Consulting
5795,Emma,Davis,30,Engineer,Singapore,116818,2020-07-06,M,Engineering
5796,Lisa,Davis,58,Lead,Dubai,100960,2003-07-29,M,Leadership
5797,Jane,Brown,26,Engineer,Berlin,32971,2005-09-04,M,Engineering
5798,Alex,Davis,24,Consultant,Singapore,86768,99-99-9999,F,Consulting
5799,Mike,Smith,38,Architect,Berlin,60619,2020-07-01,F,Architecture
5800,John,Wilson,20,Consultant,Singapore,29387,2004-11-14,M,Consulting
5801,Jane,Brown,28,Architect,Dubai,104769,2002-01-01,M,Architecture
5802,Emma,Wilson,58,Manager,New York,113590,2000-02-08,F,Management
5803,Mike,Miller,42,Manager,Tokyo,114485,2007-09-07,F,Management
5804,Lisa,Miller,58,Designer,Berlin,112847,2002-02-08,M,Design
5805,Alex,Smith,53,Consultant,Tokyo,56409,2022-11-08,F,Consulting
5806,Emma,Jones,19,Clerk,Paris,77624,2015-02-25,M,Operations
5807,Mike,Taylor,20,Engineer,New York,44458,2003-06-28,F,Engineering
5808,Mike,Smith,41,Intern,Paris,32172,2001-05-29,F,Training
5809,Emma,Jones,39,Manager,Singapore,93314,2012-06-09,M,Management
5810,Alex,Taylor,34,Manager,Toronto,89398,2002-09-21,M,Management
5811,Emma,Johnson,45,Intern,Sydney,95848,2015-05-19,M,Training
5812,John,Wilson,21,Designer,Dubai,58783,2010-01-27,M,Design
5813,Sam,Johnson,36,Architect,New York,75476,2016-02-21,M,Architecture
5814,Mike,Taylor,33,Intern,Berlin,26525,2009-10-24,F,Training
5815,Alex,Davis,51,Architect,London,100829,2015-01-26,M,Architecture
5816,Emma,Johnson,52,Analyst,Paris,52323,2024-09-22,F,Analytics
5817,Paul,Brown,50,Clerk,Toronto,35337,2010-12-20,M,Operations
5818,Mike,Miller,31,Clerk,London,70876,2015-02-05,F,Operations
5819,Emma,Jones,48,Consultant,Paris,43381,2012-03-15,F,Consulting
5820,Jane,Jones,23,Clerk,Paris,90295,2023-01-03,F,Operations
5821,Alex,Miller,41,Intern,Dubai,42157,2018-07-12,F,Training
5822,Paul,Davis,58,Architect,Dubai,45330,2012-08-03,F,Architecture
5823,Sara,Davis,50,Engineer,Singapore,81577,2022-05-12,M,Engineering
5824,Emma,Johnson,24,Analyst,Dubai,93094,2024-08-07,F,Analytics
5825,Lisa,Taylor,22,Manager,Berlin,67167,2014-08-22,F,Management
5826,Mike,Johnson,22,Designer,Sydney,37299,2006-04-23,M,Design
5827,Jane,Williams,47,Developer,London,41791,2005-06-17,M,Engineering
5828,Sara,Smith,47,Designer,Sydney,49961,2012-08-06,F,Design
5829,Tom,Miller,24,Clerk,Sydney,25683,2007-07-25,M,Operations
5830,Emma,Garcia,60,Designer,Paris,36544,2004-02-21,M,Design
5831,Paul,Garcia,27,Developer,Sydney,106154,2008-05-22,M,Engineering
5832,Mike,Smith,51,Manager,Delhi,45465,2002-01-28,F,Management
5833,Sam,Johnson,31,Intern,Delhi,103387,2006-03-10,M,Training
5834,Tom,Garcia,57,Intern,Dubai,91521,2022-07-04,F,Training
5835,Paul,Wilson,31,Clerk,New York,27234,2022-02-04,F,Operations
5836,Jane,Garcia,44,Engineer,Tokyo,70153,2008-12-11,M,Engineering
5837,Sam,Taylor,28,Architect,Singapore,51133,2007-04-11,M,Architecture
5838,Mike,Smith,45,Consultant,Dubai,68337,2013-08-10,F,Consulting
5839,Jane,Davis,42,Developer,London,34611,2011-10-24,F,Engineering
5840,Jane,Smith,24,Consultant,Sydney,108788,2014-09-29,M,Consulting
5841,Paul,Garcia,47,Lead,Sydney,107070,2016-04-05,M,Leadership
5842,Sam,Miller,27,Engineer,Delhi,30101,2007-12-04,M,Engineering
5843,Sam,Davis,39,Clerk,New York,75944,2023-07-22,F,Operations
5844,Paul,Garcia,28,Intern,Tokyo,25875,2016-12-03,F,Training
5845,Lisa,Johnson,32,Clerk,London,107152,2012-12-21,M,Operations
5846,Alex,Taylor,31,Intern,New York,59273,2017-02-10,F,Training
5847,Sam,Williams,25,Analyst,Paris,25553,2007-01-09,M,Analytics
5848,Paul,Miller,60,Architect,Delhi,59523,2009-11-08,M,Architecture
5849,Sara,Wilson,29,Clerk,Delhi,92986,2006-06-27,F,Operations
5850,Jane,Davis,34,Architect,Singapore,51347,2021-02-08,M,Architecture
5851,Paul,Davis,45,Engineer,Sydney,90294,2019-01-08,M,Engineering
5852,Alex,Davis,21,Clerk,Toronto,81718,2003-09-07,F,Operations
5853,Alex,Garcia,50,Manager,London,35126,2009-09-15,F,Management
5854,Sam,Miller,55,Manager,London,109746,2020-10-23,M,Management
5855,Tom,Williams,36,Manager,Delhi,62638,2003-07-27,M,Management
5856,Jane,Garcia,50,Architect,London,84584,2019-01-05,M,Architecture
5857,Mike,Wilson,51,Manager,Toronto,49728,2004-06-30,M,Management
5858,Mike,Taylor,26,Clerk,Berlin,48817,2017-06-15,M,Operations
5859,Alex,Smith,38,Lead,Delhi,96890,2018-04-21,F,Leadership
5860,Jane,Davis,47,Consultant,New York,47820,2019-09-02,M,Consulting
5861,Sara,Wilson,34,Clerk,Singapore,93072,2004-07-22,F,Operations
5862,Paul,Johnson,47,Lead,London,47235,2010-08-25,M,Leadership
5863,Jane,Jones,55,Intern,Tokyo,41802,2003-07-13,F,Training
5864,Emma,Wilson,33,Designer,Delhi,108529,2007-07-24,F,Design
5865,Lisa,Smith,18,Clerk,Delhi,119180,2001-04-22,F,Operations
5866,Paul,Johnson,32,Designer,Sydney,77580,2011-11-10,M,Design
5867,Sara,Garcia,54,Engineer,London,108774,2017-12-29,M,Engineering
5868,Lisa,Jones,38,Architect,London,34472,2021-01-15,F,Architecture
5869,Lisa,Williams,54,Designer,Dubai,49447,2018-03-17,F,Design
5870,John,Williams,43,Analyst,New York,107193,2009-12-30,M,Analytics
5871,Sam,Wilson,18,Intern,Delhi,73321,2008-10-28,F,Training
5872,John,Jones,22,Developer,Delhi,46438,2016-05-15,F,Engineering
5873,Paul,Wilson,58,Manager,Berlin,71714,2005-05-20,M,Management
5874,Jane,Smith,33,Lead,Paris,67964,2004-10-12,M,Leadership
5875,Emma,Jones,32,Developer,Paris,54231,2012-11-16,F,Engineering
5876,Mike,Smith,25,Engineer,Tokyo,27831,2004-09-20,M,Engineering
5877,Emma,Johnson,23,Lead,Toronto,71761,2007-04-13,M,Leadership
5878,Lisa,Garcia,34,Intern,London,58572,2010-02-25,M,Training
5879,Tom,Brown,30,Developer,Berlin,91207,2020-07-10,F,Engineering
5880,Emma,Williams,41,Clerk,New York,59093,2015-09-25,F,Operations
5881,Paul,Williams,30,Intern,Tokyo,76431,2016-11-19,F,Training
5882,Lisa,Williams,21,Manager,Tokyo,97138,2008-05-28,M,Management
5883,Paul,Williams,33,Manager,Toronto,118761,2014-09-28,F,Management
5884,John,Williams,32,Intern,Delhi,84053,2021-03-14,F,Training
5885,Mike,Taylor,57,Consultant,Tokyo,33081,2003-05-24,F,Consulting
5886,Alex,Williams,19,Engineer,London,39176,2021-05-28,F,Engineering
5887,Emma,Wilson,53,Developer,Toronto,72891,2012-02-05,M,Engineering
5888,Sara,Williams,52,Consultant,Tokyo,85363,2004-03-20,F,Consulting
5889,Jane,Smith,39,Designer,Singapore,54726,2016-06-14,F,Design
5890,Sam,Taylor,59,Lead,Paris,109256,2004-03-01,M,Leadership
5891,Paul,Taylor,47,Consultant,Sydney,55518,2018-10-09,M,Consulting
5892,John,Garcia,30,Engineer,Dubai,109799,2000-08-07,F,Engineering
5893,John,Miller,36,Engineer,Toronto,27491,2005-11-28,F,Engineering
5894,Mike,Johnson,23,Intern,Dubai,97474,2006-06-26,M,Training
5895,Lisa,Johnson,36,Analyst,New York,80784,2005-12-23,F,Analytics
5896,Mike,Johnson,38,Lead,London,35874,2005-12-02,M,Leadership
5897,Emma,Miller,25,Lead,Singapore,33337,2013-05-01,F,Leadership
5898,Jane,Williams,25,Lead,Tokyo,30926,2011-02-13,M,Leadership
5899,Tom,Davis,60,Lead,New York,105434,2018-05-29,F,Leadership
5900,Sara,Davis,25,Consultant,Tokyo,89726,2016-04-13,F,Consulting
5901,Mike,Garcia,21,Developer,Berlin,119475,2013-11-30,M,Engineering
5902,Mike,Wilson,59,Engineer,Delhi,34405,2013-09-28,M,Engineering
5903,Paul,Davis,43,Analyst,Tokyo,64372,2011-08-12,M,Analytics
5904,Emma,Williams,19,Engineer,London,115245,2003-04-26,M,Engineering
5905,Alex,Williams,42,Clerk,London,97827,2012-07-27,M,Operations
5906,John,Johnson,21,Designer,Paris,80561,2016-11-21,M,Design
5907,Sam,Wilson,39,Developer,Toronto,74141,2014-02-19,M,Engineering
5908,Sam,Miller,30,Engineer,Delhi,103165,2012-08-15,F,Engineering
5909,Mike,Smith,45,Lead,Paris,117273,2009-06-27,F,Leadership
5910,Lisa,Garcia,21,Intern,Singapore,101115,2000-09-08,M,Training
5911,Emma,Miller,36,Engineer,Delhi,111878,2003-09-04,M,Engineering
5912,Paul,Jones,32,Lead,Delhi,33754,2020-10-01,F,Leadership
5913,Tom,Davis,49,Developer,New York,60458,2021-12-25,F,Engineering
5914,Sara,Taylor,44,Analyst,Toronto,62458,2009-05-21,F,Analytics
5915,Sara,Garcia,37,Consultant,Sydney,25727,2009-07-22,F,Consulting
5916,Emma,Jones,29,Consultant,Toronto,108236,2005-02-19,F,Consulting
5917,Tom,Wilson,41,Manager,Delhi,119224,2022-04-03,M,Management
5918,Alex,Williams,39,Consultant,Sydney,49508,2009-02-16,M,Consulting
5919,Jane,Johnson,44,Engineer,London,62615,2013-12-15,F,Engineering
5920,Emma,Williams,54,Manager,Tokyo,98586,2011-06-08,F,Management
5921,John,Miller,28,Manager,Dubai,53666,2002-05-13,F,Management
5922,Emma,Miller,47,Intern,Toronto,91424,2007-02-23,F,Training
5923,Sam,Garcia,27,Lead,Berlin,87546,2007-05-08,M,Leadership
5924,Mike,Johnson,33,Designer,Sydney,90310,2023-11-17,M,Design
5925,Paul,Johnson,45,Consultant,New York,102926,2022-07-09,F,Consulting
5926,Lisa,Brown,21,Analyst,Sydney,41922,2011-08-11,M,Analytics
5927,Tom,Garcia,49,Lead,Sydney,92271,2019-02-04,M,Leadership
5928,Paul,Taylor,42,Designer,Toronto,105466,2011-11-29,M,Design
5929,Alex,Jones,38,Consultant,Dubai,32309,2014-12-27,M,Consulting
5930,Sara,Miller,54,Designer,Toronto,99646,2015-10-21,F,Design
5931,Alex,Smith,55,Manager,Paris,56794,2002-06-12,M,Management
5932,Jane,Jones,19,Designer,Toronto,50413,2016-03-06,M,Design
5933,Alex,Johnson,20,Engineer,London,115233,2009-12-04,F,Engineering
5934,Lisa,Johnson,46,Architect,Toronto,60406,2007-08-20,M,Architecture
5935,Sara,Williams,58,Analyst,Paris,110349,2012-12-13,F,Analytics
5936,Jane,Jones,18,Consultant,Delhi,118991,2021-05-10,F,Consulting
5937,Paul,Johnson,44,Architect,Toronto,97028,2005-10-31,M,Architecture
5938,Mike,Wilson,43,Lead,Sydney,118713,2022-08-04,M,Leadership
5939,Emma,Miller,52,Analyst,Tokyo,110889,2007-10-21,F,Analytics
5940,Jane,Johnson,23,Manager,Paris,39235,2006-12-31,M,Management
5941,Lisa,Miller,52,Developer,Sydney,100211,2024-06-25,M,Engineering
5942,Jane,Garcia,23,Engineer,Tokyo,53090,2016-06-13,M,Engineering
5943,Sara,Miller,23,Manager,Berlin,68041,2016-09-28,M,Management
5944,John,Williams,26,Consultant,Delhi,70489,2006-02-17,F,Consulting
5945,Lisa,Johnson,57,Clerk,Paris,61256,2019-02-01,M,Operations
5946,Tom,Jones,41,Intern,Tokyo,112606,2004-03-07,F,Training
5947,Sam,Wilson,49,Engineer,Delhi,77078,2006-12-24,F,Engineering
5948,Alex,Miller,18,Consultant,Delhi,115790,2005-07-30,F,Consulting
5949,Sam,Taylor,21,Consultant,Singapore,36130,2003-12-20,F,Consulting
5950,Lisa,Wilson,18,Developer,Berlin,106675,2005-03-15,F,Engineering
5951,Emma,Garcia,18,Clerk,Dubai,57199,2001-01-01,F,Operations
5952,Emma,Smith,49,Designer,Sydney,105098,2008-10-31,M,Design
5953,Sara,Williams,51,Intern,Singapore,26761,2002-10-21,M,Training
5954,Lisa,Wilson,19,Lead,Tokyo,104174,2008-04-27,M,Leadership
5955,Sara,Davis,22,Architect,Dubai,35983,2022-03-23,M,Architecture
5956,Lisa,Wilson,20,Developer,Singapore,109093,2015-05-10,F,Engineering
5957,Lisa,Jones,28,Designer,London,70088,2006-03-01,M,Design
5958,Sara,Jones,58,Architect,Tokyo,54552,2019-02-12,M,Architecture
5959,Sara,Wilson,42,Manager,Paris,35103,2022-01-08,M,Management
5960,Sara,Garcia,42,Architect,Berlin,101302,2024-08-04,F,Architecture
5961,Sam,Garcia,26,Manager,London,114935,2006-07-23,M,Management
5962,Jane,Taylor,30,Developer,London,94619,2024-05-13,M,Engineering
5963,Emma,Davis,23,Architect,Delhi,62976,2000-08-02,F,Architecture
5964,John,Davis,20,Clerk,New York,60548,2012-01-04,M,Operations
5965,Jane,Williams,29,Analyst,Sydney,116328,2008-01-04,M,Analytics
5966,Lisa,Johnson,47,Consultant,Tokyo,114101,2021-03-21,M,Consulting
5967,John,Brown,54,Analyst,Singapore,103587,2003-01-15,F,Analytics
5968,Mike,Taylor,40,Developer,Berlin,62695,2014-12-19,F,Engineering
5969,Tom,Miller,45,Lead,Berlin,43268,2017-01-01,M,Leadership
5970,Jane,Wilson,27,Clerk,London,35885,2010-12-24,F,Operations
5971,Emma,Brown,34,Architect,Paris,63673,2016-10-19,M,Architecture
5972,Emma,Brown,33,Clerk,Toronto,101996,2002-08-30,F,Operations
5973,Mike,Taylor,35,Manager,New York,77432,2004-09-13,F,Management
5974,Sara,Smith,39,Analyst,Singapore,92553,2014-01-11,M,Analytics
5975,Mike,Garcia,57,Developer,Tokyo,111405,2002-02-28,M,Engineering
5976,Jane,Davis,53,Intern,Singapore,103980,2009-09-22,M,Training
5977,Paul,Jones,45,Consultant,Delhi,105296,2015-03-23,F,Consulting
5978,Alex,Jones,47,Intern,Delhi,92937,2011-05-01,F,Training
5979,Tom,Johnson,33,Lead,Dubai,105839,2018-09-09,F,Leadership
5980,Tom,Miller,48,Architect,Paris,66846,2002-07-06,F,Architecture
5981,Jane,Taylor,44,Clerk,Paris,66941,2010-05-02,F,Operations
5982,John,Wilson,40,Consultant,Berlin,51985,2000-05-06,M,Consulting
5983,Jane,Smith,26,Engineer,Paris,68544,2015-02-13,M,Engineering
5984,Alex,Garcia,52,Developer,Berlin,37980,2020-03-02,F,Engineering
5985,Sam,Garcia,49,Designer,Delhi,36543,2009-09-10,F,Design
5986,Mike,Smith,32,Designer,Sydney,27170,2024-05-15,F,Design
5987,Mike,Williams,39,Analyst,New York,43832,2008-04-10,F,Analytics
5988,Lisa,Johnson,48,Designer,Tokyo,97383,2007-01-07,F,Design
5989,John,Jones,56,Manager,London,77257,2020-08-21,M,Management
5990,Lisa,Davis,55,Consultant,Toronto,79487,2006-09-14,F,Consulting
5991,Sara,Miller,57,Designer,Sydney,66351,2011-09-16,F,Design
5992,John,Johnson,37,Designer,London,71725,2021-07-13,M,Design
5993,Mike,Williams,21,Analyst,Paris,97712,2006-05-17,F,Analytics
5994,Mike,Jones,25,Engineer,New York,28329,2007-04-13,M,Engineering
5995,Sara,Davis,36,Architect,New York,26234,2017-12-31,M,Architecture
5996,John,Miller,46,Lead,Delhi,52795,2009-02-20,M,Leadership
5997,Jane,Davis,42,Intern,Dubai,93419,2019-01-15,M,Training
5998,Jane,Davis,33,Clerk,Sydney,118546,2019-11-16,F,Operations
5999,Alex,Garcia,40,Intern,Dubai,106300,2008-04-06,F,Training
6000,Jane,Garcia,42,Developer,Delhi,115896,2003-12-19,F,Engineering
6001,Alex,Taylor,35,Engineer,Delhi,105781,2014-06-28,F,Engineering
6002,John,Wilson,45,Intern,Dubai,92989,2012-10-09,M,Training
6003,Jane,Johnson,51,Clerk,Singapore,96530,2001-01-17,M,Operations
6004,Sam,Taylor,45,Manager,Dubai,98117,2017-05-15,F,Management
6005,Lisa,Johnson,52,Developer,Tokyo,98619,2002-03-12,M,Engineering
6006,Sara,Garcia,50,Architect,Singapore,40179,2024-07-01,F,Architecture
6007,John,Miller,59,Intern,New York,117781,2005-02-22,F,Training
6008,John,Miller,44,Consultant,Dubai,49844,2010-08-20,M,Consulting
6009,Sara,Williams,32,Analyst,Paris,74427,2018-07-14,M,Analytics
6010,Sara,Williams,29,Analyst,Tokyo,48294,2011-04-12,M,Analytics
6011,Tom,Williams,50,Intern,Sydney,103650,2006-05-02,M,Training
6012,John,Smith,37,Designer,Paris,54682,2015-06-26,F,Design
6013,Emma,Garcia,53,Consultant,Dubai,48567,2019-04-24,F,Consulting
6014,Sara,Miller,18,Manager,Paris,70338,2009-03-26,F,Management
6015,Mike,Wilson,33,Intern,London,33141,2007-05-31,M,Training
6016,Jane,Davis,19,Lead,Berlin,43255,2010-05-16,M,Leadership
6017,Alex,Jones,28,Manager,New York,63591,2001-02-11,F,Management
6018,Emma,Smith,21,Analyst,Berlin,75033,2009-09-19,F,Analytics
6019,Emma,Miller,39,Clerk,Delhi,57681,2008-04-24,M,Operations
6020,Tom,Taylor,46,Developer,New York,66318,2002-07-10,M,Engineering
6021,Mike,Smith,52,Engineer,Toronto,112993,2023-01-24,M,Engineering
6022,Lisa,Davis,50,Manager,Sydney,38491,2023-01-29,M,Management
6023,Mike,Brown,22,Designer,Tokyo,63968,2011-10-22,M,Design
6024,Lisa,Jones,30,Manager,Tokyo,98868,2010-11-15,M,Management
6025,Lisa,Jones,20,Lead,New York,34134,2014-03-18,F,Leadership
6026,Lisa,Jones,42,Clerk,Berlin,85810,2004-01-06,F,Operations
6027,John,Williams,21,Lead,Dubai,114615,2004-05-16,M,Leadership
6028,Tom,Smith,34,Consultant,New York,31743,2023-11-26,F,Consulting
6029,John,Wilson,32,Architect,Sydney,68972,2019-05-27,M,Architecture
6030,Jane,Johnson,32,Lead,Tokyo,79117,2023-10-28,F,Leadership
6031,Sam,Taylor,30,Manager,London,82202,2021-05-19,F,Management
6032,Paul,Davis,49,Developer,Toronto,91812,2021-07-20,F,Engineering
6033,Sara,Taylor,51,Consultant,Dubai,107854,2018-11-02,F,Consulting
6034,Sam,Smith,53,Architect,Paris,67951,2005-12-17,M,Architecture
6035,Emma,Garcia,43,Lead,Sydney,68968,2017-08-15,F,Leadership
6036,John,Wilson,53,Designer,Delhi,31403,2019-04-03,F,Design
6037,Tom,Jones,34,Developer,London,98292,2020-05-15,F,Engineering
6038,Sara,Taylor,50,Engineer,Tokyo,63112,2014-07-11,F,Engineering
6039,Sara,Garcia,31,Consultant,Dubai,83270,2009-06-25,M,Consulting
6040,Sara,Garcia,22,Designer,Paris,69770,2004-09-14,F,Design
6041,Jane,Smith,25,Developer,Berlin,55442,2022-10-09,M,Engineering
6042,John,Davis,30,Manager,London,68310,2016-06-18,F,Management
6043,Sam,Brown,22,Designer,New York,48436,2010-11-03,F,Design
6044,Tom,Wilson,57,Developer,Dubai,92573,2024-08-04,M,Engineering
6045,Emma,Miller,33,Developer,New York,54595,2017-02-20,F,Engineering
6046,Sam,Johnson,37,Manager,Delhi,84079,2013-10-13,F,Management
6047,John,Taylor,47,Intern,London,50267,2005-07-12,F,Training
6048,John,Jones,24,Developer,Singapore,68080,2000-01-27,F,Engineering
6049,Sam,Jones,59,Manager,London,44324,2013-07-19,M,Management
6050,Paul,Smith,52,Manager,Toronto,30401,2002-03-21,F,Management
6051,John,Jones,56,Developer,Sydney,54453,2015-12-21,M,Engineering
6052,Alex,Brown,39,Designer,Delhi,74452,2007-04-30,M,Design
6053,Sara,Taylor,25,Clerk,Berlin,107126,2012-04-05,M,Operations,extra_field
6054,Paul,Jones,37,Analyst,Delhi,47243,2023-02-09,F,Analytics
6055,Mike,Brown,24,Developer,Paris,63527,2013-03-08,M,Engineering
6056,John,Williams,33,Developer,Sydney,69050,2003-01-15,M,Engineering
6057,Lisa,Taylor,51,Designer,London,55919,2012-02-24,F,Design
6058,Alex,Garcia,33,Architect,London,106800,2007-05-03,F,Architecture
6059,Sara,Johnson,55,Architect,Singapore,105254,2003-01-12,M,Architecture
6060,Paul,Taylor,49,Analyst,London,44733,2017-07-29,F,Analytics
6061,Jane,Brown,39,Analyst,Berlin,49543,2021-01-10,F,Analytics
6062,Jane,Williams,59,Architect,Paris,45059,2024-02-20,M,Architecture
6063,Alex,Wilson,22,Consultant,Dubai,54643,2022-07-22,M,Consulting
6064,Sam,Smith,49,Architect,Singapore,35536,2021-06-09,M,Architecture
6065,Sara,Brown,47,Analyst,Tokyo,44075,2008-03-17,M,Analytics
6066,John,Taylor,47,Intern,Singapore,63275,2022-12-24,F,Training
6067,Paul,Smith,48,Clerk,Tokyo,39793,2001-09-08,F,Operations
6068,Alex,Williams,58,Consultant,Dubai,57643,2010-07-08,F,Consulting
6069,John,Garcia,46,Intern,Toronto,96076,2004-01-17,F,Training
6070,Jane,Miller,32,Developer,New York,43987,2021-07-26,M,Engineering
6071,Tom,Jones,41,Intern,Toronto,47709,2020-06-30,M,Training
6072,Mike,Jones,31,Architect,Dubai,56484,2003-03-20,F,Architecture
6073,Sam,Williams,32,Intern,Paris,48678,2006-08-08,M,Training
6074,Sara,Johnson,53,Clerk,New York,30759,2008-02-14,M,Operations
6075,Sam,Brown,37,Developer,Tokyo,102221,2007-05-13,M,Engineering
6076,Tom,Taylor,38,Intern,Singapore,99174,2004-05-15,F,Training
6077,John,Johnson,60,Architect,New York,33041,2010-07-30,M,Architecture
6078,John,Davis,33,Consultant,Tokyo,31771,2014-08-11,M,Consulting
6079,Alex,Johnson,51,Lead,New York,42929,2002-11-27,F,Leadership
6080,Sam,Miller,21,Designer,Dubai,66506,2002-05-27,M,Design
6081,Mike,Smith,49,Clerk,Tokyo,80500,2023-02-18,F,Operations
6082,Emma,Miller,24,Lead,Toronto,68648,2001-09-19,F,Leadership
6083,Sara,Miller,32,Lead,Toronto,44085,2017-04-23,F,Leadership
6084,Lisa,Johnson,41,Intern,New York,46474,2015-04-10,F,Training
6085,Alex,Jones,55,Intern,Singapore,104062,2023-10-25,M,Training
6086,Mike,Taylor,32,Architect,Singapore,52430,2005-02-18,F,Architecture
6087,Paul,Jones,42,Lead,Delhi,58885,2017-06-13,M,Leadership
6088,Paul,Miller,60,Manager,Toronto,77478,2008-09-03,F,Management
6089,Emma,Smith,19,Clerk,Toronto,33794,2011-08-13,F,Operations
6090,Sam,Davis,59,Designer,Singapore,82107,2020-08-14,M,Design
6091,Jane,Taylor,40,Engineer,New York,111614,2015-08-30,F,Engineering
6092,Emma,Miller,57,Clerk,London,77780,2021-12-06,F,Operations
6093,Jane,Wilson,45,Analyst,Berlin,52705,2005-03-17,M,Analytics
6094,Emma,Brown,37,Developer,Paris,61719,2000-01-22,F,Engineering
6095,Mike,Williams,49,Lead,New York,55567,2023-11-04,M,Leadership
6096,Tom,Garcia,37,Lead,Sydney,81787,2023-08-07,M,Leadership
6097,Sara,Brown,27,Manager,Paris,47237,2009-10-25,F,Management
6098,Mike,Miller,56,Analyst,Singapore,103235,2023-04-06,M,Analytics
6099,Paul,Taylor,36,Designer,Tokyo,112714,2021-02-22,M,Design
6100,Emma,Johnson,39,Developer,New York,90403,2009-05-18,M,Engineering
6101,Tom,Davis,33,Developer,Dubai,98511,2001-06-23,F,Engineering
6102,Tom,Taylor,54,Intern,Paris,70580,2017-05-23,M,Training
6103,John,Williams,29,Clerk,Sydney,88469,2011-02-09,F,Operations
6104,Sara,Jones,56,Intern,Berlin,113224,2009-09-04,F,Training
6105,Sara,Garcia,29,Intern,Sydney,45584,2008-01-30,M,Training
6106,John,Davis,55,Developer,Singapore,61609,2013-11-14,M,Engineering
6107,Sara,Brown,47,Analyst,Dubai,49895,2004-04-07,F,Analytics
6108,Jane,Miller,60,Architect,New York,34998,2010-11-19,M,Architecture
6109,Mike,Taylor,30,Architect,Berlin,78359,2015-09-25,M,Architecture
6110,Tom,Garcia,25,Lead,Delhi,55807,2013-10-31,M,Leadership
6111,Tom,Williams,50,Intern,Sydney,82146,2006-12-28,M,Training
6112,Emma,Smith,37,Designer,Delhi,98542,2016-10-15,M,Design
6113,Sam,Johnson,43,Consultant,Singapore,108273,2010-12-23,M,Consulting
6114,Alex,Garcia,57,Architect,Delhi,45411,2005-12-09,F,Architecture
6115,Lisa,Brown,23,Architect,Sydney,42146,2019-04-03,F,Architecture
6116,Alex,Smith,22,Designer,Dubai,62381,2023-11-14,M,Design
6117,Jane,Miller,38,Engineer,Delhi,105375,2021-12-02,F,Engineering
6118,Emma,Davis,59,Clerk,Paris,64007,2013-09-05,F,Operations
6119,Mike,Jones,49,Manager,Paris,33619,2003-07-08,M,Management
6120,Tom,Davis,43,Designer,Singapore,33979,2001-01-08,F,Design
6121,Mike,Garcia,52,Intern,Paris,31528,2022-08-29,M,Training
6122,Alex,Jones,33,Lead,Sydney,51039,2008-01-16,F,Leadership
6123,Lisa,Smith,43,Analyst,Tokyo,57958,2017-02-14,F,Analytics
6124,Tom,Miller,53,Consultant,Berlin,26472,2014-07-12,F,Consulting
6125,John,Smith,22,Analyst,Paris,116576,2005-07-07,F,Analytics
6126,Sara,Smith,50,Analyst,London,33474,2003-07-18,F,Analytics
6127,Tom,Johnson,23,Clerk,Singapore,29135,2020-01-18,M,Operations
6128,Mike,Wilson,47,Architect,Tokyo,88737,2014-09-04,F,Architecture
6129,Alex,Johnson,59,Manager,Dubai,67699,2005-07-19,M,Management
6130,Emma,Taylor,29,Lead,London,105210,2007-01-20,M,Leadership
6131,Alex,Garcia,20,Clerk,Tokyo,96459,2023-10-27,M,Operations
6132,Mike,Garcia,55,Developer,Tokyo,76742,2003-05-20,F,Engineering
6133,Emma,Johnson,56,Engineer,Singapore,53228,2021-07-31,F,Engineering
6134,Jane,Miller,27,Lead,Dubai,49480,2007-11-20,F,Leadership
6135,Sam,Garcia,34,Clerk,Sydney,49598,2000-05-05,M,Operations
6136,Jane,Garcia,45,Manager,Sydney,96181,2023-06-12,M,Management
6137,Tom,Garcia,56,Consultant,Tokyo,86350,2013-03-12,F,Consulting
6138,Jane,Davis,42,Intern,Paris,69856,2004-07-07,M,Training
6139,Tom,Brown,57,Engineer,Toronto,114517,2006-07-27,F,Engineering
6140,John,Taylor,31,Developer,Delhi,90539,2013-07-09,F,Engineering
6141,Lisa,Johnson,25,Analyst,Tokyo,46760,2022-07-29,M,Analytics
6142,Jane,Davis,37,Analyst,Dubai,57349,2017-06-06,F,Analytics
6143,John,Jones,46,Clerk,Tokyo,76463,2018-12-30,M,Operations
6144,Sara,Jones,53,Analyst,Paris,107500,2000-02-06,M,Analytics
6145,Lisa,Davis,56,Intern,Paris,116636,2018-06-25,M,Training
6146,Sam,Brown,31,Lead,Paris,92742,2024-10-02,M,Leadership
6147,Mike,Johnson,55,Developer,Tokyo,86846,2007-04-07,F,Engineering
6148,Sara,Johnson,25,Manager,Tokyo,85393,2000-08-27,M,Management
6149,Mike,Johnson,40,Analyst,Dubai,76997,2009-03-16,M,Analytics
6150,Tom,Jones,56,Intern,Berlin,103374,2007-02-03,M,Training
6151,Alex,Wilson,19,Engineer,Dubai,32251,2006-08-20,F,Engineering
6152,Sara,Garcia,19,Developer,Dubai,96537,2013-01-21,M,Engineering
6153,John,Taylor,34,Manager,Delhi,97046,2002-12-28,F,Management
6154,Jane,Taylor,37,Consultant,New York,89728,2017-07-08,M,Consulting
6155,Sara,Jones,19,Clerk,Paris,28037,2016-03-15,F,Operations
6156,Tom,Taylor,38,Intern,Paris,47001,2001-03-09,M,Training
6157,Lisa,Williams,52,Analyst,Sydney,51152,2013-04-27,F,Analytics
6158,Alex,Smith,39,Clerk,Tokyo,46514,2024-06-19,F,Operations
6159,Sam,Jones,59,Lead,Delhi,94971,2007-10-12,M,Leadership
6160,John,Miller,42,Intern,Paris,119038,2024-12-03,F,Training
6161,Sam,Taylor,59,Consultant,New York,25238,2010-09-21,F,Consulting
6162,Alex,Williams,55,Designer,New York,113258,2009-05-25,M,Design
6163,Sara,Miller,50,Analyst,London,118791,2004-01-04,F,Analytics
6164,Emma,Miller,55,Manager,Sydney,81755,2007-12-16,M,Management
6165,Alex,Jones,24,Intern,Tokyo,76575,2001-04-22,M,Training
6166,Lisa,Wilson,34,Clerk,Dubai,98568,2013-11-17,F,Operations
6167,John,Jones,58,Consultant,Sydney,99257,2011-03-13,F,Consulting
6168,Sara,Taylor,40,Clerk,Dubai,107587,2002-12-22,M,Operations
6169,Alex,Williams,30,Developer,Berlin,32257,2013-12-28,F,Engineering
6170,Lisa,Johnson,50,Manager,Berlin,86700,2007-02-03,M,Management
6171,Sara,Brown,31,Intern,Berlin,105695,2018-01-07,F,Training
6172,Tom,Taylor,52,Analyst,Paris,72826,2014-08-01,F,Analytics
6173,Alex,Taylor,27,Designer,Paris,52090,2011-04-19,M,Design
6174,Tom,Williams,46,Consultant,Sydney,69066,2006-08-01,M,Consulting
6175,Tom,Davis,39,Lead,Paris,44694,2021-07-15,M,Leadership
6176,Paul,Taylor,20,Lead,New York,41988,2023-08-15,F,Leadership
6177,Lisa,Taylor,25,Intern,Berlin,76891,2021-01-23,M,Training
6178,Emma,Miller,30,Developer,Singapore,100845,2004-03-08,F,Engineering
6179,Mike,Johnson,60,Developer,Tokyo,41674,2016-05-27,F,Engineering
6180,Sam,Brown,37,Engineer,Paris,86809,2014-02-10,M,Engineering
6181,Emma,Jones,33,Consultant,New York,26678,2022-02-14,M,Consulting
6182,Mike,Smith,39,Manager,Toronto,68071,2022-07-26,F,Management
6183,Paul,Davis,25,Manager,Berlin,86940,2004-07-10,M,Management
6184,Emma,Brown,56,Engineer,London,78054,2003-10-19,F,Engineering
6185,Sara,Smith,28,Architect,New York,35500,2024-12-09,M,Architecture
,Tom,Brown,51,Developer,Dubai,46977,2019-02-12,M,Engineering
6187,John,Taylor,33,Analyst,New York,95983,2011-02-21,F,Analytics
6188,Alex,Wilson,45,Lead,Berlin,49552,2005-03-11,M,Leadership
6189,John,Miller,27,Lead,Sydney,83096,2018-09-14,F,Leadership
6190,Alex,Brown,27,Architect,Paris,119968,2000-05-05,F,Architecture
6191,Emma,Taylor,51,Architect,Berlin,83849,2001-10-16,F,Architecture
6192,John,Wilson,41,Designer,New York,96690,2021-06-18,F,Design
6193,Paul,Smith,52,Engineer,Delhi,57220,2015-11-24,F,Engineering
6194,Sara,Jones,31,Analyst,Toronto,42726,2003-01-20,F,Analytics
6195,Jane,Davis,49,Manager,London,41269,2018-07-28,M,Management
6196,Tom,Wilson,50,Clerk,Delhi,72314,2015-05-23,M,Operations
6197,Lisa,Jones,60,Clerk,Delhi,82852,2019-12-23,M,Operations
6198,Mike,Brown,39,Developer,Delhi,88068,2018-10-28,M,Engineering
6199,Sara,Garcia,24,Analyst,Sydney,29661,2009-01-21,F,Analytics
6200,Emma,Wilson,54,Lead,Sydney,38212,2006-07-20,M,Leadership
6201,Sam,Davis,29,Lead,New York,113238,2016-09-25,F,Leadership
6202,John,Wilson,49,Clerk,Delhi,71582,2023-04-08,F,Operations
6203,Sam,Jones,45,Analyst,Tokyo,32238,2012-01-10,M,Analytics
6204,Alex,Brown,27,Manager,Tokyo,29575,2017-04-15,F,Management
6205,Lisa,Miller,28,Manager,Dubai,54165,2019-12-16,M,Management
6206,Mike,Wilson,18,Analyst,London,81969,2000-02-05,F,Analytics
6207,Mike,Smith,56,Developer,Toronto,86243,2004-04-12,F,Engineering
6208,Sara,Miller,50,Analyst,Delhi,43579,2003-03-16,M,Analytics
6209,Lisa,Garcia,29,Developer,Singapore,45582,2021-03-10,F,Engineering
6210,Paul,Jones,29,Intern,Tokyo,51149,2009-04-10,F,Training
6211,Tom,Garcia,50,Architect,Singapore,39214,2023-11-18,M,Architecture
6212,Alex,Garcia,34,Analyst,Delhi,43994,2011-06-16,M,Analytics
6213,Sara,Davis,20,Clerk,London,117993,2018-11-06,M,Operations
6214,Mike,Wilson,45,Analyst,Paris,108192,2018-08-28,F,Analytics
6215,Emma,Jones,48,Analyst,Singapore,56579,2023-05-10,M,Analytics
6216,Alex,Jones,50,Consultant,Singapore,54368,2019-11-18,M,Consulting
6217,Emma,Jones,35,Analyst,Sydney,116613,2008-03-21,M,Analytics
6218,Paul,Miller,46,Designer,London,29289,2010-02-07,M,Design
6219,Jane,Taylor,22,Lead,Berlin,107903,2024-12-14,F,Leadership
6220,John,Taylor,27,Engineer,Dubai,33968,2015-11-05,M,Engineering
6221,Emma,Smith,29,Designer,London,65580,2015-10-20,M,Design
6222,Sam,Johnson,53,Designer,Paris,69369,2014-10-20,M,Design
6223,Alex,Taylor,20,Architect,Dubai,117924,2004-10-06,M,Architecture
6224,Sam,Jones,35,Manager,Paris,63566,2004-12-28,M,Management
6225,Alex,Wilson,48,Developer,Sydney,103281,2009-05-23,M,Engineering
6226,Sara,Williams,35,Lead,Berlin,112024,2006-12-29,F,Leadership
6227,Mike,Davis,48,Lead,Tokyo,31614,2000-01-27,F,Leadership
6228,Paul,Taylor,18,Designer,Toronto,46099,2014-11-06,M,Design
6229,Tom,Miller,21,Clerk,Toronto,68228,2013-11-01,M,Operations
6230,Sara,Davis,47,Designer,Toronto,79898,2009-03-15,M,Design
6231,Sam,Davis,24,Designer,Paris,97626,2022-02-01,F,Design
6232,Jane,Jones,60,Intern,Berlin,70334,2010-07-26,F,Training
6233,John,Jones,28,Developer,Delhi,47916,2005-10-01,F,Engineering
6234,Alex,Davis,18,Lead,London,30837,2021-07-18,F,Leadership
6235,Lisa,Williams,27,Engineer,Delhi,92437,2010-06-08,F,Engineering
6236,Paul,Johnson,58,Manager,Berlin,33218,2002-10-12,F,Management
6237,Sara,Jones,25,Designer,Paris,57610,2009-01-19,M,Design
6238,Alex,Davis,50,Analyst,London,110451,2010-06-08,M,Analytics
6239,John,Davis,59,Intern,Delhi,93500,2009-05-19,M,Training
6240,Emma,Williams,39,Engineer,Dubai,45747,2002-10-29,F,Engineering
6241,Sara,Johnson,54,Developer,Tokyo,105074,2018-10-26,M,Engineering
6242,Emma,Taylor,54,Engineer,Delhi,90897,2011-12-04,M,Engineering
6243,Alex,Smith,37,Intern,London,33799,2002-08-10,M,Training
6244,Sara,Taylor,53,Clerk,Paris,113028,2000-09-22,F,Operations
6245,John,Williams,25,Engineer,Singapore,65225,2011-09-09,M,Engineering
6246,Lisa,Brown,54,Lead,London,94497,2000-10-26,F,Leadership
6247,Mike,Miller,49,Intern,Toronto,61001,2013-04-01,F,Training
6248,Emma,Taylor,28,Intern,Toronto,103728,2006-06-12,M,Training
6249,Jane,Williams,47,Engineer,Berlin,68100,2023-07-24,F,Engineering
6250,Sam,Williams,24,Designer,Berlin,101617,2002-02-10,M,Design
6251,Sam,Williams,18,Lead,Paris,86246,2009-11-28,F,Leadership
6252,Sam,Wilson,45,Developer,Paris,34183,2023-10-31,M,Engineering
6253,Tom,Miller,52,Analyst,Sydney,109050,2016-06-23,F,Analytics
6254,Emma,Jones,48,Intern,Toronto,92426,2010-10-15,M,Training
6255,John,Johnson,41,Analyst,Toronto,119620,2003-08-28,F,Analytics
6256,Tom,Miller,46,Designer,Dubai,77823,2010-01-01,F,Design
6257,Emma,Smith,21,Developer,Sydney,48074,2018-12-17,F,Engineering
6258,John,Brown,20,Engineer,Dubai,73430,2005-11-03,F,Engineering
6259,Tom,Wilson,26,Architect,Toronto,66101,2023-11-29,M,Architecture
6260,John,Williams,52,Clerk,Berlin,103704,2015-12-02,F,Operations
6261,Tom,Williams,46,Developer,Delhi,93154,2002-05-02,F,Engineering
6262,Sam,Jones,56,Architect,London,97493,2010-06-17,M,Architecture
6263,Paul,Jones,19,Lead,Tokyo,85539,2011-01-04,F,Leadership
6264,Lisa,Williams,58,Engineer,Dubai,71375,2013-05-04,F,Engineering
6265,Sam,Smith,43,Consultant,Paris,32121,2002-06-28,F,Consulting
6266,Paul,Taylor,41,Designer,Sydney,36546,2017-08-26,F,Design
6267,John,Williams,56,Developer,New York,89544,2022-03-03,M,Engineering
6268,Sara,Williams,35,Lead,Dubai,85824,2013-01-23,M,Leadership
6269,Lisa,Wilson,38,Clerk,London,54964,2017-06-21,F,Operations
6270,Emma,Garcia,31,Analyst,London,28040,2004-07-22,M,Analytics
6271,Mike,Smith,50,Engineer,Singapore,25252,2011-06-26,F,Engineering
6272,John,Taylor,45,Developer,London,95794,2016-03-20,F,Engineering
6273,Alex,Taylor,52,Consultant,Sydney,70910,2007-10-07,M,Consulting
6274,Sam,Garcia,34,Developer,Delhi,58302,2017-07-09,M,Engineering
6275,Jane,Smith,56,Architect,New York,55234,2013-02-20,F,Architecture
6276,Sam,Taylor,57,Architect,Singapore,33452,2005-02-13,F,Architecture
6277,Jane,Miller,60,Developer,Tokyo,106670,2015-11-26,F,Engineering
6278,John,Jones,28,Designer,Sydney,32284,2023-08-09,M,Design
6279,John,Garcia,21,Designer,New York,82360,2003-04-10,F,Design
6280,Sam,Taylor,36,Intern,Tokyo,85757,2017-06-22,M,Training
6281,Jane,Miller,48,Engineer,Toronto,106867,2003-01-18,F,Engineering
6282,Alex,Williams,19,Designer,Sydney,104424,2002-04-28,F,Design
6283,Emma,Taylor,20,Developer,Berlin,87397,2022-06-17,F,Engineering
6284,Lisa,Davis,45,Consultant,Berlin,88289,2013-02-04,F,Consulting
6285,Sam,Jones,28,Manager,New York,58962,2021-03-26,M,Management
6286,Tom,Smith,26,Analyst,Sydney,92752,2014-07-27,M,Analytics
6287,Sam,Taylor,50,Analyst,Singapore,56140,2011-08-26,F,Analytics
6288,Jane,Brown,33,Consultant,Singapore,107924,2024-06-10,F,Consulting
6289,Tom,Miller,30,Developer,Singapore,80343,2018-03-24,M,Engineering
6290,Paul,Brown,34,Architect,Singapore,64990,2024-07-23,F,Architecture
6291,Alex,Taylor,28,Engineer,Delhi,66417,2001-01-31,F,Engineering
6292,Emma,Davis,22,Consultant,Toronto,81674,2024-10-06,F,Consulting
6293,Mike,Garcia,49,Analyst,Paris,29530,2024-04-29,F,Analytics
6294,John,Williams,23,Developer,New York,73345,2000-08-22,M,Engineering
6295,Emma,Davis,37,Designer,Sydney,83885,2002-05-20,F,Design
6296,Sam,Garcia,34,Consultant,Toronto,107069,2024-02-17,M,Consulting
6297,Tom,Smith,44,Manager,Berlin,118053,2001-10-15,F,Management
6298,Mike,Johnson,53,Engineer,Delhi,58767,2008-06-18,F,Engineering
6299,Lisa,Brown,35,Manager,Sydney,96548,2014-08-18,F,Management
6300,Mike,Miller,57,Intern,Singapore,27379,2019-03-30,F,Training
6301,Sara,Miller,20,Architect,New York,79090,2005-11-10,F,Architecture
6302,John,Taylor,21,Intern,Berlin,70527,2015-02-23,F,Training
6303,Paul,Davis,37,Intern,New York,118010,2006-01-20,M,Training
6304,John,Brown,53,Designer,Sydney,101190,2011-02-08,M,Design
6305,Sam,Smith,44,Architect,Delhi,109159,2014-06-22,M,Architecture
6306,Sara,Davis,35,Engineer,Paris,94006,2010-01-14,M,Engineering
6307,Jane,Miller,32,Architect,New York,51535,2001-08-06,F,Architecture
6308,Sara,Smith,28,Engineer,New York,32511,2023-11-22,F,Engineering
6309,Sam,Johnson,22,Architect,Paris,72208,2011-07-30,M,Architecture
6310,Sam,Jones,47,Architect,Berlin,38299,2006-09-16,M,Architecture
6311,Sara,Williams,45,Architect,Singapore,63507,2020-01-24,F,Architecture
6312,Alex,Brown,51,Developer,Dubai,45478,2000-03-04,M,Engineering
6313,Emma,Garcia,43,Intern,Sydney,101105,2023-04-17,M,Training
6314,Sara,Brown,39,Developer,New York,68182,2008-08-22,M,Engineering
6315,Tom,Smith,48,Intern,Tokyo,74269,99-99-9999,M,Training
6316,Sam,Brown,55,Lead,New York,51735,2020-12-22,M,Leadership
6317,John,Smith,52,Consultant,Toronto,112291,2013-12-02,M,Consulting
6318,Emma,Davis,58,Engineer,Delhi,60552,2022-04-01,M,Engineering
6319,John,Wilson,26,Intern,Delhi,88007,2003-03-09,F,Training
6320,Mike,Taylor,38,Manager,Toronto,64561,2014-10-18,M,Management
6321,Jane,Davis,23,Analyst,Berlin,47098,2016-07-27,M,Analytics
6322,Emma,Jones,60,Architect,Tokyo,73107,2000-06-14,M,Architecture
6323,Sara,Miller,30,Analyst,Sydney,73641,2004-08-30,F,Analytics
6324,Jane,Smith,46,Lead,London,80880,2009-11-28,F,Leadership
6325,Alex,Garcia,30,Developer,Sydney,80990,2004-09-20,F,Engineering
6326,Alex,Williams,46,Manager,New York,104957,2014-01-04,M,Management
6327,Mike,Johnson,54,Engineer,London,111716,2022-11-22,M,Engineering
6328,Emma,Johnson,40,Clerk,Singapore,73489,2013-07-22,M,Operations
6329,Tom,Taylor,20,Developer,Sydney,52716,2023-04-27,M,Engineering
6330,Lisa,Johnson,25,Developer,Tokyo,31493,2012-04-15,M,Engineering
6331,Jane,Taylor,31,Consultant,London,103990,2008-11-19,F,Consulting
6332,John,Williams,55,Consultant,Sydney,116167,2008-09-25,F,Consulting
6333,Mike,Johnson,50,Clerk,Paris,36280,2019-08-20,M,Operations
6334,Jane,Garcia,27,Engineer,Dubai,106143,2013-10-12,M,Engineering
6335,Mike,Wilson,47,Lead,Toronto,62857,2004-02-10,M,Leadership
6336,Paul,Wilson,20,Architect,New York,117990,2018-09-19,F,Architecture
6337,Sam,Taylor,55,Architect,New York,49283,2018-08-17,F,Architecture
6338,Tom,Smith,20,Architect,Dubai,107248,2004-01-10,M,Architecture
6339,Jane,Jones,36,Developer,New York,66386,2012-03-30,F,Engineering
6340,Alex,Wilson,60,Consultant,Delhi,54345,2023-03-10,M,Consulting
6341,Jane,Brown,37,Engineer,Paris,34396,2007-08-26,F,Engineering
6342,Mike,Johnson,20,Intern,Delhi,101475,2022-03-10,M,Training
6343,Tom,Jones,60,Designer,Dubai,48513,2004-05-18,M,Design
6344,Jane,Smith,52,Clerk,New York,33525,2014-03-04,M,Operations
6345,Mike,Brown,56,Engineer,Sydney,38407,2013-02-25,M,Engineering
6346,Alex,Brown,18,Designer,Berlin,118391,2012-12-22,F,Design,extra_field
6347,Alex,Garcia,30,Designer,Toronto,51443,2002-12-23,F,Design
6348,Lisa,Johnson,22,Intern,Dubai,70693,2022-04-29,F,Training
6349,Lisa,Smith,58,Intern,London,51601,2001-06-13,M,Training
6350,John,Williams,32,Designer,Berlin,54475,2006-07-21,F,Design
6351,Alex,Williams,40,Clerk,Dubai,88303,2013-12-12,M,Operations
6352,Emma,Smith,22,Analyst,Sydney,38102,2007-04-07,M,Analytics
6353,Jane,Miller,31,Developer,Paris,40013,2001-08-19,F,Engineering
6354,Sara,Garcia,31,Developer,Tokyo,101882,2004-07-04,M,Engineering
6355,Sara,Smith,27,Consultant,Delhi,73256,2024-09-27,F,Consulting
6356,Paul,Taylor,38,Intern,Paris,87046,2007-09-04,F,Training
6357,Sara,Brown,25,Analyst,Toronto,111172,2010-01-18,M,Analytics
6358,Sara,Jones,40,Architect,London,89860,2000-01-11,F,Architecture
6359,Lisa,Taylor,28,Architect,Sydney,65533,2000-04-29,M,Architecture
6360,Jane,Smith,58,Clerk,Toronto,73534,2021-10-17,M,Operations
6361,Paul,Jones,36,Consultant,Delhi,80120,2021-05-11,M,Consulting
6362,Alex,Davis,39,Lead,Singapore,89892,2008-04-07,M,Leadership
6363,Sam,Miller,32,Lead,Toronto,36169,2001-02-03,F,Leadership
6364,Alex,Garcia,49,Manager,Dubai,88443,2006-04-07,M,Management
6365,Jane,Williams,35,Manager,Delhi,64147,2021-09-09,M,Management
6366,Alex,Smith,39,Manager,Sydney,56378,2006-03-02,M,Management
6367,Lisa,Taylor,47,Architect,Singapore,61644,2017-09-19,F,Architecture
6368,Sara,Jones,58,Engineer,New York,65843,2002-07-10,F,Engineering
6369,Emma,Johnson,43,Clerk,Singapore,42581,2010-09-03,M,Operations
6370,Mike,Jones,34,Lead,Dubai,111687,2014-01-20,F,Leadership
6371,Sam,Wilson,19,Designer,Delhi,100505,2013-02-21,F,Design
6372,Tom,Johnson,59,Consultant,Delhi,116943,2004-04-12,M,Consulting
6373,John,Johnson,40,Lead,Sydney,50546,2014-07-23,F,Leadership
6374,Mike,Williams,25,Analyst,Toronto,46085,2012-05-03,F,Analytics
6375,Emma,Miller,41,Developer,Paris,102351,2024-02-12,F,Engineering
6376,John,Williams,20,Designer,London,30198,2002-05-13,F,Design
6377,Paul,Garcia,58,Architect,London,89151,2009-07-26,F,Architecture
6378,Jane,Taylor,20,Clerk,Paris,87478,2004-07-20,F,Operations
6379,John,Taylor,55,Clerk,Paris,102322,2016-05-22,F,Operations
6380,Lisa,Davis,30,Designer,Dubai,101189,2021-01-02,F,Design
6381,Lisa,Taylor,31,Developer,Berlin,57869,2021-10-11,F,Engineering
6382,Jane,Williams,53,Consultant,Paris,86371,2017-10-09,F,Consulting
6383,Jane,Davis,19,Clerk,Singapore,68186,2014-04-30,M,Operations
6384,Sam,Johnson,19,Engineer,New York,118316,2007-03-17,F,Engineering
6385,Alex,Johnson,47,Manager,Delhi,49612,2017-03-23,M,Management
6386,Tom,Miller,39,Lead,London,35931,2009-09-09,F,Leadership
6387,John,Williams,45,Designer,New York,48868,2020-01-11,M,Design
6388,Emma,Johnson,40,Designer,Dubai,112264,2008-04-10,F,Design
6389,Mike,Williams,60,Manager,Singapore,49085,2006-02-25,M,Management
6390,Paul,Garcia,43,Designer,London,26065,2004-11-01,M,Design
6391,Jane,Garcia,41,Analyst,Tokyo,114215,2013-05-24,F,Analytics
6392,Paul,Davis,22,Designer,Berlin,111640,2022-10-22,M,Design
6393,Alex,Jones,23,Engineer,New York,77997,2002-01-07,M,Engineering
6394,Sara,Taylor,32,Developer,Berlin,65619,2000-08-01,F,Engineering
6395,John,Williams,19,Developer,Tokyo,86437,2012-12-08,M,Engineering
6396,Paul,Smith,54,Lead,Dubai,61557,2004-12-23,F,Leadership
6397,Alex,Smith,32,Clerk,Sydney,109888,2006-10-30,M,Operations
6398,Sam,Brown,38,Architect,Delhi,45355,2008-12-17,F,Architecture
6399,Mike,Brown,56,Intern,Singapore,35835,2004-01-06,M,Training
6400,Mike,Taylor,50,Manager,Delhi,51918,2002-11-10,M,Management
6401,Tom,Brown,31,Clerk,London,116946,2003-12-03,F,Operations
6402,Tom,Taylor,51,Designer,Tokyo,26693,2007-10-21,M,Design
6403,Lisa,Johnson,20,Manager,Singapore,109668,2016-08-10,F,Management
6404,Mike,Smith,59,Engineer,Tokyo,61138,2011-02-06,F,Engineering
6405,Mike,Johnson,59,Clerk,Sydney,62011,2007-09-16,F,Operations
6406,Alex,Smith,59,Architect,London,102301,2020-05-11,F,Architecture
6407,Sara,Williams,22,Designer,New York,83398,2006-10-29,F,Design
6408,Alex,Taylor,27,Architect,Paris,93219,2013-01-23,F,Architecture
6409,Alex,Davis,30,Architect,Paris,87358,2023-12-13,M,Architecture
6410,Emma,Wilson,26,Intern,Sydney,69944,2021-03-13,M,Training
6411,Lisa,Wilson,37,Analyst,Sydney,95891,2005-02-15,F,Analytics
6412,Sam,Brown,41,Manager,Toronto,94157,2010-06-08,M,Management
6413,Paul,Jones,23,Clerk,Tokyo,100479,2017-07-10,M,Operations
6414,Paul,Davis,26,Manager,Toronto,67031,2010-11-15,F,Management
6415,John,Davis,39,Manager,Singapore,108441,2024-04-09,M,Management
6416,Jane,Brown,55,Designer,Paris,119775,2000-09-04,M,Design
6417,Sara,Jones,51,Developer,Dubai,116225,2020-09-25,M,Engineering
6418,Emma,Brown,31,Designer,Delhi,74677,2022-09-20,F,Design
6419,Sam,Brown,41,Manager,Paris,25534,2013-05-27,M,Management
6420,Sara,Wilson,21,Designer,Tokyo,39876,2017-11-08,M,Design
6421,Sam,Jones,44,Manager,Delhi,63838,2013-04-30,F,Management
6422,Sara,Miller,40,Clerk,Berlin,89120,2005-09-26,M,Operations
6423,Paul,Wilson,47,Analyst,London,65118,2001-05-04,M,Analytics
6424,Tom,Jones,57,Developer,Delhi,101106,2018-06-17,M,Engineering
6425,Sam,Williams,36,Intern,Toronto,118523,2009-08-16,F,Training
6426,Alex,Williams,24,Manager,Delhi,56772,2022-08-09,F,Management
6427,Mike,Miller,26,Manager,London,114529,2022-11-20,F,Management
6428,Sam,Brown,46,Developer,Tokyo,51160,2017-08-05,F,Engineering
6429,John,Taylor,38,Clerk,Paris,111400,2007-02-03,F,Operations
6430,Mike,Brown,56,Analyst,London,94223,2021-10-21,M,Analytics
6431,Sam,Williams,52,Clerk,Toronto,113995,2004-10-04,M,Operations
6432,Emma,Taylor,31,Manager,Sydney,N/A,2013-10-19,F,Management
6433,Jane,Garcia,40,Manager,Sydney,103181,2002-11-17,M,Management
6434,Emma,Miller,48,Consultant,Sydney,103526,2017-10-27,F,Consulting
6435,Mike,Brown,44,Designer,Tokyo,86424,2009-08-30,M,Design
6436,Alex,Johnson,28,Engineer,Tokyo,66465,2014-10-07,F,Engineering
6437,Sara,Smith,24,Lead,Toronto,60419,2010-05-07,F,Leadership
6438,Tom,Wilson,38,Engineer,Sydney,88675,2012-05-08,F,Engineering
6439,Sara,Taylor,33,Consultant,Toronto,115786,2021-01-13,F,Consulting
6440,Jane,Johnson,55,Designer,London,117209,2006-12-10,F,Design
6441,Jane,Smith,42,Clerk,New York,79359,2008-07-30,F,Operations
6442,Tom,Jones,52,Analyst,Delhi,75854,2023-06-19,F,Analytics
6443,Paul,Garcia,60,Designer,Dubai,71810,2015-09-05,M,Design
6444,Alex,Williams,50,Engineer,New York,90618,2010-02-17,F,Engineering
6445,John,Miller,56,Engineer,Dubai,88728,2004-04-07,M,Engineering
6446,John,Brown,54,Designer,London,118016,2018-05-17,F,Design
6447,Tom,Brown,43,Consultant,Toronto,101937,2010-07-18,F,Consulting
6448,Mike,Wilson,29,Consultant,London,70109,2000-12-07,F,Consulting
6449,John,Williams,21,Consultant,Sydney,51109,2019-08-23,F,Consulting
6450,Sara,Jones,57,Manager,Paris,72412,2015-03-29,F,Management
6451,Mike,Miller,58,Manager,London,97900,2021-02-18,F,Management
6452,Mike,Taylor,28,Developer,Tokyo,45530,2015-01-15,F,Engineering
6453,Paul,Brown,37,Intern,Toronto,62249,2016-01-15,M,Training
6454,Tom,Smith,30,Consultant,Dubai,58047,2005-02-06,F,Consulting
6455,Jane,Williams,33,Architect,Delhi,84127,2012-11-02,F,Architecture
6456,Mike,Jones,39,Designer,Sydney,53069,2013-09-03,M,Design
6457,Sara,Davis,59,Developer,Tokyo,80071,2014-03-31,M,Engineering
6458,Tom,Davis,42,Developer,Dubai,99106,2001-10-04,F,Engineering
6459,Paul,Miller,41,Designer,Delhi,36880,2001-03-17,M,Design
6460,Lisa,Brown,30,Consultant,Dubai,55380,2010-08-12,M,Consulting
6461,Sara,Davis,36,Lead,Singapore,91997,2001-07-24,M,Leadership
6462,Jane,Jones,46,Lead,Delhi,73892,2024-01-21,F,Leadership
6463,Lisa,Davis,34,Engineer,New York,84738,2022-09-08,M,Engineering
6464,Sara,Wilson,57,Consultant,Paris,115531,2011-04-24,M,Consulting
6465,Sara,Garcia,40,Lead,Berlin,41627,2013-10-21,M,Leadership
6466,Sam,Johnson,29,Architect,Dubai,54437,2005-08-21,M,Architecture
6467,Lisa,Miller,29,Analyst,Berlin,34593,2019-11-12,F,Analytics
6468,Jane,Miller,50,Analyst,London,45063,2005-12-08,M,Analytics
6469,Emma,Brown,46,Manager,London,59109,2003-06-22,F,Management
6470,Lisa,Williams,18,Lead,Toronto,88356,2017-04-05,M,Leadership
6471,Jane,Davis,56,Intern,Dubai,102113,2010-11-09,F,Training
6472,John,Williams,56,Architect,Berlin,32074,2022-07-17,M,Architecture
6473,Jane,Davis,59,Designer,Dubai,57844,2007-12-25,M,Design
6474,Lisa,Taylor,47,Architect,Toronto,34958,2014-07-11,M,Architecture
6475,Lisa,Jones,53,Lead,Berlin,93713,2023-07-10,M,Leadership
6476,Sam,Smith,32,Engineer,London,67408,2023-03-17,M,Engineering
6477,Emma,Johnson,52,Developer,Singapore,84662,2009-08-17,M,Engineering
6478,Emma,Miller,58,Manager,Delhi,30957,2017-12-05,M,Management
6479,Mike,Smith,37,Designer,Berlin,71371,2009-01-24,F,Design
6480,Lisa,Smith,46,Clerk,Singapore,69198,2017-07-01,M,Operations
6481,Mike,Smith,55,Designer,Berlin,92870,2007-06-08,F,Design
6482,Sara,Williams,47,Engineer,Tokyo,73553,2016-07-18,M,Engineering
6483,Jane,Jones,34,Consultant,Berlin,114180,2021-05-13,F,Consulting
6484,Alex,Smith,44,Intern,Tokyo,31684,2007-02-14,M,Training
6485,Jane,Smith,24,Developer,Singapore,49403,2005-10-17,M,Engineering
6486,John,Brown,44,Developer,Dubai,43950,2022-09-07,M,Engineering
6487,Sara,Jones,58,Clerk,Dubai,43242,2020-05-24,F,Operations
6488,Sam,Johnson,19,Manager,Tokyo,74679,2010-08-03,F,Management
6489,Sara,Johnson,51,Lead,Tokyo,51470,2006-07-13,F,Leadership
6490,Paul,Wilson,58,Lead,Singapore,37615,2021-03-08,M,Leadership
6491,Emma,Johnson,41,Architect,Sydney,97721,2013-08-21,M,Architecture
6492,Sara,Johnson,29,Developer,New York,39741,2024-01-26,M,Engineering
6493,John,Garcia,44,Architect,London,83258,2004-04-13,M,Architecture
6494,Sam,Brown,29,Analyst,Dubai,92448,2014-09-14,M,Analytics
6495,Jane,Johnson,49,Analyst,Dubai,49431,2009-05-12,M,Analytics
6496,John,Williams,33,Clerk,Paris,66092,2019-11-12,F,Operations
6497,Mike,Smith,57,Manager,Berlin,60558,2004-03-11,F,Management
6498,Paul,Brown,21,Architect,Sydney,30018,2012-09-06,M,Architecture
6499,Lisa,Smith,51,Consultant,Delhi,75622,2014-04-01,M,Consulting
6500,Emma,Johnson,60,Intern,Dubai,77191,2017-01-10,F,Training
6501,John,Garcia,50,Architect,Sydney,73692,2021-08-26,M,Architecture
6502,Sam,Wilson,57,Analyst,Delhi,41012,2022-07-13,M,Analytics
6503,Tom,Jones,23,Engineer,Tokyo,52851,2015-11-08,F,Engineering
6504,Sara,Williams,44,Engineer,Sydney,46218,2021-06-06,M,Engineering
6505,John,Johnson,39,Lead,Dubai,64880,2000-03-17,F,Leadership
6506,Mike,Taylor,35,Manager,Tokyo,104038,2008-05-17,F,Management
6507,Sara,Williams,56,Engineer,Dubai,111238,2007-12-02,M,Engineering
6508,Sam,Brown,19,Lead,Berlin,116765,2022-03-07,F,Leadership
6509,Alex,Miller,52,Consultant,Sydney,99635,2001-07-25,M,Consulting
6510,Emma,Davis,46,Clerk,Berlin,49530,2019-02-15,M,Operations
6511,Sam,Garcia,58,Consultant,Berlin,119333,2013-07-30,F,Consulting
6512,Alex,Taylor,18,Developer,Delhi,57330,2005-11-29,M,Engineering
6513,Lisa,Davis,55,Designer,Singapore,74885,2021-03-08,M,Design
6514,Alex,Garcia,53,Engineer,Sydney,35099,2012-07-18,F,Engineering
6515,Tom,Garcia,27,Designer,Sydney,29848,2017-12-07,M,Design
6516,Mike,Taylor,59,Developer,Berlin,76525,2010-05-03,F,Engineering
6517,Lisa,Jones,20,Architect,Berlin,46573,2010-06-08,M,Architecture
6518,Emma,Davis,54,Intern,Dubai,69425,2018-05-02,F,Training
6519,Sara,Wilson,44,Lead,Berlin,28978,2024-12-16,M,Leadership
6520,Emma,Miller,57,Designer,London,59073,2006-05-28,M,Design
6521,Alex,Williams,55,Analyst,Sydney,44533,2010-10-27,M,Analytics
6522,Lisa,Miller,42,Manager,Berlin,52388,2018-12-12,F,Management
6523,Sam,Davis,26,Intern,Delhi,49145,2011-12-04,F,Training
6524,Emma,Davis,28,Consultant,Dubai,28807,2006-11-14,M,Consulting
6525,Sam,Jones,49,Clerk,New York,97918,2023-08-15,F,Operations
6526,John,Smith,42,Architect,Dubai,68329,2017-06-21,F,Architecture
6527,Jane,Jones,18,Consultant,New York,119849,2001-07-07,M,Consulting
6528,Paul,Williams,41,Developer,Toronto,59883,2020-08-30,F,Engineering
6529,Paul,Garcia,59,Architect,Toronto,49151,2024-09-14,F,Architecture
6530,John,Jones,44,Consultant,Berlin,31591,2008-09-24,F,Consulting
6531,Paul,Miller,36,Analyst,Dubai,82252,2023-10-12,M,Analytics
6532,Jane,Miller,45,Designer,London,87012,2007-07-12,M,Design
6533,Alex,Garcia,32,Clerk,Tokyo,113262,2018-07-13,M,Operations
6534,Tom,Johnson,19,Consultant,Sydney,94296,2020-06-19,F,Consulting
6535,Emma,Johnson,28,Architect,Berlin,53951,2023-04-30,F,Architecture
6536,Alex,Jones,38,Engineer,London,62657,2006-05-02,F,Engineering
6537,Jane,Brown,59,Engineer,New York,37419,2009-06-06,F,Engineering
6538,Emma,Davis,41,Analyst,Berlin,30402,2003-12-14,M,Analytics
6539,Sam,Miller,56,Designer,London,31127,2013-07-04,F,Design
6540,Alex,Johnson,18,Manager,Dubai,49182,2024-05-03,F,Management
6541,Alex,Taylor,26,Architect,Toronto,63347,2001-01-23,M,Architecture
6542,Emma,Miller,34,Developer,New York,28646,2019-10-20,F,Engineering
6543,Jane,Wilson,23,Intern,Tokyo,86472,2019-08-16,F,Training
6544,Sam,Johnson,47,Analyst,Berlin,109651,2018-05-30,M,Analytics
6545,Sam,Miller,50,Designer,New York,61523,2000-04-10,M,Design
6546,Sara,Taylor,31,Lead,Sydney,42224,2023-08-19,F,Leadership
6547,Mike,Davis,54,Designer,Delhi,78918,2023-03-23,M,Design
6548,Alex,Jones,51,Engineer,London,118928,2006-09-08,M,Engineering
6549,Mike,Miller,53,Consultant,Delhi,25809,2000-09-16,F,Consulting
6550,Emma,Wilson,54,Developer,Singapore,99891,2002-05-10,M,Engineering
6551,Alex,Garcia,60,Intern,Toronto,68778,2019-05-01,M,Training
6552,Alex,Miller,58,Architect,Toronto,29687,2009-01-25,M,Architecture
6553,Emma,Smith,37,Engineer,Berlin,37687,2020-01-22,M,Engineering
6554,Mike,Brown,46,Manager,Paris,95528,2001-12-01,M,Management
6555,Tom,Jones,24,Clerk,Toronto,56647,2022-11-21,M,Operations
6556,Emma,Taylor,24,Architect,Paris,81830,2001-05-19,F,Architecture
6557,Emma,Williams,54,Manager,Tokyo,114254,2018-02-07,M,Management
6558,Paul,Williams,52,Engineer,Delhi,119959,2006-07-25,M,Engineering
6559,Tom,Smith,28,Designer,Berlin,64990,2001-11-30,F,Design
6560,Tom,Smith,24,Clerk,Sydney,53826,2022-12-08,M,Operations
6561,Tom,Jones,27,Manager,New York,74646,2021-07-10,F,Management
6562,Tom,Garcia,44,Analyst,London,78511,2011-11-20,M,Analytics
6563,Tom,Williams,27,Developer,London,117543,2009-10-26,F,Engineering
6564,Mike,Garcia,52,Consultant,Delhi,26121,2002-03-25,M,Consulting
6565,Sam,Brown,28,Developer,Toronto,58197,2008-02-11,M,Engineering
6566,Alex,Miller,20,Manager,Delhi,75387,2000-12-19,F,Management
6567,Sam,Williams,46,Manager,Delhi,47658,2024-07-08,F,Management
6568,Sara,Miller,46,Lead,Singapore,85995,2016-03-19,M,Leadership
6569,John,Johnson,34,Clerk,New York,91113,2006-03-27,M,Operations
6570,Alex,Smith,59,Architect,London,91100,2016-07-08,M,Architecture
6571,Emma,Jones,21,Engineer,New York,83055,2014-10-03,F,Engineering
6572,Alex,Davis,60,Clerk,Berlin,64194,2019-11-15,M,Operations
6573,Alex,Williams,37,Analyst,Tokyo,68109,2024-08-17,M,Analytics
6574,Emma,Smith,46,Designer,London,82429,2018-10-06,M,Design
6575,John,Wilson,54,Analyst,Toronto,88307,2022-07-15,F,Analytics
6576,Sam,Wilson,57,Architect,Sydney,74308,2011-04-07,M,Architecture
6577,Paul,Smith,52,Lead,London,28436,2008-09-10,M,Leadership
6578,Tom,Brown,37,Intern,Dubai,104634,2001-07-04,M,Training
6579,John,Garcia,27,Architect,Sydney,62421,2020-10-20,M,Architecture
6580,Sara,Taylor,50,Architect,Paris,105399,2023-11-18,F,Architecture
6581,Emma,Taylor,60,Architect,London,26588,2008-02-14,F,Architecture
6582,Lisa,Taylor,33,Clerk,Singapore,92287,2008-04-11,M,Operations
6583,Sara,Williams,36,Clerk,Berlin,99075,2021-02-28,M,Operations
6584,Sara,Davis,35,Developer,Toronto,83108,2004-10-15,F,Engineering
6585,Paul,Jones,46,Intern,Singapore,39520,2016-02-22,F,Training
6586,Tom,Miller,20,Engineer,Delhi,46571,2004-02-24,M,Engineering
6587,Emma,Johnson,54,Intern,Tokyo,41383,2021-01-04,M,Training
6588,Sara,Miller,38,Analyst,New York,93410,2021-05-20,M,Analytics
6589,Emma,Davis,50,Engineer,New York,81495,2022-03-24,F,Engineering
6590,Sam,Brown,28,Intern,Singapore,30760,2001-04-25,F,Training
6591,Tom,Williams,56,Developer,New York,111440,2004-09-15,M,Engineering
6592,Sara,Garcia,46,Developer,New York,69373,2008-03-06,M,Engineering
6593,Alex,Williams,24,Engineer,Berlin,88602,2006-07-29,F,Engineering
6594,John,Williams,40,Consultant,Singapore,69292,2023-10-17,M,Consulting
6595,Jane,Smith,55,Consultant,Toronto,75292,2005-12-06,M,Consulting
6596,Mike,Wilson,19,Designer,Delhi,57287,2018-10-11,M,Design
6597,Jane,Brown,49,Consultant,Singapore,111988,2016-12-07,F,Consulting
6598,Jane,Garcia,24,Designer,Paris,47196,2023-05-26,F,Design
6599,Mike,Williams,31,Manager,Sydney,55431,2021-02-06,M,Management
6600,Sara,Johnson,38,Designer,Delhi,77661,2019-02-23,M,Design
6601,Alex,Miller,39,Designer,Paris,72065,2021-10-14,M,Design
6602,Sara,Miller,53,Intern,Singapore,92125,2020-09-15,M,Training
6603,Sara,Williams,21,Clerk,Delhi,72477,2017-08-25,M,Operations
6604,John,Wilson,54,Intern,Tokyo,50690,2000-06-18,F,Training
6605,Mike,Taylor,28,Manager,Paris,99230,2003-10-12,F,Management
6606,Emma,Brown,45,Intern,Berlin,29017,2000-05-18,M,Training
6607,Emma,Wilson,24,Analyst,Tokyo,103883,2024-09-13,M,Analytics
6608,John,Taylor,37,Architect,Singapore,80614,2018-01-25,F,Architecture
6609,Sara,Davis,25,Consultant,Sydney,49874,2022-08-29,M,Consulting
6610,Mike,Wilson,38,Developer,London,105895,2023-03-15,M,Engineering
6611,Lisa,Brown,51,Lead,Toronto,53715,2022-05-04,F,Leadership
6612,Sara,Smith,53,Engineer,Singapore,115505,2021-11-10,F,Engineering
6613,Jane,Taylor,18,Designer,Tokyo,36591,2002-02-05,M,Design
6614,Paul,Davis,59,Intern,Sydney,90410,2019-12-14,F,Training
6615,Emma,Smith,31,Engineer,London,101860,2005-08-22,M,Engineering
6616,Mike,Wilson,23,Engineer,London,66729,2019-07-23,F,Engineering
6617,Sara,Garcia,26,Intern,Toronto,55653,2018-11-02,F,Training
6618,Sam,Williams,30,Designer,Sydney,,2007-09-20,M,Design
6619,John,Miller,59,Designer,New York,34351,2008-07-23,M,Design
6620,Alex,Garcia,54,Architect,Tokyo,46717,2000-08-24,F,Architecture
6621,Sam,Brown,40,Lead,Sydney,111291,2016-04-28,F,Leadership
6622,Jane,Williams,56,Consultant,Dubai,77470,2010-06-29,M,Consulting
6623,Tom,Smith,19,Architect,Sydney,101380,2008-08-19,F,Architecture
6624,John,Garcia,58,Lead,London,85240,2020-10-30,F,Leadership
6625,John,Jones,26,Developer,Toronto,86806,2013-02-07,F,Engineering
6626,Sara,Davis,36,Intern,London,118657,2009-11-16,M,Training
6627,Paul,Wilson,41,Developer,Paris,62822,2006-03-19,F,Engineering
6628,Jane,Williams,26,Consultant,Delhi,27825,2006-02-10,F,Consulting
6629,Alex,Garcia,18,Clerk,London,63720,2004-08-16,F,Operations
6630,Mike,Johnson,49,Consultant,Sydney,62691,2008-05-18,F,Consulting
6631,Lisa,Wilson,21,Lead,Delhi,41604,2021-12-07,F,Leadership
6632,Paul,Johnson,26,Designer,Sydney,59388,2016-10-31,F,Design
6633,Jane,Wilson,43,Designer,Sydney,48586,2003-05-18,F,Design
6634,Mike,Smith,18,Clerk,Toronto,114611,2003-07-17,F,Operations
6635,Tom,Jones,31,Consultant,Paris,50184,2011-10-04,M,Consulting
6636,Alex,Miller,49,Intern,Dubai,44124,2023-11-04,F,Training
6637,Alex,Miller,47,Architect,Delhi,111984,2004-11-10,M,Architecture
6638,Sam,Miller,40,Intern,Delhi,70996,2005-11-08,M,Training
6639,Emma,Wilson,20,Consultant,Dubai,40967,2006-07-30,M,Consulting
6640,John,Davis,54,Designer,Toronto,34874,2020-04-10,M,Design
6641,Sam,Johnson,50,Developer,Singapore,68498,2008-12-23,M,Engineering
6642,Tom,Smith,45,Designer,Paris,76295,2011-10-06,F,Design
6643,Lisa,Jones,45,Manager,Tokyo,110781,2006-02-27,F,Management
6644,Alex,Williams,52,Lead,Dubai,102878,2017-04-30,F,Leadership
6645,John,Brown,25,Clerk,Tokyo,77470,2008-08-04,M,Operations
6646,Jane,Miller,52,Architect,Tokyo,61305,2012-11-28,M,Architecture
6647,Lisa,Williams,60,Consultant,Singapore,53630,2001-09-29,F,Consulting
6648,Sam,Brown,30,Intern,Berlin,111038,2010-02-05,M,Training
6649,Jane,Smith,20,Consultant,Delhi,109763,2024-05-26,F,Consulting
6650,Sara,Davis,47,Clerk,Sydney,110996,2014-04-28,F,Operations
6651,Paul,Brown,22,Manager,Tokyo,81797,2007-08-22,M,Management
6652,Sara,Taylor,31,Designer,Tokyo,25303,2015-02-06,F,Design
6653,Tom,Johnson,53,Engineer,Toronto,80581,2004-10-30,M,Engineering
6654,John,Jones,50,Manager,Tokyo,55321,2011-03-10,F,Management
6655,Sam,Brown,50,Designer,Paris,75742,2016-07-05,F,Design
6656,Emma,Wilson,60,Manager,Singapore,91488,2007-01-02,M,Management
6657,Paul,Williams,55,Architect,Toronto,119229,2019-07-08,M,Architecture
6658,Lisa,Williams,26,Engineer,London,108575,2016-09-18,F,Engineering
6659,Sam,Brown,31,Clerk,Singapore,90367,2006-05-03,M,Operations
6660,Alex,Miller,19,Engineer,Delhi,100563,2007-05-02,F,Engineering
6661,Sam,Smith,59,Analyst,Singapore,78098,2004-08-09,M,Analytics
6662,Mike,Miller,33,Designer,New York,115768,2023-06-25,M,Design
6663,Lisa,Brown,46,Designer,Dubai,42117,2001-09-07,F,Design
6664,Emma,Johnson,46,Engineer,Berlin,59189,2014-01-30,F,Engineering
6665,Lisa,Brown,53,Lead,Paris,62393,2009-05-17,F,Leadership
6666,Mike,Brown,26,Engineer,Toronto,56546,2012-04-22,F,Engineering
6667,Tom,Jones,37,Engineer,Paris,96845,2004-05-25,M,Engineering
6668,Sara,Jones,35,Intern,Singapore,84343,2016-11-25,F,Training
6669,John,Wilson,37,Clerk,Singapore,108955,2009-02-26,M,Operations
6670,Jane,Miller,49,Intern,New York,52321,2002-10-28,M,Training
6671,Paul,Johnson,59,Engineer,Delhi,108476,2017-02-24,F,Engineering
6672,Alex,Brown,19,Manager,Delhi,46891,2024-10-25,F,Management
6673,John,Johnson,49,Consultant,Tokyo,37246,2021-11-07,M,Consulting
6674,Emma,Miller,49,Consultant,London,58975,2019-05-29,M,Consulting
6675,Jane,Garcia,41,Lead,Singapore,32696,2011-06-22,M,Leadership
6676,Mike,Taylor,21,Architect,Toronto,75082,2012-02-19,M,Architecture
6677,John,Jones,19,Developer,Delhi,49652,2001-08-15,M,Engineering
6678,Lisa,Wilson,24,Lead,Delhi,43650,2000-09-15,F,Leadership
6679,Emma,Wilson,44,Analyst,Paris,52158,2003-03-03,F,Analytics
6680,Paul,Taylor,57,Consultant,Toronto,76610,2022-03-29,M,Consulting
6681,Mike,Garcia,28,Engineer,Delhi,104976,2011-03-10,M,Engineering
6682,Tom,Davis,18,Intern,Sydney,66261,2004-04-11,F,Training
6683,Sara,Williams,20,Manager,Toronto,36114,2002-04-13,F,Management
6684,Emma,Johnson,27,Developer,Berlin,67719,2016-02-08,M,Engineering
6685,Tom,Miller,18,Intern,London,54193,2004-04-10,F,Training
6686,Sara,Garcia,41,Lead,Singapore,89378,2016-01-15,F,Leadership
6687,Jane,Johnson,45,Lead,Singapore,113542,2011-04-06,F,Leadership
6688,Lisa,Miller,18,Designer,Berlin,55915,2013-02-14,M,Design
6689,Alex,Smith,33,Intern,Sydney,113343,2023-08-25,M,Training
6690,Jane,Jones,39,Clerk,Dubai,69070,2011-10-16,M,Operations
6691,Emma,Brown,57,Lead,New York,59755,2009-03-02,M,Leadership
6692,Sam,Garcia,27,Clerk,Toronto,82002,2011-03-07,M,Operations
6693,Lisa,Johnson,26,Lead,Paris,100615,2022-03-13,M,Leadership
6694,Alex,Taylor,35,Analyst,Toronto,78309,2020-10-12,F,Analytics
6695,John,Taylor,37,Clerk,Sydney,55317,2016-02-24,M,Operations
6696,Tom,Jones,48,Designer,Delhi,84017,2016-05-01,M,Design
6697,Alex,Garcia,41,Engineer,Singapore,62261,2012-01-02,M,Engineering
6698,Paul,Taylor,48,Manager,Toronto,41950,2004-06-07,F,Management
6699,Paul,Davis,23,Engineer,Delhi,68964,2004-09-20,M,Engineering
6700,Lisa,Miller,38,Designer,Paris,72559,2012-07-06,M,Design
6701,Lisa,Jones,48,Intern,Sydney,84390,2006-01-08,F,Training
6702,Tom,Miller,38,Consultant,Sydney,117507,2006-11-30,M,Consulting
6703,Jane,Wilson,27,Clerk,Singapore,60120,2008-05-29,M,Operations
6704,Alex,Johnson,46,Architect,Dubai,57962,2001-02-26,F,Architecture
6705,John,Brown,41,Clerk,New York,74942,2009-08-24,F,Operations
6706,John,Wilson,38,Developer,Delhi,58416,2001-02-03,F,Engineering
6707,Lisa,Smith,39,Designer,Sydney,86036,2023-11-24,F,Design
6708,Paul,Davis,54,Intern,Singapore,106247,2003-01-06,F,Training
6709,Sara,Smith,42,Clerk,Dubai,45827,2017-09-11,F,Operations
6710,Sara,Wilson,39,Intern,Sydney,105845,2018-07-13,M,Training
6711,Emma,Johnson,23,Consultant,Dubai,107741,2005-09-03,M,Consulting
6712,Sara,Wilson,36,Intern,Berlin,86631,2021-07-19,F,Training
6713,Tom,Taylor,57,Analyst,Paris,56919,2011-10-11,M,Analytics
6714,Tom,Brown,48,Engineer,London,116508,2011-07-04,F,Engineering
6715,Tom,Jones,59,Clerk,New York,88635,2010-03-29,M,Operations
6716,John,Johnson,52,Analyst,Paris,65119,2023-01-28,F,Analytics
6717,Alex,Miller,23,Analyst,Delhi,80419,2021-09-27
6718,Sara,Jones,33,Intern,Toronto,86833,2003-10-07,M,Training
6719,Paul,Garcia,29,Designer,New York,106319,2020-10-13,F,Design
6720,Sara,Taylor,39,Analyst,London,35028,2010-10-07,M,Analytics
6721,Sara,Taylor,26,Analyst,Dubai,59234,2017-05-27,F,Analytics
6722,Jane,Williams,59,Analyst,Sydney,32046,2003-02-12,M,Analytics
6723,John,Brown,44,Developer,Delhi,34074,2000-09-02,F,Engineering
6724,Paul,Garcia,53,Engineer,Singapore,29155,2024-11-05,F,Engineering
6725,Emma,Miller,45,Engineer,Berlin,75676,2000-07-05,F,Engineering
6726,Sam,Johnson,26,Designer,Berlin,27193,2016-11-05,M,Design
6727,Sara,Taylor,51,Developer,New York,81057,2021-05-26,M,Engineering
6728,John,Wilson,38,Engineer,Sydney,72976,2020-10-26,F,Engineering
6729,Lisa,Williams,23,Lead,New York,111531,2012-11-12,M,Leadership
6730,Paul,Miller,35,Analyst,Paris,45758,2003-07-02,M,Analytics
6731,Tom,Jones,26,Developer,Sydney,72198,2014-10-22,M,Engineering
6732,Emma,Smith,42,Consultant,Tokyo,71879,2021-07-30,F,Consulting
6733,Jane,Jones,30,Intern,Toronto,31834,2014-02-03,M,Training
6734,Emma,Davis,41,Designer,Tokyo,119079,2020-10-05,F,Design
6735,Alex,Miller,27,Architect,New York,44414,2012-12-07,F,Architecture
6736,Sara,Johnson,55,Manager,New York,25962,2014-09-14,F,Management
6737,John,Brown,40,Designer,Berlin,32263,2023-10-03,F,Design
6738,Sam,Brown,22,Analyst,Paris,117798,2022-06-08,F,Analytics
6739,Paul,Jones,25,Intern,New York,92853,2024-08-09,F,Training
6740,Sara,Jones,48,Lead,Singapore,73999,2016-01-24,M,Leadership
6741,Alex,Williams,19,Architect,Delhi,116997,2002-09-17,M,Architecture
6742,Sara,Johnson,52,Intern,Sydney,93596,2004-11-22,F,Training
6743,Paul,Brown,20,Manager,Singapore,95419,2007-07-24,M,Management
6744,Sara,Wilson,43,Consultant,Berlin,79685,2023-01-29,M,Consulting
6745,Sam,Wilson,19,Lead,London,68745,2011-09-24,F,Leadership
6746,Tom,Jones,21,Architect,Singapore,102353,2022-07-09,M,Architecture
6747,Emma,Brown,39,Lead,Delhi,38823,2009-08-03,F,Leadership
6748,Paul,Williams,40,Clerk,Delhi,97292,2009-10-19,F,Operations
6749,Alex,Taylor,46,Lead,Dubai,33031,2001-11-03,M,Leadership
6750,Emma,Jones,25,Developer,New York,57073,2014-09-01,F,Engineering
6751,Alex,Davis,43,Lead,Delhi,73238,2002-11-03,F,Leadership
6752,Paul,Wilson,26,Lead,Delhi,116567,2000-08-03,M,Leadership
6753,Mike,Brown,32,Engineer,Tokyo,100888,2016-06-04,F,Engineering
6754,Mike,Wilson,38,Designer,Toronto,79294,2008-04-29,F,Design
6755,Tom,Wilson,50,Analyst,New York,39653,2022-07-13,F,Analytics
6756,Mike,Wilson,48,Clerk,Delhi,31152,2008-02-09,M,Operations
6757,Tom,Jones,50,Developer,Singapore,47683,2002-12-28,M,Engineering
6758,John,Brown,19,Developer,Toronto,55710,2014-05-30,M,Engineering
6759,Sam,Davis,39,Clerk,Dubai,80123,2020-06-27,M,Operations
6760,John,Wilson,21,Engineer,New York,58522,2023-11-21,M,Engineering
6761,John,Wilson,55,Engineer,Berlin,96184,2019-11-18,F,Engineering
6762,Sam,Jones,18,Consultant,Delhi,113085,2023-11-03,M,Consulting
6763,Tom,Wilson,28,Clerk,Dubai,86481,2013-05-09,M,Operations
6764,Tom,Davis,23,Engineer,Paris,109859,2021-12-23,M,Engineering
6765,Jane,Davis,54,Designer,Tokyo,46210,2012-11-12,F,Design
6766,Paul,Williams,34,Developer,Dubai,108219,2021-05-01,F,Engineering
6767,Paul,Garcia,31,Designer,Toronto,46425,2012-06-07,M,Design
6768,Jane,Taylor,52,Clerk,Singapore,83581,2003-09-21,M,Operations
6769,Mike,Jones,55,Architect,Dubai,107314,2015-09-03,M,Architecture
6770,John,Wilson,22,Lead,Delhi,41268,2005-11-23,F,Leadership
6771,Sara,Wilson,29,Manager,New York,82941,2004-03-04,M,Management
6772,Paul,Williams,29,Manager,Berlin,111776,2011-06-04,F,Management
6773,Sam,Wilson,31,Architect,Delhi,89156,2005-04-05,F,Architecture
6774,Mike,Garcia,54,Engineer,London,81910,2007-10-01,F,Engineering
6775,John,Brown,24,Developer,Berlin,73987,2003-12-04,M,Engineering
6776,Mike,Garcia,22,Developer,Singapore,108656,2011-06-13,F,Engineering
6777,Paul,Johnson,43,Lead,Toronto,78815,2002-04-04,M,Leadership
6778,Paul,Williams,46,Developer,Dubai,113161,2005-11-12,F,Engineering
6779,Paul,Wilson,27,Engineer,London,75497,2021-03-21,F,Engineering
6780,Emma,Smith,35,Clerk,Singapore,73826,2002-01-23,F,Operations
6781,Sara,Jones,24,Architect,Delhi,112569,2011-12-15,F,Architecture
6782,Sara,Johnson,23,Intern,Singapore,63914,2012-04-13,F,Training
6783,Sam,Smith,46,Designer,Toronto,62329,2010-01-26,M,Design
6784,John,Brown,47,Clerk,Sydney,53874,2011-07-18,F,Operations
6785,Lisa,Johnson,24,Designer,Toronto,50011,2020-06-24,F,Design
6786,Mike,Wilson,35,Lead,Singapore,78442,2024-02-19,F,Leadership
6787,Emma,Johnson,26,Clerk,Tokyo,65101,2000-04-04,F,Operations
6788,Mike,Smith,46,Clerk,Dubai,104566,2007-05-18,M,Operations
6789,Emma,Jones,27,Engineer,Sydney,41484,2017-11-05,F,Engineering
6790,Tom,Wilson,60,Designer,New York,29722,2013-11-19,F,Design
6791,Jane,Davis,52,Designer,Paris,99641,2012-01-13,M,Design
6792,Sam,Davis,39,Designer,Delhi,106124,2018-10-21,M,Design
6793,Paul,Taylor,55,Developer,Delhi,100626,2011-06-03,M,Engineering
6794,Mike,Davis,56,Designer,Sydney,53610,2005-09-15,F,Design
6795,Paul,Johnson,51,Analyst,Toronto,59001,2018-10-06,M,Analytics
6796,Sam,Davis,47,Analyst,Delhi,29091,2017-10-07,M,Analytics
6797,John,Johnson,35,Designer,Delhi,96341,2019-12-01,M,Design
6798,Tom,Davis,48,Manager,Toronto,88444,2004-04-05,M,Management
6799,Tom,Garcia,40,Architect,Paris,85556,2011-12-31,M,Architecture
6800,Tom,Brown,32,Clerk,Dubai,100909,2018-03-06,F,Operations
6801,Mike,Wilson,29,Lead,New York,109303,2010-01-01,M,Leadership
6802,Jane,Williams,53,Architect,New York,41250,2012-07-18,F,Architecture
6803,Paul,Williams,32,Designer,Tokyo,107223,2016-10-16,F,Design
6804,John,Brown,60,Consultant,Paris,34733,2006-12-24,M,Consulting
6805,Emma,Johnson,52,Manager,Singapore,41341,2007-04-17,F,Management
6806,Paul,Jones,53,Lead,Berlin,48613,2004-02-07,F,Leadership
6807,Paul,Smith,43,Engineer,Singapore,42150,2018-03-28,M,Engineering
6808,Jane,Johnson,56,Designer,Berlin,104999,2020-12-09,M,Design
6809,Paul,Williams,60,Consultant,Singapore,57177,2002-04-04,F,Consulting
6810,Sam,Miller,28,Consultant,Tokyo,111877,2004-06-25,F,Consulting
6811,John,Williams,33,Engineer,Toronto,57516,2001-05-20,F,Engineering
6812,Tom,Brown,48,Analyst,Berlin,104796,2020-03-14,M,Analytics
6813,Jane,Smith,54,Designer,Singapore,85300,2007-03-30,M,Design
6814,Paul,Jones,37,Clerk,Berlin,62329,2018-10-29,M,Operations
6815,Sara,Taylor,42,Developer,Singapore,26205,2024-08-22,M,Engineering
6816,Emma,Taylor,32,Analyst,Berlin,69874,2014-02-22,F,Analytics
6817,Sam,Davis,53,Engineer,Paris,34941,2005-02-19,M,Engineering
6818,Emma,Smith,24,Analyst,New York,69806,2009-03-21,M,Analytics
6819,Paul,Jones,49,Consultant,New York,82814,2006-01-11,M,Consulting
6820,Sam,Brown,36,Intern,London,119512,2020-07-26,M,Training
6821,Jane,Smith,40,Manager,Berlin,46740,2007-06-15,F,Management
6822,Mike,Davis,50,Manager,London,119872,2019-09-19,F,Management
6823,Paul,Jones,58,Architect,Berlin,108855,2021-12-14,M,Architecture
6824,Paul,Jones,45,Consultant,London,35912,2004-04-04,F,Consulting
6825,Alex,Johnson,18,Designer,Dubai,46942,2013-03-22,M,Design
6826,Sam,Williams,60,Intern,Delhi,86763,2021-02-28,M,Training
6827,Alex,Garcia,23,Architect,Paris,71122,2018-05-17,F,Architecture
6828,Tom,Smith,28,Engineer,Delhi,31809,2008-08-17,F,Engineering
6829,Lisa,Brown,36,Manager,Toronto,115545,2003-09-21,F,Management
6830,John,Johnson,25,Designer,New York,41585,2008-02-28,F,Design
6831,Mike,Jones,59,Manager,Paris,76919,2002-08-07,M,Management
6832,Alex,Garcia,58,Designer,New York,102851,2003-08-19,M,Design
6833,John,Miller,46,Lead,Sydney,112315,2018-05-31,M,Leadership
6834,Emma,Davis,51,Architect,Berlin,29849,2020-03-07,M,Architecture
6835,Sara,Jones,56,Intern,Sydney,105852,2021-07-08,M,Training
6836,Tom,Davis,43,Engineer,Paris,112227,2017-12-26,F,Engineering
6837,Sara,Brown,60,Lead,Berlin,71594,2003-01-26,M,Leadership
6838,Jane,Smith,33,Engineer,Tokyo,85836,2022-11-08,M,Engineering
6839,Jane,Brown,30,Architect,Toronto,66779,2008-10-08,M,Architecture
6840,John,Garcia,25,Manager,Tokyo,107148,2023-11-04,F,Management
6841,Sam,Brown,18,Consultant,Toronto,112295,2006-07-01,F,Consulting
6842,Lisa,Brown,27,Lead,Sydney,74868,2013-01-04,F,Leadership
6843,Lisa,Wilson,45,Engineer,London,111893,2015-10-24,M,Engineering
6844,Sara,Williams,28,Consultant,Toronto,47239,2015-10-11,M,Consulting
6845,John,Davis,52,Architect,Sydney,83967,2016-11-14,F,Architecture
6846,Lisa,Smith,24,Architect,Delhi,48511,2006-04-25,F,Architecture
6847,Tom,Brown,32,Architect,Dubai,67811,2021-04-27,F,Architecture
6848,Emma,Williams,43,Engineer,Singapore,36029,2015-05-08,F,Engineering
6849,Jane,Johnson,23,Clerk,Delhi,72374,2004-11-03,M,Operations
6850,Paul,Williams,45,Engineer,Berlin,26254,2020-12-01,M,Engineering
6851,John,Williams,19,Designer,London,113070,2021-01-06,F,Design
6852,Emma,Smith,24,Manager,Berlin,116365,2003-04-23,M,Management
6853,John,Taylor,19,Engineer,Tokyo,56169,2023-06-15,F,Engineering
6854,John,Williams,28,Analyst,Berlin,66532,2002-01-18,F,Analytics
6855,Mike,Garcia,18,Architect,Paris,94755,2024-10-21,M,Architecture
6856,Jane,Davis,32,Developer,Tokyo,82447,2014-12-27,M,Engineering
6857,Tom,Johnson,48,Lead,Berlin,40745,2022-07-28,M,Leadership
6858,Paul,Jones,51,Lead,New York,39615,2021-10-09,F,Leadership
6859,Mike,Taylor,57,Consultant,New York,44437,2009-01-11,F,Consulting
6860,Emma,Brown,23,Clerk,New York,61148,2010-05-07,M,Operations
6861,Emma,Davis,54,Clerk,Delhi,98381,2021-09-29,F,Operations
6862,Jane,Taylor,30,Architect,Toronto,41232,2001-05-20,F,Architecture
6863,Mike,Johnson,54,Engineer,Tokyo,114121,2016-06-04,F,Engineering
6864,Tom,Brown,60,Architect,Sydney,29428,2015-06-22,F,Architecture
6865,John,Davis,21,Manager,Berlin,29292,2017-10-28,M,Management
6866,Jane,Miller,20,Designer,Tokyo,113662,2010-10-06,F,Design
6867,Lisa,Williams,32,Clerk,Toronto,82760,2018-06-08,M,Operations
6868,Sam,Davis,26,Manager,Tokyo,42654,2024-12-17,F,Management
6869,Lisa,Johnson,27,Intern,Toronto,50201,2010-10-28,F,Training
6870,Lisa,Johnson,55,Lead,Berlin,103405,2006-05-20,M,Leadership
6871,John,Davis,52,Clerk,Paris,40630,2010-08-10,F,Operations
6872,Mike,Johnson,19,Architect,Delhi,39714,2001-02-14,F,Architecture
6873,Mike,Smith,24,Designer,Berlin,109491,2015-02-22,M,Design
6874,Sam,Wilson,54,Consultant,Sydney,117422,2018-03-17,M,Consulting
6875,Lisa,Williams,28,Developer,Singapore,118695,2006-09-30,M,Engineering
6876,Tom,Brown,50,Consultant,Tokyo,26598,2014-08-09,F,Consulting
6877,Paul,Jones,60,Engineer,Tokyo,81015,2024-09-09,M,Engineering
6878,Sam,Taylor,23,Consultant,Singapore,105897,2000-09-30,F,Consulting
6879,John,Jones,46,Clerk,Toronto,110085,2008-07-12,F,Operations
6880,Sara,Smith,19,Engineer,Delhi,99930,2020-10-28,F,Engineering
6881,Mike,Taylor,60,Manager,New York,73035,2010-08-10,F,Management
6882,Mike,Smith,18,Lead,Toronto,99468,2014-03-28,F,Leadership
6883,Sam,Jones,33,Intern,Toronto,46280,2003-04-05,F,Training
6884,Paul,Smith,57,Designer,Paris,27250,2000-03-28,M,Design
6885,Lisa,Garcia,56,Manager,New York,106121,2002-07-17,M,Management
6886,Alex,Wilson,44,Consultant,Berlin,117422,2002-10-28,M,Consulting
6887,Jane,Williams,42,Developer,London,108864,2012-09-24,M,Engineering
6888,Tom,Davis,54,Engineer,Toronto,106480,2022-07-11,F,Engineering
6889,Sara,Davis,39,Intern,Tokyo,25623,2010-09-21,M,Training
6890,Sam,Davis,50,Lead,Tokyo,60120,2024-11-02,F,Leadership
6891,Emma,Taylor,39,Consultant,London,69285,2019-12-14,F,Consulting
6892,Sam,Jones,22,Consultant,Singapore,79628,2000-04-14,F,Consulting
6893,Alex,Davis,35,Lead,New York,108947,2015-02-15,F,Leadership
6894,Tom,Smith,56,Manager,Toronto,85038,2000-05-08,F,Management
6895,Sara,Brown,34,Developer,Singapore,43491,2022-11-09,F,Engineering
6896,Emma,Johnson,20,Consultant,Toronto,79197,2019-10-10,F,Consulting
6897,Paul,Johnson,43,Lead,Tokyo,86084,2000-12-13,F,Leadership
6898,Tom,Williams,40,Clerk,Berlin,25042,2024-07-26,F,Operations
6899,Sam,Williams,52,Analyst,Sydney,55710,2023-12-13,F,Analytics
6900,Lisa,Smith,44,Manager,Dubai,102011,2021-02-25,M,Management
6901,John,Johnson,27,Lead,Paris,78817,2022-03-23,F,Leadership
6902,Mike,Brown,37,Designer,Toronto,39285,2019-08-25,M,Design
6903,Mike,Miller,41,Manager,New York,97133,2006-12-10,M,Management
6904,Paul,Wilson,19,Clerk,Sydney,74328,2015-09-30,M,Operations
6905,Mike,Brown,26,Clerk,London,55373,2002-11-16,F,Operations
6906,Tom,Johnson,44,Analyst,Tokyo,56763,2021-12-29,F,Analytics
6907,Lisa,Brown,18,Engineer,Sydney,66294,2016-04-28,M,Engineering
6908,John,Jones,57,Consultant,London,42585,2014-01-26,F,Consulting
6909,Tom,Garcia,19,Developer,Tokyo,36835,2004-03-06,M,Engineering
6910,Sara,Garcia,33,Engineer,Delhi,99779,2012-10-18,M,Engineering
6911,John,Davis,32,Intern,Berlin,108849,2012-07-11,F,Training
6912,Lisa,Davis,21,Analyst,London,83910,2014-03-25,M,Analytics
6913,Alex,Miller,35,Designer,Berlin,105996,2003-05-19,M,Design
6914,Jane,Garcia,53,Designer,Tokyo,81705,2009-06-16,M,Design
6915,Sara,Smith,53,Clerk,Berlin,44360,2004-05-27,M,Operations
6916,Alex,Jones,52,Designer,Paris,60037,2012-05-28,F,Design
6917,Emma,Wilson,26,Lead,Dubai,25389,2009-03-23,M,Leadership
6918,Mike,Taylor,50,Engineer,Singapore,38566,2024-04-11,F,Engineering
6919,Paul,Brown,43,Developer,Berlin,91860,2014-12-18,F,Engineering
6920,Sam,Garcia,46,Intern,London,32923,2000-08-30,M,Training
6921,Emma,Miller,45,Consultant,Singapore,100570,2018-11-07,M,Consulting
6922,Tom,Jones,31,Engineer,Delhi,29748,2003-05-18,F,Engineering
6923,Sara,Williams,55,Architect,Delhi,81145,2022-05-07,F,Architecture
6924,Emma,Taylor,55,Designer,Singapore,77457,2000-11-07,F,Design
6925,Mike,Johnson,35,Engineer,London,26217,2020-02-21,F,Engineering
6926,Emma,Taylor,41,Designer,Dubai,76080,2011-05-17,M,Design
6927,Lisa,Davis,53,Clerk,Paris,63035,2012-01-30,F,Operations
6928,Jane,Wilson,38,Architect,Tokyo,50199,2008-09-03,F,Architecture
6929,Emma,Garcia,32,Engineer,Paris,58048,2002-01-05,M,Engineering,extra_field
6930,Lisa,Garcia,53,Engineer,Singapore,66143,2015-10-12,M,Engineering
6931,Sam,Johnson,52,Consultant,New York,81912,2003-11-28,M,Consulting
6932,Tom,Smith,21,Developer,Tokyo,108091,2020-03-09,M,Engineering
6933,Alex,Brown,22,Intern,Dubai,35478,2005-08-07,F,Training
6934,Sam,Johnson,30,Manager,London,68610,2012-04-03,F,Management
6935,Mike,Wilson,34,Developer,Tokyo,79430,2010-03-10,M,Engineering
6936,Jane,Johnson,49,Manager,Dubai,89928,2016-08-24,F,Management
6937,Mike,Garcia,43,Engineer,Singapore,84111,2011-06-04,M,Engineering
6938,Sara,Taylor,47,Intern,Tokyo,82827,2002-11-17,M,Training
6939,Sara,Davis,41,Clerk,Singapore,64998,2008-10-12,F,Operations
6940,Tom,Wilson,52,Analyst,Sydney,81371,2000-02-21,F,Analytics
6941,Sara,Davis,36,Architect,Toronto,114663,2021-03-18,M,Architecture
6942,John,Taylor,46,Manager,Toronto,76080,2016-08-06,M,Management
6943,Emma,Williams,22,Consultant,Paris,63947,2002-12-16,F,Consulting
6944,Mike,Brown,35,Engineer,Berlin,99542,2012-05-10,M,Engineering
6945,Emma,Johnson,18,Consultant,New York,111883,2016-05-08,F,Consulting
6946,John,Williams,38,Analyst,Toronto,94027,2024-06-02,M,Analytics
6947,Sam,Jones,58,Consultant,Paris,43401,2012-07-04,F,Consulting
6948,Lisa,Davis,49,Lead,Toronto,60727,2021-08-19,F,Leadership
6949,Sara,Wilson,55,Designer,Singapore,62434,2007-07-28,M,Design
6950,Lisa,Williams,48,Intern,Dubai,31542,2006-10-08,F,Training
6951,John,Miller,49,Lead,New York,95816,2004-03-01,M,Leadership
6952,John,Smith,33,Developer,Dubai,111760,2004-12-05,M,Engineering
6953,Paul,Taylor,45,Lead,New York,67276,2018-09-25,F,Leadership
6954,Mike,Smith,30,Manager,Paris,43420,2022-10-15,M,Management
6955,John,Wilson,22,Clerk,Singapore,100716,2013-10-01,F,Operations
6956,Lisa,Williams,40,Manager,Paris,80893,2001-04-11,F,Management
6957,Lisa,Jones,60,Lead,Sydney,53637,2018-04-15,M,Leadership
6958,Sara,Jones,40,Clerk,Singapore,105172,2018-02-16,F,Operations
6959,Jane,Taylor,59,Intern,London,37923,2012-12-18,F,Training
6960,Lisa,Wilson,49,Designer,Sydney,69135,2002-08-12,F,Design
6961,Alex,Williams,44,Architect,Toronto,105167,2004-01-26,F,Architecture
6962,Emma,Williams,23,Lead,Delhi,108019,2002-06-07,M,Leadership
6963,Emma,Davis,19,Designer,Sydney,106473,2005-09-23,M,Design
6964,Mike,Johnson,40,Lead,Tokyo,94897,2001-05-21,F,Leadership
6965,Sam,Williams,25,Designer,Singapore,91949,2002-06-02,F,Design
6966,Tom,Taylor,40,Engineer,Delhi,118157,2015-06-03,M,Engineering
6967,Mike,Jones,21,Analyst,Toronto,116895,2023-11-07,F,Analytics
6968,Emma,Davis,27,Developer,Sydney,64554,2015-08-07,M,Engineering
6969,Emma,Williams,23,Designer,London,70969,2014-06-21,M,Design
6970,Emma,Garcia,59,Clerk,Dubai,56814,2024-09-09,M,Operations
6971,Mike,Wilson,46,Developer,Berlin,29519,2012-01-19,M,Engineering
6972,Tom,Wilson,58,Analyst,Singapore,38377,2012-05-30,M,Analytics
6973,Paul,Johnson,22,Clerk,Sydney,30978,2006-01-19,M,Operations
6974,Sam,Wilson,30,Lead,Berlin,93264,2023-04-14,F,Leadership
6975,John,Jones,35,Manager,Berlin,89647,2001-09-26,M,Management
6976,Sara,Davis,25,Architect,Berlin,47006,2016-06-01,F,Architecture
6977,Mike,Williams,29,Consultant,London,102828,2002-02-19,M,Consulting
6978,Jane,Williams,31,Consultant,Singapore,75173,2013-08-24,M,Consulting
6979,Jane,Miller,36,Developer,Singapore,32182,2000-05-15,F,Engineering
6980,Mike,Brown,49,Intern,Delhi,65728,2018-11-26,M,Training
6981,Lisa,Jones,52,Clerk,Toronto,68143,2021-11-11,M,Operations
6982,Tom,Taylor,19,Lead,Dubai,95669,2013-12-03,F,Leadership
6983,John,Johnson,45,Lead,Paris,91665,2017-06-12,F,Leadership
6984,Mike,Williams,50,Analyst,London,60186,2004-03-13,F,Analytics
6985,Alex,Miller,40,Lead,Toronto,49515,2023-10-13,M,Leadership
6986,Alex,Garcia,30,Analyst,Tokyo,48314,2012-03-13,F,Analytics
6987,John,Miller,24,Analyst,Paris,45790,2020-07-26,F,Analytics
6988,Lisa,Brown,33,Developer,Dubai,95598,2022-06-01,M,Engineering
6989,Jane,Taylor,58,Engineer,Delhi,52863,2018-07-20,M,Engineering
6990,Alex,Smith,39,Consultant,Toronto,42522,2006-11-08,F,Consulting
6991,Lisa,Garcia,47,Engineer,London,36346,2021-12-02,M,Engineering
6992,Paul,Brown,56,Consultant,Toronto,73091,2019-02-07,F,Consulting
6993,Sara,Brown,36,Manager,Paris,69637,2020-11-23,F,Management
6994,Tom,Miller,37,Architect,Berlin,75522,2024-04-13,M,Architecture
6995,Tom,Williams,26,Analyst,Sydney,91859,2011-08-18,M,Analytics
6996,Paul,Brown,38,Engineer,Toronto,83345,2013-09-06,M,Engineering
6997,John,Williams,21,Developer,Paris,68206,2008-10-04,F,Engineering
6998,Alex,Jones,45,Engineer,Tokyo,101676,2022-09-09,F,Engineering
6999,Tom,Brown,35,Developer,Tokyo,57550,2024-08-04,M,Engineering
7000,Sam,Miller,36,Architect,Berlin,75051,2016-09-11,M,Architecture
7001,Emma,Taylor,35,Developer,Delhi,108885,2006-11-18,M,Engineering
7002,Paul,Johnson,42,Lead,Singapore,32752,2000-04-29,M,Leadership
7003,Lisa,Williams,22,Designer,Berlin,52703,2021-12-31,F,Design
7004,Mike,Jones,20,Intern,New York,119957,2001-05-19,M,Training
7005,Mike,Wilson,29,Architect,Tokyo,56358,2016-12-25,M,Architecture
7006,Alex,Jones,35,Consultant,Delhi,88788,2001-08-27,M,Consulting
7007,Emma,Smith,22,Intern,Delhi,59160,2015-06-15,F,Training
7008,Mike,Smith,32,Consultant,Paris,37977,2006-06-19,M,Consulting
7009,John,Smith,46,Consultant,Singapore,29676,2016-01-27,F,Consulting
7010,Emma,Brown,36,Intern,Berlin,77401,2009-07-02,M,Training
7011,Mike,Wilson,37,Designer,Tokyo,91795,2007-09-28,M,Design
7012,Mike,Johnson,57,Intern,London,42940,2003-05-12,M,Training
7013,Emma,Jones,40,Clerk,Tokyo,66117,2012-05-21,F,Operations
7014,John,Johnson,30,Analyst,Paris,52082,2014-09-29,M,Analytics
7015,Sam,Garcia,54,Lead,Berlin,67633,99-99-9999,F,Leadership
7016,Tom,Smith,39,Developer,Dubai,43693,2019-01-04,F,Engineering
7017,Sara,Garcia,42,Consultant,Toronto,98874,2018-05-08,M,Consulting
7018,Jane,Jones,27,Developer,New York,28681,2004-10-03,M,Engineering
7019,Mike,Brown,21,Architect,Delhi,74724,2002-09-03,F,Architecture
7020,Tom,Taylor,28,Developer,Paris,70287,2019-02-28,M,Engineering
7021,Mike,Brown,43,Manager,Singapore,77824,2005-03-30,F,Management
7022,Paul,Taylor,40,Lead,Paris,81787,2011-12-28,F,Leadership
7023,Alex,Wilson,24,Intern,London,50017,2005-06-25,F,Training
7024,John,Davis,47,Analyst,Dubai,110930,2004-03-31,M,Analytics
7025,Tom,Brown,18,Lead,Sydney,44387,2016-06-09,M,Leadership
7026,Tom,Johnson,43,Architect,Paris,43665,2018-04-02,M,Architecture
7027,Sam,Johnson,22,Architect,Singapore,43250,2009-08-18,M,Architecture
7028,Jane,Garcia,20,Engineer,New York,98583,2013-03-31,M,Engineering
7029,Lisa,Smith,35,Manager,Paris,99405,2008-10-10,M,Management
7030,John,Wilson,30,Lead,Sydney,50336,2011-03-10,M,Leadership
7031,Emma,Johnson,54,Developer,Delhi,37594,2008-08-26,M,Engineering
7032,Mike,Taylor,48,Manager,New York,66354,2002-07-22,F,Management
7033,Lisa,Johnson,58,Architect,Dubai,26388,2022-04-24,F,Architecture
7034,Sam,Taylor,38,Manager,New York,39534,2012-01-18,M,Management
7035,Alex,Jones,23,Lead,Tokyo,61682,2000-08-26,M,Leadership
7036,Mike,Garcia,22,Manager,Dubai,106685,2014-10-06,F,Management
7037,Jane,Jones,52,Architect,New York,58727,2017-01-31,M,Architecture
7038,Lisa,Jones,53,Analyst,Berlin,49598,2015-10-13,M,Analytics
7039,John,Garcia,32,Clerk,Paris,68795,2019-03-03,M,Operations
7040,Sara,Williams,28,Engineer,Delhi,110795,2012-05-26,F,Engineering
7041,Jane,Jones,51,Consultant,New York,104719,2019-06-30,M,Consulting
7042,Tom,Brown,39,Lead,London,43859,2015-06-05,M,Leadership
7043,Sam,Wilson,53,Consultant,Paris,62940,2023-04-16,M,Consulting
7044,Sam,Johnson,31,Designer,Paris,36062,2011-03-13,F,Design
7045,John,Johnson,58,Designer,Tokyo,28113,2003-11-06,M,Design
7046,Alex,Garcia,43,Clerk,Sydney,117467,2006-07-05,F,Operations
7047,Paul,Jones,50,Consultant,Toronto,69541,2004-07-14,F,Consulting
7048,Alex,Taylor,44,Lead,Singapore,98366,2007-07-27,M,Leadership
7049,Sam,Smith,34,Developer,Tokyo,51537,2019-07-04,M,Engineering
7050,John,Brown,53,Engineer,Berlin,94665,2019-08-23,M,Engineering
7051,John,Brown,23,Analyst,Sydney,116956,2022-09-21,M,Analytics
7052,Lisa,Jones,55,Designer,New York,107210,2024-06-17,M,Design
7053,Paul,Taylor,24,Lead,London,72922,2015-10-21,F,Leadership
7054,Sam,Jones,35,Intern,Sydney,100572,2023-05-07,F,Training
7055,Lisa,Smith,44,Clerk,Tokyo,37567,2015-01-02,M,Operations
7056,Mike,Wilson,55,Intern,Dubai,63698,2001-02-21,F,Training
7057,Sam,Davis,51,Architect,Dubai,45114,2017-09-12,F,Architecture
7058,Sara,Brown,32,Clerk,Sydney,35536,2004-04-19,F,Operations
7059,Alex,Wilson,54,Intern,Berlin,119954,2006-08-03,M,Training
7060,Sara,Smith,35,Intern,Singapore,92030,2011-11-24,F,Training
7061,Tom,Williams,51,Consultant,Tokyo,46986,2000-03-11,F,Consulting
7062,Alex,Williams,58,Analyst,Paris,34696,2014-11-15,F,Analytics
7063,Tom,Brown,46,Lead,Toronto,60454,2022-04-22,M,Leadership
7064,Mike,Smith,45,Designer,Delhi,70476,2006-06-26,F,Design
7065,Mike,Taylor,52,Architect,Dubai,83779,2015-10-06,M,Architecture
7066,Jane,Jones,33,Architect,Delhi,54251,2014-02-28,F,Architecture
7067,Emma,Brown,55,Lead,Tokyo,102159,2009-12-07,F,Leadership
7068,Sam,Wilson,31,Architect,Toronto,66036,2012-06-26,M,Architecture
7069,Paul,Garcia,20,Architect,Berlin,61897,2023-02-18,F,Architecture
7070,Emma,Brown,30,Manager,Sydney,67423,2014-07-31,M,Management
7071,Emma,Williams,53,Engineer,Toronto,92935,2002-01-29,M,Engineering
7072,Jane,Johnson,42,Designer,Sydney,29300,2005-12-20,M,Design
7073,Sara,Wilson,37,Manager,Dubai,42809,2024-12-12,M,Management
7074,Paul,Williams,55,Developer,Toronto,34446,2007-06-23,F,Engineering
7075,Emma,Garcia,20,Architect,Sydney,37678,2021-03-04,F,Architecture
7076,John,Wilson,53,Lead,New York,83150,2003-08-04,M,Leadership
7077,Sam,Davis,46,Clerk,Paris,112612,2001-04-06,F,Operations
7078,Sara,Wilson,38,Intern,Berlin,73055,2012-07-31,M,Training
7079,Emma,Wilson,49,Architect,Delhi,38164,2004-07-31,M,Architecture
7080,Emma,Wilson,50,Lead,Sydney,27233,2013-08-10,F,Leadership
7081,Emma,Miller,56,Consultant,Tokyo,94549,2000-05-15,F,Consulting
7082,Sam,Brown,54,Analyst,Delhi,66752,2023-03-10,M,Analytics
7083,Jane,Johnson,41,Designer,London,56313,2009-05-31,M,Design
7084,Emma,Johnson,38,Consultant,Delhi,64347,2010-12-26,F,Consulting
7085,Lisa,Jones,51,Designer,Paris,42846,2008-04-02,F,Design
7086,Lisa,Williams,36,Lead,Berlin,39226,2011-10-03,M,Leadership
7087,Tom,Garcia,21,Manager,Tokyo,63186,2024-09-26,F,Management
7088,Sara,Wilson,43,Manager,London,79536,2001-02-12,M,Management
7089,Mike,Williams,57,Analyst,Sydney,97139,2011-12-05,F,Analytics
7090,Lisa,Jones,48,Manager,Dubai,40287,2003-11-18,M,Management
7091,Emma,Johnson,27,Manager,Delhi,90159,2020-07-12,F,Management
7092,Mike,Miller,39,Analyst,Dubai,91879,2022-09-04,M,Analytics
7093,Mike,Johnson,30,Developer,Singapore,61868,2012-03-02,M,Engineering
7094,Lisa,Jones,32,Consultant,Tokyo,26966,2015-01-25,F,Consulting
7095,Sam,Miller,39,Intern,Singapore,74495,2011-04-03,M,Training
7096,Jane,Garcia,51,Designer,Tokyo,113210,2023-12-28,M,Design
7097,Sara,Miller,36,Architect,Sydney,104310,2002-09-23,M,Architecture
7098,Sam,Williams,30,Developer,Sydney,69300,99-99-9999,M,Engineering
7099,Lisa,Davis,31,Engineer,London,85109,2015-03-28,M,Engineering
7100,Mike,Johnson,47,Developer,Sydney,53797,2021-01-07,F,Engineering
7101,Sara,Johnson,49,Engineer,Tokyo,67924,2003-04-10,F,Engineering
7102,Alex,Jones,54,Analyst,Paris,46856,2006-05-13,M,Analytics
7103,Sam,Taylor,48,Analyst,London,117483,2016-01-10,F,Analytics
7104,Paul,Brown,56,Developer,Sydney,104855,2015-08-28,F,Engineering
7105,Sam,Johnson,43,Manager,New York,55826,2015-08-28,F,Management
7106,Sam,Brown,42,Clerk,London,72087,2020-12-08,M,Operations
7107,Mike,Jones,27,Designer,Delhi,67073,2003-12-17,M,Design
7108,Emma,Johnson,48,Architect,Sydney,73492,2004-06-25,M,Architecture
7109,Sam,Davis,50,Designer,Delhi,94457,2010-10-11,F,Design,extra_field
7110,Sam,Miller,31,Manager,New York,72687,2018-05-06,F,Management
7111,Sara,Brown,21,Consultant,London,97349,2018-07-23,M,Consulting
7112,Alex,Taylor,47,Designer,Toronto,99068,2001-09-04,M,Design
7113,Paul,Garcia,32,Engineer,London,29488,2010-07-07,M,Engineering
7114,Sara,Smith,58,Manager,Tokyo,85977,2005-04-28,F,Management
7115,Sam,Garcia,56,Developer,Tokyo,59906,2023-08-02,M,Engineering
7116,Paul,Williams,29,Intern,Dubai,48921,2013-02-15,M,Training
7117,Lisa,Brown,26,Analyst,London,51869,2001-05-14,F,Analytics
7118,Sara,Jones,27,Engineer,New York,43623,2010-11-18,F,Engineering
7119,Mike,Jones,45,Engineer,Toronto,63611,2001-07-25,M,Engineering
7120,John,Wilson,29,Manager,Tokyo,75756,2005-08-20,M,Management
7121,Mike,Jones,45,Developer,Sydney,105554,2018-08-16,F,Engineering
7122,Paul,Smith,43,Lead,London,119453,2024-01-20,F,Leadership
7123,Mike,Davis,22,Architect,Sydney,29015,2010-07-04,F,Architecture
7124,John,Garcia,59,Engineer,Berlin,87733,2007-08-29,M,Engineering
7125,Sam,Taylor,38,Manager,Sydney,79036,2015-11-16,M,Management
7126,John,Wilson,27,Developer,Berlin,27662,2015-06-16,F,Engineering
7127,John,Brown,25,Developer,Dubai,64698,2003-04-18,M,Engineering
7128,John,Williams,51,Architect,Paris,76695,2019-05-29,M,Architecture
7129,Sam,Brown,26,Consultant,London,114523,2010-01-28,F,Consulting
7130,Sam,Brown,44,Clerk,New York,94377,2010-01-13,M,Operations
7131,Emma,Garcia,43,Lead,Dubai,109158,2003-01-04,F,Leadership
7132,Alex,Johnson,34,Intern,Singapore,114539,2014-07-14,M,Training
7133,Sam,Taylor,43,Lead,New York,34793,2004-07-25,F,Leadership
7134,John,Williams,44,Intern,Tokyo,74006,2024-06-25,M,Training
7135,Emma,Wilson,38,Intern,Sydney,54910,2006-09-25,M,Training
7136,John,Smith,30,Clerk,Delhi,32553,2024-07-16,M,Operations
7137,Paul,Jones,40,Lead,New York,66410,2022-09-24,M,Leadership
7138,Emma,Taylor,23,Architect,Toronto,38233,2002-01-05,M,Architecture
7139,John,Brown,23,Architect,Singapore,117183,2014-05-07,M,Architecture
7140,Jane,Davis,39,Designer,Paris,114637,2011-10-17,M,Design
7141,Emma,Taylor,56,Designer,Dubai,50946,2011-10-22,M,Design
7142,Emma,Davis,56,Developer,Berlin,58782,2010-08-18,F,Engineering
7143,Sam,Brown,33,Analyst,Toronto,44181,2016-10-01,M,Analytics
7144,Paul,Smith,28,Architect,New York,26251,2013-04-26,M,Architecture
7145,Emma,Davis,39,Clerk,Delhi,116455,2009-11-08,F,Operations
7146,Tom,Garcia,34,Designer,Delhi,100788,2021-02-01,M,Design
7147,Sara,Wilson,21,Lead,Dubai,88612,2005-08-04,F,Leadership
7148,Jane,Smith,37,Clerk,Singapore,25947,2007-08-18,F,Operations
7149,Sara,Jones,23,Architect,Toronto,84055,2023-08-02,M,Architecture
7150,Paul,Johnson,55,Analyst,Singapore,37237,2012-02-19,M,Analytics
7151,Emma,Williams,36,Manager,Sydney,34692,2008-09-28,F,Management
7152,Sam,Smith,36,Engineer,Paris,110241,2013-11-03,M,Engineering
7153,Emma,Wilson,46,Manager,Sydney,68518,2004-06-21,F,Management
7154,Lisa,Jones,28,Designer,Dubai,71521,2023-08-16,M,Design
7155,Tom,Williams,42,Lead,London,103864,2010-10-19,F,Leadership
7156,Sara,Johnson,52,Manager,Toronto,78042,2004-11-24,F,Management
7157,Lisa,Johnson,40,Lead,Dubai,61642,2012-08-17,F,Leadership
7158,Alex,Brown,58,Designer,Dubai,103472,2023-02-27,M,Design
7159,Sara,Miller,19,Lead,Dubai,35117,2004-07-07,M,Leadership
7160,John,Wilson,36,Developer,Dubai,65322,2001-12-22,F,Engineering
7161,John,Wilson,23,Manager,Sydney,39049,2020-09-04,M,Management
7162,Emma,Davis,36,Engineer,Paris,48966,2000-11-05,M,Engineering
7163,Emma,Taylor,59,Designer,Paris,114754,2005-02-06,M,Design
7164,Paul,Davis,37,Architect,New York,85165,2013-06-05,M,Architecture
7165,Paul,Miller,20,Intern,London,67315,2006-03-11,F,Training
7166,Mike,Garcia,19,Intern,Tokyo,49530,2003-04-21,M,Training
7167,Sara,Garcia,32,Designer,Tokyo,47084,2012-03-04,M,Design
7168,John,Johnson,34,Analyst,Sydney,57891,2004-12-24,F,Analytics
7169,John,Wilson,34,Lead,New York,60299,2003-06-21,F,Leadership
7170,Emma,Davis,28,Clerk,New York,28741,2013-10-24,M,Operations
7171,Emma,Jones,51,Intern,Delhi,56413,2018-05-12,M,Training
7172,Alex,Johnson,58,Manager,Dubai,94712,2003-07-06,F,Management
7173,Paul,Jones,22,Developer,Paris,115508,2013-01-17,F,Engineering
7174,Alex,Davis,29,Manager,Toronto,83378,2007-04-17,M,Management
7175,Lisa,Miller,20,Lead,Singapore,44236,2005-09-19,F,Leadership
7176,Alex,Williams,54,Consultant,London,73667,2001-04-12,M,Consulting
7177,Paul,Johnson,52,Engineer,Dubai,84777,2005-07-13,M,Engineering
7178,Sam,Wilson,23,Lead,Berlin,64727,2005-03-16,M,Leadership
7179,Sam,Johnson,24,Analyst,Delhi,119708,2003-10-08,M,Analytics
7180,Alex,Davis,33,Lead,Dubai,108428,2011-05-21,M,Leadership
7181,Jane,Taylor,59,Clerk,Paris,85322,2016-04-03,M,Operations
7182,Alex,Smith,35,Engineer,Tokyo,94331,2016-12-12,M,Engineering
7183,Jane,Miller,23,Intern,Singapore,55819,2008-04-29,M,Training
7184,Jane,Smith,45,Developer,Paris,92376,2010-12-06,M,Engineering
7185,Mike,Miller,34,Consultant,Dubai,28933,2012-11-16,F,Consulting
7186,Tom,Taylor,28,Intern,Berlin,25961,2018-08-10,F,Training
7187,John,Jones,22,Architect,Singapore,113252,2008-04-07,F,Architecture
7188,Tom,Taylor,26,Manager,Tokyo,30314,2008-09-27,F,Management
7189,Emma,Jones,27,Consultant,Sydney,119533,2005-10-29,F,Consulting
7190,Jane,Miller,53,Developer,Berlin,53621,2000-08-17,M,Engineering
7191,Sam,Smith,29,Consultant,Toronto,58359,2018-02-21,M,Consulting
7192,Mike,Wilson,41,Analyst,Paris,35203,2013-07-21,F,Analytics
7193,Paul,Garcia,45,Clerk,Toronto,49368,2013-03-20,F,Operations
7194,Mike,Taylor,19,Lead,Sydney,93487,2023-07-17,F,Leadership
7195,Mike,Smith,25,Developer,Berlin,70311,2005-11-22,F,Engineering
7196,Tom,Brown,44,Analyst,London,93919,2002-12-29,F,Analytics
7197,Paul,Smith,29,Manager,Singapore,34977,2011-07-23,M,Management
7198,Sara,Davis,24,Developer,Tokyo,31966,2004-01-12,M,Engineering
7199,Paul,Garcia,37,Lead,Sydney,103286,2014-04-09,F,Leadership
7200,Lisa,Smith,59,Lead,London,44248,2024-09-12,M,Leadership
7201,Tom,Smith,25,Consultant,London,42842,2003-05-05,F,Consulting
7202,Mike,Taylor,36,Manager,Toronto,40548,2005-09-30,M,Management
7203,Jane,Miller,18,Intern,New York,86116,2023-07-11,M,Training
7204,Jane,Taylor,52,Designer,New York,41143,2020-09-20,M,Design
7205,Sara,Garcia,43,Analyst,Paris,51959,2001-09-03,F,Analytics
7206,Alex,Taylor,18,Manager,London,99063,2005-01-12,M,Management
7207,Emma,Williams,37,Engineer,London,36915,2016-11-15,M,Engineering
7208,Jane,Wilson,18,Analyst,Dubai,90925,2015-04-16,F,Analytics
7209,Alex,Johnson,27,Intern,Delhi,114619,2018-07-14,F,Training
7210,John,Garcia,60,Manager,Delhi,100779,2016-03-14,M,Management
7211,Mike,Brown,58,Engineer,Tokyo,118467,2019-07-17,M,Engineering
7212,Lisa,Wilson,51,Consultant,Berlin,80388,2009-01-21,F,Consulting
7213,Sara,Jones,30,Developer,Paris,116187,2000-01-20,M,Engineering
7214,Jane,Davis,57,Clerk,London,42587,2012-08-20,M,Operations
7215,Jane,Wilson,18,Developer,Singapore,102102,2009-09-29,F,Engineering
7216,Mike,Garcia,33,Consultant,Tokyo,35543,2009-11-04,M,Consulting
7217,John,Williams,46,Developer,Paris,110445,2021-07-16,M,Engineering
7218,Mike,Johnson,21,Engineer,London,112238,2005-04-20,F,Engineering
7219,Emma,Smith,60,Developer,Sydney,103099,2001-04-29,M,Engineering
7220,Sara,Taylor,28,Manager,Paris,113652,2022-05-08,M,Management
7221,Paul,Smith,35,Manager,Tokyo,55142,2021-12-10,M,Management
7222,Sam,Johnson,25,Analyst,Delhi,100273,2001-01-20,M,Analytics
7223,Jane,Davis,60,Architect,Berlin,62077,2016-10-19,M,Architecture
7224,Paul,Taylor,37,Designer,Singapore,93898,2019-09-09,M,Design
7225,Sam,Williams,53,Consultant,Tokyo,103512,2011-07-15,F,Consulting
7226,Mike,Garcia,24,Manager,Dubai,103882,2011-02-08,F,Management
7227,Sara,Jones,35,Manager,Singapore,52124,2024-12-03,M,Management
7228,Paul,Jones,34,Architect,Tokyo,113582,2000-08-10,M,Architecture
7229,John,Johnson,35,Architect,Sydney,27778,2020-07-08,M,Architecture
7230,Lisa,Johnson,35,Consultant,Sydney,113322,2009-12-13,M,Consulting
7231,Sara,Smith,52,Engineer,Dubai,51711,2008-10-18,M,Engineering
7232,Tom,Davis,52,Architect,Toronto,84693,2003-11-07,M,Architecture
7233,Alex,Davis,24,Intern,New York,56742,2019-07-22,M,Training
7234,Tom,Johnson,60,Clerk,Tokyo,60015,2017-07-21,M,Operations
7235,Mike,Davis,25,Architect,Toronto,89592,2014-07-28,M,Architecture
7236,Jane,Johnson,31,Analyst,New York,46076,2012-09-19,M,Analytics
7237,Lisa,Davis,50,Clerk,Tokyo,64967,2007-01-08,F,Operations
7238,Jane,Miller,56,Manager,Toronto,74845,2011-10-17,M,Management,extra_field
7239,Lisa,Jones,54,Architect,Berlin,75092,2003-02-09,M,Architecture
7240,John,Miller,21,Developer,Singapore,85037,2006-12-23,F,Engineering
7241,Lisa,Johnson,36,Designer,New York,80164,2017-08-23,M,Design
7242,Emma,Brown,38,Lead,Toronto,109489,2006-10-25,M,Leadership
7243,Sara,Taylor,21,Engineer,Singapore,54484,2002-07-06,F,Engineering
7244,Alex,Wilson,53,Consultant,Delhi,82171,2013-11-23,M,Consulting
7245,Lisa,Taylor,58,Consultant,London,116135,2000-04-14,M,Consulting
7246,Mike,Johnson,22,Manager,Delhi,68185,2002-09-01,M,Management
7247,Mike,Jones,42,Engineer,Berlin,112251,2000-12-08,M,Engineering
7248,Alex,Davis,25,Consultant,New York,99757,2016-01-17,F,Consulting
7249,Emma,Brown,36,Clerk,New York,93311,2000-08-26,M,Operations
7250,John,Jones,35,Architect,Singapore,94956,2017-12-25,M,Architecture
7251,John,Jones,55,Lead,Toronto,119222,2013-08-30,M,Leadership
7252,Mike,Johnson,32,Manager,Singapore,97961,2024-12-13,F,Management
7253,Lisa,Davis,33,Manager,Tokyo,87046,2015-04-24,M,Management
7254,John,Johnson,29,Clerk,New York,57251,2020-04-22,F,Operations
7255,John,Williams,48,Developer,Berlin,104039,2016-02-07,F,Engineering
7256,Lisa,Taylor,56,Architect,Berlin,93360,2013-04-15,M,Architecture
7257,Lisa,Garcia,33,Developer,New York,33332,2004-05-27,F,Engineering
7258,Sara,Miller,38,Clerk,Delhi,80279,2001-11-02,M,Operations
7259,Paul,Brown,27,Architect,Toronto,104593,2014-12-09,F,Architecture
7260,Lisa,Jones,38,Clerk,Tokyo,46853,2022-05-12,M,Operations
7261,Paul,Davis,24,Analyst,Toronto,119901,2005-02-07,M,Analytics
7262,Jane,Wilson,32,Lead,London,53236,2017-07-07,F,Leadership
7263,Emma,Miller,51,Clerk,New York,32251,2008-04-23,M,Operations
7264,Jane,Garcia,27,Clerk,Paris,113326,2005-08-27,M,Operations
7265,Sam,Davis,18,Analyst,Delhi,96995,2012-04-18,F,Analytics
7266,Lisa,Taylor,57,Engineer,Sydney,68439,2003-10-06,M,Engineering
7267,Tom,Davis,36,Analyst,Dubai,79291,2012-11-03,M,Analytics
7268,Jane,Miller,35,Analyst,Dubai,89227,2016-10-31,M,Analytics
7269,Alex,Wilson,40,Architect,Sydney,35617,2022-08-07,M,Architecture
7270,Lisa,Brown,34,Architect,Singapore,100368,2018-12-21,M,Architecture
7271,Tom,Johnson,46,Architect,London,27412,2013-03-26,F,Architecture
7272,John,Davis,56,Architect,New York,29854,2002-03-01,F,Architecture
7273,Sara,Davis,28,Lead,Delhi,58231,2007-09-02,M,Leadership
7274,Lisa,Garcia,19,Manager,Tokyo,57419,2012-12-30,M,Management
7275,Paul,Johnson,29,Analyst,Paris,35015,2011-12-21,M,Analytics
7276,Sam,Smith,59,Clerk,London,35982,2003-08-07,M,Operations
7277,Emma,Jones,41,Analyst,Paris,90324,2003-10-24,F,Analytics
7278,Emma,Garcia,42,Clerk,Paris,34498,2016-06-27,M,Operations
7279,John,Miller,60,Consultant,Singapore,104248,2010-11-18,F,Consulting
7280,Emma,Brown,44,Architect,Singapore,49424,2019-03-16,F,Architecture
7281,Tom,Jones,42,Manager,Tokyo,49886,2003-10-18,F,Management
7282,Sara,Jones,45,Manager,Delhi,94017,2011-02-25,M,Management
7283,Lisa,Wilson,58,Consultant,Tokyo,35621,2011-02-18,F,Consulting
7284,Alex,Miller,29,Developer,Toronto,47656,2003-03-04,M,Engineering
7285,Jane,Jones,48,Lead,Dubai,88023,2000-06-06,M,Leadership
7286,Emma,Miller,50,Manager,Singapore,70035,2006-06-25,F,Management
7287,Tom,Garcia,56,Architect,London,71210,2002-08-11,M,Architecture
7288,Emma,Johnson,19,Analyst,Delhi,55169,2003-11-21,F,Analytics
7289,Jane,Wilson,23,Analyst,Tokyo,78930,2002-12-04,M,Analytics
7290,Sara,Wilson,56,Consultant,Berlin,92664,2020-10-01,M,Consulting
7291,Sam,Brown,19,Developer,Toronto,112842,2012-03-15,M,Engineering
7292,Mike,Miller,40,Intern,Sydney,96233,2021-12-03,M,Training
7293,Mike,Miller,60,Manager,New York,84228,2023-06-26,F,Management
7294,Paul,Williams,51,Clerk,Singapore,91654,2014-05-10,M,Operations
7295,Sam,Miller,50,Clerk,Delhi,28597,2022-11-11,M,Operations
7296,Alex,Brown,27,Consultant,Berlin,66356,2015-05-06,M,Consulting
7297,Mike,Garcia,59,Clerk,Sydney,91558,2024-04-27,M,Operations
7298,Mike,Davis,19,Developer,New York,111718,2022-09-30,F,Engineering
7299,Emma,Taylor,37,Intern,Singapore,107654,2006-07-02,M,Training
7300,Emma,Smith,35,Intern,Delhi,81056,2022-07-11,M,Training
7301,Paul,Smith,18,Clerk,Singapore,50182,2016-07-27,F,Operations
7302,Emma,Johnson,39,Consultant,Sydney,36648,2020-09-26,M,Consulting
7303,Mike,Miller,42,Consultant,Singapore,84108,2005-04-11,F,Consulting
7304,Alex,Johnson,30,Analyst,Singapore,119612,2006-07-07,M,Analytics
7305,Emma,Williams,34,Manager,Dubai,81725,2002-10-10,M,Management
7306,Lisa,Davis,47,Developer,Tokyo,105583,2011-07-09,M,Engineering
7307,Sam,Brown,33,Analyst,New York,39027,2001-09-08,M,Analytics
7308,Mike,Taylor,36,Consultant,London,70922,2024-12-28,F,Consulting
7309,Tom,Davis,35,Engineer,Berlin,30577,2004-05-28,F,Engineering
7310,Jane,Garcia,22,Consultant,Singapore,103109,2020-09-15,M,Consulting
7311,Paul,Brown,33,Analyst,Paris,57022,2000-12-30,M,Analytics
7312,Alex,Brown,52,Consultant,Tokyo,90442,2008-09-15,F,Consulting
7313,Sara,Williams,36,Intern,London,51313,2019-12-13,F,Training
7314,Mike,Davis,50,Manager,Sydney,109078,2013-05-25,F,Management
7315,Mike,Garcia,31,Manager,Delhi,31920,2020-10-11,F,Management
7316,Alex,Garcia,60,Consultant,Paris,70273,2022-10-04,M,Consulting
7317,Lisa,Williams,55,Intern,Berlin,44077,2015-05-01,F,Training
7318,Emma,Johnson,60,Architect,Dubai,103885,2008-02-10,F,Architecture
7319,Alex,Wilson,21,Manager,Dubai,93972,2024-12-21,F,Management
7320,John,Brown,47,Consultant,Dubai,52732,2023-10-31,M,Consulting
7321,Mike,Jones,51,Analyst,Delhi,115046,2015-05-08,F,Analytics
7322,Paul,Johnson,51,Intern,Sydney,32190,2007-03-16,M,Training
7323,Sam,Taylor,45,Developer,Toronto,56342,2006-01-20,M,Engineering
7324,Lisa,Taylor,55,Intern,Toronto,93994,2014-02-03,F,Training
7325,Alex,Johnson,18,Designer,New York,52550,2008-08-12,F,Design
7326,Lisa,Johnson,18,Analyst,Dubai,107387,2009-05-27,M,Analytics
7327,Sam,Taylor,28,Intern,Delhi,25602,2002-11-10,F,Training
7328,John,Taylor,51,Manager,Berlin,87370,2013-02-18,F,Management
7329,Mike,Jones,36,Engineer,Tokyo,30709,2018-10-02,F,Engineering
7330,Jane,Garcia,49,Architect,London,62402,2000-04-11,M,Architecture
7331,Paul,Brown,24,Manager,Tokyo,96692,2023-07-14,M,Management
7332,Lisa,Jones,22,Intern,Delhi,106943,2000-11-17,F,Training
7333,Jane,Garcia,53,Manager,London,82574,2014-06-25,F,Management
7334,John,Williams,25,Manager,Berlin,73608,2020-06-19,F,Management
7335,John,Wilson,60,Designer,Dubai,93435,2006-04-06,M,Design
7336,Jane,Johnson,54,Designer,Paris,84988,2022-05-18,F,Design
7337,Jane,Smith,59,Analyst,Toronto,93900,2005-03-07,F,Analytics
7338,Sara,Brown,19,Lead,Toronto,78028,2015-02-03,M,Leadership
7339,Jane,Smith,57,Clerk,Sydney,99179,2013-07-10,M,Operations
7340,Mike,Brown,55,Manager,Dubai,33962,2006-03-21,M,Management
7341,Lisa,Brown,22,Lead,New York,55166,2003-12-04,F,Leadership
7342,Jane,Williams,49,Engineer,Tokyo,43844,2016-10-11,F,Engineering
7343,Mike,Brown,34,Designer,Berlin,61595,2023-05-27,F,Design
7344,John,Smith,20,Manager,London,66211,2006-03-05,F,Management
7345,Sam,Johnson,53,Designer,Berlin,94305,2017-11-01,F,Design
7346,Tom,Garcia,34,Developer,London,110414,2001-11-19,M,Engineering
7347,John,Taylor,52,Designer,Berlin,77622,2002-01-02,F,Design
7348,Tom,Wilson,47,Consultant,Sydney,102824,2009-03-26,M,Consulting
7349,Tom,Smith,45,Intern,Toronto,95302,2021-01-04,M,Training
7350,Mike,Taylor,37,Architect,Delhi,41870,2011-05-22,M,Architecture
7351,Sam,Williams,58,Intern,Paris,118016,2014-10-11,M,Training
7352,Emma,Williams,20,Architect,Berlin,100076,2012-05-15,F,Architecture
7353,Tom,Garcia,41,Developer,Delhi,25860,2012-09-27,M,Engineering
7354,John,Brown,48,Consultant,London,87845,2001-06-26,F,Consulting
7355,Alex,Williams,38,Designer,London,41179,2000-01-30,F,Design
7356,Emma,Miller,48,Lead,Toronto,70340,2003-05-06,F,Leadership
7357,Jane,Smith,27,Developer,New York,116524,2002-06-19,F,Engineering
7358,Sam,Brown,60,Engineer,Toronto,94779,2015-12-22,F,Engineering
7359,Jane,Williams,44,Intern,Berlin,60280,2005-08-02,M,Training
7360,Paul,Garcia,33,Intern,Delhi,50170,2023-11-27,M,Training
7361,Alex,Brown,50,Manager,Tokyo,101651,2020-10-10,M,Management
7362,Tom,Brown,27,Manager,Dubai,66221,2023-02-25,M,Management
7363,Emma,Smith,27,Analyst,Singapore,29035,2002-01-02,F,Analytics
7364,Emma,Williams,53,Architect,Sydney,39589,2008-06-12,M,Architecture
7365,Sam,Wilson,59,Engineer,New York,34158,2007-01-26,F,Engineering
7366,Lisa,Johnson,38,Developer,Delhi,80057,2006-10-10,F,Engineering
7367,Paul,Miller,33,Consultant,Paris,112241,2006-12-30,M,Consulting
7368,Sara,Williams,28,Developer,New York,114485,2018-09-02,F,Engineering
7369,Emma,Johnson,57,Engineer,Toronto,97172,2007-11-06,F,Engineering
7370,Lisa,Garcia,54,Consultant,New York,86809,2004-10-11,M,Consulting
7371,Emma,Taylor,59,Consultant,London,55312,2024-09-19,M,Consulting
7372,Alex,Jones,35,Developer,Paris,102208,2011-05-12,M,Engineering
7373,Mike,Smith,19,Consultant,Tokyo,101820,2009-08-30,M,Consulting
7374,Sara,Smith,39,Clerk,New York,101008,2014-04-16,F,Operations
7375,Jane,Davis,38,Manager,Singapore,73348,2008-11-13,M,Management
7376,Paul,Williams,38,Clerk,Berlin,45082,2020-05-25,F,Operations
7377,John,Wilson,44,Lead,Tokyo,28813,2002-10-08,F,Leadership
7378,Paul,Garcia,54,Manager,Toronto,66539,2011-10-14,M,Management
7379,Alex,Brown,38,Developer,Delhi,90705,2006-05-20,M,Engineering
7380,Alex,Miller,41,Analyst,Berlin,44943,2012-09-07,F,Analytics
7381,Emma,Davis,58,Engineer,Sydney,100552,2017-01-02,F,Engineering
7382,Jane,Brown,58,Lead,New York,99990,2024-02-06,F,Leadership
7383,Sam,Smith,22,Analyst,Delhi,28286,2015-08-29,F,Analytics
7384,Emma,Wilson,54,Developer,Singapore,25660,2019-04-11,M,Engineering
7385,John,Wilson,33,Intern,Sydney,119567,99-99-9999,F,Training
7386,Lisa,Taylor,38,Analyst,Berlin,115200,2010-10-02,F,Analytics
7387,Alex,Johnson,25,Intern,Tokyo,38595,2024-09-06,F,Training
7388,Lisa,Taylor,41,Developer,Delhi,28095,2017-11-18,F,Engineering
7389,Jane,Garcia,47,Intern,Sydney,84878,2012-10-30,M,Training
7390,Lisa,Miller,53,Designer,London,31005,2021-11-29,F,Design
7391,John,Johnson,54,Architect,Berlin,57036,2004-12-14,F,Architecture
7392,Mike,Jones,28,Consultant,Tokyo,113303,2013-09-12,M,Consulting
7393,Lisa,Wilson,59,Consultant,Tokyo,66334,2011-12-13,M,Consulting
7394,Sam,Garcia,22,Lead,Dubai,31222,2022-05-28,M,Leadership
7395,Sam,Miller,28,Manager,Toronto,58518,2011-10-31,M,Management
7396,Sara,Johnson,60,Engineer,London,51644,2023-08-25,F,Engineering
7397,Sam,Smith,54,Engineer,Berlin,65262,2003-06-08,F,Engineering
7398,Mike,Wilson,24,Engineer,Singapore,69586,2000-07-22,M,Engineering
7399,Emma,Johnson,18,Designer,Paris,53672,2000-03-13,F,Design
7400,Mike,Garcia,21,Consultant,Delhi,76978,2020-11-24,M,Consulting
7401,Mike,Garcia,29,Developer,Paris,103316,2013-06-18,F,Engineering
7402,Sam,Miller,37,Intern,London,25317,2011-03-02,M,Training
7403,Sara,Jones,44,Lead,Dubai,83432,2017-08-01,F,Leadership
7404,Sara,Wilson,44,Architect,Berlin,116370,2000-09-16,F,Architecture
7405,Lisa,Williams,56,Designer,Singapore,118038,2017-04-16,M,Design
7406,Alex,Johnson,31,Architect,Berlin,78891,2015-05-24,M,Architecture
7407,Paul,Jones,58,Engineer,Paris,95316,2010-10-06,M,Engineering
7408,Tom,Johnson,25,Consultant,Toronto,26835,2014-08-12,M,Consulting
7409,Lisa,Taylor,60,Analyst,London,110045,2019-07-09,F,Analytics
7410,Alex,Jones,28,Lead,Sydney,61660,2005-12-26,F,Leadership
7411,Lisa,Taylor,24,Lead,Sydney,73206,2019-05-15,F,Leadership
7412,Tom,Wilson,31,Consultant,Sydney,87475,2018-02-12,M,Consulting
7413,Lisa,Taylor,34,Architect,Paris,31298,2017-03-28,M,Architecture
7414,Paul,Brown,46,Engineer,Paris,58850,2010-12-04,F,Engineering
7415,John,Jones,20,Intern,Singapore,68494,2009-12-31,F,Training
7416,Sara,Wilson,46,Intern,Berlin,40841,2003-04-16,M,Training
7417,Paul,Garcia,18,Engineer,Dubai,60905,2012-02-11,M,Engineering
7418,Sam,Garcia,42,Intern,Sydney,81605,2018-12-27,F,Training
7419,Emma,Smith,57,Engineer,Paris,62244,2007-09-16,M,Engineering
7420,Jane,Brown,25,Designer,Paris,58895,2016-07-22,F,Design
7421,Sam,Wilson,47,Developer,Tokyo,34056,2006-11-08,F,Engineering
7422,Tom,Garcia,31,Designer,Singapore,94885,2020-12-08,F,Design
7423,Mike,Garcia,50,Manager,Sydney,45621,2024-10-08,M,Management
7424,Sara,Johnson,37,Developer,Paris,80173,2009-09-07,F,Engineering
7425,Mike,Williams,29,Analyst,Sydney,N/A,2024-08-28,M,Analytics
7426,Sam,Williams,43,Consultant,Delhi,50241,2011-03-01,M,Consulting
7427,Sam,Wilson,59,Developer,Delhi,108089,2020-04-17,F,Engineering
7428,Sam,Miller,43,Engineer,Singapore,54164,2011-05-03,F,Engineering
7429,Lisa,Jones,27,Clerk,Tokyo,44852,2001-07-04,M,Operations
7430,Emma,Brown,33,Consultant,Sydney,77738,2004-01-09,F,Consulting
7431,Lisa,Smith,50,Consultant,Paris,98050,2019-03-15,F,Consulting
7432,Sara,Brown,45,Clerk,Delhi,95681,2001-06-20,F,Operations
7433,Mike,Wilson,40,Engineer,Tokyo,82003,2009-10-18,F,Engineering
7434,Emma,Wilson,28,Developer,Berlin,65896,2007-11-01,M,Engineering
7435,John,Brown,49,Analyst,Toronto,98753,2007-05-30,F,Analytics
7436,Tom,Wilson,56,Clerk,Tokyo,53159,2001-12-13,F,Operations
7437,Mike,Williams,30,Intern,Berlin,60564,2003-10-27,F,Training
7438,Tom,Williams,25,Architect,New York,48568,2007-03-11,M,Architecture
7439,Paul,Wilson,30,Manager,Sydney,111591,2019-12-25,M,Management
7440,Emma,Williams,25,Intern,Dubai,118018,2019-04-20,F,Training
7441,Tom,Johnson,29,Architect,Dubai,75425,2021-01-29,F,Architecture
7442,Alex,Taylor,27,Developer,New York,53678,2013-01-02,F,Engineering
7443,Tom,Jones,42,Architect,London,100410,2006-03-31,M,Architecture
7444,Tom,Davis,24,Manager,New York,50617,2003-08-13,M,Management
7445,Mike,Miller,46,Analyst,New York,103919,2020-06-14,F,Analytics
7446,Tom,Johnson,36,Manager,Singapore,50074,2003-05-08,F,Management
7447,Sam,Davis,27,Consultant,Sydney,31098,2022-09-18,M,Consulting
7448,John,Davis,33,Designer,Paris,68363,2022-05-08,F,Design
7449,Sam,Garcia,18,Designer,Sydney,118627,2012-08-10,M,Design
7450,John,Miller,59,Analyst,Tokyo,105246,2011-09-14,F,Analytics
7451,Lisa,Brown,37,Analyst,London,61466,2014-06-24,M,Analytics
7452,Sara,Smith,31,Intern,Berlin,96705,2023-12-29,F,Training
7453,John,Wilson,19,Manager,Berlin,47257,2018-03-15,F,Management
7454,Lisa,Garcia,26,Lead,Dubai,111873,2000-07-07,M,Leadership
7455,John,Miller,54,Lead,Paris,93709,2009-03-30,F,Leadership
7456,Paul,Williams,35,Architect,Dubai,34823,2003-03-22,F,Architecture
7457,Sam,Williams,23,Clerk,Sydney,62740,2001-10-09,F,Operations
7458,John,Johnson,38,Engineer,London,89416,2016-02-11,M,Engineering
7459,Paul,Jones,55,Architect,Tokyo,117406,2021-03-07,M,Architecture
7460,Jane,Taylor,33,Architect,Dubai,111081,2006-08-07,F,Architecture
7461,Sara,Williams,34,Consultant,Paris,99838,2004-09-16,F,Consulting
7462,Mike,Garcia,49,Consultant,Sydney,93124,2015-11-05,M,Consulting
7463,John,Smith,49,Consultant,Berlin,62300,2022-01-17,F,Consulting
7464,Mike,Brown,48,Manager,Delhi,100095,2016-10-27,M,Management
7465,Tom,Smith,28,Engineer,Tokyo,77081,2012-02-23,F,Engineering
7466,Paul,Miller,54,Developer,Berlin,60359,2005-12-25,F,Engineering
7467,Sara,Smith,45,Developer,Paris,74384,2012-09-07,F,Engineering
7468,Emma,Taylor,33,Designer,New York,67752,2022-03-04,M,Design
7469,Emma,Jones,28,Developer,Berlin,90932,2006-06-14,M,Engineering
7470,Jane,Smith,57,Designer,New York,107392,2004-12-22,M,Design
7471,Alex,Miller,51,Developer,Delhi,116273,2009-08-05,F,Engineering
7472,Emma,Miller,38,Consultant,Toronto,64004,2001-06-02,M,Consulting
7473,John,Taylor,20,Designer,Dubai,92814,2003-09-04,M,Design
7474,Jane,Jones,51,Consultant,Sydney,32333,2013-09-23,F,Consulting
7475,Mike,Miller,50,Consultant,Toronto,27793,2006-10-10,F,Consulting
7476,Alex,Brown,26,Consultant,Toronto,99972,2002-01-24,M,Consulting
7477,Tom,Brown,43,Consultant,New York,27402,2019-03-11,M,Consulting
7478,Sam,Williams,54,Manager,London,64976,2000-09-18,F,Management
7479,Alex,Wilson,56,Developer,New York,114697,2012-03-19,F,Engineering
7480,Sara,Miller,20,Analyst,Dubai,82217,2014-09-15,F,Analytics
7481,Mike,Garcia,50,Designer,Delhi,103964,2005-05-01,M,Design
7482,Sara,Williams,36,Lead,Dubai,25299,2020-09-13,F,Leadership
7483,Paul,Taylor,36,Intern,Singapore,102615,2008-11-09,M,Training
7484,John,Miller,31,Intern,Dubai,84296,2018-11-07,M,Training
7485,Tom,Garcia,19,Developer,Dubai,53674,2014-04-12,F,Engineering
7486,Sara,Taylor,54,Lead,Sydney,32515,2004-09-17,F,Leadership
7487,Emma,Johnson,45,Intern,Tokyo,31506,2018-08-12,M,Training
7488,Alex,Jones,31,Consultant,Delhi,34468,2022-09-19,M,Consulting
7489,Paul,Brown,24,Lead,Paris,100822,2022-09-14,F,Leadership
7490,Sam,Jones,24,Analyst,Delhi,108030,2003-12-31,M,Analytics
7491,Jane,Johnson,40,Lead,Delhi,116050,2004-01-18,M,Leadership
7492,Jane,Garcia,30,Architect,Paris,63831,2016-09-17,F,Architecture
7493,Sam,Johnson,55,Lead,New York,100332,2020-02-28,M,Leadership
7494,Jane,Wilson,48,Lead,Paris,87092,2009-07-09,M,Leadership
7495,John,Miller,50,Developer,New York,108001,2005-07-17,F,Engineering
7496,Sam,Wilson,23,Designer,London,60826,2005-11-16,F,Design
7497,Sara,Williams,38,Manager,Sydney,104138,2000-01-24,F,Management
7498,Alex,Wilson,47,Designer,Singapore,67885,2021-02-09,M,Design
7499,Sara,Johnson,34,Lead,Delhi,90606,2024-06-29,M,Leadership
7500,Sam,Taylor,54,Consultant,Sydney,49858,2013-05-10,F,Consulting
7501,Sara,Wilson,37,Engineer,Dubai,64216,2012-11-01,M,Engineering
7502,John,Miller,23,Engineer,Dubai,83550,2012-07-03,M,Engineering
7503,Paul,Davis,34,Lead,London,49398,2009-08-16,M,Leadership
7504,Tom,Garcia,56,Lead,Sydney,65210,2006-11-30,M,Leadership
7505,Emma,Williams,46,Architect,Paris,57871,2010-11-08,F,Architecture
7506,Sara,Wilson,21,Manager,Singapore,71951,2009-05-05,F,Management
7507,Lisa,Johnson,31,Intern,Delhi,59488,2011-02-27,M,Training
7508,Sara,Jones,60,Lead,Delhi,48030,2021-07-27,F,Leadership
7509,Emma,Wilson,26,Clerk,Delhi,38612,2010-08-31,M,Operations
7510,Tom,Jones,43,Clerk,Delhi,90341,2020-08-16,F,Operations
7511,Paul,Williams,40,Lead,Tokyo,59299,2021-06-01,M,Leadership
7512,Tom,Miller,22,Clerk,London,101966,2018-06-06,M,Operations
7513,Tom,Wilson,50,Intern,Tokyo,90204,2018-08-16,M,Training
7514,Lisa,Smith,40,Lead,Toronto,86215,2000-06-10,M,Leadership
7515,Paul,Johnson,55,Engineer,Toronto,33222,2007-12-25,M,Engineering
7516,Tom,Johnson,44,Manager,London,56140,2007-11-29,M,Management
7517,Sara,Davis,48,Designer,Singapore,68590,2024-05-14,F,Design
7518,Mike,Brown,54,Consultant,Delhi,84464,2016-09-09,F,Consulting
7519,Mike,Smith,45,Consultant,Berlin,36964,2013-06-09,F,Consulting
7520,Lisa,Williams,58,Lead,Delhi,32293,2018-10-16,M,Leadership
7521,Sara,Taylor,57,Manager,Delhi,38717,2017-05-29,F,Management
7522,John,Garcia,44,Consultant,Berlin,87763,2017-12-25,M,Consulting
7523,Sam,Williams,51,Architect,Toronto,32702,2017-06-16,M,Architecture
7524,Lisa,Miller,38,Clerk,Delhi,32492,2009-11-13,M,Operations
7525,Sam,Davis,38,Engineer,Delhi,115100,2000-10-14,F,Engineering
7526,Emma,Miller,36,Consultant,Berlin,67942,2007-08-06,F,Consulting
7527,Paul,Johnson,20,Clerk,Sydney,55625,2013-02-14,F,Operations
7528,Mike,Garcia,60,Architect,Toronto,106141,2021-12-04,F,Architecture
7529,Emma,Williams,55,Developer,New York,33912,2007-11-28,M,Engineering
7530,John,Brown,53,Intern,New York,116838,2024-08-17,M,Training
7531,Jane,Johnson,35,Intern,Berlin,62995,2015-02-25,F,Training
7532,Emma,Davis,58,Consultant,Tokyo,51856,2008-04-13,M,Consulting
7533,Sam,Taylor,24,Consultant,Delhi,83504,2009-02-06,F,Consulting
7534,Jane,Williams,60,Developer,New York,28567,2021-08-21,M,Engineering
7535,Sam,Davis,32,Developer,Toronto,78409,2011-04-12,F,Engineering
7536,Emma,Jones,51,Lead,Toronto,90946,2018-07-21,F,Leadership
7537,John,Johnson,59,Engineer,New York,90852,2023-07-29,F,Engineering
7538,Paul,Jones,32,Consultant,Sydney,115752,2021-07-24,F,Consulting
7539,Paul,Garcia,31,Architect,London,112859,2010-08-03,M,Architecture
7540,Jane,Williams,33,Manager,Toronto,83290,2000-12-26,F,Management
7541,Sam,Williams,29,Analyst,Paris,28232,2004-05-08,F,Analytics
7542,Mike,Johnson,47,Consultant,Toronto,54174,2003-01-17,M,Consulting
7543,Sam,Johnson,38,Designer,London,45047,2014-01-25,F,Design
7544,Mike,Miller,23,Designer,Singapore,101511,2007-12-16,M,Design
7545,Emma,Brown,34,Consultant,Singapore,84895,2000-08-30,M,Consulting
7546,Emma,Davis,31,Engineer,Dubai,76278,99-99-9999,M,Engineering
7547,Lisa,Smith,29,Manager,Delhi,103910,2008-12-20,F,Management
7548,Emma,Davis,57,Lead,Dubai,73431,2002-10-15,F,Leadership
7549,Sara,Johnson,59,Developer,Tokyo,50093,2010-06-14,F,Engineering
7550,Tom,Williams,20,Engineer,Sydney,71941,2002-03-03,M,Engineering
7551,Emma,Brown,59,Designer,Sydney,101582,2017-06-07,F,Design
7552,Emma,Miller,49,Clerk,Delhi,109801,2018-01-12,M,Operations
7553,Mike,Johnson,33,Lead,Paris,36980,2011-03-17
7554,John,Smith,42,Analyst,Singapore,106146,2009-01-07,F,Analytics
7555,John,Taylor,46,Analyst,Dubai,96367,2014-01-30,F,Analytics
7556,Sam,Taylor,29,Analyst,Paris,68373,2023-05-23,M,Analytics
7557,Paul,Brown,34,Engineer,London,91877,2012-07-07,F,Engineering
7558,Sara,Miller,26,Engineer,Toronto,50147,2022-07-06,M,Engineering
7559,Lisa,Wilson,21,Architect,Dubai,68751,2007-03-07,M,Architecture
7560,Sara,Johnson,43,Clerk,Berlin,107287,2012-01-12,M,Operations
7561,Paul,Taylor,50,Lead,Singapore,27463,2002-09-04,F,Leadership
7562,Tom,Jones,52,Designer,Singapore,79093,2004-03-30,F,Design
7563,Jane,Taylor,44,Architect,Tokyo,63514,2012-01-08,M,Architecture
7564,Mike,Smith,48,Engineer,London,95694,2007-04-28,M,Engineering
7565,Lisa,Wilson,40,Lead,Sydney,91530,2004-08-03,M,Leadership
7566,Mike,Miller,46,Developer,New York,25346,2019-12-21,M,Engineering
7567,Sara,Wilson,43,Developer,Singapore,54382,2006-01-17,M,Engineering
7568,John,Brown,22,Architect,Dubai,55926,2008-12-02,F,Architecture
7569,Alex,Jones,42,Lead,Dubai,65951,2010-03-17,M,Leadership
7570,John,Miller,45,Clerk,Delhi,110277,2005-08-23,M,Operations
7571,Alex,Jones,31,Architect,Tokyo,53007,2011-07-15,F,Architecture
7572,Jane,Miller,56,Manager,Berlin,68531,2002-07-16,M,Management
7573,Tom,Garcia,18,Clerk,Berlin,85954,2000-08-31,M,Operations
7574,Jane,Brown,60,Clerk,Delhi,62701,2018-07-06,F,Operations
7575,Tom,Wilson,25,Manager,Delhi,42956,2019-02-03,F,Management
7576,Sara,Johnson,48,Analyst,Tokyo,68804,2019-02-08,M,Analytics
7577,Lisa,Taylor,25,Manager,Tokyo,70765,2002-01-23,F,Management
7578,Sam,Davis,48,Manager,Paris,108671,2004-02-13,F,Management
7579,Mike,Garcia,24,Consultant,Dubai,27036,2012-06-29,F,Consulting
7580,John,Johnson,48,Intern,Toronto,84395,2016-08-22,F,Training
7581,Alex,Williams,55,Lead,Toronto,48235,2009-01-08,F,Leadership
7582,Jane,Williams,37,Manager,Tokyo,45796,2012-04-20,F,Management
7583,Mike,Smith,35,Manager,Berlin,111088,2000-05-01,M,Management
7584,Tom,Garcia,40,Manager,Toronto,47511,2014-10-12,M,Management
7585,Emma,Brown,39,Manager,Delhi,72589,2011-06-06,F,Management
7586,Emma,Williams,33,Engineer,Toronto,52940,2019-09-10,M,Engineering
7587,Paul,Williams,46,Architect,Sydney,44883,2013-12-12,F,Architecture
7588,Tom,Williams,51,Architect,Sydney,85063,2020-04-13,M,Architecture
7589,Emma,Garcia,44,Analyst,Paris,83706,2002-02-22,F,Analytics
7590,Sara,Johnson,32,Intern,London,35829,2007-02-02,M,Training
7591,Sara,Miller,19,Lead,Singapore,118103,2009-08-11,M,Leadership
7592,Sara,Davis,27,Developer,Paris,54090,2020-09-02,M,Engineering
7593,Tom,Jones,47,Engineer,Dubai,46615,2022-10-04,M,Engineering
7594,Lisa,Smith,60,Developer,New York,100421,2022-01-27,F,Engineering
7595,Sam,Jones,43,Intern,London,49200,2024-08-08,F,Training
7596,Lisa,Smith,31,Lead,Berlin,50700,2004-04-11,M,Leadership
7597,Sara,Williams,33,Architect,Toronto,25503,2022-10-06,F,Architecture
7598,Sam,Miller,55,Clerk,Singapore,46190,2009-10-29,F,Operations
7599,Sam,Garcia,33,Intern,Paris,109782,2006-07-22,F,Training
7600,Mike,Brown,32,Engineer,Tokyo,90076,2017-02-25,F,Engineering
7601,Alex,Miller,44,Analyst,London,97290,2021-04-30,M,Analytics
7602,Lisa,Garcia,34,Clerk,Paris,51405,2006-03-31,F,Operations
7603,John,Williams,33,Intern,Singapore,114354,2005-03-30,M,Training
7604,Tom,Davis,33,Intern,Singapore,43453,2024-06-15,M,Training
7605,Paul,Garcia,51,Lead,Tokyo,38351,2023-11-04,F,Leadership
7606,John,Davis,58,Analyst,Toronto,101009,2019-08-28,M,Analytics
7607,Lisa,Williams,58,Engineer,Delhi,90339,2007-08-10,M,Engineering
7608,Alex,Taylor,26,Architect,Dubai,79364,2006-02-07,F,Architecture
7609,Mike,Wilson,39,Clerk,Toronto,82276,2002-01-15,M,Operations
7610,John,Garcia,26,Manager,Paris,50528,2016-09-11,F,Management
7611,Emma,Smith,53,Architect,Sydney,29095,2010-05-28,F,Architecture
7612,Tom,Taylor,21,Architect,Sydney,72615,2004-12-22,M,Architecture
7613,Emma,Wilson,27,Designer,Sydney,119521,2017-10-14,F,Design
7614,Jane,Taylor,37,Lead,Toronto,35765,2017-01-27,M,Leadership
7615,Sam,Johnson,45,Engineer,Berlin,74130,2022-02-10,F,Engineering
7616,Tom,Jones,58,Lead,Tokyo,98955,2019-06-06,M,Leadership
7617,John,Smith,21,Designer,Sydney,105055,2006-08-27,M,Design
7618,Tom,Williams,49,Manager,Tokyo,106273,2020-09-29,F,Management
7619,Jane,Jones,48,Engineer,Sydney,35238,2004-08-29,F,Engineering
7620,Emma,Davis,41,Developer,New York,55988,2017-08-28,F,Engineering
7621,Tom,Smith,38,Engineer,Toronto,103082,2008-09-26,F,Engineering
7622,Lisa,Johnson,45,Consultant,Toronto,62115,2022-10-29,M,Consulting
7623,Tom,Davis,23,Intern,Delhi,108830,2013-09-17,M,Training
7624,Sara,Jones,25,Lead,Singapore,37244,2000-10-16,F,Leadership
7625,Mike,Smith,22,Consultant,Paris,100057,2023-02-09,F,Consulting
7626,Sara,Miller,48,Engineer,Tokyo,59576,2017-05-18,F,Engineering
7627,Tom,Smith,50,Developer,Delhi,62302,2017-05-10,F,Engineering
7628,Paul,Williams,33,Designer,London,83827,2003-09-12,M,Design
7629,Sara,Miller,26,Consultant,Dubai,83008,2013-04-29,F,Consulting
7630,Tom,Jones,18,Designer,Tokyo,42640,2019-02-16,M,Design
7631,Tom,Miller,55,Lead,Paris,67773,2024-02-03,F,Leadership
7632,Paul,Brown,23,Architect,Singapore,94825,2019-10-07,F,Architecture
7633,Sara,Wilson,55,Engineer,Toronto,79882,2000-11-05,F,Engineering
7634,Mike,Brown,48,Lead,Toronto,59374,2019-01-03,F,Leadership
7635,Emma,Davis,28,Intern,Sydney,78489,2012-09-14,M,Training
7636,Mike,Davis,20,Manager,New York,46304,2014-07-01,F,Management
7637,Alex,Davis,50,Consultant,Dubai,56213,2008-05-14,M,Consulting
7638,Emma,Johnson,30,Manager,London,109810,2020-08-02,F,Management
7639,Mike,Smith,42,Designer,London,103471,2019-09-23,M,Design
7640,Sam,Davis,24,Designer,London,71579,2012-10-08,M,Design
7641,Tom,Taylor,19,Architect,Dubai,117166,2004-04-16,M,Architecture
7642,Jane,Jones,47,Developer,Toronto,101597,2013-05-28,F,Engineering
7643,Tom,Garcia,55,Analyst,New York,112244,2005-11-25,M,Analytics
7644,Paul,Jones,41,Consultant,Dubai,100117,2022-02-14,F,Consulting
7645,Mike,Miller,42,Consultant,Toronto,107373,2001-05-10,F,Consulting
7646,Sam,Davis,51,Analyst,Delhi,107722,2014-11-18,M,Analytics
7647,Sara,Wilson,54,Lead,Singapore,119677,2023-05-20,M,Leadership
7648,Alex,Miller,57,Analyst,Sydney,76274,2002-07-28,M,Analytics
7649,John,Wilson,27,Designer,Singapore,60738,2002-02-05,F,Design
7650,Mike,Garcia,35,Developer,Tokyo,99961,2000-03-21,F,Engineering
7651,Alex,Taylor,34,Architect,Dubai,38391,2024-03-13,F,Architecture
7652,Emma,Smith,52,Analyst,Dubai,63556,2010-04-10,M,Analytics
7653,Sam,Jones,58,Lead,Tokyo,67260,2018-06-24,M,Leadership
7654,John,Taylor,35,Manager,New York,85336,2017-03-15,M,Management
7655,John,Johnson,58,Intern,Delhi,68949,2023-03-23,F,Training
7656,Sara,Smith,30,Architect,Singapore,71859,2019-09-09,F,Architecture
7657,Mike,Johnson,36,Analyst,London,86745,2006-07-13,F,Analytics
7658,Mike,Wilson,34,Engineer,Delhi,107185,2019-04-21,M,Engineering
7659,Paul,Taylor,58,Engineer,London,53958,2004-05-05,M,Engineering
7660,Lisa,Smith,34,Consultant,Berlin,34770,2003-02-21,M,Consulting
7661,Sam,Miller,33,Engineer,Tokyo,104788,2023-03-29,M,Engineering
7662,Tom,Williams,55,Intern,Singapore,43951,2010-10-09,M,Training
7663,Mike,Miller,36,Manager,London,82096,2009-12-10,F,Management
7664,Paul,Johnson,59,Engineer,Sydney,66538,2006-12-23,F,Engineering
7665,John,Smith,43,Consultant,Dubai,92464,2009-08-03,M,Consulting
7666,Lisa,Wilson,50,Architect,Dubai,44333,2012-04-10,M,Architecture
7667,Mike,Davis,21,Engineer,Berlin,116723,2010-04-17,M,Engineering
7668,Tom,Williams,28,Developer,Delhi,25360,2008-10-24,F,Engineering
7669,Emma,Garcia,53,Designer,Delhi,102903,2021-04-16,M,Design
7670,Sara,Garcia,27,Designer,London,116685,2019-12-12,F,Design
7671,Sam,Wilson,57,Manager,New York,71671,2011-05-31,M,Management
7672,Sara,Garcia,48,Intern,Delhi,54087,2021-03-21,M,Training
7673,Sam,Brown,60,Clerk,New York,67219,2010-01-14,F,Operations
7674,Sam,Taylor,40,Consultant,Toronto,48867,2015-07-10,F,Consulting
7675,Sam,Garcia,58,Intern,Sydney,78086,2021-06-25,F,Training
7676,Sam,Wilson,18,Designer,Singapore,110008,2012-11-14,F,Design
7677,Mike,Wilson,20,Manager,Sydney,45990,2017-03-30,F,Management
7678,Mike,Williams,30,Clerk,Dubai,70511,2017-10-26,M,Operations
7679,Emma,Williams,28,Intern,Singapore,47137,2014-05-26,F,Training
7680,John,Wilson,39,Analyst,Delhi,64753,2009-03-08,M,Analytics
7681,Jane,Brown,45,Clerk,London,62239,2016-03-17,M,Operations
7682,Jane,Garcia,57,Clerk,Dubai,38883,2011-11-21,M,Operations
7683,Alex,Garcia,51,Developer,Dubai,55711,2016-09-27,F,Engineering
7684,Lisa,Taylor,23,Engineer,London,34197,2001-09-02,M,Engineering
7685,Mike,Johnson,22,Developer,Singapore,111586,2022-01-06,M,Engineering
7686,Mike,Jones,55,Architect,Paris,55580,2020-10-26,M,Architecture
7687,John,Wilson,52,Intern,Singapore,95565,2023-07-05,F,Training
7688,Emma,Jones,38,Developer,London,99134,2011-07-29,F,Engineering
7689,Alex,Davis,29,Engineer,London,49455,2012-02-12,M,Engineering
7690,Lisa,Garcia,19,Manager,Dubai,55286,2020-05-30,M,Management
7691,Emma,Garcia,40,Engineer,Dubai,59980,2017-10-15,M,Engineering
7692,Sam,Davis,27,Analyst,Sydney,80556,2007-03-01,M,Analytics
7693,Sam,Williams,55,Analyst,Dubai,111087,2007-12-25,F,Analytics
7694,Emma,Garcia,39,Consultant,Berlin,76700,2006-11-18,M,Consulting
7695,Lisa,Wilson,19,Lead,Singapore,58138,2009-01-04,M,Leadership
7696,Jane,Williams,41,Consultant,Berlin,85152,2022-01-13,M,Consulting
7697,Lisa,Miller,31,Architect,Paris,35453,2004-06-21,M,Architecture
7698,John,Wilson,46,Architect,Singapore,106331,2016-04-26,F,Architecture
7699,Emma,Garcia,39,Intern,Dubai,101532,2013-12-29,F,Training
7700,Lisa,Taylor,27,Lead,Dubai,119937,2018-08-14,M,Leadership
7701,Sam,Brown,54,Analyst,Dubai,42278,2007-07-06,F,Analytics
7702,Emma,Williams,47,Architect,Delhi,55457,2015-05-28,F,Architecture
7703,Alex,Davis,55,Lead,Berlin,63868,2005-02-03,M,Leadership
7704,Emma,Smith,42,Analyst,Singapore,89250,2013-02-01,F,Analytics
7705,Mike,Johnson,44,Lead,Delhi,109354,2006-08-21,F,Leadership
7706,Jane,Jones,34,Architect,New York,119315,2021-08-27,F,Architecture
7707,Mike,Jones,23,Clerk,Berlin,73872,2017-09-21,M,Operations
7708,Emma,Garcia,35,Clerk,Delhi,105611,2017-04-29,M,Operations
7709,Paul,Davis,34,Architect,Singapore,73168,2001-08-04,M,Architecture
7710,Sam,Johnson,37,Developer,New York,106731,2012-04-06,M,Engineering
7711,Alex,Wilson,25,Lead,Toronto,103328,2018-10-20,M,Leadership
7712,Sam,Smith,57,Intern,London,96228,2011-03-28,F,Training
7713,Sara,Wilson,59,Consultant,London,108306,2003-07-01,F,Consulting
7714,Lisa,Johnson,37,Clerk,London,100576,2020-07-08,F,Operations
7715,Jane,Wilson,58,Clerk,Paris,61046,2018-05-03,F,Operations
7716,Alex,Johnson,50,Clerk,Toronto,56567,2017-05-13,M,Operations
7717,Lisa,Wilson,26,Consultant,Paris,75614,2005-08-07,M,Consulting
7718,Jane,Jones,35,Architect,Sydney,54113,2005-01-13,M,Architecture
7719,Mike,Davis,24,Intern,Singapore,75701,2017-08-12,M,Training
7720,John,Taylor,58,Consultant,Tokyo,113587,2002-07-18,F,Consulting
7721,Paul,Williams,59,Clerk,Paris,75393,2017-03-30,M,Operations
7722,Sara,Garcia,60,Analyst,Dubai,116461,2005-09-11,F,Analytics
7723,Tom,Brown,37,Analyst,Tokyo,108975,2020-12-14,F,Analytics
7724,Sam,Williams,38,Consultant,Sydney,38935,2014-11-02,F,Consulting
7725,Jane,Brown,23,Developer,Tokyo,96034,2007-06-08,F,Engineering
7726,Sara,Garcia,47,Analyst,Dubai,70020,2014-12-21,M,Analytics
7727,Paul,Brown,33,Manager,Paris,74618,2012-04-29,M,Management
7728,Lisa,Johnson,57,Intern,Paris,103114,2011-05-23,M,Training
7729,Paul,Smith,48,Architect,Tokyo,50279,2003-09-02,M,Architecture
7730,Alex,Smith,31,Designer,Tokyo,74174,2005-12-20,F,Design
7731,Tom,Brown,55,Engineer,Paris,66513,2015-04-10,M,Engineering
7732,Sam,Miller,27,Consultant,Tokyo,56461,2006-08-04,F,Consulting
7733,Mike,Smith,55,Intern,London,99452,2020-04-26,M,Training
7734,Emma,Jones,57,Developer,Tokyo,65138,2005-06-08,M,Engineering
7735,Alex,Brown,23,Designer,Sydney,99402,2016-07-19,F,Design
7736,Sara,Davis,23,Consultant,New York,106837,2016-10-18,F,Consulting
7737,Paul,Smith,48,Clerk,Dubai,60145,2022-05-28,M,Operations
7738,Sam,Williams,52,Lead,Tokyo,72140,2015-08-05,F,Leadership
7739,Lisa,Jones,31,Engineer,Dubai,67694,2018-07-18,M,Engineering
7740,Emma,Smith,57,Architect,Dubai,80984,2014-07-09,F,Architecture
7741,Mike,Taylor,48,Engineer,Dubai,84843,2018-02-27,F,Engineering
7742,Mike,Williams,59,Consultant,Tokyo,83130,2004-03-12,M,Consulting
7743,John,Miller,41,Lead,Tokyo,46772,2019-11-17,M,Leadership
7744,Mike,Brown,49,Lead,London,28287,2016-02-03,M,Leadership
7745,Emma,Williams,19,Engineer,Delhi,96137,2008-08-02,F,Engineering
7746,Emma,Garcia,30,Intern,Singapore,35919,2003-07-16,F,Training
7747,Sam,Williams,29,Designer,New York,77954,2004-08-31,F,Design
7748,Lisa,Brown,48,Lead,New York,50530,2024-04-03,F,Leadership
7749,Emma,Miller,24,Manager,Delhi,90055,2003-05-04,M,Management
7750,John,Brown,47,Architect,New York,28633,2023-12-04,F,Architecture
7751,Sara,Taylor,27,Intern,New York,68703,2010-07-17,M,Training
7752,Mike,Johnson,21,Architect,Delhi,40931,2009-11-03,F,Architecture
7753,Alex,Garcia,28,Analyst,Sydney,91769,2021-07-09,F,Analytics
7754,Tom,Davis,32,Intern,Delhi,29218,2015-03-08,M,Training
7755,Alex,Smith,37,Intern,Toronto,97657,2009-07-18,F,Training
7756,Jane,Johnson,21,Architect,Delhi,67387,2005-10-15,F,Architecture
7757,John,Smith,39,Engineer,Sydney,65558,2021-12-17,M,Engineering
7758,Sam,Brown,43,Engineer,Paris,54117,2005-12-02,M,Engineering
7759,Sam,Brown,55,Lead,Singapore,104013,2024-12-06,F,Leadership
7760,Emma,Taylor,25,Analyst,Sydney,31264,2007-08-11,F,Analytics
7761,Mike,Johnson,36,Consultant,London,63072,2018-09-08,M,Consulting
7762,Sam,Wilson,24,Intern,Paris,109867,2013-03-21,F,Training
7763,Emma,Brown,26,Intern,New York,36658,2019-08-24,F,Training
7764,Lisa,Wilson,23,Consultant,Dubai,51887,2022-11-05,M,Consulting
7765,Mike,Brown,58,Developer,Berlin,44984,2002-01-05,M,Engineering
7766,John,Wilson,31,Architect,New York,27597,2000-07-28,M,Architecture
7767,Mike,Wilson,24,Manager,Toronto,84823,2014-10-04,M,Management
7768,Paul,Jones,38,Developer,Berlin,117404,2002-01-21,M,Engineering
7769,Mike,Johnson,37,Analyst,Dubai,114904,2016-09-20,F,Analytics
7770,Mike,Brown,26,Engineer,London,46882,2006-05-03,M,Engineering
7771,Mike,Miller,47,Consultant,Toronto,78791,2015-02-02,F,Consulting
7772,Sam,Jones,43,Architect,Toronto,103987,2019-06-03,F,Architecture
7773,Lisa,Johnson,47,Designer,Delhi,78384,2008-11-26,M,Design
7774,Emma,Davis,36,Lead,Paris,75192,2024-10-14,M,Leadership
7775,Sam,Miller,46,Clerk,Berlin,68683,2011-06-19,M,Operations
7776,Jane,Miller,57,Intern,Dubai,118604,2010-05-25,F,Training
7777,Alex,Smith,51,Analyst,Tokyo,86501,2012-01-13,F,Analytics
7778,Sam,Miller,41,Intern,Sydney,119609,2013-07-12,M,Training
7779,Lisa,Smith,20,Lead,Singapore,90914,2002-12-24,F,Leadership
7780,Lisa,Taylor,28,Designer,Sydney,114628,2024-10-08,F,Design
7781,Sara,Wilson,50,Lead,Delhi,91479,2001-07-01,F,Leadership
7782,Jane,Smith,60,Engineer,Dubai,119407,2001-10-20,M,Engineering
7783,Sara,Smith,34,Architect,Tokyo,52929,2013-04-20,F,Architecture
7784,Mike,Johnson,23,Developer,Berlin,110558,2006-04-05,F,Engineering
7785,Sara,Wilson,38,Engineer,Tokyo,71851,2005-01-12,F,Engineering
7786,Jane,Johnson,21,Designer,Sydney,78998,2014-03-20,M,Design
7787,Jane,Wilson,32,Developer,London,53760,2019-02-10,F,Engineering
7788,Mike,Brown,27,Engineer,Toronto,109017,2001-08-21,F,Engineering
7789,Emma,Taylor,60,Intern,London,52226,2009-05-29,F,Training
7790,Sara,Taylor,43,Designer,Toronto,31742,2018-05-12,F,Design
7791,Sam,Taylor,48,Intern,London,29774,2007-07-28,F,Training
7792,Tom,Brown,36,Manager,Berlin,33225,2001-11-02,M,Management
7793,Sam,Wilson,28,Engineer,Delhi,96979,2017-02-13,F,Engineering
7794,Sam,Wilson,51,Clerk,Dubai,100841,2010-11-19,F,Operations
7795,Mike,Williams,21,Lead,Sydney,90672,2000-05-09,F,Leadership
7796,Mike,Williams,52,Intern,Toronto,114302,2001-12-24,F,Training
7797,Sara,Garcia,29,Manager,New York,58096,2005-11-13,M,Management
7798,Sam,Smith,47,Engineer,New York,36387,2015-12-19,F,Engineering
7799,Sam,Taylor,57,Intern,Delhi,105578,2004-04-19,F,Training
7800,John,Taylor,55,Developer,Tokyo,103588,2022-11-20,F,Engineering
7801,Mike,Johnson,21,Manager,Berlin,87307,2019-04-29,F,Management
7802,John,Jones,37,Designer,Berlin,42662,2019-02-27,F,Design
7803,Jane,Williams,27,Engineer,Singapore,62458,2008-07-27,F,Engineering
7804,Sam,Brown,30,Analyst,New York,114094,2005-09-21,M,Analytics
7805,John,Miller,44,Consultant,London,111480,2003-11-28,M,Consulting
7806,Jane,Taylor,56,Lead,Singapore,54328,2005-10-17,M,Leadership
7807,Lisa,Williams,52,Clerk,Paris,53553,2018-11-27,F,Operations
7808,Emma,Taylor,47,Consultant,Toronto,90930,2008-10-09,F,Consulting
7809,Sam,Davis,36,Clerk,Tokyo,114506,2011-07-07,M,Operations
7810,Paul,Jones,19,Analyst,New York,54231,2013-06-06,M,Analytics
7811,Tom,Smith,43,Architect,Paris,62576,2020-11-02,M,Architecture
7812,Jane,Johnson,47,Consultant,New York,28063,2019-09-03,F,Consulting
7813,Mike,Wilson,32,Clerk,Dubai,50924,2003-10-28,M,Operations
7814,Jane,Johnson,49,Developer,Singapore,92482,2023-10-31,M,Engineering
7815,Mike,Taylor,22,Intern,Dubai,73837,2002-06-02,F,Training
7816,Mike,Williams,36,Clerk,Singapore,27014,2008-04-03,F,Operations
7817,Emma,Williams,44,Intern,Berlin,68189,2005-12-02,M,Training
7818,Sam,Garcia,43,Designer,Singapore,73827,2014-08-12,F,Design
7819,Alex,Taylor,47,Lead,New York,111603,2022-12-22,F,Leadership
7820,Tom,Smith,37,Clerk,Dubai,75439,2021-08-15,M,Operations
7821,Paul,Miller,26,Analyst,London,48704,2020-04-28,F,Analytics
7822,Tom,Johnson,32,Intern,London,31855,2000-10-13,F,Training
7823,Sam,Davis,33,Intern,Singapore,86496,2020-02-26,M,Training
7824,Emma,Taylor,30,Designer,Toronto,77605,2023-01-02,M,Design
7825,Emma,Jones,28,Engineer,Singapore,106968,2004-06-19,M,Engineering
7826,Mike,Williams,28,Designer,Singapore,90116,2007-11-21,M,Design
7827,Sara,Wilson,39,Architect,Singapore,57952,2005-06-28,F,Architecture
7828,Mike,Jones,33,Designer,Tokyo,116653,2000-11-01,M,Design
7829,John,Brown,42,Manager,Berlin,77739,2006-03-07,M,Management
7830,Sam,Jones,25,Lead,Singapore,76744,2006-03-30,F,Leadership
7831,Sam,Williams,21,Intern,Sydney,39869,2005-11-25,F,Training
7832,Tom,Davis,22,Architect,Berlin,49466,2020-10-01,M,Architecture
7833,Mike,Williams,23,Intern,Berlin,99956,2006-03-17,M,Training
7834,Tom,Davis,21,Consultant,Toronto,96153,2016-03-13,F,Consulting
7835,Sam,Johnson,40,Designer,New York,53299,2013-04-29,M,Design
7836,Jane,Wilson,34,Analyst,Dubai,41970,2014-10-14,M,Analytics
7837,Tom,Jones,31,Intern,Berlin,54546,2016-02-26,F,Training
7838,Alex,Smith,19,Engineer,Tokyo,37722,2020-01-10,M,Engineering
7839,Alex,Wilson,21,Lead,New York,56725,2024-05-14,F,Leadership
7840,Mike,Miller,49,Lead,Berlin,90049,,F,Leadership
7841,Tom,Davis,41,Analyst,Sydney,56186,2001-06-25,F,Analytics
7842,Lisa,Taylor,31,Manager,London,75380,2006-08-11,M,Management
7843,Alex,Johnson,54,Intern,Tokyo,34642,2018-07-15,F,Training
7844,Mike,Garcia,32,Designer,New York,42033,2018-12-03,F,Design
7845,Tom,Wilson,45,Engineer,Berlin,47214,2019-10-06,M,Engineering
7846,Mike,Garcia,58,Architect,Paris,61635,2001-09-24,F,Architecture
7847,Lisa,Wilson,43,Clerk,Paris,64057,2012-01-29,M,Operations
7848,John,Johnson,47,Engineer,Paris,65658,2006-07-22,F,Engineering
7849,Sam,Davis,41,Manager,Sydney,56497,2011-06-14,F,Management
7850,Emma,Johnson,52,Clerk,Sydney,118680,2019-01-23,M,Operations
7851,Emma,Jones,48,Lead,Paris,104483,2008-11-24,F,Leadership
7852,Paul,Taylor,28,Clerk,New York,43128,2000-01-15,M,Operations
7853,Sam,Smith,36,Architect,London,96385,2008-06-07,F,Architecture
7854,Sara,Miller,44,Designer,Toronto,45756,2012-08-13,F,Design
7855,Emma,Wilson,43,Designer,Paris,41415,2021-07-29,M,Design
7856,Sam,Williams,26,Architect,Paris,45933,2004-02-10,M,Architecture
7857,Lisa,Smith,55,Intern,Dubai,45624,2012-09-20,M,Training
7858,Jane,Davis,28,Intern,Dubai,64266,2001-04-14,F,Training
7859,Tom,Miller,33,Architect,Tokyo,65637,2010-01-13,M,Architecture
7860,Lisa,Garcia,26,Architect,London,77480,2001-08-22,F,Architecture
7861,Emma,Johnson,35,Designer,Dubai,90582,2018-04-12,F,Design
7862,Emma,Davis,56,Designer,Paris,60919,2003-04-22,M,Design
7863,Emma,Brown,27,Consultant,Delhi,101111,2006-07-26,M,Consulting
7864,Tom,Jones,28,Designer,London,56543,2021-08-16,F,Design
7865,Tom,Williams,58,Manager,Tokyo,75041,2007-01-28,F,Management
7866,Paul,Miller,59,Intern,Dubai,88894,2020-11-08,F,Training
7867,Tom,Williams,44,Manager,Dubai,40476,2003-01-21,F,Management
7868,John,Taylor,21,Clerk,Tokyo,95840,2019-02-15,F,Operations
7869,Jane,Jones,39,Analyst,Sydney,98825,2019-12-01,M,Analytics
7870,Jane,Taylor,50,Engineer,Tokyo,106340,2003-05-25,M,Engineering
7871,Sam,Davis,58,Analyst,London,117340,2012-11-14,F,Analytics
7872,Jane,Brown,54,Developer,Delhi,50479,2023-11-11,M,Engineering
7873,Jane,Davis,38,Designer,New York,33030,2000-11-14,M,Design
7874,Tom,Miller,25,Intern,Berlin,34530,2007-07-17,F,Training
7875,Sam,Miller,26,Manager,Toronto,36671,2020-07-14,M,Management
7876,Sam,Garcia,43,Manager,London,73644,2002-10-17,M,Management
7877,Alex,Wilson,52,Engineer,Dubai,29191,2020-03-08,F,Engineering
7878,Alex,Williams,37,Analyst,Sydney,72000,2017-01-10,M,Analytics
7879,Tom,Johnson,23,Clerk,London,80217,2020-05-06,F,Operations
7880,Sam,Taylor,22,Architect,Dubai,26027,2009-07-27,M,Architecture
7881,Alex,Brown,23,Analyst,New York,45516,2022-04-20,M,Analytics
7882,Lisa,Jones,52,Clerk,New York,76853,2023-07-01,M,Operations
7883,Paul,Wilson,47,Developer,London,97793,2017-05-05,F,Engineering
7884,Sara,Taylor,57,Clerk,Delhi,86217,2014-03-23,M,Operations
7885,John,Brown,19,Lead,Sydney,77617,2013-04-16,M,Leadership
7886,John,Davis,53,Developer,Singapore,119259,2022-05-12,M,Engineering
7887,John,Smith,53,Engineer,London,57510,2016-08-20,F,Engineering
7888,Mike,Miller,53,Manager,Toronto,88782,2010-06-28,F,Management
7889,Lisa,Johnson,30,Analyst,Tokyo,107858,2000-01-20,F,Analytics
7890,Tom,Brown,47,Intern,Paris,89583,2023-10-01,M,Training
7891,Tom,Wilson,42,Lead,Toronto,56543,2011-03-25,F,Leadership
7892,Sara,Smith,32,Architect,London,38180,2012-01-02,F,Architecture
7893,Emma,Garcia,55,Lead,Dubai,60204,2024-06-27,M,Leadership
7894,Emma,Brown,58,Clerk,London,48259,2007-01-03,M,Operations
7895,Tom,Brown,42,Clerk,London,92991,2018-12-12,F,Operations
7896,Paul,Miller,44,Developer,New York,102915,2021-08-19,M,Engineering
7897,Tom,Brown,22,Clerk,Berlin,52457,2000-05-27,M,Operations
7898,John,Davis,39,Manager,Paris,52940,2019-12-14,F,Management
7899,Paul,Garcia,20,Architect,Sydney,38833,2009-12-23,F,Architecture
7900,Tom,Miller,58,Intern,Tokyo,69662,2008-04-30,M,Training
7901,Lisa,Wilson,18,Lead,New York,58701,2015-02-04,M,Leadership
7902,John,Taylor,53,Developer,Berlin,81902,2009-04-17,M,Engineering
7903,Sara,Taylor,57,Engineer,Sydney,57638,2016-11-19,F,Engineering
7904,Tom,Taylor,58,Architect,Delhi,82258,2023-04-11,M,Architecture
7905,Mike,Garcia,57,Manager,New York,87102,2015-06-24,F,Management
7906,Sam,Davis,43,Analyst,Sydney,86694,2004-02-16,F,Analytics
7907,Sara,Smith,41,Lead,Berlin,111856,2018-06-07,M,Leadership
7908,Mike,Garcia,40,Developer,Dubai,72109,2005-01-09,M,Engineering
7909,Tom,Taylor,46,Intern,Berlin,40725,2018-02-22,M,Training
7910,Mike,Williams,34,Developer,Berlin,96626,2001-01-02,F,Engineering
7911,Mike,Smith,30,Developer,Dubai,49189,2000-09-13,M,Engineering
7912,Emma,Smith,56,Architect,Paris,106810,2010-03-14,M,Architecture
7913,Jane,Davis,34,Intern,Tokyo,96487,2015-02-14,F,Training
7914,Mike,Johnson,28,Engineer,Dubai,71861,2021-05-26,M,Engineering
7915,Tom,Jones,23,Lead,Tokyo,99659,2024-02-02,F,Leadership
7916,Tom,Davis,35,Engineer,Berlin,94693,2002-10-12,F,Engineering
7917,Sam,Smith,18,Lead,Singapore,113608,2005-06-05,F,Leadership
7918,Lisa,Johnson,60,Consultant,Dubai,98751,2005-09-30,F,Consulting
7919,John,Davis,26,Developer,Dubai,55762,2021-05-30,F,Engineering
7920,Tom,Wilson,38,Architect,Paris,50747,2012-03-07,F,Architecture
7921,John,Davis,21,Consultant,Toronto,77585,2019-12-08,M,Consulting
7922,Alex,Taylor,29,Manager,London,37741,2010-03-26,M,Management
7923,Paul,Jones,27,Consultant,London,77905,2006-02-05,M,Consulting
7924,Emma,Wilson,44,Intern,New York,26384,2004-08-08,F,Training
7925,Paul,Miller,24,Clerk,Berlin,81769,2022-11-22,M,Operations
7926,Lisa,Smith,39,Manager,Sydney,57974,2004-03-16,M,Management
7927,Sara,Garcia,41,Developer,Paris,102809,2005-04-24,F,Engineering
7928,Tom,Johnson,24,Intern,Tokyo,103922,2017-04-10,F,Training
7929,Tom,Johnson,52,Clerk,Dubai,112348,2003-08-07,F,Operations
7930,Lisa,Garcia,31,Lead,Tokyo,77896,2007-08-15,F,Leadership
7931,Lisa,Johnson,42,Designer,Sydney,35499,2007-07-10,F,Design
7932,Mike,Brown,24,Consultant,Toronto,99871,2014-08-16,F,Consulting
7933,Emma,Williams,24,Lead,Paris,63481,2015-11-15,M,Leadership
7934,Lisa,Jones,38,Consultant,Berlin,119476,2014-12-09,M,Consulting
7935,Emma,Wilson,23,Developer,Sydney,64774,2023-02-11,F,Engineering
7936,Emma,Smith,31,Intern,Berlin,82072,2021-11-29,F,Training
7937,Emma,Johnson,22,Intern,Delhi,87043,2006-05-13,M,Training
7938,Jane,Davis,21,Clerk,New York,109252,2011-07-05,F,Operations
7939,Jane,Smith,48,Designer,London,78412,2007-08-24,M,Design
7940,Alex,Miller,49,Developer,Tokyo,39135,2021-04-15,F,Engineering
7941,John,Miller,20,Consultant,Berlin,53298,2002-05-27,M,Consulting
7942,Paul,Wilson,46,Architect,Tokyo,97453,2005-10-04,F,Architecture
7943,Tom,Garcia,40,Architect,New York,100274,2013-06-29,F,Architecture
7944,Jane,Davis,52,Architect,Berlin,35948,2001-03-08,M,Architecture
7945,Mike,Miller,52,Intern,Sydney,32102,2000-04-11,M,Training
7946,Tom,Brown,22,Intern,Toronto,115631,2006-03-13,F,Training
7947,Sam,Taylor,35,Intern,Singapore,99294,2019-05-25,F,Training
7948,Tom,Jones,23,Intern,New York,78306,2009-04-13,M,Training
7949,Paul,Davis,33,Analyst,Sydney,111681,2013-03-14,M,Analytics
7950,Emma,Johnson,57,Lead,New York,77777,2019-03-13,M,Leadership
7951,Lisa,Brown,24,Intern,Singapore,31373,2017-07-25
7952,Sara,Jones,57,Consultant,Toronto,43735,2019-02-12,M,Consulting
7953,Alex,Johnson,34,Analyst,Berlin,109589,2018-05-14,M,Analytics
7954,Lisa,Wilson,32,Designer,Singapore,105289,2021-07-28,F,Design
7955,Tom,Johnson,47,Manager,Berlin,115461,2003-06-30,M,Management
7956,Sara,Smith,34,Manager,London,117848,2001-03-09,F,Management
7957,Jane,Brown,25,Intern,London,61047,2010-01-10,M,Training
7958,Jane,Brown,57,Engineer,Sydney,39948,2018-03-13,F,Engineering
7959,Mike,Davis,30,Developer,Paris,114178,2004-01-23,F,Engineering
7960,John,Johnson,43,Lead,Paris,61371,2008-04-09,M,Leadership
7961,Sara,Wilson,32,Intern,Toronto,118289,2016-01-08,F,Training
7962,Sam,Brown,42,Consultant,Dubai,38998,2022-08-30,F,Consulting
7963,Paul,Wilson,57,Designer,London,39881,2022-07-16,F,Design
7964,Emma,Garcia,32,Intern,Tokyo,41278,2023-05-16,M,Training
7965,Lisa,Williams,19,Lead,Singapore,95442,2017-05-19,F,Leadership
7966,Lisa,Davis,30,Developer,Delhi,59002,2016-03-27,F,Engineering
7967,John,Miller,48,Intern,Singapore,50722,2011-07-18,M,Training
7968,Tom,Williams,47,Clerk,Toronto,41010,2017-07-22,M,Operations
7969,Paul,Brown,40,Clerk,Sydney,99577,2001-12-02,F,Operations
7970,Jane,Smith,40,Developer,Toronto,93183,2008-11-10,M,Engineering
7971,John,Wilson,42,Architect,Singapore,72795,2015-09-22,F,Architecture
7972,Alex,Davis,37,Developer,Delhi,56701,2004-01-19,F,Engineering
7973,John,Garcia,36,Designer,Toronto,29404,2019-11-01,F,Design
7974,Emma,Wilson,33,Architect,Berlin,109753,2017-10-06,M,Architecture
7975,Mike,Davis,56,Manager,London,79040,2018-12-29,F,Management
7976,Emma,Miller,34,Clerk,New York,60188,2002-01-18,F,Operations
7977,John,Davis,55,Analyst,New York,53913,2000-11-09,M,Analytics
7978,Mike,Brown,43,Clerk,Sydney,111851,2019-08-23,F,Operations
7979,John,Taylor,22,Architect,London,95927,2019-01-05,M,Architecture
7980,Emma,Jones,45,Lead,Delhi,81489,2003-12-25,F,Leadership
7981,Sam,Johnson,57,Consultant,Dubai,46931,2023-05-13,M,Consulting
7982,Paul,Smith,49,Lead,Paris,69787,2009-10-18,F,Leadership
7983,Lisa,Wilson,54,Designer,Sydney,37385,2002-04-15,M,Design
7984,Sara,Johnson,54,Designer,Singapore,101288,2006-11-02,F,Design
7985,John,Brown,49,Consultant,Sydney,118561,2016-09-17,M,Consulting
7986,Tom,Johnson,26,Architect,Delhi,53239,2019-09-24,M,Architecture
7987,Jane,Jones,24,Manager,New York,110242,2007-02-07,F,Management
7988,Sam,Smith,58,Architect,London,67142,2016-11-27,M,Architecture
7989,Sara,Taylor,27,Engineer,Toronto,118936,2022-01-16,M,Engineering
7990,Tom,Miller,24,Developer,Paris,65882,2009-04-16,F,Engineering
7991,Lisa,Williams,26,Intern,New York,118835,2016-11-18,M,Training
7992,Sam,Taylor,43,Lead,New York,98552,2017-02-03,F,Leadership
7993,Jane,Brown,21,Consultant,Tokyo,58732,2013-01-19,M,Consulting
7994,Sam,Johnson,51,Consultant,Paris,62349,2022-10-10,F,Consulting
7995,Paul,Williams,58,Manager,Berlin,66141,2014-02-22,F,Management
7996,Paul,Smith,26,Lead,Sydney,82124,2000-10-29,M,Leadership
7997,Lisa,Williams,25,Analyst,Toronto,93441,2004-04-15,M,Analytics
7998,Jane,Miller,33,Designer,Toronto,110473,2006-01-10,M,Design
7999,Alex,Jones,42,Architect,Sydney,67362,2010-07-05,M,Architecture
8000,Emma,Brown,55,Engineer,Delhi,34073,2019-12-14,M,Engineering
8001,Emma,Taylor,48,Consultant,Berlin,99825,2009-03-10,M,Consulting
8002,Sara,Johnson,58,Designer,New York,86905,2011-03-01,F,Design
8003,Sara,Davis,38,Architect,Singapore,112331,2020-04-06,F,Architecture
8004,John,Davis,57,Clerk,Delhi,116787,2001-12-25,F,Operations
8005,John,Miller,35,Designer,Toronto,105895,2023-06-18,F,Design
8006,Sam,Johnson,54,Analyst,Berlin,99194,2023-01-17,M,Analytics
8007,Lisa,Miller,23,Engineer,Dubai,102307,2005-05-12,M,Engineering
8008,Sara,Brown,42,Designer,Singapore,83357,2000-05-10,F,Design
8009,Sara,Davis,36,Clerk,New York,71579,2012-08-05,M,Operations
8010,Sara,Williams,27,Intern,Singapore,44660,2014-01-12,F,Training
8011,Tom,Wilson,26,Designer,Paris,97987,2009-09-26,F,Design
8012,Emma,Miller,29,Consultant,London,74656,2006-03-04,M,Consulting
8013,John,Taylor,51,Developer,London,90343,2015-11-25,M,Engineering
8014,Lisa,Smith,19,Architect,Toronto,108083,2001-02-07,M,Architecture
8015,Alex,Miller,26,Lead,London,95806,2002-11-04,F,Leadership
8016,John,Davis,22,Consultant,Dubai,111560,2008-05-18,F,Consulting
8017,Lisa,Williams,42,Designer,Sydney,48309,2002-10-21,M,Design
8018,Lisa,Davis,44,Consultant,Delhi,101888,2019-03-23,M,Consulting
8019,Mike,Johnson,38,Manager,London,103566,2002-05-31,F,Management
8020,Alex,Miller,28,Designer,Toronto,28981,2017-04-14,F,Design
8021,Mike,Brown,24,Architect,Dubai,77146,2018-07-01,M,Architecture
8022,Lisa,Jones,48,Engineer,New York,117766,2002-07-23,M,Engineering
8023,Sam,Davis,38,Manager,Berlin,90025,2022-07-28,M,Management
8024,Lisa,Smith,41,Architect,Toronto,48069,2009-07-19,M,Architecture
8025,John,Johnson,50,Analyst,New York,72140,2024-03-20,F,Analytics
8026,Mike,Williams,31,Intern,Delhi,88949,2019-02-17,M,Training
8027,John,Smith,27,Designer,Toronto,58899,2001-12-01,F,Design
8028,Alex,Williams,37,Designer,Tokyo,74161,2009-04-23,M,Design
8029,Alex,Smith,34,Architect,Delhi,118818,2024-05-28,M,Architecture
8030,Sara,Smith,23,Analyst,New York,60066,2011-10-18,M,Analytics
8031,John,Johnson,41,Architect,Toronto,26302,2011-07-07,F,Architecture
8032,Sam,Smith,24,Intern,Delhi,52361,2024-12-14,M,Training
8033,John,Davis,20,Lead,Paris,90698,2003-02-03,M,Leadership
8034,Lisa,Jones,60,Consultant,Delhi,88110,2012-05-30,M,Consulting
8035,Emma,Jones,28,Clerk,Tokyo,108722,2013-01-22,F,Operations
8036,Alex,Garcia,45,Intern,New York,25629,2005-09-06,M,Training
8037,Mike,Davis,32,Manager,London,117466,2002-09-23,M,Management
8038,Mike,Miller,21,Engineer,Singapore,100790,2017-07-26,F,Engineering
8039,Jane,Davis,30,Developer,London,98331,2007-05-29,M,Engineering
8040,Lisa,Taylor,56,Lead,Delhi,58026,2019-07-11,F,Leadership
8041,John,Taylor,45,Engineer,Berlin,80766,2008-08-11,M,Engineering
8042,Paul,Davis,47,Clerk,Sydney,109187,2003-10-12,M,Operations
8043,Paul,Smith,21,Developer,Singapore,109927,2024-11-04,F,Engineering
8044,Sam,Smith,60,Developer,Berlin,65035,2004-06-28,M,Engineering
8045,Lisa,Smith,36,Consultant,New York,47228,2014-01-04,F,Consulting
8046,Lisa,Taylor,49,Analyst,Toronto,36612,2020-07-06,F,Analytics
8047,Tom,Garcia,55,Architect,Sydney,57012,2014-08-29,M,Architecture
8048,Mike,Wilson,49,Analyst,Delhi,50813,2007-06-27,F,Analytics
8049,Lisa,Davis,46,Developer,London,116844,2000-05-19,F,Engineering
8050,Tom,Johnson,41,Consultant,Singapore,80180,2021-11-18,M,Consulting
8051,Tom,Garcia,24,Consultant,Berlin,83128,2011-01-31,F,Consulting
8052,Sam,Johnson,19,Engineer,Dubai,109440,2001-12-08,F,Engineering
8053,John,Wilson,31,Intern,Toronto,32028,2014-03-30,M,Training
8054,Alex,Johnson,31,Analyst,Tokyo,47662,2018-03-29,M,Analytics
8055,Emma,Johnson,18,Clerk,Delhi,95384,2009-09-15,M,Operations
8056,John,Davis,37,Analyst,Paris,27397,2016-12-26,M,Analytics
8057,Tom,Johnson,22,Lead,Dubai,46504,2009-11-26,F,Leadership
8058,John,Jones,21,Designer,London,58171,2017-05-28,F,Design
8059,Sam,Miller,41,Developer,Berlin,116701,2006-08-08,M,Engineering
8060,Lisa,Garcia,59,Architect,Tokyo,79306,2018-05-05,M,Architecture
8061,Lisa,Taylor,30,Analyst,London,118450,2003-12-17,M,Analytics
8062,Alex,Johnson,22,Engineer,London,46147,2000-03-31,M,Engineering
8063,Jane,Taylor,35,Clerk,Paris,37162,2005-04-20,F,
8064,Sam,Wilson,23,Architect,New York,49275,2005-07-29,M,Architecture
8065,Lisa,Garcia,55,Architect,Tokyo,102653,2000-06-11,F,Architecture
8066,Tom,Wilson,41,Consultant,Dubai,46356,2011-06-14,F,Consulting
8067,Tom,Miller,53,Lead,Paris,117194,2004-06-23,M,Leadership
8068,Mike,Davis,26,Architect,London,48362,2009-02-11,M,Architecture
8069,Emma,Williams,34,Consultant,Tokyo,52572,2020-06-07,M,Consulting
8070,Emma,Brown,29,Designer,Singapore,32206,2000-02-18,F,Design
8071,Tom,Garcia,53,Architect,Tokyo,32051,2011-04-10,M,Architecture
8072,John,Garcia,47,Developer,New York,88394,2016-12-03,M,Engineering
8073,Tom,Brown,41,Designer,Tokyo,68435,2012-06-24,F,Design
8074,Jane,Taylor,41,Engineer,Berlin,45207,2012-05-15,F,Engineering
8075,Mike,Smith,23,Designer,Berlin,29568,2011-08-21,M,Design
8076,Tom,Miller,51,Developer,Paris,29284,2013-12-06,M,Engineering
8077,Lisa,Garcia,54,Clerk,Dubai,99304,2017-10-26,F,Operations
8078,Sam,Johnson,30,Engineer,Singapore,74380,2021-05-23,F,Engineering
8079,Alex,Davis,59,Analyst,Berlin,94781,2006-12-26,M,Analytics
8080,Sam,Brown,59,Consultant,Paris,31132,2010-06-16,F,Consulting
8081,Sam,Brown,35,Consultant,Sydney,109191,2008-02-29,F,Consulting
8082,Paul,Smith,49,Lead,Sydney,43807,2009-06-25,M,Leadership
8083,Jane,Brown,51,Lead,Berlin,40634,2006-08-01,F,Leadership
8084,Jane,Johnson,47,Architect,Delhi,92926,2006-01-15,M,Architecture
8085,Tom,Davis,51,Engineer,Toronto,55132,2019-11-24,M,Engineering
8086,Tom,Brown,20,Designer,London,45374,2007-06-06,M,Design
8087,Alex,Smith,23,Lead,Dubai,63193,2020-10-11,F,Leadership
8088,Sara,Jones,43,Designer,Singapore,95455,2013-09-23,M,Design
8089,Paul,Miller,31,Intern,New York,67634,2014-07-23,M,Training
8090,Paul,Jones,47,Intern,Delhi,82820,2023-10-07,F,Training
8091,Alex,Taylor,20,Analyst,Paris,62482,2024-06-02,M,Analytics
8092,Sara,Wilson,37,Developer,Berlin,49114,2020-08-08,F,Engineering
8093,Lisa,Smith,41,Designer,New York,73931,2004-03-18,F,Design
8094,Sara,Miller,34,Architect,Dubai,108237,2020-10-22,F,Architecture
8095,Emma,Garcia,22,Engineer,Tokyo,90655,2007-10-27,F,Engineering
8096,John,Smith,27,Developer,Berlin,28956,2015-08-30,M,Engineering
8097,Paul,Miller,55,Intern,Delhi,73655,2003-03-26,F,Training
8098,Paul,Brown,19,Manager,New York,101471,2014-09-29,M,Management
8099,John,Jones,38,Lead,London,119542,2015-12-21,F,Leadership
8100,Mike,Smith,27,Designer,Delhi,41734,2017-11-27,F,Design
8101,Sam,Miller,56,Designer,Toronto,109914,2022-08-19,F,Design
8102,Tom,Johnson,30,Intern,Tokyo,102207,2021-03-03,M,Training
8103,Emma,Miller,18,Intern,Tokyo,25482,2000-01-22,F,Training
8104,Sam,Williams,55,Consultant,Sydney,89175,2022-12-30,M,Consulting
8105,Alex,Taylor,24,Designer,Berlin,31953,2023-04-16,M,Design
8106,Jane,Williams,32,Analyst,Singapore,113792,2020-05-20,F,Analytics
8107,Tom,Davis,30,Designer,Tokyo,28041,2009-07-10,M,Design
8108,Emma,Johnson,25,Clerk,New York,50778,2022-11-18,F,Operations
8109,Jane,Wilson,51,Engineer,Sydney,73082,2023-05-27,M,Engineering
8110,Emma,Miller,32,Analyst,London,73233,2008-06-16,M,Analytics
8111,Alex,Taylor,45,Architect,Sydney,61809,2001-03-08,F,Architecture
8112,Mike,Davis,55,Consultant,New York,94760,2019-03-27,F,Consulting
8113,Emma,Smith,41,Designer,New York,119126,2001-12-10,M,Design
8114,John,Taylor,50,Consultant,Sydney,34579,2022-01-21,M,Consulting
8115,Emma,Davis,60,Clerk,Singapore,42868,2002-07-10,F,Operations
8116,Sara,Wilson,52,Designer,New York,113823,2020-04-01,M,Design
8117,Lisa,Miller,35,Engineer,London,100959,2012-05-14,M,Engineering
8118,Jane,Smith,37,Manager,Dubai,82278,2021-01-13,M,Management
8119,Sam,Miller,45,Lead,Berlin,113309,2018-06-16,F,Leadership
8120,Tom,Jones,25,Designer,London,87059,2005-03-09,M,Design
8121,Jane,Brown,42,Engineer,Berlin,84239,2001-01-25,F,Engineering
8122,Sam,Wilson,35,Consultant,Delhi,111812,2004-02-04,M,Consulting
8123,Tom,Taylor,32,Consultant,Sydney,62960,2009-12-14,M,Consulting
8124,John,Miller,50,Architect,Dubai,25398,2003-04-25,F,Architecture
8125,Lisa,Garcia,24,Analyst,Paris,105595,2015-01-09,M,Analytics
8126,Alex,Miller,52,Developer,Dubai,99877,2024-08-29,F,Engineering
8127,Paul,Taylor,54,Lead,Toronto,55950,2021-02-27,F,Leadership
8128,Alex,Taylor,21,Clerk,Toronto,79662,2013-09-27,F,Operations
8129,Lisa,Johnson,60,Consultant,Berlin,108042,2012-01-19,F,Consulting
8130,Paul,Miller,46,Manager,Berlin,115167,2013-09-01,M,Management
8131,Lisa,Garcia,19,Lead,Delhi,75318,2003-11-13,M,Leadership
8132,Tom,Brown,36,Developer,Paris,118817,2005-02-25,M,Engineering
8133,Tom,Jones,23,Analyst,Toronto,60662,2011-04-06,M,Analytics
8134,John,Jones,52,Analyst,Berlin,79440,2011-06-04,F,Analytics
8135,Tom,Wilson,42,Intern,New York,116349,2004-09-01,F,Training
8136,Alex,Johnson,39,Lead,Singapore,110019,2003-10-19,F,Leadership
8137,Alex,Taylor,30,Clerk,New York,55908,2019-08-12,M,Operations
8138,Emma,Miller,22,Clerk,Toronto,73976,2001-03-29,M,Operations
8139,Emma,Taylor,22,Manager,Toronto,99546,2000-02-18,F,Management
8140,Mike,Miller,27,Analyst,Paris,115011,2009-04-06,F,Analytics
8141,John,Williams,44,Manager,Singapore,99000,2010-02-18,M,Management
8142,Alex,Johnson,58,Consultant,London,96500,2002-07-14,M,Consulting
8143,Emma,Smith,51,Intern,Sydney,43228,2005-05-20,F,Training
8144,John,Miller,30,Manager,Paris,61679,2021-02-25,F,Management
8145,John,Garcia,27,Manager,New York,60609,2023-05-09,M,Management
8146,Lisa,Taylor,32,Manager,London,101349,2015-08-07,F,Management
8147,Sam,Brown,59,Designer,Delhi,33000,2016-12-18,F,Design
8148,John,Garcia,27,Developer,London,95949,2001-01-23,F,Engineering
8149,Tom,Garcia,32,Developer,Sydney,93807,2018-09-13,F,Engineering
8150,Tom,Miller,38,Clerk,Tokyo,71049,2016-11-02,F,Operations
8151,Paul,Garcia,47,Analyst,Dubai,100026,2008-12-29,F,Analytics
8152,Jane,Brown,32,Developer,Paris,98274,2005-07-04,M,Engineering
8153,Sam,Miller,22,Designer,New York,87228,2002-04-12,F,Design
8154,Lisa,Garcia,28,Engineer,Sydney,117352,2014-11-14,M,Engineering
8155,Lisa,Taylor,60,Consultant,Berlin,101965,2007-06-10,M,Consulting
8156,John,Jones,33,Intern,London,106543,2008-05-16,M,Training
8157,Lisa,Davis,30,Clerk,Paris,27472,2005-10-07,F,Operations
8158,Sara,Johnson,34,Manager,Delhi,101089,2009-01-31,F,Management
8159,Jane,Miller,49,Engineer,Dubai,69727,2018-09-17,M,Engineering
8160,Alex,Davis,47,Engineer,Singapore,28802,2009-09-07,M,Engineering
8161,Tom,Brown,30,Manager,Toronto,48098,2008-06-28,F,Management
8162,Lisa,Brown,56,Manager,Singapore,41236,2003-09-29,M,Management
8163,Lisa,Taylor,29,Architect,Berlin,71919,2009-09-27,M,Architecture
8164,Jane,Johnson,31,Consultant,Sydney,99156,2009-08-13,F,Consulting
8165,Sam,Garcia,55,Designer,New York,100723,2012-05-27,F,Design
8166,John,Williams,26,Designer,Toronto,95487,2007-04-19,M,Design
8167,Emma,Wilson,22,Clerk,Toronto,111867,2020-01-04,F,Operations
8168,Jane,Taylor,21,Engineer,Berlin,77510,2004-06-13,F,Engineering
8169,Sara,Smith,54,Developer,Singapore,100564,2014-11-23,M,Engineering
8170,Lisa,Davis,44,Engineer,Singapore,34617,2022-08-31,F,Engineering
8171,Sam,Garcia,27,Analyst,Singapore,70629,2004-10-14,F,Analytics
8172,Jane,Williams,23,Lead,London,94555,2017-08-11,M,Leadership
8173,Paul,Taylor,27,Architect,Sydney,58167,2002-06-26,F,Architecture
8174,Sam,Williams,35,Developer,Tokyo,92341,2008-12-16,F,Engineering
8175,John,Johnson,38,Consultant,Berlin,25174,2019-11-05,M,Consulting
8176,Mike,Brown,21,Designer,Toronto,75084,2012-01-07,F,Design
8177,John,Wilson,21,Clerk,Singapore,70132,2010-09-15,F,Operations
8178,Paul,Williams,47,Consultant,Tokyo,32876,2023-07-06,F,Consulting
8179,Emma,Wilson,59,Manager,Tokyo,97706,2014-03-27,F,Management
8180,Tom,Jones,23,Lead,Delhi,92823,2008-11-14,M,Leadership
8181,Sam,Brown,27,Consultant,Sydney,25282,2021-03-31,F,Consulting
8182,Lisa,Miller,27,Manager,Toronto,39095,2019-09-07,F,Management
8183,Sam,Wilson,20,Consultant,New York,89025,2008-06-19,M,Consulting
8184,Tom,Wilson,32,Intern,Delhi,63968,2017-07-15,F,Training
8185,Lisa,Johnson,39,Developer,Singapore,68846,2014-11-10,F,Engineering
8186,Mike,Jones,20,Consultant,Paris,114081,2021-12-31,F,Consulting
8187,Tom,Taylor,40,Lead,New York,32424,2015-05-29,F,Leadership
8188,Lisa,Brown,42,Intern,Sydney,89321,2012-02-20,M,Training
8189,John,Williams,24,Analyst,Delhi,102485,2012-07-03,M,Analytics
8190,Paul,Wilson,48,Developer,Berlin,67655,2005-11-14,F,Engineering
8191,Tom,Miller,41,Engineer,Berlin,45436,2014-01-03,M,Engineering
8192,Sam,Williams,,Clerk,New York,43631,2021-10-11,M,Operations
8193,Sara,Jones,46,Analyst,Dubai,102518,2022-01-01,M,Analytics
8194,Alex,Garcia,19,Analyst,Delhi,35835,2014-02-07,F,Analytics
8195,Sara,Garcia,53,Designer,Berlin,46919,2015-12-15,M,Design
8196,Tom,Davis,27,Consultant,New York,80958,2012-03-16,M,Consulting
8197,Alex,Miller,55,Manager,Toronto,107785,2020-05-06,F,Management
8198,Alex,Jones,47,Designer,Berlin,113072,2001-02-15,M,Design
8199,Mike,Miller,30,Clerk,Paris,73421,2019-10-20,F,Operations
8200,Paul,Jones,31,Intern,Toronto,119625,2016-11-17,F,Training
8201,Paul,Wilson,32,Engineer,Berlin,116483,2008-04-12,M,Engineering
8202,Jane,Davis,29,Clerk,London,26977,2013-03-25,M,Operations
8203,Paul,Miller,,Architect,Tokyo,59498,2013-10-26,F,Architecture
8204,Tom,Smith,28,Developer,Delhi,111948,2002-04-16,M,Engineering
8205,Sara,Davis,53,Lead,Paris,115004,2000-12-11,M,Leadership
8206,Tom,Wilson,25,Analyst,Dubai,58373,2011-02-04,F,Analytics
8207,John,Johnson,58,Manager,Sydney,54092,2024-02-10,M,Management
8208,Lisa,Brown,59,Developer,London,87573,2002-04-29,M,Engineering
8209,Alex,Wilson,21,Analyst,Paris,85822,2014-08-06,F,Analytics
8210,Jane,Brown,57,Consultant,Toronto,N/A,2022-03-04,F,Consulting
8211,Mike,Brown,38,Intern,Toronto,97211,2024-11-19,F,Training
8212,Tom,Williams,41,Developer,Berlin,69483,2013-06-23,F,Engineering
8213,Mike,Wilson,47,Developer,London,109342,2016-12-16,F,Engineering
8214,Mike,Smith,58,Architect,London,62691,2018-05-10,F,Architecture
8215,Alex,Taylor,49,Engineer,Berlin,102165,2006-05-18,M,Engineering
8216,Emma,Garcia,50,Architect,Toronto,44006,2017-09-16,M,Architecture
8217,Tom,Jones,57,Consultant,Tokyo,79932,2004-04-15,F,Consulting
8218,Paul,Taylor,30,Lead,Tokyo,41925,2018-05-24,M,Leadership
8219,Tom,Davis,47,Engineer,Dubai,25024,2008-03-10,F,Engineering
8220,Mike,Garcia,22,Lead,Singapore,108549,2021-05-28,M,Leadership
8221,Lisa,Davis,30,Architect,Berlin,85804,2019-09-23,M,Architecture
8222,Sam,Garcia,60,Developer,Toronto,63400,2008-03-14,F,Engineering
8223,Mike,Smith,36,Engineer,London,61497,2007-07-05,M,Engineering
8224,Mike,Smith,57,Architect,Tokyo,27642,2007-02-23,F,Architecture
8225,Alex,Wilson,46,Intern,Berlin,118041,2024-12-17,M,Training
8226,Mike,Wilson,22,Architect,Singapore,74333,2018-10-22,M,Architecture
8227,Sara,Williams,58,Intern,Dubai,67662,2007-09-16,M,Training
8228,Paul,Jones,25,Engineer,London,71388,2008-04-13,M,Engineering
8229,Alex,Smith,57,Clerk,Sydney,25631,2021-01-20,F,Operations
8230,Paul,Brown,29,Manager,Tokyo,29037,2024-05-10,F,Management
8231,Tom,Brown,49,Architect,London,92028,2022-08-09,F,Architecture
8232,Sara,Davis,28,Lead,Berlin,90823,2001-02-14,M,Leadership
8233,Lisa,Taylor,58,Analyst,Berlin,114053,2021-01-25,F,Analytics
8234,Jane,Williams,57,Developer,London,56937,2012-06-27,F,Engineering
8235,Mike,Jones,37,Manager,London,85257,2015-04-09,F,Management
8236,Sara,Johnson,56,Analyst,Sydney,40188,2014-02-19,M,Analytics
8237,Sara,Garcia,24,Intern,Sydney,66995,2013-09-18,M,Training
8238,Sara,Williams,45,Intern,Singapore,53131,2007-12-11,F,Training
8239,Jane,Smith,39,Intern,Sydney,68267,2022-12-02,M,Training
8240,Tom,Brown,26,Developer,Dubai,47532,2008-02-27,M,Engineering
8241,Alex,Davis,44,Engineer,Singapore,33250,2007-06-08,M,Engineering
8242,Alex,Johnson,29,Manager,London,90199,2004-11-14,F,Management
8243,Tom,Williams,59,Designer,London,66678,2019-04-07,F,Design
8244,Alex,Garcia,20,Manager,Singapore,81294,2012-12-28,M,Management
8245,Sam,Jones,59,Analyst,Berlin,86656,2003-12-20,M,Analytics
8246,Jane,Jones,42,Consultant,Paris,35426,2011-07-07,M,Consulting
8247,John,Wilson,50,Clerk,London,77303,2010-12-31,F,Operations
8248,Alex,Jones,50,Lead,Delhi,66789,2003-08-17,M,Leadership
8249,Paul,Johnson,28,Developer,Berlin,58429,2014-11-05,F,Engineering
8250,John,Brown,58,Intern,Singapore,118917,2006-12-07,M,Training
8251,Alex,Davis,26,Lead,Sydney,93338,2020-06-08,F,Leadership
8252,Tom,Williams,43,Manager,Singapore,82709,2022-04-24,M,Management
8253,Jane,Jones,25,Analyst,Delhi,109394,2017-07-07,M,Analytics
8254,Jane,Miller,35,Architect,Tokyo,55399,2008-10-14,M,Architecture
8255,Tom,Miller,48,Clerk,Sydney,101656,2018-04-20,F,Operations
8256,Mike,Taylor,58,Designer,Tokyo,59865,2019-01-30,F,Design
8257,Sara,Wilson,27,Lead,Tokyo,84762,2009-11-27,M,Leadership
8258,Lisa,Taylor,46,Designer,New York,94842,2017-10-07,F,Design
8259,Paul,Taylor,48,Manager,Tokyo,109337,2002-07-21,F,Management
8260,Lisa,Wilson,32,Designer,Berlin,88377,2017-10-01,F,Design
8261,Alex,Jones,18,Intern,London,107271,2017-07-13,F,Training
8262,John,Garcia,47,Developer,Berlin,113858,2001-08-27,M,Engineering
8263,Sam,Miller,40,Engineer,Dubai,62654,2022-09-29,M,Engineering
8264,Sara,Taylor,58,Manager,Paris,119392,2024-10-05,F,Management
8265,Alex,Johnson,41,Developer,Berlin,40594,2010-07-30,F,Engineering
8266,Sara,Miller,52,Designer,Berlin,112918,2020-05-06,M,Design
8267,Paul,Garcia,42,Architect,Sydney,31157,2022-04-12,F,Architecture
8268,Sam,Brown,45,Developer,Sydney,106959,2010-08-28,M,Engineering
8269,John,Johnson,35,Engineer,Berlin,63882,2009-12-01,M,Engineering
8270,Emma,Brown,52,Architect,Singapore,118183,2005-10-19,F,Architecture
8271,Sam,Davis,18,Lead,Sydney,116326,2022-06-04,M,Leadership
8272,Paul,Williams,28,Engineer,Singapore,42507,2019-08-08,F,Engineering
8273,Sam,Smith,45,Clerk,London,110272,2014-04-25,F,Operations
8274,John,Wilson,55,Developer,Sydney,108373,2000-11-22,F,Engineering
8275,Lisa,Brown,53,Consultant,Dubai,99128,2008-03-15,M,Consulting
8276,Emma,Smith,24,Developer,London,53718,2004-09-11,F,Engineering
8277,Emma,Williams,30,Engineer,Berlin,44541,2012-01-30,F,Engineering
8278,Alex,Miller,59,Engineer,Paris,117289,2024-01-04,F,Engineering
8279,Mike,Jones,56,Designer,Dubai,80129,2009-02-07,F,Design
8280,Alex,Taylor,50,Engineer,Berlin,42349,2009-04-27,M,Engineering
8281,Mike,Smith,21,Intern,Paris,106180,2001-01-25,M,Training
8282,Sam,Williams,46,Consultant,Tokyo,111853,2002-10-30,F,Consulting
8283,Jane,Davis,58,Engineer,Delhi,61150,2022-10-27,M,Engineering
8284,Paul,Brown,49,Clerk,Dubai,37797,2010-05-30,M,Operations
8285,Tom,Garcia,53,Engineer,New York,99267,2004-02-12,F,Engineering
8286,Paul,Davis,52,Designer,London,119454,2014-02-20,F,Design
8287,Emma,Jones,59,Analyst,Sydney,106528,2003-05-16,M,Analytics
8288,Paul,Davis,22,Developer,Dubai,28905,2002-08-30,M,Engineering
8289,Paul,Miller,30,Consultant,Berlin,88856,2012-10-21,M,Consulting
8290,Jane,Davis,44,Intern,Toronto,59321,2010-08-22,M,Training
8291,Paul,Brown,26,Developer,New York,47239,2007-03-31,F,Engineering
8292,Sara,Jones,49,Intern,Toronto,68402,2007-06-10,F,Training
8293,Tom,Johnson,19,Developer,London,30106,2020-02-20,M,Engineering
8294,Paul,Davis,51,Architect,Sydney,33120,2008-06-29,M,Architecture
8295,Sara,Miller,32,Developer,Delhi,62391,2003-03-25,F,Engineering
8296,Mike,Miller,18,Architect,Singapore,110740,2023-03-23,F,Architecture
8297,Alex,Johnson,50,Analyst,Delhi,82685,2001-08-14,M,Analytics
8298,Sara,Brown,41,Lead,Sydney,48061,2003-01-07,F,Leadership
8299,Sara,Miller,47,Engineer,London,44876,2001-09-29,F,Engineering
8300,Jane,Jones,41,Developer,Tokyo,46122,2019-02-06,M,Engineering
8301,Alex,Garcia,50,Designer,New York,35834,2005-10-27,M,Design
8302,Lisa,Taylor,29,Designer,Toronto,95038,2009-02-17,M,Design
8303,Alex,Taylor,52,Engineer,Singapore,107463,2005-06-22,F,Engineering
8304,Lisa,Garcia,39,Engineer,Toronto,55138,2004-11-02,F,Engineering
8305,Jane,Smith,54,Clerk,Berlin,66846,2021-11-12,M,Operations
8306,Sara,Jones,27,Manager,Dubai,108172,2014-05-28,F,Management
8307,Jane,Jones,47,Engineer,New York,117486,2021-01-31,F,Engineering
8308,Lisa,Williams,51,Analyst,London,100901,2002-11-29,M,Analytics
8309,Alex,Garcia,40,Architect,London,54417,2021-03-28,F,Architecture
8310,Lisa,Brown,58,Clerk,Paris,54874,2007-11-14,F,Operations
8311,Mike,Davis,26,Clerk,Berlin,110422,2007-11-12,M,Operations
8312,Tom,Williams,57,,Paris,106358,2017-02-18,M,Architecture
8313,Sam,Johnson,27,Engineer,Sydney,105728,2014-01-16,M,Engineering
8314,Mike,Taylor,45,Designer,Dubai,73620,2017-05-27,F,Design
8315,Alex,Smith,30,Lead,Paris,51464,2000-05-25,M,Leadership
8316,Jane,Davis,23,Designer,London,100427,2012-12-07,M,Design
8317,Paul,Wilson,52,Designer,Sydney,113541,2008-07-08,M,Design
8318,Mike,Garcia,53,Intern,Paris,111016,2021-04-25,M,Training
8319,Tom,Williams,52,Manager,Toronto,48437,2022-07-18,F,Management
8320,Mike,Williams,38,Architect,Paris,60851,2009-02-16,F,Architecture
8321,Jane,Smith,41,Intern,Sydney,63576,2014-09-16,M,Training
8322,Alex,Smith,30,Consultant,Toronto,84313,2019-07-15,M,Consulting
8323,Emma,Taylor,26,Analyst,Delhi,111643,2019-10-24,F,Analytics
8324,Tom,Jones,27,Manager,London,100959,2016-10-12,F,Management
8325,Paul,Brown,38,Intern,Berlin,48883,2017-10-10,F,Training
8326,Lisa,Johnson,40,Analyst,New York,93519,2000-01-30,M,Analytics
8327,Alex,Johnson,53,Analyst,Sydney,50393,2018-08-10,M,Analytics
8328,Alex,Miller,47,Engineer,Tokyo,107569,2013-03-26,M,Engineering
8329,Sara,Wilson,59,Analyst,Delhi,56977,2017-05-21,F,Analytics
8330,Sara,Taylor,39,Consultant,Berlin,97141,2020-03-27,F,Consulting
8331,Mike,Garcia,20,Lead,Berlin,55365,2007-12-04,F,Leadership
8332,Jane,Williams,33,Manager,Delhi,114641,2003-10-30,M,Management
8333,Jane,Garcia,43,Lead,Singapore,116805,2017-05-15,F,Leadership
8334,Emma,Brown,46,Intern,Tokyo,74432,2015-12-27,M,Training
8335,Emma,Jones,26,Consultant,Singapore,104942,2007-07-26,F,Consulting
8336,Paul,Wilson,36,Clerk,London,96811,2003-12-08,M,Operations
8337,Lisa,Johnson,18,Consultant,Sydney,96946,2012-10-14,F,Consulting
8338,Lisa,Smith,55,Manager,London,48438,2004-11-25,M,Management
8339,Jane,Miller,36,Clerk,Dubai,92655,2021-09-01,M,Operations
8340,Alex,Davis,18,Intern,Berlin,79137,2010-09-12,M,Training
8341,Tom,Taylor,46,Consultant,Berlin,52884,2024-04-15,F,Consulting
8342,Mike,Wilson,18,Designer,Tokyo,50657,2014-02-27,M,Design
8343,Paul,Jones,39,Developer,Paris,117031,2007-05-11,F,Engineering
8344,Jane,Garcia,25,Intern,Berlin,107442,2007-04-02,F,Training
8345,Tom,Jones,55,Architect,Toronto,59677,2001-08-23,M,Architecture
8346,Paul,Jones,18,Lead,Berlin,57037,2012-03-25,F,Leadership
8347,Tom,Miller,49,Engineer,Sydney,42658,2021-08-11,F,Engineering
8348,Sam,Wilson,28,Engineer,Paris,31269,2002-01-04,F,Engineering
8349,Emma,Williams,47,Intern,Delhi,107044,2009-10-10,F,Training
8350,Sara,Williams,22,Designer,London,113683,2015-05-24,M,Design
8351,Jane,Wilson,18,Designer,Dubai,83438,2019-04-12,F,Design
8352,Mike,Brown,22,Architect,London,59016,2001-11-23,M,Architecture
8353,Alex,Williams,22,Architect,Singapore,40433,2002-02-20,M,Architecture
8354,Paul,Miller,56,Intern,Sydney,75913,2000-10-22,F,Training
8355,Mike,Smith,21,Developer,Paris,39688,2016-10-07,F,Engineering
8356,Lisa,Johnson,20,Engineer,Tokyo,78180,2005-05-03,F,Engineering
8357,Sam,Wilson,45,Manager,Toronto,76900,2008-01-07,M,Management
8358,Jane,Williams,32,Engineer,London,78723,2019-06-29,M,Engineering
8359,Sam,Garcia,33,Clerk,Sydney,119211,2007-11-28,M,Operations
8360,John,Jones,33,Manager,Toronto,27117,2005-07-17,M,Management
8361,Mike,Garcia,22,Manager,Tokyo,87810,2014-07-22,M,Management
8362,Tom,Smith,60,Manager,Singapore,36087,2012-10-30,F,Management
8363,Emma,Jones,27,Analyst,London,113735,2023-09-06,M,Analytics
8364,Lisa,Johnson,56,Consultant,Tokyo,48064,2014-12-03,M,Consulting
8365,John,Taylor,42,Designer,Singapore,34179,2015-07-20,F,Design
8366,Mike,Taylor,32,Consultant,Delhi,59680,2014-09-06,M,Consulting
8367,Sam,Smith,29,Architect,Paris,41516,2003-12-14,F,Architecture
8368,Tom,Garcia,33,Analyst,Sydney,74211,2002-04-05,F,Analytics
8369,Alex,Johnson,37,Clerk,Berlin,52365,2020-12-19,M,Operations
8370,Lisa,Johnson,36,Designer,Sydney,81310,2014-10-08,M,Design
8371,Sara,Miller,59,Developer,Berlin,116398,2002-04-23,M,Engineering
8372,Tom,Garcia,30,Consultant,Tokyo,45097,2024-08-07,M,Consulting
8373,John,Brown,48,Engineer,Sydney,58815,2015-10-13,M,Engineering
8374,John,Taylor,32,Clerk,Sydney,80640,2013-02-24,M,Operations
8375,Lisa,Miller,18,Designer,Paris,76812,2001-03-28,M,Design
8376,Emma,Taylor,44,Architect,Singapore,49867,2019-12-02,F,Architecture
8377,John,Williams,31,Consultant,Tokyo,93266,2000-08-02,F,Consulting
8378,Sara,Smith,24,Consultant,Paris,67118,2022-11-08,M,Consulting
8379,Emma,Davis,40,Lead,London,85336,2000-12-27,M,Leadership
8380,Lisa,Jones,22,Intern,Toronto,113499,2013-10-27,M,Training
8381,Tom,Miller,57,Designer,Dubai,73129,2004-01-13,M,Design
8382,Lisa,Wilson,38,Analyst,Toronto,118248,2023-11-09,F,Analytics
8383,Emma,Wilson,35,Clerk,New York,29932,2005-03-27,M,Operations
8384,Tom,Miller,39,Consultant,London,117891,2012-05-13,M,Consulting
8385,Alex,Davis,51,Clerk,New York,62995,2022-06-22,M,Operations
8386,Mike,Williams,24,Clerk,Singapore,62963,2004-04-20,M,Operations
8387,Alex,Davis,52,Architect,New York,108830,2005-10-07,F,Architecture
8388,Emma,Johnson,40,Intern,London,110056,2005-01-21,M,Training
8389,Paul,Miller,27,Developer,Tokyo,74912,2003-01-25,M,Engineering
8390,Emma,Garcia,24,Analyst,Toronto,98497,2024-12-12,F,Analytics
8391,Mike,Taylor,44,Developer,New York,31624,2018-02-05,M,Engineering
8392,Alex,Garcia,37,Manager,Dubai,78705,2024-10-15,F,Management
8393,Paul,Johnson,45,Intern,Tokyo,37348,2019-04-11,M,Training
8394,John,Taylor,58,Analyst,Paris,29766,2022-04-08,M,Analytics
8395,Paul,Smith,43,Designer,Paris,85347,2000-12-16,F,Design
8396,,Miller,27,Manager,Delhi,27392,2002-12-19,F,Management
8397,Paul,Wilson,60,Manager,Berlin,44028,2020-05-19,F,Management
8398,Sara,Wilson,37,Engineer,Berlin,101327,2000-08-23,F,Engineering
8399,Tom,Davis,32,Lead,Dubai,96921,2020-08-18,M,Leadership
8400,Sam,Smith,36,Lead,Delhi,85953,2005-11-23,M,Leadership
8401,Paul,Taylor,23,Designer,Singapore,63459,2009-11-13,M,Design
8402,Alex,Garcia,22,Developer,Tokyo,75810,2006-07-18,F,Engineering
8403,Tom,Williams,20,Engineer,Tokyo,28678,2004-08-21,M,Engineering
8404,Paul,Taylor,32,Architect,Singapore,42475,2024-10-30,M,Architecture
8405,Emma,Davis,18,Manager,Singapore,57110,2004-07-09,M,Management
8406,Lisa,Taylor,29,Analyst,Paris,33072,2010-06-25,F,Analytics
8407,John,Jones,51,Clerk,Berlin,109371,2004-03-18,M,Operations
8408,Mike,Smith,37,Clerk,Berlin,35776,2012-03-28,F,Operations
8409,Lisa,Brown,36,Intern,Dubai,40823,2011-04-07,M,Training
8410,Jane,Johnson,19,Manager,New York,104332,2021-06-28,M,Management
8411,Alex,Johnson,28,Manager,Sydney,114921,2018-09-17,F,Management
8412,Emma,Brown,54,Manager,Berlin,98826,2023-02-11,M,Management
8413,Sam,Williams,19,Engineer,London,92065,2001-08-18,F,Engineering
8414,Lisa,Wilson,44,Lead,Paris,100039,2013-01-31,M,Leadership
8415,Emma,Brown,25,Engineer,London,106455,2008-02-15,F,Engineering
8416,Lisa,Wilson,52,Clerk,Berlin,70218,2014-08-13,M,Operations
8417,Lisa,Miller,54,Architect,Singapore,96149,2009-03-08,F,Architecture
8418,Emma,Miller,43,Clerk,London,46291,2007-07-02,M,Operations
8419,Sara,Garcia,60,Engineer,Singapore,45705,2019-09-18,F,Engineering
8420,Alex,Brown,30,Intern,New York,55464,2013-07-25,F,Training
8421,John,Smith,58,Manager,Tokyo,51548,2007-05-03,F,Management
8422,Alex,Miller,40,Lead,New York,54682,2001-08-19,M,Leadership
8423,John,Davis,24,Lead,Dubai,112322,2011-09-22,M,Leadership
8424,Tom,Smith,53,Clerk,London,86002,2003-11-19,M,Operations
8425,John,Smith,26,Designer,Toronto,49433,2008-11-19,F,Design
8426,Sam,Davis,44,Developer,Dubai,114250,2021-01-02,M,Engineering
8427,Mike,Miller,47,Intern,Tokyo,33771,2015-01-16,F,Training
8428,Sam,Miller,33,Analyst,Toronto,31199,2002-01-05,M,Analytics
8429,Sara,Brown,47,Analyst,Toronto,109582,2015-10-23,F,Analytics
8430,Paul,Taylor,43,Designer,Dubai,40432,2018-01-15,M,Design
8431,Jane,Jones,41,Engineer,Singapore,30560,2012-09-04,F,Engineering
8432,John,Brown,33,Clerk,Tokyo,50022,2023-12-15,F,Operations
8433,Sara,Brown,43,Clerk,Singapore,88202,2017-02-27,F,Operations
8434,Jane,Miller,24,Consultant,Sydney,82002,2007-02-14,M,Consulting
8435,Sam,Taylor,53,Engineer,Toronto,87715,2022-07-22,F,Engineering
8436,Sara,Jones,18,Architect,Sydney,61967,2022-06-02,F,Architecture
8437,Alex,Miller,27,Lead,Delhi,92725,2019-08-31,F,Leadership
8438,Emma,Brown,56,Lead,Singapore,40645,2005-01-11,F,Leadership
8439,Lisa,Smith,60,Intern,Dubai,66422,2011-09-08,F,Training
8440,Jane,Smith,45,Intern,Singapore,86118,2016-12-28,F,Training
8441,Alex,Miller,52,Designer,New York,34178,2001-06-30,F,Design
8442,Lisa,Jones,18,Architect,Singapore,42318,2021-04-26,F,Architecture
8443,Tom,Williams,18,Designer,Sydney,119484,2024-06-02,F,Design
8444,Sam,Taylor,48,Manager,New York,48134,2016-03-23,F,Management
8445,Sara,Miller,19,Engineer,Dubai,73748,2008-12-03,F,Engineering
8446,Sam,Jones,52,Lead,Sydney,33102,2021-02-13,F,Leadership
8447,Alex,Smith,24,Manager,Sydney,94184,2015-03-28,F,Management
8448,Tom,Taylor,52,Architect,Paris,25722,2002-11-19,M,Architecture
8449,Sam,Brown,32,Architect,Singapore,52312,2011-11-06,M,Architecture
8450,Sam,Garcia,58,Consultant,London,92043,2024-05-08,M,Consulting
8451,Jane,Brown,31,Lead,Delhi,76401,2020-01-23,F,Leadership
8452,Tom,Miller,50,Analyst,Delhi,83828,2013-05-04,M,Analytics
8453,Emma,Davis,48,Designer,Berlin,79442,2013-03-17,M,Design
8454,Mike,Smith,31,Consultant,Sydney,53336,2020-10-02,F,Consulting
8455,Sam,Jones,26,Consultant,London,110989,2015-01-07,F,Consulting
8456,Emma,Miller,40,Engineer,Berlin,71787,2003-10-05,F,Engineering
8457,Emma,Jones,32,Engineer,London,95877,2021-02-17,M,Engineering
8458,Mike,Wilson,19,Engineer,Delhi,84985,2012-12-26,F,Engineering
8459,Sara,Smith,29,Clerk,Toronto,101473,2001-05-26,F,Operations
8460,Lisa,Williams,58,Consultant,Singapore,33567,2023-02-17,F,Consulting
8461,Jane,Davis,28,Intern,Tokyo,30574,2009-12-03,F,Training
8462,Tom,Garcia,28,Clerk,Berlin,52274,2014-09-25,M,Operations
8463,Sam,Wilson,24,Analyst,Dubai,79906,2010-05-25,M,Analytics
8464,Alex,Wilson,34,Analyst,Toronto,69139,2007-11-09,M,Analytics
8465,Sam,Wilson,53,Consultant,London,69353,2018-04-27,F,Consulting
8466,Mike,Williams,29,Developer,Sydney,109736,2024-04-03,F,Engineering
8467,John,Taylor,36,Consultant,Delhi,53847,2021-05-25,F,Consulting
8468,Mike,Davis,44,Designer,London,71233,2022-07-29,M,Design
8469,Sara,Williams,34,Developer,Tokyo,45647,2008-11-13,M,Engineering
8470,Tom,Jones,58,Manager,Delhi,99287,2015-09-24,F,Management
8471,John,Davis,23,Lead,Dubai,61042,2007-06-11,F,Leadership
8472,Sam,Garcia,57,Consultant,New York,100102,2020-05-13,F,Consulting
8473,Alex,Jones,27,Manager,London,97628,2024-12-16,M,Management
8474,Sara,Jones,32,Analyst,Berlin,89580,2002-07-19,M,Analytics
8475,Alex,Jones,43,Designer,Singapore,97016,2016-07-28,M,Design
8476,Emma,Williams,43,Consultant,Tokyo,68369,2017-04-02,F,Consulting
8477,Paul,Davis,53,Lead,Paris,100376,2009-12-24,F,Leadership
8478,Emma,Brown,30,Developer,Dubai,91358,2004-08-29,F,Engineering
8479,Mike,Smith,39,Architect,Sydney,112726,2016-07-24,F,Architecture
8480,Sara,Jones,53,Consultant,London,61870,2010-12-25,M,Consulting
8481,Alex,Smith,59,Lead,New York,59280,2008-01-09,M,Leadership
8482,Emma,Johnson,27,Manager,Dubai,106075,2014-10-13,M,Management
8483,Jane,Taylor,60,Lead,Sydney,86613,2008-04-27,M,Leadership
8484,John,Smith,35,Architect,Sydney,26431,2000-10-29,M,Architecture
8485,Paul,Smith,53,Designer,London,64583,2016-07-14,F,Design
8486,Tom,Miller,46,Intern,New York,39556,2015-11-13,F,Training
8487,Jane,Smith,22,Developer,Toronto,32504,2019-01-19,F,Engineering
8488,Jane,Smith,47,Consultant,Tokyo,112883,2019-04-16,F,Consulting
8489,Tom,Davis,54,Manager,Berlin,67198,2018-04-26,F,Management
8490,Jane,Johnson,52,Consultant,Berlin,75572,2020-11-11,F,Consulting
8491,Sam,Johnson,48,Intern,Dubai,71327,2005-06-11,F,Training
8492,Emma,Miller,33,Engineer,Paris,47568,2023-08-08,F,Engineering
8493,Mike,Taylor,32,Consultant,Paris,95183,2011-04-13,M,Consulting
8494,Lisa,Brown,22,Engineer,Singapore,88069,2009-08-25,F,Engineering
8495,John,Wilson,36,Intern,Toronto,98924,2019-12-24,F,Training
8496,Sara,Williams,56,Architect,Sydney,111196,2014-06-06,M,Architecture
8497,Paul,Johnson,56,Designer,Paris,69623,2004-12-12,M,Design
8498,Sam,Taylor,49,Intern,Sydney,36669,2024-02-02,F,Training
8499,Lisa,Miller,22,Developer,Paris,33865,2019-02-24,F,Engineering
8500,Sara,Williams,53,Developer,Dubai,30563,2016-10-31,F,Engineering
8501,Emma,Garcia,47,Consultant,Tokyo,97805,2023-08-18,F,Consulting
8502,Alex,Wilson,36,Designer,Paris,67019,2012-04-30,F,Design
8503,Tom,Taylor,34,Analyst,Berlin,113848,2013-05-15,F,Analytics
8504,Lisa,Williams,50,Designer,Toronto,64829,2020-10-08,M,Design
8505,Emma,Smith,32,Consultant,Delhi,31240,2011-05-13,F,Consulting
8506,Lisa,Taylor,32,Lead,New York,101942,2020-05-27,F,Leadership
8507,Alex,Miller,35,Consultant,Tokyo,109337,2004-05-23,F,Consulting
8508,Paul,Brown,27,Clerk,New York,86277,2002-09-27,F,Operations
8509,John,Johnson,37,Engineer,New York,34595,2000-07-04,M,Engineering
8510,Emma,Garcia,56,Developer,Delhi,44942,2024-06-11,M,Engineering
8511,Alex,Davis,43,Developer,Singapore,68762,2004-06-02,F,Engineering
8512,Emma,Garcia,30,Intern,Singapore,86496,2005-09-09,M,Training
8513,Paul,Miller,48,Developer,New York,102668,2002-01-24,F,Engineering
8514,Emma,Williams,53,Engineer,Singapore,33052,2010-01-06,F,Engineering
8515,Lisa,Wilson,35,Intern,Toronto,108830,2013-07-16,M,Training
8516,Lisa,Wilson,58,Clerk,New York,108633,2009-02-16,M,Operations
8517,Tom,Garcia,31,Architect,Tokyo,80384,2005-10-24,M,Architecture
8518,Mike,Jones,24,Intern,Delhi,32858,2001-08-05,F,Training
8519,Alex,Johnson,42,Engineer,Tokyo,94121,2017-12-16,M,Engineering
8520,Sara,Johnson,44,Designer,Toronto,83426,2013-07-28,F,Design
8521,Jane,Johnson,37,Clerk,Toronto,47956,2000-08-11,M,Operations
8522,Sam,Smith,36,Developer,Toronto,55130,2016-01-07,M,Engineering
8523,Emma,Taylor,20,Manager,New York,68168,2009-02-08,M,Management
8524,Sara,Wilson,46,Intern,Delhi,67217,2002-09-21,M,Training
8525,Mike,Smith,46,Intern,Sydney,102870,2011-10-11,F,Training
8526,Tom,Miller,32,Manager,Berlin,108628,2010-01-17,F,Management
8527,Mike,Jones,38,Architect,Singapore,117790,2009-07-09,M,Architecture
8528,Sara,Williams,41,Designer,Toronto,103972,2019-01-24,F,Design
8529,Jane,Wilson,27,Architect,Sydney,58154,2012-10-11,F,Architecture
8530,Sam,Taylor,51,Engineer,New York,65165,2012-10-20,M,Engineering
8531,Sara,Wilson,58,Clerk,New York,27036,2005-10-21,M,Operations
8532,Sara,Miller,19,Clerk,Singapore,39884,2002-04-17,M,Operations
8533,Emma,Garcia,39,Consultant,Delhi,119539,2016-06-02,M,Consulting
8534,Alex,Johnson,56,Engineer,Singapore,80119,2009-09-26,F,Engineering
8535,Jane,Davis,38,Lead,Tokyo,69014,2021-06-19,F,Leadership
8536,John,Smith,58,Architect,Delhi,96856,2000-04-30,M,Architecture
8537,Paul,Smith,35,Architect,Tokyo,98750,2006-03-26,F,Architecture
8538,Paul,Garcia,34,Architect,Berlin,79801,2010-08-23,M,Architecture
8539,Mike,Garcia,22,Developer,New York,36155,2012-11-07,F,Engineering
8540,Sam,Davis,28,Designer,Delhi,50373,2024-01-12,M,Design
8541,Tom,Williams,21,Designer,Tokyo,64088,2017-06-14,M,Design
8542,Jane,Johnson,24,Lead,Tokyo,46858,2001-04-15,M,Leadership
8543,Emma,Miller,33,Developer,Toronto,77566,2002-11-12,M,Engineering
8544,Lisa,Johnson,39,Architect,Sydney,46270,2012-12-08,F,Architecture
8545,John,Smith,51,Analyst,Berlin,96384,2013-09-29,M,Analytics
8546,Sara,Miller,29,Architect,Dubai,59989,2015-01-25,M,Architecture
8547,Emma,Miller,45,Manager,Berlin,66747,2013-07-09,F,Management
8548,Paul,Miller,29,Intern,Singapore,48898,2005-10-04,F,Training
8549,Sam,Brown,24,Lead,Dubai,62771,2020-01-21,M,Leadership
8550,Lisa,Williams,24,Architect,New York,N/A,2017-11-22,F,Architecture
8551,Tom,Taylor,36,Lead,Tokyo,51782,2012-01-01,M,Leadership
8552,John,Johnson,38,Intern,New York,88490,2015-03-03,F,Training
8553,Emma,Taylor,22,Consultant,Delhi,107718,2007-09-10,F,Consulting
8554,Mike,Jones,27,Intern,Toronto,38032,2008-03-19,F,Training
8555,Alex,Jones,52,Analyst,Sydney,27457,2012-12-06,M,Analytics
8556,Paul,Jones,50,Consultant,Delhi,71780,2004-12-27,F,Consulting
8557,Emma,Taylor,47,Manager,Delhi,42644,2023-06-14,M,Management
8558,Jane,Williams,36,Analyst,Dubai,27973,2012-02-24,M,Analytics
8559,Mike,Smith,22,Intern,Toronto,91166,2017-01-21,M,Training
8560,Alex,Williams,29,Manager,Delhi,65325,2002-12-19,F,Management
8561,Paul,Miller,44,Intern,Singapore,115598,2021-01-05,M,Training
8562,Sam,Jones,56,Developer,Berlin,92260,2009-08-16,F,Engineering
8563,Alex,Miller,57,Analyst,London,106971,2018-01-06,M,Analytics
8564,Mike,Smith,32,Analyst,New York,72846,2014-02-05,M,Analytics
8565,Sara,Taylor,56,Manager,London,87840,2014-09-13,M,Management
8566,Jane,Garcia,26,Architect,Dubai,109412,2003-12-29,F,Architecture
8567,Lisa,Brown,59,Designer,Sydney,41243,2021-10-31,F,Design
8568,Emma,Taylor,20,Analyst,Sydney,118200,2010-12-17,F,Analytics
8569,Sam,Garcia,51,Architect,Tokyo,55916,2018-10-11,M,Architecture
8570,Alex,Davis,39,Lead,Sydney,60727,2003-09-05,F,Leadership
8571,John,Williams,39,Intern,Sydney,97551,2021-11-22,F,Training
8572,Paul,Davis,57,Intern,Singapore,109674,2004-06-03,M,Training
8573,Paul,Garcia,41,Manager,Delhi,108187,2000-11-27,M,Management
8574,Sam,Johnson,20,Intern,Tokyo,71688,2015-05-19,F,Training
8575,John,Smith,32,Designer,Sydney,103920,2014-10-02,F,Design
8576,Mike,Miller,44,Clerk,Delhi,94206,2024-02-13,F,Operations
8577,Lisa,Taylor,32,Lead,Delhi,68275,2008-08-17,M,Leadership
8578,Paul,Brown,42,Intern,Singapore,105624,2013-06-19,M,Training
8579,Paul,Davis,34,Designer,Berlin,77116,2005-08-14,M,Design
8580,Paul,Garcia,50,Engineer,New York,64547,2021-04-23,M,Engineering
8581,Sam,Davis,54,Engineer,Toronto,87395,2005-01-06,M,Engineering
8582,Alex,Williams,59,Clerk,Sydney,51831,2008-11-02,F,Operations
8583,Jane,Wilson,60,Intern,London,45695,2024-05-15,F,Training
8584,Paul,Taylor,51,Engineer,Tokyo,35784,2012-02-25,F,Engineering
8585,Sam,Garcia,54,Architect,Sydney,26107,2014-05-31,F,Architecture
8586,Sam,Johnson,37,Consultant,London,55388,2008-07-29,F,Consulting
8587,Emma,Brown,19,Manager,Paris,51231,2005-02-23,M,Management
8588,Lisa,Brown,54,Consultant,Tokyo,44800,2012-08-17,F,Consulting
8589,Paul,Miller,49,Engineer,Paris,39270,2008-04-11,F,Engineering
8590,John,Brown,30,Intern,Paris,60486,2011-05-16,F,Training
8591,Alex,Wilson,30,Intern,Paris,71029,2007-01-30,M,Training
8592,Sam,Williams,45,Analyst,London,88740,2018-02-28,M,Analytics
8593,Emma,Jones,55,Lead,Paris,68339,2014-07-23,M,Leadership
8594,Lisa,Miller,39,Clerk,New York,70929,2017-10-10,M,Operations
8595,Sara,Jones,31,Clerk,New York,98017,2016-09-03,M,Operations
8596,Mike,Wilson,44,Designer,Sydney,69308,2011-08-06,F,Design
8597,Emma,Jones,41,Architect,Sydney,58244,2002-05-26,F,Architecture
8598,Emma,Taylor,43,Architect,Delhi,108303,2001-06-08,M,Architecture
8599,Paul,Davis,52,Designer,Dubai,26189,2017-05-14,F,Design
8600,Jane,Garcia,20,Engineer,Paris,40217,2022-02-21,M,Engineering
8601,Sam,Miller,19,Consultant,Toronto,31245,2001-09-21,F,Consulting
8602,John,Williams,40,Clerk,Singapore,27496,2012-09-30,M,Operations
8603,Lisa,Jones,20,Architect,Sydney,85025,2023-02-23,M,Architecture
8604,Sara,Smith,48,Manager,Tokyo,83679,2009-01-04,F,Management
8605,Emma,Garcia,57,Consultant,Dubai,27439,2016-04-03,F,Consulting
8606,Paul,Brown,42,Consultant,New York,97400,2000-07-26,M,Consulting
8607,Alex,Miller,40,Lead,Dubai,114876,2001-05-22,M,Leadership
8608,Alex,Jones,59,Clerk,Paris,48998,2022-08-22,M,Operations
8609,John,Johnson,35,Clerk,Paris,107490,2005-05-20,F,Operations
8610,Alex,Williams,24,Consultant,Dubai,76806,2001-08-25,F,Consulting
8611,Jane,Taylor,43,Designer,Toronto,106307,2009-06-01,F,Design
8612,Paul,Smith,31,Designer,Singapore,48656,2013-07-12,M,Design
8613,Sam,Garcia,19,Clerk,New York,37744,2007-08-30,F,Operations
8614,Lisa,Taylor,57,Clerk,Delhi,115552,2010-04-28,F,Operations
8615,Lisa,Jones,39,Developer,Singapore,90622,2010-09-02,F,Engineering
8616,Lisa,Miller,59,Architect,Dubai,65605,2019-01-08,F,Architecture
8617,Emma,Garcia,26,Clerk,Delhi,33327,2001-03-03,F,Operations
8618,Paul,Johnson,40,Developer,Singapore,47087,2002-05-05,F,Engineering
8619,Lisa,Taylor,51,Analyst,Toronto,54178,2005-08-10,M,Analytics
8620,Alex,Davis,58,Consultant,Toronto,33046,2010-03-18,F,Consulting
8621,Alex,Wilson,59,Clerk,New York,98717,2016-07-31,F,Operations
8622,Emma,Davis,28,Clerk,New York,74714,2017-03-19,F,Operations
8623,Emma,Smith,47,Manager,Delhi,114448,2021-08-29,M,Management
8624,Paul,Wilson,59,Intern,Toronto,25321,2008-10-23,F,Training
8625,Sara,Brown,47,Intern,London,73925,2006-09-12,M,Training
8626,Jane,Johnson,40,Clerk,Sydney,96708,2018-12-14,F,Operations
8627,Alex,Garcia,43,Consultant,Tokyo,72123,2018-10-20,M,Consulting
8628,Mike,Garcia,58,Lead,London,65141,2023-11-04,M,Leadership
8629,Alex,Garcia,31,Consultant,New York,64046,2017-12-24,F,Consulting
8630,Sam,Smith,44,Designer,Berlin,73974,2010-09-24,M,Design
8631,Lisa,Williams,56,Analyst,Delhi,56940,2002-11-14,M,Analytics
8632,Emma,Garcia,32,Analyst,London,110140,2009-04-19,M,Analytics
8633,Mike,Jones,24,Engineer,London,90145,2009-10-05,M,Engineering
8634,Tom,Miller,36,Engineer,Delhi,55012,2013-04-27,M,Engineering
8635,Jane,Brown,35,Designer,Tokyo,89200,2012-02-24,F,Design
8636,Alex,Smith,55,Lead,Delhi,51924,2015-03-27,M,Leadership
8637,Lisa,Davis,50,Lead,Toronto,27549,2010-08-01,F,Leadership
8638,Paul,Davis,26,Developer,Paris,88588,2000-05-26,F,Engineering
8639,Emma,Wilson,28,Architect,Dubai,31124,2021-12-26,F,Architecture
8640,Mike,Brown,54,Analyst,Tokyo,96327,2011-06-04,M,Analytics
8641,Sara,Johnson,57,Developer,Paris,76182,2008-01-24,M,Engineering
8642,Emma,Williams,30,Clerk,Dubai,36441,2014-08-02,M,Operations
8643,Alex,Brown,60,Consultant,Sydney,80707,2019-12-08,M,Consulting
8644,Jane,Taylor,41,Intern,New York,41705,2017-12-25,M,Training
8645,Sara,Taylor,58,Analyst,Paris,56340,2008-10-23,F,Analytics
8646,Emma,Johnson,34,Analyst,Toronto,76013,2005-02-09,F,Analytics
8647,Alex,Smith,29,Lead,London,105154,2016-02-24,M,Leadership
8648,Alex,Davis,22,Analyst,Paris,71181,2011-06-11,F,Analytics
8649,Mike,Smith,23,Designer,New York,39505,2000-03-19,F,Design
8650,John,Davis,27,Manager,New York,68227,2009-03-19,F,Management
8651,Jane,Brown,60,Consultant,London,82203,2000-03-24,F,Consulting
8652,Alex,Davis,37,Developer,London,42612,2011-10-22,M,Engineering
8653,Tom,Davis,23,Analyst,Toronto,93877,2005-11-12,F,Analytics
8654,Mike,Wilson,49,Engineer,London,42331,2022-01-19,F,Engineering
8655,Alex,Miller,40,Architect,Sydney,68910,2007-02-26,M,Architecture
8656,Lisa,Taylor,43,Analyst,Sydney,43474,2020-12-21,F,Analytics
8657,Paul,Garcia,24,Developer,Berlin,86051,2008-11-04,M,Engineering
8658,Mike,Jones,46,Manager,Dubai,39199,2019-01-17,F,Management
8659,Sara,Davis,30,Consultant,Tokyo,113773,2019-03-16,F,Consulting
8660,John,Garcia,38,Manager,London,58153,2006-09-20,F,Management
8661,Paul,Davis,59,Analyst,Dubai,115118,2010-08-08,M,Analytics
8662,Sam,Smith,20,Intern,Dubai,81754,2008-07-17,F,Training
8663,Sam,Davis,49,Engineer,Paris,31298,2023-11-27,F,Engineering
8664,Tom,Davis,31,Developer,Dubai,100839,2004-08-09,M,Engineering
8665,John,Williams,39,Engineer,Singapore,69606,2015-12-19,F,Engineering
8666,Emma,Jones,19,Engineer,Toronto,42194,2004-09-22,F,Engineering
8667,Jane,Jones,54,Designer,London,47737,2021-06-09,M,Design
8668,Sam,Jones,50,Consultant,Berlin,71549,2005-03-22,M,Consulting
8669,John,Jones,47,Engineer,Tokyo,91962,2016-02-05,M,Engineering
8670,Alex,Williams,18,Intern,Singapore,97242,2010-07-21,M,Training
8671,Alex,Williams,52,Manager,Sydney,89831,2003-12-05,M,Management
8672,Tom,Williams,33,Intern,Delhi,74315,2006-12-15,M,Training
8673,Tom,Davis,55,Clerk,Tokyo,48467,2013-07-01,F,Operations
8674,Mike,Jones,55,Designer,New York,99799,2000-07-10,F,Design
8675,Emma,Garcia,60,Manager,Delhi,72947,2021-03-06,M,Management
8676,Sara,Brown,24,Designer,Sydney,103850,2019-11-01,F,Design
8677,Sara,Smith,31,Engineer,Sydney,39539,2009-08-02,M,Engineering
8678,Sara,Garcia,32,Manager,Dubai,40891,2014-07-27,M,Management
8679,Alex,Taylor,31,Consultant,Toronto,81731,2003-04-02,M,Consulting
8680,Lisa,Johnson,38,Analyst,Singapore,81211,2008-11-10,F,Analytics
8681,Sam,Smith,46,Architect,Paris,49217,2004-05-05,M,Architecture
8682,Jane,Taylor,38,Designer,Toronto,41403,2007-11-12,M,Design
8683,Tom,Williams,55,Architect,London,78807,2006-04-22,F,Architecture
8684,Alex,Johnson,43,Architect,New York,76190,2019-04-15,M,Architecture
8685,Paul,Smith,58,Architect,Paris,40502,2009-04-07,M,Architecture
8686,Mike,Brown,45,Clerk,London,59153,2016-08-10,F,Operations
8687,Tom,Davis,27,Developer,Paris,61980,2023-08-09,M,Engineering
8688,Sara,Jones,40,Clerk,New York,64968,2002-06-19,M,Operations
8689,Sam,Davis,49,Consultant,Berlin,88063,2014-11-13,M,Consulting
8690,Jane,Johnson,22,Developer,Delhi,41076,2004-11-19,M,Engineering
8691,Emma,Jones,51,Architect,Delhi,112176,2015-11-01,M,Architecture
8692,Mike,Garcia,30,Analyst,Toronto,103007,2019-08-25,M,Analytics
8693,Alex,Brown,21,Manager,Dubai,113140,2013-12-23,F,Management
8694,Lisa,Miller,26,Designer,Paris,107534,2024-01-07,M,Design
8695,Sara,Williams,21,Intern,Tokyo,49051,2000-09-21,M,Training
8696,Alex,Davis,34,Analyst,Sydney,93960,2013-04-20,M,Analytics
8697,Jane,Smith,57,Developer,Paris,52267,2020-02-06,M,Engineering
8698,Alex,Garcia,50,Analyst,Delhi,86274,2010-01-24,M,Analytics
8699,Sam,Johnson,34,Lead,Dubai,117033,2017-03-27,M,Leadership
8700,John,Johnson,46,Intern,Singapore,111666,2022-10-03,M,Training
8701,John,Jones,50,Architect,Sydney,50364,2019-06-10,F,Architecture
8702,Sara,Davis,57,Consultant,Berlin,117356,2014-01-22,M,Consulting
8703,Emma,Garcia,33,Engineer,Singapore,83550,2012-11-23,M,Engineering
8704,Mike,Miller,25,Lead,Delhi,107644,2019-03-27,M,Leadership
8705,Mike,Williams,19,Developer,Delhi,32520,2012-10-14,M,Engineering
8706,Sam,Williams,22,Architect,Tokyo,54425,2018-04-23,F,Architecture
8707,Sam,Davis,30,Intern,Toronto,95292,2023-07-02,F,Training
8708,Sam,Williams,44,Manager,Berlin,65904,2021-12-31,M,Management
8709,Jane,Miller,18,Architect,London,35330,2008-12-03,F,Architecture
8710,John,Garcia,27,Consultant,Berlin,36833,2013-05-09,M,Consulting
8711,Tom,Taylor,28,Manager,Sydney,116409,2006-03-15,M,Management
8712,Emma,Taylor,60,Intern,Berlin,83787,2017-10-28,M,Training
8713,Alex,Brown,44,Analyst,Tokyo,76479,2008-08-28,F,Analytics
8714,Alex,Garcia,39,Intern,Tokyo,100027,2000-02-01,M,Training
8715,Alex,Taylor,55,Developer,Tokyo,78966,2003-10-03,F,Engineering
8716,Sam,Wilson,25,Designer,Dubai,44445,2024-06-24,F,Design
8717,John,Davis,37,Developer,Toronto,106192,2006-05-08,F,Engineering
8718,Jane,Smith,34,Developer,Paris,29445,2000-09-11,F,Engineering
8719,Tom,Jones,53,Lead,New York,112652,2019-12-06,F,Leadership
8720,Sam,Johnson,24,Architect,Tokyo,100729,2015-01-13,M,Architecture
8721,Paul,Johnson,46,Analyst,Dubai,69279,2019-07-13,F,Analytics
8722,John,Brown,30,Intern,Toronto,87786,2008-06-12,M,Training
8723,Alex,Garcia,21,Architect,Toronto,N/A,2013-09-21,M,Architecture
8724,Emma,Garcia,48,Engineer,Dubai,87674,2001-10-03,F,Engineering
8725,Mike,Garcia,42,Engineer,Tokyo,92305,2005-12-24,M,Engineering
8726,Alex,Taylor,26,Clerk,New York,31866,2014-09-24,F,Operations
8727,Alex,Davis,27,Architect,Toronto,95971,2010-02-13,F,Architecture
8728,Emma,Williams,21,Analyst,Dubai,118477,2004-01-17,M,Analytics
8729,Emma,Brown,56,Intern,Toronto,65112,2003-10-16,F,Training
8730,Mike,Jones,57,Analyst,Paris,46741,2013-09-21,F,Analytics
8731,Sam,Brown,46,Developer,Berlin,44819,2020-07-08,F,Engineering
8732,Mike,Taylor,39,Developer,London,90141,2010-06-30,M,Engineering
8733,Lisa,Smith,49,Designer,Berlin,93845,2013-05-15,F,Design
8734,Tom,Smith,23,Engineer,Tokyo,40750,2005-04-26,M,Engineering
8735,Tom,Jones,52,Analyst,London,96950,2001-11-27,F,Analytics
8736,Mike,Garcia,54,Architect,Tokyo,45537,2021-11-17,F,Architecture
8737,Sara,Garcia,41,Developer,Delhi,55322,2010-02-24,F,Engineering
8738,Tom,Garcia,24,Lead,Sydney,71648,2014-05-29,F,Leadership
8739,Tom,Wilson,56,Developer,Delhi,115237,2009-09-25,M,Engineering
8740,Sam,Davis,59,Analyst,Tokyo,76043,2021-06-10,F,Analytics
8741,Lisa,Williams,49,Designer,Singapore,105253,2019-01-08,M,Design
8742,Sara,Brown,55,Lead,Berlin,68895,2000-06-30,M,Leadership
8743,Jane,Wilson,53,Manager,Tokyo,40050,2005-08-22,F,Management
8744,Mike,Taylor,23,Designer,Paris,106960,2009-08-12,M,Design
8745,Tom,Garcia,37,Developer,Tokyo,81333,2020-01-06,F,Engineering
8746,Paul,Johnson,44,Clerk,London,82641,2019-07-23,F,Operations
8747,John,Wilson,37,Intern,London,31424,2001-10-16,M,Training
8748,Lisa,Brown,47,Clerk,London,42703,2001-09-29,M,Operations
8749,Mike,Smith,49,Developer,Singapore,114967,2011-11-19,M,Engineering
8750,Alex,Smith,29,Designer,Dubai,27696,2007-10-11,F,Design
8751,Alex,Miller,34,Designer,Dubai,85686,2015-12-18,M,Design
8752,John,Wilson,30,Manager,Sydney,119033,2004-04-02,M,Management
8753,Sara,Brown,47,Consultant,New York,109971,2010-04-07,F,Consulting
8754,Paul,Smith,43,Clerk,Delhi,28017,2013-06-14,F,Operations
8755,Jane,Wilson,31,Architect,Paris,119476,2008-07-08,M,Architecture
8756,Alex,Miller,44,Engineer,Paris,49177,2008-06-09,F,Engineering
8757,Sara,Garcia,57,Developer,Delhi,110656,2009-04-18,F,Engineering
8758,Emma,Jones,35,Designer,Berlin,99018,2022-09-21,F,Design
8759,Alex,Garcia,54,Manager,New York,89346,2000-08-09,F,Management
8760,John,Johnson,59,Consultant,Sydney,95637,2005-08-28,F,Consulting
8761,Lisa,Miller,21,Manager,Delhi,84113,2017-07-05,F,Management
8762,Jane,Smith,19,Lead,Toronto,40921,2005-05-03,F,Leadership
8763,Paul,Miller,55,Developer,Dubai,47703,2023-09-25,F,Engineering
8764,Alex,Smith,39,Manager,Toronto,93064,2002-02-03,M,Management
8765,Lisa,Taylor,28,Consultant,Paris,98637,2002-11-23,F,Consulting
8766,Lisa,Jones,27,Designer,London,71403,2002-05-15,M,Design
8767,Tom,Williams,32,Developer,Sydney,49198,2013-11-21,F,Engineering
8768,Mike,Wilson,27,Designer,Sydney,71141,2015-11-14,F,Design
8769,Sam,Williams,55,Intern,Dubai,92271,2005-02-01,F,Training
8770,Jane,Smith,37,Intern,London,80336,2006-01-04,F,Training
8771,Alex,Miller,36,Consultant,Paris,78726,2018-05-09,M,Consulting
8772,Sam,Jones,37,Intern,Dubai,80565,2014-11-03,F,Training
8773,Emma,Jones,24,Intern,Toronto,96665,2023-11-16,F,Training
8774,Mike,Smith,42,Architect,Singapore,34493,2015-02-21,F,Architecture
8775,Emma,Garcia,35,Engineer,Tokyo,54021,2020-02-17,F,Engineering
8776,Mike,Garcia,30,Designer,Sydney,43787,2012-08-06,F,Design
8777,Tom,Brown,24,Architect,Delhi,109284,2015-05-09,F,Architecture
8778,Lisa,Garcia,25,Clerk,London,96059,2009-11-25,F,Operations
8779,Emma,Smith,46,Developer,Toronto,96753,2003-12-04,F,Engineering
8780,Tom,Brown,24,Engineer,London,28206,2006-04-18,F,Engineering
8781,Emma,Williams,31,Designer,New York,76353,2003-12-24,M,Design
8782,Tom,Miller,18,Consultant,Dubai,47759,2007-09-15,M,Consulting
8783,Lisa,Jones,49,Architect,Delhi,85230,2015-06-28,F,Architecture
8784,Mike,Taylor,37,Intern,Paris,91916,2014-01-16,M,Training
8785,Emma,Smith,20,Architect,Sydney,50304,2010-05-25,M,Architecture
8786,Paul,Wilson,19,Analyst,New York,91428,2006-02-17,F,Analytics
8787,Alex,Jones,33,Intern,Berlin,95088,2015-11-01,F,Training
8788,Lisa,Miller,31,Lead,London,80653,2012-01-03,M,Leadership
8789,Alex,Wilson,57,Clerk,Tokyo,118213,2024-05-22,F,Operations
8790,Jane,Johnson,33,Designer,Berlin,40306,2008-03-31,M,Design
8791,John,Garcia,38,Architect,London,111235,2024-11-25,F,Architecture
8792,Alex,Johnson,52,Analyst,Paris,33828,2006-02-26,M,Analytics
8793,Mike,Taylor,38,Developer,London,63023,2011-03-17,M,Engineering
8794,Sam,Davis,18,Developer,Delhi,90858,2000-11-11,M,Engineering
8795,Sam,Garcia,28,Lead,London,40211,2011-12-01,F,Leadership
8796,Alex,Wilson,55,Designer,Sydney,100766,2001-09-27,M,Design
8797,Alex,Brown,55,Manager,Tokyo,48779,2009-09-03,F,Management
8798,Lisa,Jones,41,Manager,Paris,64518,2005-10-05,M,Management
8799,Tom,Williams,29,Clerk,Sydney,103959,2016-12-11,F,Operations
8800,Mike,Brown,50,Designer,Delhi,107868,2016-10-31,M,Design
8801,Alex,Wilson,22,Clerk,Singapore,105424,2014-10-04,M,Operations
8802,Sam,Brown,52,Manager,Dubai,35429,2020-09-21,M,Management
8803,Sara,Williams,19,Analyst,New York,44241,2014-09-19,F,Analytics
8804,Lisa,Smith,55,Manager,Toronto,80523,2024-04-10,F,Management
8805,Mike,Miller,43,Designer,Sydney,76794,2024-01-08,F,Design
8806,Mike,Wilson,19,Lead,Paris,69105,2005-10-31,M,Leadership
8807,Tom,Garcia,42,Analyst,London,77188,2017-02-18,F,Analytics
8808,Sam,Miller,41,Developer,Paris,103036,2012-04-09,M,Engineering
8809,Alex,Wilson,52,Designer,Paris,51699,2009-04-14,M,Design
8810,Emma,Johnson,45,Analyst,Toronto,76507,2006-12-20,M,Analytics
8811,Sam,Brown,58,Lead,Delhi,33562,2024-04-27,F,Leadership
8812,Alex,Miller,36,Architect,Toronto,89787,2022-11-04,M,Architecture
8813,Tom,Garcia,44,Manager,Tokyo,63343,2001-09-24,F,Management
8814,Alex,Williams,35,Designer,Dubai,60501,2007-04-14,M,Design
8815,Lisa,Smith,25,Manager,Paris,99431,2010-01-24,M,Management
8816,Alex,Johnson,56,Clerk,Dubai,79337,2014-09-02,M,Operations
8817,Sara,Smith,59,Analyst,Paris,114416,2008-03-27,F,Analytics
8818,Lisa,Williams,42,Clerk,Berlin,84233,2013-11-24,M,Operations
8819,Sara,Jones,18,Manager,Paris,80743,2013-06-05,M,Management
8820,Alex,Taylor,26,Engineer,Delhi,39637,2013-04-27,M,Engineering
8821,Mike,Garcia,31,Consultant,Singapore,112528,2009-10-13,F,Consulting
8822,Mike,Miller,35,Consultant,Dubai,70766,2006-09-24,F,Consulting
8823,Emma,Williams,25,Designer,Singapore,26303,2024-08-08,M,Design
8824,Lisa,Jones,22,Clerk,London,35707,2023-07-23,F,Operations
8825,Sam,Williams,46,Analyst,New York,65153,2013-08-27,M,Analytics
8826,Sam,Davis,60,Designer,Sydney,98943,2018-11-06,M,Design
8827,Tom,Miller,47,Analyst,Dubai,101062,2001-09-18,F,Analytics
8828,Tom,Garcia,59,Developer,Delhi,113203,2015-09-12,M,Engineering
8829,Alex,Wilson,53,Developer,Dubai,76942,2006-09-05,F,Engineering
8830,Sam,Williams,28,Lead,Dubai,41746,2014-08-22,M,Leadership
8831,Paul,Miller,28,Architect,Sydney,113001,2020-09-06,F,Architecture
8832,Sara,Wilson,50,Intern,Toronto,102853,2023-09-24,M,Training
8833,Sam,Wilson,49,Architect,Toronto,105352,2013-04-28,F,Architecture
8834,Mike,Brown,55,Manager,Dubai,81329,2007-07-05,M,Management
8835,John,Jones,24,Designer,Berlin,97556,2012-04-29,F,Design,extra_field
8836,John,Williams,53,Analyst,Toronto,32763,2012-06-13,F,Analytics
8837,Sam,Smith,42,Designer,London,98480,2005-07-02,F,Design
8838,Mike,Williams,37,Manager,Toronto,27525,2012-01-30,M,Management
8839,Sam,Garcia,36,Developer,Tokyo,103478,2000-05-31,M,Engineering
8840,Mike,Johnson,56,Consultant,Paris,55704,2008-02-27,F,Consulting
8841,Alex,Miller,59,Developer,Delhi,57857,2004-12-17,M,Engineering
8842,Emma,Taylor,45,Clerk,Dubai,79841,2005-12-23,M,Operations
8843,Paul,Wilson,25,Analyst,Tokyo,57653,2020-02-26,F,Analytics
8844,Alex,Johnson,23,Consultant,Paris,95866,2015-04-12,M,Consulting
8845,Paul,Johnson,25,Architect,Berlin,108461,2015-02-14,F,Architecture
8846,Sam,Smith,46,Designer,Singapore,55805,2008-07-24,F,Design
8847,Sam,Taylor,37,Analyst,Dubai,70182,2013-05-24,F,Analytics
8848,Sara,Davis,53,Intern,Berlin,80648,2010-08-24,F,Training
8849,Jane,Davis,28,Analyst,Toronto,72549,2001-02-10,M,Analytics
8850,Lisa,Williams,35,Analyst,New York,90393,2015-04-11,F,Analytics
8851,John,Garcia,46,Consultant,Toronto,83039,2007-12-22,M,Consulting
8852,Paul,Brown,26,Developer,Tokyo,83281,2012-10-19,M,Engineering
8853,Emma,Taylor,37,Consultant,Tokyo,118385,2015-03-09,F,Consulting
8854,Tom,Williams,42,Consultant,London,109648,2023-07-23,M,Consulting
8855,John,Smith,58,Manager,Paris,111674,2020-06-26,F,Management
8856,Tom,Wilson,57,Developer,Dubai,64555,2002-06-02,M,Engineering
8857,Jane,Wilson,29,Architect,Paris,102453,2009-01-06,F,Architecture
8858,Alex,Wilson,45,Intern,Dubai,116836,2002-07-06,M,Training
8859,Emma,Smith,52,Lead,Toronto,117788,2015-04-07,F,Leadership
8860,Lisa,Taylor,59,Consultant,Singapore,109369,2024-03-30,F,Consulting
8861,Alex,Jones,48,Clerk,Tokyo,50972,2001-10-16,F,Operations
8862,Jane,Davis,39,Architect,Tokyo,33683,2024-10-01,F,Architecture
8863,Sam,Wilson,53,Architect,Toronto,97335,2010-02-26,M,Architecture
8864,Alex,Brown,51,Developer,Sydney,117100,2005-06-12,F,Engineering
8865,John,Johnson,55,Clerk,London,89770,2020-02-15,M,Operations
8866,Jane,Johnson,26,Developer,Toronto,91090,2004-10-22,F,Engineering
8867,Emma,Jones,37,Architect,Paris,76647,2001-02-07,F,Architecture
8868,Paul,Smith,44,Intern,London,111083,2017-09-05,F,Training
8869,Paul,Davis,36,Manager,Sydney,56056,2013-10-07,M,Management
8870,Tom,Miller,34,Architect,Berlin,28228,2013-06-03,F,Architecture
8871,Paul,Brown,40,Clerk,Berlin,56455,2009-06-06,F,Operations
8872,Mike,Davis,44,Manager,Singapore,65246,2008-03-14,F,Management
8873,Tom,Brown,33,Developer,New York,52638,2001-12-01,M,Engineering
8874,Mike,Davis,44,Engineer,Singapore,54608,2000-02-03,F,Engineering
8875,Mike,Brown,24,Analyst,Toronto,57092,2024-09-12,M,Analytics
8876,Lisa,Brown,38,Consultant,Dubai,68462,2019-12-26,F,Consulting
8877,Emma,Miller,51,Analyst,Paris,28573,2020-09-11,M,Analytics
8878,Sam,Johnson,21,Architect,Toronto,60223,2001-09-28,F,Architecture
8879,Paul,Williams,40,Architect,New York,99211,2000-03-15,M,Architecture
8880,Sam,Miller,56,Designer,Toronto,59562,2012-12-17,M,Design
8881,Emma,Garcia,24,Engineer,Dubai,111624,2001-03-26,M,Engineering
8882,Sam,Williams,25,Architect,Dubai,28238,2009-09-22,M,Architecture
8883,Alex,Taylor,51,Analyst,Toronto,103989,2018-02-16,M,Analytics
8884,Mike,Smith,55,Lead,Paris,104754,2008-09-27,M,Leadership
8885,Lisa,Williams,43,Designer,Delhi,58850,2010-10-03,M,Design
8886,John,Johnson,25,Analyst,Toronto,105490,2004-10-22,M,Analytics
8887,Paul,Taylor,30,Lead,Paris,56607,2013-10-27,F,Leadership
8888,Sara,Wilson,53,Lead,Toronto,85609,2005-02-06,M,Leadership
8889,Sam,Davis,47,Engineer,Toronto,69276,2003-05-22,M,Engineering
8890,Alex,Davis,51,Architect,Tokyo,59788,2009-09-01,F,Architecture
8891,Sara,Jones,25,Developer,Toronto,72482,2011-06-28,M,Engineering
8892,Tom,Williams,53,Intern,Toronto,101535,2004-07-03,M,Training
8893,Emma,Williams,30,Designer,Toronto,89335,2023-04-08,F,Design
8894,Mike,Wilson,40,Lead,Toronto,114451,2000-02-21,M,Leadership
8895,Mike,Smith,60,Developer,Berlin,95966,2011-08-30,F,Engineering
8896,Mike,Williams,54,Consultant,Delhi,104872,2014-08-27,F,Consulting
8897,Mike,Garcia,57,Developer,Berlin,113623,2006-02-10,M,Engineering
8898,Sara,Smith,45,Consultant,Singapore,52870,2005-11-11,F,Consulting
8899,Tom,Smith,38,Intern,Paris,34174,2005-02-13,M,Training
8900,Tom,,32,Manager,Delhi,59630,2009-04-29,M,Management
8901,Mike,Smith,55,Clerk,London,44900,2003-07-10,M,Operations
8902,Tom,Johnson,53,Architect,Sydney,30320,2009-02-24,F,Architecture
8903,Jane,Garcia,44,Manager,Toronto,112315,2015-04-01,M,Management
8904,Alex,Johnson,44,Engineer,Toronto,46609,2015-10-23,F,Engineering
8905,Mike,Miller,24,Intern,New York,25227,2008-04-30,F,Training
8906,Emma,Johnson,28,Clerk,Tokyo,56387,2005-07-12,M,Operations
8907,Sara,Williams,30,Developer,Toronto,44222,2004-12-13,M,Engineering
8908,Jane,Jones,31,Analyst,Delhi,97674,2013-05-17,M,Analytics
8909,Lisa,Jones,57,Lead,Sydney,75364,2024-04-24,F,Leadership
8910,Sam,Garcia,42,Designer,Tokyo,112859,2023-08-23,F,Design
8911,Mike,Brown,55,Clerk,Toronto,116195,2007-12-12,M,Operations
8912,Sam,Wilson,28,Architect,Paris,118163,2012-10-15,F,Architecture
8913,Tom,Brown,33,Designer,Singapore,43417,2006-04-20,M,Design
8914,Sara,Davis,49,Developer,Singapore,76091,2017-04-04,M,Engineering
8915,Lisa,Davis,53,Developer,Paris,73865,2020-05-13,M,Engineering
8916,Mike,Jones,29,Engineer,Berlin,48756,2015-06-05,F,Engineering
8917,Paul,Smith,47,Architect,Delhi,97830,2015-01-04,M,Architecture
8918,Mike,Jones,45,Designer,Dubai,83583,2017-11-01,F,Design
8919,Paul,Brown,40,Manager,Singapore,110117,2006-11-23,F,Management
8920,Lisa,Miller,37,Designer,Sydney,72427,2007-03-06,M,Design
8921,Sara,Williams,21,Engineer,London,89859,2001-07-13,F,Engineering
8922,Sam,Jones,44,Engineer,Tokyo,80334,2007-08-04,F,Engineering
8923,Tom,Jones,47,Designer,Sydney,100735,2015-07-21,M,Design
8924,Lisa,Smith,22,Clerk,London,62320,2005-12-13,M,Operations
8925,Emma,Garcia,25,Architect,Tokyo,100070,2015-12-22,F,Architecture
8926,Sam,Garcia,52,Developer,Paris,54779,2005-11-11,F,Engineering
8927,Sam,Johnson,18,Lead,London,57819,2012-08-15,F,Leadership
8928,John,Davis,27,Lead,Sydney,34549,2014-09-28,M,Leadership
8929,Paul,Garcia,19,Engineer,Sydney,96571,2011-10-15,F,Engineering
8930,Lisa,Wilson,48,Developer,Paris,31277,2022-01-07,M,Engineering
8931,Paul,Brown,36,Consultant,Sydney,77115,2010-03-06,F,Consulting
8932,Paul,Garcia,50,Intern,London,103826,2018-11-04,F,Training
8933,Emma,Johnson,50,Clerk,Singapore,82622,2010-07-30,M,Operations
8934,Emma,Wilson,44,Architect,New York,41590,2006-11-13,F,Architecture
8935,Jane,Garcia,32,Developer,Berlin,115450,2015-04-22,F,Engineering
8936,Alex,Jones,34,Designer,Sydney,57495,2016-04-02,M,Design
8937,Tom,Miller,42,Developer,Paris,113899,2001-08-07,F,Engineering
8938,Emma,Taylor,58,Architect,Sydney,108916,2013-01-19,M,Architecture
8939,Lisa,Brown,44,Intern,Berlin,58536,2006-03-04,F,Training
8940,John,Miller,37,Lead,Sydney,55596,2011-05-06,M,Leadership
8941,John,Miller,39,Consultant,Tokyo,39262,2006-02-05,F,Consulting
8942,Sam,Miller,47,Consultant,New York,39987,2008-07-29,F,Consulting
8943,Jane,Garcia,40,Engineer,Dubai,45209,2013-01-14,M,Engineering
8944,Lisa,Williams,37,Intern,Toronto,72060,2000-02-01,M,Training
8945,Tom,Taylor,30,Manager,Delhi,32046,2014-06-04,M,Management
8946,Tom,Wilson,41,Architect,Delhi,55963,2001-05-15,M,Architecture
8947,Alex,Taylor,47,Analyst,Delhi,84347,2009-09-18,F,Analytics
8948,Mike,Davis,23,Consultant,Tokyo,51959,2010-03-10,F,Consulting
8949,Sara,Jones,29,Clerk,Singapore,56426,2002-01-23,F,Operations
8950,Emma,Williams,54,Consultant,New York,85460,2005-08-30,F,Consulting
8951,Sam,Brown,51,Manager,Paris,61611,2020-10-09,M,Management
8952,Mike,Williams,24,Designer,Tokyo,104969,2005-04-15,F,Design
8953,Lisa,Taylor,42,Architect,Berlin,77708,2000-05-22,F,Architecture
8954,Tom,Brown,26,Intern,Singapore,68175,2005-12-06,F,Training
8955,Paul,Taylor,18,Clerk,New York,91750,2010-05-10,M,Operations
8956,Paul,Johnson,52,Designer,Tokyo,60151,2011-01-14,M,Design
8957,Alex,Davis,40,Engineer,New York,68002,2018-10-05,M,Engineering
8958,Tom,Brown,50,Consultant,Dubai,61581,2021-01-03,M,Consulting
8959,Lisa,Garcia,53,Designer,Delhi,88914,2020-04-13,M,Design
8960,Mike,Williams,29,Clerk,Singapore,94685,2006-03-16,M,Operations
8961,Lisa,Davis,38,Lead,Toronto,36386,2009-10-02,F,Leadership
8962,Emma,Brown,40,Manager,Sydney,44037,2015-04-30,F,Management
8963,Paul,Davis,31,Engineer,Paris,119013,2000-09-14,M,Engineering
8964,Sam,Williams,42,Architect,London,100738,2016-12-12,M,Architecture
8965,Sam,Jones,34,Designer,Paris,111163,2013-07-19,F,Design
8966,Lisa,Williams,20,Clerk,Dubai,97703,2001-01-31,M,Operations
8967,Jane,Johnson,24,Lead,Tokyo,116046,2005-04-28,F,Leadership
8968,Paul,Wilson,57,Engineer,Sydney,29244,2021-08-08,F,Engineering
8969,Lisa,Davis,30,Intern,Tokyo,37100,2022-08-08,M,Training
8970,Alex,Jones,31,Lead,Singapore,84007,2014-04-07,F,Leadership
8971,Paul,Jones,55,Clerk,Singapore,65586,2024-09-02,F,Operations
8972,Lisa,Miller,22,Lead,Singapore,83524,2012-09-22,F,Leadership
8973,Sara,Jones,38,Intern,Paris,32869,2001-03-21,M,Training
8974,Sara,Miller,35,Manager,Delhi,105814,2005-01-25,M,Management
8975,Lisa,Brown,47,Engineer,Berlin,115452,2015-06-12,F,Engineering
8976,Alex,Miller,50,Consultant,New York,66499,2003-07-22,F,Consulting
8977,Jane,Smith,47,Intern,Sydney,27262,2016-12-31,F,Training
8978,Mike,Jones,32,Manager,London,72386,2008-12-14,M,Management
8979,Jane,Miller,27,Designer,Sydney,50550,2007-10-05,M,Design
8980,John,Johnson,24,Consultant,Paris,115197,2019-04-02,M,Consulting
8981,Sara,Taylor,60,Designer,Toronto,80554,2003-06-02,M,Design
8982,Sam,Smith,35,Lead,Dubai,30864,2010-03-15,F,Leadership
8983,Sara,Taylor,38,Intern,London,98547,2004-05-25,F,Training
8984,John,Davis,60,Developer,Paris,71060,2013-06-13,F,Engineering
8985,Mike,Wilson,47,Developer,Singapore,42422,2005-09-23,F,Engineering
8986,Emma,Wilson,54,Consultant,Berlin,26461,2020-11-15,M,Consulting
8987,Jane,Johnson,18,Developer,London,48462,2008-04-13,M,Engineering
8988,John,Miller,27,Analyst,Paris,50368,2003-04-25,F,Analytics
8989,Lisa,Brown,57,Analyst,Tokyo,98814,2014-02-15,M,Analytics
8990,Lisa,Johnson,53,Manager,Sydney,62876,2014-03-16,M,Management
8991,John,Miller,45,Designer,Toronto,107657,2021-12-28,M,Design
8992,Jane,Wilson,54,Lead,London,45785,2006-07-25,M,Leadership
8993,Sam,Johnson,24,Clerk,Singapore,66626,2015-12-05,M,Operations
8994,Sara,Taylor,51,Consultant,Berlin,104674,2006-01-07,F,Consulting
8995,Jane,Miller,20,Intern,Toronto,60702,2004-09-18,F,Training
8996,Paul,Miller,23,Consultant,New York,91187,2000-02-24,M,Consulting
8997,Sam,Smith,41,Manager,London,47516,99-99-9999,M,Management
8998,John,Garcia,57,Designer,Paris,63223,2021-11-02,F,Design
8999,Mike,Taylor,51,Consultant,Paris,105917,2016-11-28,F,Consulting
9000,Paul,Garcia,24,Intern,Delhi,106155,2024-10-26,F,Training
9001,Jane,Garcia,45,Clerk,Singapore,87545,2010-10-14,M,Operations
9002,Alex,Brown,19,Engineer,Tokyo,67538,2005-01-10,M,Engineering
9003,Emma,Brown,51,Designer,Toronto,37313,2001-12-21,M,Design
9004,Sam,Brown,45,Architect,Paris,54820,2013-08-10,M,Architecture
9005,Emma,Williams,18,Developer,Berlin,77616,2016-08-03,M,Engineering
9006,Paul,Smith,41,Lead,New York,57296,2020-08-02,F,Leadership
9007,Sam,Garcia,57,Analyst,Toronto,87368,2003-07-08,F,Analytics
9008,Emma,Brown,23,Intern,Singapore,101850,2016-11-02,F,Training
9009,Sara,Johnson,55,Clerk,Tokyo,119601,2013-10-01,F,Operations
9010,Tom,Miller,18,Clerk,Sydney,41610,2018-02-07,F,Operations
9011,Jane,Miller,57,Manager,Berlin,98380,2004-06-27,M,Management
9012,Sara,Miller,41,Architect,Tokyo,106297,2021-07-11,M,Architecture
9013,Sam,Davis,28,Designer,Berlin,61926,2024-12-28,M,Design
9014,Alex,Williams,42,Designer,Tokyo,98432,2019-01-10,M,Design
9015,Paul,Miller,26,Engineer,Sydney,62202,2013-05-07,M,Engineering
9016,Jane,Jones,41,Developer,Berlin,95437,2000-02-11,F,Engineering
9017,Sara,Taylor,54,Designer,Delhi,49665,2008-03-21,F,Design
9018,Sam,Jones,45,Consultant,Tokyo,110944,2013-04-02,F,Consulting
9019,Tom,Miller,33,Engineer,Delhi,104223,2011-04-13,F,Engineering
9020,Sara,Williams,53,Lead,Delhi,50305,2002-07-14,F,Leadership
9021,Sam,Johnson,33,Architect,New York,118722,2002-04-13,F,Architecture
9022,Lisa,Wilson,40,Consultant,London,72113,2006-11-29,F,Consulting
9023,Tom,Brown,23,Manager,Singapore,54761,2017-11-18,F,Management
9024,Mike,Brown,37,Architect,Dubai,61220,2002-08-19,M,Architecture
9025,Emma,Smith,28,Lead,Delhi,66830,2008-10-11,M,Leadership
9026,Tom,Garcia,43,Developer,Dubai,86610,2011-03-14,F,Engineering
9027,Mike,Taylor,52,Manager,New York,33038,2021-11-24,M,Management
9028,John,Wilson,34,Analyst,Delhi,75345,2012-08-18,F,Analytics
9029,Alex,Brown,29,Intern,Berlin,91699,2008-12-15,F,Training
9030,John,Davis,50,Developer,Berlin,74231,2000-10-09,M,Engineering
9031,Tom,Jones,45,Architect,Delhi,52846,2015-10-21,F,Architecture
9032,Jane,Williams,30,Intern,London,37280,2019-06-17,M,Training
9033,Tom,Williams,24,Engineer,Sydney,68443,2014-01-23,M,Engineering
9034,Sara,Taylor,48,Developer,Paris,58200,2004-11-06,F,Engineering
9035,John,Garcia,43,Analyst,Paris,34040,2017-06-14,M,Analytics
9036,Mike,Johnson,34,Lead,Paris,87880,2011-12-05,F,Leadership
9037,Paul,Brown,18,Analyst,Paris,108595,2022-12-12,M,Analytics
9038,Sara,Brown,54,Designer,Sydney,91654,2021-04-28,M,Design
9039,Sam,Smith,30,Clerk,Singapore,57304,2009-06-28,F,Operations
9040,Alex,Garcia,27,Lead,Singapore,35160,2020-08-19,M,Leadership
9041,John,Jones,28,Architect,Tokyo,52199,2008-02-06,F,Architecture
9042,Tom,Jones,18,Designer,Singapore,80316,2010-10-30,F,Design
9043,Sara,Jones,34,Manager,Singapore,35856,2004-05-18,M,Management
9044,Mike,Wilson,26,Clerk,Paris,101248,2016-07-03,F,Operations
9045,Mike,Garcia,54,Analyst,Berlin,78786,2024-11-22,F,Analytics
9046,John,Taylor,37,Lead,Sydney,75518,2006-11-07,F,Leadership
9047,Jane,Jones,25,Clerk,London,73633,2016-08-05,F,Operations
9048,Paul,Brown,26,Clerk,Paris,104418,2006-01-18,F,Operations
9049,Lisa,Smith,39,Engineer,Paris,79261,2015-12-28,M,Engineering
9050,Paul,Miller,23,Consultant,Sydney,63793,2021-07-04,M,Consulting
9051,Alex,Brown,24,Manager,Dubai,35639,2010-04-18,M,Management
9052,Lisa,Taylor,43,Architect,London,90266,2023-11-14,F,Architecture
9053,Emma,Wilson,34,Analyst,Sydney,73238,2014-10-20,M,Analytics
9054,Sam,Davis,34,Manager,Toronto,39487,2013-02-09,M,Management
9055,Sara,Davis,18,Consultant,New York,113429,2021-08-26,M,Consulting
9056,Mike,Miller,39,Consultant,Toronto,75481,2019-09-20,M,Consulting
9057,Paul,Jones,27,Developer,Tokyo,66297,2019-04-10,F,Engineering
9058,Mike,Brown,32,Designer,Toronto,89709,2005-06-21,F,Design
9059,Mike,Brown,37,Intern,Paris,36328,2021-03-05,F,Training
9060,Mike,Johnson,42,Intern,Berlin,70747,2008-08-21,M,Training
9061,Sam,Smith,28,Intern,Singapore,82769,2022-07-28,F,Training
9062,Lisa,Williams,30,Manager,London,99179,2011-12-03,M,Management
9063,Mike,Jones,22,Intern,Tokyo,106727,2000-10-18,M,Training
9064,Alex,Taylor,56,Engineer,London,67593,2011-11-16,M,Engineering
9065,John,Smith,43,Architect,Toronto,62921,2019-12-21,M,Architecture
9066,Mike,Taylor,30,Engineer,Berlin,37477,2018-04-16,F,Engineering
9067,Tom,Johnson,53,Designer,Tokyo,90354,2004-09-19,F,Design
9068,Lisa,Wilson,26,Architect,Singapore,110524,2020-02-07,F,Architecture
9069,Lisa,Miller,40,Intern,New York,80935,2012-02-20,F,Training
9070,Lisa,Miller,59,Analyst,London,93967,2022-03-27,M,Analytics
9071,Sara,Davis,29,Lead,Berlin,58818,2006-05-17,M,Leadership
9072,Tom,Garcia,26,Engineer,Singapore,96681,2022-03-03,F,Engineering
9073,Emma,Johnson,43,Designer,Tokyo,92392,2014-02-16,F,Design
9074,John,Miller,57,Consultant,Delhi,30784,2021-11-18,M,Consulting
9075,Jane,Taylor,47,Developer,Singapore,34638,2018-11-29,M,Engineering
9076,Mike,Brown,57,Engineer,Dubai,113645,2003-10-28,M,Engineering
9077,Mike,Johnson,39,Manager,Toronto,96091,2000-11-24,F,Management
9078,Lisa,Davis,34,Analyst,Paris,57463,2002-05-10,F,Analytics
9079,Alex,Smith,47,Designer,Dubai,44755,2001-02-27,F,Design
9080,Alex,Johnson,31,Manager,London,88411,2010-11-22,M,Management
9081,Sam,Garcia,45,Consultant,Singapore,106080,2015-12-20,F,Consulting
9082,Sara,Garcia,23,Designer,London,102216,2023-05-01,M,Design
9083,Tom,Davis,30,Developer,Toronto,93923,2004-02-25,M,Engineering
9084,Jane,Taylor,22,Lead,Dubai,53987,2008-10-05,M,Leadership
9085,Sara,Wilson,32,Clerk,Berlin,47332,2009-03-07,M,Operations
9086,Tom,Wilson,57,Clerk,Delhi,39117,2001-09-01,F,Operations
9087,Mike,Garcia,54,Developer,Sydney,67031,2011-03-27,M,Engineering
9088,Jane,Miller,18,Intern,Singapore,71349,2017-05-27,M,Training
9089,Emma,Williams,45,Intern,Dubai,81294,2017-11-17,M,Training
9090,Lisa,Jones,60,Architect,Singapore,70463,2006-04-28,M,Architecture
9091,Tom,Davis,19,Intern,London,30681,2016-09-18,M,Training
9092,Lisa,Garcia,36,Architect,Paris,79091,2015-10-07,F,Architecture
9093,Mike,Williams,48,Manager,New York,94324,2018-04-19,M,Management
9094,Tom,Brown,35,Analyst,London,99645,2024-08-29,F,Analytics
9095,Sara,Miller,53,Analyst,Dubai,85230,2018-10-23,M,Analytics
9096,Sara,Jones,49,Architect,Delhi,73373,2000-05-12,M,Architecture
9097,Emma,Jones,41,Engineer,Paris,63771,2006-10-09,F,Engineering
9098,John,Taylor,57,Designer,Singapore,56573,2012-09-15,F,Design
9099,Emma,Brown,52,Designer,Dubai,93687,2022-11-25,M,Design
9100,Tom,Brown,34,Architect,New York,84553,2003-08-05,M,Architecture
9101,Sara,Brown,25,Clerk,London,27950,2023-03-20,M,Operations
9102,John,Davis,26,Developer,Singapore,74852,2024-04-06,M,Engineering
9103,Lisa,Davis,53,Intern,London,103805,2005-12-06,F,Training
9104,Emma,Jones,27,Developer,New York,68957,2008-05-06,F,Engineering
9105,Paul,Taylor,48,Designer,Berlin,74268,2023-04-05,F,Design
9106,Tom,Jones,33,Clerk,London,72532,2016-09-07,F,Operations
9107,Lisa,Garcia,22,Developer,Tokyo,102551,2006-12-27,F,Engineering
9108,Jane,Wilson,53,Intern,Berlin,30068,2004-11-16,M,Training
9109,John,Williams,34,Clerk,London,79017,2014-04-16,M,Operations
9110,Paul,Jones,34,Analyst,Singapore,107382,2013-10-06,M,Analytics
9111,Sara,Johnson,39,Engineer,London,27917,2023-04-28,F,Engineering
9112,Sara,Smith,33,Engineer,Delhi,69468,2014-06-09,F,Engineering
9113,Jane,Jones,22,Manager,London,112384,2004-02-17,F,Management
9114,Paul,Wilson,22,Clerk,London,52011,2013-09-02,M,Operations
9115,Mike,Davis,47,Intern,London,79234,2020-10-29,M,Training
9116,Emma,Wilson,34,Developer,Berlin,59518,2010-02-20,M,Engineering
9117,Emma,Garcia,32,Designer,Singapore,80503,2012-08-22,M,Design
9118,Tom,Jones,43,Developer,Paris,51688,2017-01-17,F,Engineering
9119,Sara,Brown,53,Analyst,New York,53441,2007-05-04,M,Analytics
9120,Lisa,Wilson,39,Clerk,Berlin,108447,2022-06-21,M,Operations
9121,Lisa,Williams,35,Intern,Tokyo,66164,2024-12-11,M,Training
9122,Tom,Miller,56,Analyst,Delhi,53368,2021-07-28,F,Analytics
9123,John,Jones,34,Developer,New York,42300,2020-04-08,F,Engineering
9124,Paul,Taylor,51,Lead,Toronto,111049,2023-06-18,M,Leadership
9125,John,Smith,51,Designer,London,48190,2017-06-09,F,Design
9126,Jane,Brown,49,Developer,Delhi,26022,2015-08-01,M,Engineering
9127,Alex,Smith,38,Analyst,Singapore,75412,2009-10-06,M,Analytics
9128,Sam,Taylor,60,Manager,Sydney,93516,2016-08-12,F,Management
9129,Tom,Williams,30,Designer,Berlin,80517,2012-11-09,F,Design
9130,John,Garcia,50,Analyst,Paris,38256,2006-01-23,M,Analytics
9131,Emma,Taylor,47,Intern,Sydney,110295,2005-02-22,F,Training
9132,Jane,Williams,55,Engineer,Berlin,59491,2004-11-02,F,Engineering
9133,Lisa,Jones,19,Engineer,Delhi,68004,2009-01-11,F,Engineering
9134,Sara,Garcia,22,Designer,Paris,27095,2012-12-01,F,Design
9135,Sara,Garcia,56,Analyst,New York,57624,2001-05-07,F,Analytics
9136,Mike,Miller,22,Developer,Tokyo,38989,2011-03-29,M,Engineering
9137,Sara,Wilson,49,Intern,Paris,111774,2002-12-07,M,Training
9138,Sara,Brown,22,Architect,Toronto,97011,2001-03-21,F,Architecture
9139,Jane,Williams,37,Consultant,Delhi,71626,2015-03-13,F,Consulting
9140,Paul,Jones,47,Intern,Singapore,74021,2024-10-19,F,Training
9141,John,Garcia,59,Lead,New York,81657,2002-05-10,M,Leadership
9142,Sara,Garcia,47,Intern,Singapore,89651,2019-08-28,F,Training
9143,Jane,Wilson,18,Analyst,Dubai,96868,2007-04-03,M,Analytics
9144,Sara,Garcia,18,Manager,New York,48765,2020-02-14,F,Management
9145,Alex,Johnson,49,Architect,Sydney,41129,2009-04-02,F,Architecture
9146,Emma,Wilson,24,Developer,Delhi,102327,2006-04-22,M,Engineering
9147,Jane,Miller,30,Engineer,Berlin,38990,2015-01-03,F,Engineering
9148,Sam,Davis,29,Intern,Paris,35986,2014-04-04,F,Training
9149,Emma,Garcia,24,Lead,Sydney,43707,2023-05-03,M,Leadership
9150,Emma,Davis,57,Designer,Toronto,90381,2015-07-22,M,Design
9151,Lisa,Taylor,29,Lead,Delhi,75345,2019-04-01,M,Leadership
9152,Sara,Jones,46,Intern,Sydney,102193,2000-05-15,F,Training
9153,Emma,Williams,25,Developer,Tokyo,55905,2016-03-06,F,Engineering
9154,Mike,Wilson,20,Consultant,New York,38518,2021-12-01,F,Consulting
9155,Emma,Garcia,25,Designer,Paris,102024,2016-12-22,F,Design
9156,Mike,Brown,37,Intern,Dubai,69170,2001-12-04,F,Training
9157,Emma,Garcia,30,Designer,Paris,27100,2019-11-28,F,Design
9158,Mike,Garcia,31,Developer,Berlin,83662,2011-08-01,F,Engineering
9159,Mike,Johnson,38,Consultant,Berlin,85245,2010-06-08,M,Consulting
9160,John,Brown,34,Architect,Paris,25307,2014-06-03,M,Architecture
9161,Sara,Smith,27,Consultant,New York,60198,2013-02-03,M,Consulting
9162,Mike,Jones,33,Developer,Toronto,51078,2008-05-01,M,Engineering
9163,Lisa,Johnson,50,Engineer,London,91018,2004-12-24,M,Engineering
9164,Paul,Jones,39,Clerk,Paris,96931,2003-09-07,M,Operations
9165,Lisa,Taylor,42,Clerk,Singapore,65785,2003-06-15,F,Operations
9166,Lisa,Brown,21,Architect,London,37562,2021-02-16,F,Architecture
9167,Lisa,Johnson,31,Architect,Tokyo,103458,2016-04-06,F,Architecture
9168,Mike,Johnson,48,Engineer,Tokyo,101162,2021-06-27,F,Engineering
9169,Jane,Johnson,47,Analyst,New York,47834,2004-02-24,F,Analytics
9170,John,Taylor,21,Consultant,Tokyo,89013,2001-03-15,M,Consulting
9171,Jane,Johnson,47,Engineer,Singapore,71485,2012-02-07,M,Engineering
9172,Emma,Jones,36,Consultant,Paris,87781,2017-08-06,F,Consulting
9173,Paul,Garcia,58,Engineer,Dubai,60877,2007-02-24,M,Engineering
9174,John,Wilson,59,Clerk,Sydney,118603,2013-01-29,F,Operations
9175,Paul,Davis,18,Architect,Singapore,84936,2002-04-25,M,Architecture
9176,Emma,Brown,59,Consultant,London,58265,2021-05-07,F,Consulting
9177,Paul,Johnson,29,Clerk,Singapore,51199,2002-04-28,F,Operations
9178,Sara,Garcia,29,Engineer,Tokyo,94319,2023-09-25,M,Engineering
9179,Sara,Wilson,41,Analyst,Berlin,80259,2000-08-18,F,Analytics
9180,Lisa,Johnson,52,Architect,Paris,109269,2001-01-19,M,Architecture
9181,Alex,Garcia,29,Architect,Berlin,100463,2023-02-17,M,Architecture
9182,Sara,Williams,51,Developer,Toronto,78360,2002-11-15,M,Engineering
9183,Emma,Smith,44,Designer,Tokyo,103201,2020-08-26,M,Design
9184,Jane,Smith,30,Manager,Sydney,25424,2020-06-04,F,Management
9185,Sara,Smith,42,Lead,Sydney,89515,2001-08-14,M,Leadership
9186,Sam,Johnson,39,Architect,Toronto,110187,2007-10-30,M,Architecture
9187,Alex,Miller,32,Consultant,Berlin,50834,2005-07-26,M,Consulting
9188,Tom,Jones,36,Developer,Dubai,72461,2002-09-22,F,Engineering
9189,John,Smith,30,Engineer,Sydney,32042,2016-10-25,F,Engineering
9190,John,Garcia,40,Developer,Paris,89289,2004-09-20,F,Engineering
9191,Tom,Taylor,40,Designer,New York,28455,2006-07-13,M,Design
9192,Lisa,Jones,60,Analyst,Dubai,59468,2006-08-07,M,Analytics
9193,Sam,Davis,34,Engineer,Sydney,43049,2022-06-06,M,Engineering
9194,Paul,Brown,35,Designer,Paris,64256,2021-01-25,M,Design
9195,Alex,Jones,28,Intern,Paris,116410,2020-11-28,F,Training
9196,Tom,Miller,34,Intern,Singapore,38238,2010-05-21,F,Training
9197,Tom,Brown,36,Manager,New York,52706,2009-05-21,F,Management
9198,Emma,Johnson,37,Clerk,Dubai,61482,2017-07-31,M,Operations
9199,Sara,Taylor,43,Designer,London,96837,2013-07-01,M,Design
9200,Mike,Davis,54,Intern,London,88567,2000-07-14,M,Training
9201,Tom,Davis,22,Manager,Singapore,60665,2010-12-31,F,Management
9202,Lisa,Jones,50,Architect,New York,94089,2019-08-12,F,Architecture
9203,Tom,Williams,39,Manager,Paris,86702,2006-09-05,F,Management
9204,Mike,Jones,46,Engineer,Tokyo,72998,2012-04-14,M,Engineering
9205,Mike,Brown,60,Intern,Singapore,54314,2004-03-29,M,Training
9206,Sam,Johnson,21,Manager,New York,85809,2002-01-12,F,Management
9207,Mike,Wilson,28,Manager,Tokyo,85116,2017-09-15,M,Management
9208,Lisa,Taylor,29,Clerk,Delhi,58371,2011-08-03,F,Operations
9209,Jane,Wilson,40,Developer,Singapore,83124,2023-03-07,F,Engineering
9210,John,Miller,44,Lead,Singapore,28150,2005-02-06,F,Leadership
9211,Mike,Johnson,60,Designer,Toronto,95054,2005-06-18,F,Design
9212,Emma,Wilson,54,Analyst,New York,111909,2001-10-20,F,Analytics
9213,Lisa,Garcia,27,Developer,Paris,116264,2012-01-30,F,Engineering
9214,Sara,Johnson,54,Engineer,Sydney,47764,2012-11-02,M,Engineering
9215,Sara,Williams,26,Engineer,Tokyo,93553,2010-06-13,F,Engineering
9216,Tom,Miller,53,Intern,New York,91212,2016-09-21,M,Training
9217,Tom,Taylor,35,Clerk,Dubai,89486,2014-01-20,M,Operations
9218,Sam,Smith,24,Clerk,Dubai,57957,2012-04-19,F,Operations
9219,Sam,Smith,22,Engineer,London,61648,2022-05-17,F,Engineering
9220,Sara,Wilson,60,Engineer,Delhi,59637,2000-03-10,M,Engineering
9221,Alex,Garcia,36,Intern,New York,74466,2019-08-27,F,Training
9222,Lisa,Jones,57,Designer,New York,117838,2022-08-24,M,Design
9223,John,Brown,23,Consultant,Berlin,67690,2016-04-08,M,Consulting
9224,John,Jones,23,Engineer,London,28030,2018-03-27,M,Engineering
9225,Jane,Johnson,36,Manager,Berlin,74723,2016-12-20,F,Management
9226,Jane,Jones,56,Architect,Toronto,94100,2009-04-13,M,Architecture
9227,Alex,Jones,25,Intern,Delhi,79637,2017-02-13,F,Training
9228,Sara,Jones,35,Analyst,Sydney,91695,2022-08-09,M,Analytics
9229,Jane,Johnson,48,Clerk,Paris,27556,2019-03-03,M,Operations
9230,John,Wilson,29,Intern,Dubai,75224,2004-01-01,M,Training
9231,Mike,Garcia,26,Developer,Singapore,75912,2023-11-25,M,Engineering
9232,Lisa,Miller,38,Clerk,Toronto,51046,2014-09-14,M,Operations
9233,Sara,Smith,50,Developer,London,61578,2010-12-10,M,Engineering
9234,Alex,Smith,52,Consultant,Paris,30427,2021-11-20,F,Consulting
9235,Tom,Taylor,51,Analyst,Delhi,77820,2023-07-25,M,Analytics
9236,John,Miller,46,Manager,Singapore,99553,2014-12-26,F,Management
9237,Alex,Williams,30,Clerk,London,100126,2024-10-17,F,Operations
9238,Lisa,Garcia,44,Architect,London,72001,2013-10-28,F,Architecture
9239,John,Brown,21,Architect,Toronto,55335,2014-09-19,F,Architecture
9240,Sam,Jones,19,Clerk,Sydney,70486,2013-10-17,M,Operations
9241,Tom,Miller,48,Designer,Singapore,112268,2018-04-07,F,Design
9242,Sam,Davis,37,Lead,Delhi,37421,2000-01-13,F,Leadership
9243,Tom,Brown,19,Manager,Sydney,32660,2016-11-28,M,Management
9244,Mike,Johnson,45,Lead,New York,90837,2011-03-02,M,Leadership
9245,John,Wilson,24,Manager,London,50604,2003-04-28,F,Management
9246,Sara,Jones,40,Designer,New York,110642,2002-05-08,F,Design
9247,Lisa,Johnson,25,Architect,Sydney,78640,2024-01-10,M,Architecture
9248,Mike,Wilson,49,Engineer,Berlin,110937,2008-07-26,M,Engineering
9249,Jane,Brown,28,Designer,London,105128,2014-12-19,M,Design
9250,Sara,Miller,44,Analyst,Dubai,94916,2024-09-17,M,Analytics
9251,Emma,Davis,30,Analyst,New York,110202,2013-06-19,F,Analytics
9252,Mike,Garcia,56,Architect,Paris,66604,2021-05-31,F,Architecture
9253,Tom,Johnson,18,Developer,Tokyo,69636,2018-07-04,M,Engineering
9254,Jane,Jones,31,Consultant,Delhi,28736,2015-06-10,F,Consulting
9255,Paul,Taylor,53,Lead,Berlin,81987,2015-01-24,F,Leadership
9256,Sam,Williams,47,Developer,Tokyo,101167,2003-12-29,F,Engineering
9257,Alex,Johnson,28,Consultant,Toronto,43760,2019-02-12,F,Consulting
9258,Sara,Williams,39,Architect,Tokyo,46616,2012-10-20,M,Architecture
9259,Emma,Davis,48,Analyst,Berlin,97513,2002-12-20,M,Analytics
9260,Sara,Johnson,58,Clerk,Berlin,88494,2023-06-22,M,Operations
9261,Sam,Davis,38,Architect,New York,91200,2010-01-02,F,Architecture
9262,,Jones,35,Engineer,Toronto,94897,2008-09-09,F,Engineering
9263,Emma,Wilson,52,Manager,Delhi,87337,2002-09-26,F,Management
9264,Paul,Miller,20,Analyst,Singapore,78636,2001-09-17,M,Analytics
9265,Alex,Taylor,37,Clerk,Paris,92347,2014-10-25,F,Operations
9266,Jane,Miller,57,Engineer,Dubai,61151,2011-11-03,F,Engineering
9267,Sam,Smith,43,Engineer,London,54890,2018-06-16,F,Engineering
9268,Mike,Wilson,18,Analyst,Toronto,87000,2020-12-11,M,Analytics
9269,Tom,Garcia,48,Developer,New York,113192,2020-09-19,M,Engineering
9270,Sara,Smith,56,Lead,Toronto,118615,2018-02-07,F,Leadership
9271,Jane,Jones,36,Consultant,Paris,41364,2004-12-19,M,Consulting
9272,Jane,Miller,29,Intern,Delhi,38973,2021-08-31,F,Training
9273,Sara,,37,Lead,Singapore,36127,2021-08-14,F,Leadership
9274,Alex,Miller,19,Analyst,Sydney,97192,2013-02-26,F,Analytics
9275,Mike,Smith,47,Lead,Delhi,41209,2012-01-15,F,Leadership
9276,Alex,Jones,34,Analyst,Paris,81242,2003-06-11,M,Analytics
9277,Emma,Davis,18,Intern,Sydney,40720,2005-02-26,F,Training
9278,John,Williams,44,Developer,Dubai,92267,2015-09-20,M,Engineering
9279,Tom,Miller,20,Analyst,New York,99942,2007-11-11,F,Analytics
9280,Paul,Smith,45,Architect,Sydney,80799,2022-03-26,F,Architecture
9281,Jane,Brown,27,Clerk,Toronto,98492,2012-09-09,F,Operations
9282,Mike,Williams,41,Lead,Tokyo,69174,2013-11-11,F,Leadership
9283,Jane,Wilson,45,Architect,Berlin,71706,2001-03-21,F,Architecture
9284,Tom,Davis,21,Analyst,Tokyo,95557,2012-10-06,M,Analytics
9285,Emma,Taylor,37,Analyst,Paris,60959,2013-01-02,M,Analytics
9286,John,Johnson,58,Lead,Paris,94780,2008-04-26,F,Leadership
9287,Alex,Brown,44,Lead,Toronto,113220,2024-04-02,M,Leadership
9288,Sara,Davis,59,Developer,London,53390,2001-04-01,F,Engineering
9289,Tom,Jones,48,Clerk,Dubai,35489,2012-11-08,F,Operations
9290,Sara,Brown,28,Consultant,London,44662,2004-10-02,M,Consulting
9291,Paul,Jones,44,Engineer,Tokyo,118238,2023-07-03,F,Engineering
9292,Paul,Taylor,39,Manager,Delhi,58116,2006-12-02,F,Management
9293,Tom,Johnson,27,Consultant,Delhi,78930,2017-09-10,F,Consulting
9294,Jane,Wilson,23,Lead,Sydney,71577,2005-02-24,F,Leadership
9295,Lisa,Johnson,40,Developer,Delhi,69587,2013-03-27,M,Engineering
9296,Sam,Brown,27,Designer,Delhi,81375,2013-09-21,M,Design
9297,Sam,Garcia,28,Clerk,Tokyo,50948,2018-01-24,F,Operations
9298,Emma,Davis,36,Clerk,New York,28779,2017-05-30,M,Operations
9299,John,Williams,60,Developer,Tokyo,62541,2004-12-15,M,Engineering
9300,Tom,Johnson,56,Clerk,Toronto,98825,2009-04-03,F,Operations
9301,Jane,Taylor,43,Architect,Tokyo,77139,2002-04-27,F,Architecture
9302,Jane,Johnson,51,Analyst,London,67890,2014-03-09,M,Analytics
9303,John,Garcia,28,Lead,Singapore,52715,2008-04-04,F,Leadership
9304,Sam,Garcia,50,Lead,Dubai,110228,2012-12-17,M,Leadership
9305,Sam,Williams,54,Analyst,Sydney,68164,2012-10-16,M,Analytics
9306,Mike,Brown,28,Manager,Sydney,33486,2016-02-22,M,Management
9307,Sam,Garcia,22,Clerk,Dubai,74533,2014-08-05,F,Operations
9308,Lisa,Jones,45,Architect,Dubai,35899,2024-08-28,F,Architecture
9309,Sam,Brown,19,Manager,Delhi,108747,2012-03-09,F,Management
9310,John,Garcia,59,Developer,Singapore,104414,2008-05-08,M,Engineering
9311,Jane,Williams,43,Consultant,London,109350,2001-09-19,M,Consulting
9312,Paul,Williams,20,Analyst,Singapore,109296,2010-07-07,M,Analytics
9313,Sara,Taylor,37,Analyst,Berlin,95665,2014-12-20,M,Analytics
9314,Jane,Garcia,56,Engineer,Toronto,33682,2021-06-18,M,Engineering
9315,Lisa,Brown,55,Intern,Paris,89637,2012-11-10,M,Training
9316,Emma,Garcia,47,Analyst,Tokyo,52511,2012-05-27,M,Analytics
9317,John,Smith,38,Manager,Sydney,82848,2004-01-10,M,Management
9318,Sara,Miller,58,Intern,London,70062,2003-06-22,M,Training
9319,Sam,Taylor,23,Lead,Singapore,67522,2024-05-23,M,Leadership
9320,Sara,Garcia,25,Architect,Dubai,79801,2023-09-24,F,Architecture
9321,Jane,Miller,35,Developer,Berlin,27948,2018-01-05,F,Engineering
9322,Paul,Davis,54,Consultant,London,61483,2010-06-15,M,Consulting
9323,Paul,Brown,52,Clerk,Sydney,107947,2008-04-15,M,Operations
9324,Tom,Taylor,25,Designer,Delhi,96278,2006-02-18,M,Design
9325,Sara,Johnson,29,Architect,Dubai,83916,2020-11-13,F,Architecture
9326,Emma,Jones,60,Analyst,New York,119626,2014-04-22,F,Analytics
9327,Sara,Wilson,46,Intern,London,112600,2004-06-05,F,Training
9328,Tom,Johnson,39,Lead,Delhi,89927,2023-09-08,F,Leadership
9329,Alex,Garcia,40,Clerk,Sydney,34355,2017-01-14,M,Operations
9330,Paul,Miller,20,Analyst,Sydney,114194,2004-03-15,F,Analytics
9331,Alex,Johnson,42,Lead,Toronto,32080,2014-03-20,M,Leadership
9332,Sara,Williams,31,Intern,Tokyo,110838,2013-07-18,F,Training
9333,Sam,Wilson,44,Clerk,Singapore,53630,2010-09-12,F,Operations
9334,Paul,Taylor,22,Manager,Berlin,90016,2012-10-03,M,Management
9335,Mike,Williams,28,Consultant,Berlin,81365,2001-08-17,F,Consulting
9336,Alex,Johnson,28,Consultant,Paris,29448,2016-12-29,F,Consulting
9337,Emma,Smith,25,Designer,Paris,115119,2006-05-03,M,Design
9338,Sam,Smith,20,Manager,Dubai,84371,2009-02-14,F,Management
9339,Paul,Miller,42,Consultant,Tokyo,108940,2002-11-11,M,Consulting
9340,Lisa,Davis,36,Analyst,Singapore,98765,2000-03-11,M,Analytics
9341,Sara,Taylor,58,Designer,Toronto,110921,2018-01-22,M,Design
9342,Emma,Johnson,34,Analyst,Delhi,88739,2023-06-23,M,Analytics
9343,Sam,Smith,60,Consultant,Singapore,108477,2002-12-09,F,Consulting
9344,Sara,Brown,35,Designer,London,44910,2017-03-16,F,Design
9345,Sara,Brown,23,Designer,Sydney,69254,2022-03-07,M,Design
9346,Jane,Brown,58,Engineer,Dubai,63136,2008-12-25,F,Engineering
9347,Tom,Garcia,51,Lead,Tokyo,102371,2023-10-09,M,Leadership
9348,Paul,Williams,53,Architect,Dubai,75563,2015-04-30,M,Architecture
9349,Mike,Miller,37,Analyst,Dubai,46747,2000-03-25,F,Analytics
9350,Sara,Miller,34,Consultant,London,85427,2009-06-01,F,Consulting
9351,John,Davis,56,Intern,Sydney,80985,2023-08-04,F,Training
9352,John,Jones,27,Intern,Tokyo,66249,2017-03-22,F,Training
9353,John,Taylor,52,Intern,Delhi,77103,99-99-9999,M,Training
9354,Lisa,Brown,27,Consultant,Dubai,98851,2009-01-24,M,Consulting
9355,Jane,Garcia,59,Manager,Toronto,53034,2010-05-14,M,Management
9356,Lisa,Taylor,59,Consultant,Dubai,83214,2021-04-02,F,Consulting
9357,Lisa,Garcia,18,Developer,Toronto,117552,2011-11-17,M,Engineering
9358,Alex,Smith,49,Manager,Paris,111642,2007-04-17,F,Management
9359,John,Davis,40,Manager,Berlin,53835,2005-05-12,F,Management
9360,Tom,Brown,58,Manager,Sydney,78700,2019-04-30,F,Management
9361,Alex,Taylor,32,Designer,Delhi,50924,2006-11-09,F,Design
9362,Sam,Williams,47,Engineer,Sydney,59357,2011-07-29,M,Engineering
9363,Emma,Johnson,60,Analyst,Tokyo,49883,2011-11-03,F,Analytics
9364,Sara,Jones,19,Lead,Dubai,106723,2008-06-13,F,Leadership
9365,Tom,Johnson,30,Manager,Delhi,59385,2001-09-02,F,Management
9366,Jane,Garcia,59,Analyst,Tokyo,108837,2016-10-10,M,Analytics
9367,Alex,Davis,24,Designer,Dubai,95664,2014-07-15,F,Design
9368,John,Garcia,50,Clerk,Delhi,69175,2006-10-14,M,Operations
9369,Emma,Brown,20,Lead,Paris,90838,2000-08-14,F,Leadership
9370,Jane,Garcia,28,Intern,Sydney,71726,2011-11-14,M,Training
9371,Tom,Taylor,25,Engineer,Delhi,32384,2014-07-19,M,Engineering
9372,John,Taylor,31,Lead,Delhi,72998,2008-06-02,F,Leadership
9373,Sara,Smith,54,Analyst,Delhi,69394,2011-03-08,F,Analytics
9374,John,Davis,30,Intern,Dubai,89604,2012-06-13,F,Training
9375,Sam,Brown,29,Analyst,Paris,76841,2006-10-12,F,Analytics
9376,Sara,Smith,29,Intern,London,53286,2016-11-07,M,Training
9377,Sam,Miller,54,Intern,Delhi,53613,2024-03-03,M,Training
9378,Jane,Taylor,31,Manager,Toronto,91274,2015-09-14,F,Management
9379,Emma,Garcia,30,Lead,Singapore,29811,2004-10-01,F,Leadership
9380,Alex,Miller,59,Consultant,Berlin,40105,2012-11-15,M,Consulting
9381,Sara,Garcia,46,Lead,London,33565,2017-08-03,M,Leadership
9382,Sara,Brown,24,Intern,Delhi,93778,2000-05-29,M,Training
9383,,Miller,37,Architect,Dubai,109172,2001-09-24,F,Architecture
9384,Tom,Garcia,44,Developer,Toronto,36775,2017-04-07,F,Engineering
9385,Tom,Miller,18,Consultant,Paris,91143,2015-08-28,M,Consulting
9386,Mike,Davis,47,Intern,Paris,101969,2013-03-28,M,Training
9387,Mike,Jones,59,Architect,Paris,117260,2016-05-26,F,Architecture
9388,Paul,Johnson,51,Lead,Paris,102593,2017-07-05,F,Leadership
9389,John,Williams,35,Designer,Dubai,50884,2014-10-09,F,Design
9390,Tom,Smith,37,Lead,Tokyo,101722,2016-11-23,F,Leadership
9391,Lisa,Jones,18,Designer,London,65169,2021-08-13,F,Design
9392,Sam,Taylor,26,Designer,Toronto,67660,2011-06-12,F,Design
9393,Mike,Williams,46,Manager,Sydney,85656,2021-04-17,M,Management
9394,Paul,Garcia,33,Designer,London,60423,2011-03-09,F,Design
9395,Tom,Wilson,38,Manager,New York,54836,2005-05-08,F,Management
9396,Jane,Taylor,40,Clerk,Dubai,100113,2012-03-10,F,Operations
9397,John,Jones,26,Manager,Singapore,82443,2008-12-15,M,Management
9398,Mike,Garcia,57,Intern,Delhi,93313,2017-11-08,F,Training
9399,Jane,Johnson,35,Manager,Sydney,91016,2009-02-28,M,Management
9400,Alex,Garcia,60,Engineer,Toronto,52021,2012-10-14,F,Engineering
9401,Sam,Brown,24,Manager,Toronto,103040,2020-01-20,M,Management
9402,Tom,Smith,44,Developer,London,109106,2015-04-01,M,Engineering
9403,Sam,Miller,24,Lead,Sydney,60724,2009-01-17,F,Leadership
9404,Sara,Wilson,36,Analyst,Dubai,108458,2020-06-02,F,Analytics
9405,Emma,Smith,34,Lead,Toronto,108571,2022-08-21,M,Leadership
9406,Tom,Smith,45,Consultant,Dubai,77851,2012-05-09,M,Consulting
9407,Sam,Davis,35,Designer,Sydney,105079,2021-12-02,M,Design
9408,Alex,Williams,33,Designer,London,37622,2017-11-15,M,Design
9409,Sara,Davis,35,Architect,Dubai,109552,2005-12-16,M,Architecture
9410,Lisa,Wilson,35,Clerk,Sydney,84945,2020-05-10,M,Operations
9411,Paul,Garcia,19,Intern,Singapore,42482,2013-01-11,M,Training
9412,Sam,Miller,37,Designer,New York,26409,2017-08-06,F,Design
9413,John,Garcia,30,Architect,Tokyo,95222,2010-08-20,F,Architecture
9414,John,Jones,34,Architect,Toronto,47106,2012-12-02,F,Architecture
9415,Sam,Johnson,21,Lead,Toronto,53314,2002-02-28,M,Leadership
9416,Alex,Wilson,30,Designer,Paris,103943,2007-01-19,F,Design
9417,Sara,Williams,29,Designer,Berlin,58810,2019-09-16,M,Design
9418,Paul,Wilson,22,Lead,Dubai,73097,2003-11-24,F,Leadership
9419,Sara,Smith,23,Manager,Dubai,54808,2014-04-09,M,Management
9420,Paul,Brown,35,Designer,Sydney,96621,2010-11-02,M,Design
9421,Sara,Miller,57,Engineer,Singapore,111712,2002-11-10,F,Engineering
9422,John,Smith,27,Clerk,London,83703,2000-03-18,M,Operations
9423,Lisa,Miller,22,Designer,Toronto,75460,2007-02-04,F,Design
9424,Alex,Jones,19,Developer,New York,114216,2002-07-12,F,Engineering
9425,Sam,Brown,39,Manager,Delhi,74874,2024-03-20,F,Management
9426,Lisa,Davis,33,Consultant,Paris,80403,2015-05-06,M,Consulting
9427,Alex,Davis,21,Engineer,London,113827,2024-08-14,M,Engineering
9428,John,Davis,19,Manager,Paris,105964,2006-07-29,F,Management
9429,Alex,Jones,18,Architect,London,32353,2001-10-26,F,Architecture
9430,Paul,Smith,22,Analyst,Berlin,90208,2004-12-17,M,Analytics
9431,Sara,Jones,45,Engineer,Berlin,47933,2003-06-06,F,Engineering
9432,Mike,Taylor,21,Consultant,Paris,114418,2012-10-20,M,Consulting
9433,Sara,Smith,52,Intern,Singapore,47570,2006-06-09,M,Training
9434,Lisa,Johnson,35,Lead,Toronto,104251,2014-04-13,M,Leadership
9435,John,Taylor,39,Intern,Dubai,91192,2005-02-10,F,Training
9436,Sara,Davis,36,Engineer,Sydney,42460,2016-07-03,F,Engineering
9437,Emma,Taylor,39,Lead,Sydney,52025,2008-02-11,F,Leadership
9438,Emma,Smith,42,Consultant,Dubai,101766,2006-02-06,M,Consulting
9439,John,Wilson,59,Clerk,Toronto,86119,2002-07-09,F,Operations
9440,John,Wilson,27,Lead,Berlin,93907,2003-12-22,M,Leadership
9441,Sam,Brown,20,Developer,Sydney,75163,2018-02-27,F,Engineering
9442,Sara,Johnson,38,Intern,London,106732,2007-05-07,F,Training
9443,Jane,Davis,46,Manager,Tokyo,68322,2013-09-10,M,Management
9444,Lisa,Wilson,39,Manager,Paris,43982,2009-05-29,M,Management
9445,Tom,Davis,18,Analyst,Singapore,47580,2006-01-26,F,Analytics
9446,Tom,Davis,31,Analyst,Toronto,71597,2000-10-02,M,Analytics
9447,Mike,Davis,42,Intern,Singapore,36622,2003-12-20,M,Training
9448,Alex,Wilson,18,Developer,Paris,102148,2008-12-07,F,Engineering
9449,Alex,Johnson,30,Designer,Sydney,110770,2022-10-27,M,Design
9450,Tom,Smith,27,Architect,New York,44812,2023-02-11,M,Architecture
9451,Paul,Taylor,37,Engineer,Berlin,51564,2020-06-09,M,Engineering
9452,Alex,Garcia,55,Consultant,Dubai,88966,2005-01-24,F,Consulting
9453,Sara,Miller,35,Architect,Toronto,83330,2014-02-08,F,Architecture
9454,Sam,Brown,53,Engineer,Sydney,46799,2003-07-07,F,Engineering
9455,Paul,Davis,30,Engineer,Paris,98574,2003-02-12,M,Engineering
9456,Emma,Taylor,44,Manager,New York,77668,2000-05-15,F,Management
9457,Tom,Williams,56,Intern,Paris,81598,2002-10-28,F,Training
9458,John,Davis,18,Designer,Toronto,76835,2022-02-07,F,Design
9459,Jane,Miller,33,Consultant,Toronto,87675,2023-10-24,F,Consulting
9460,Jane,Miller,22,Lead,Berlin,78651,2020-01-20,M,Leadership
9461,Mike,Taylor,32,Intern,Singapore,94731,2020-07-26,M,Training
9462,Sara,Garcia,48,Intern,Singapore,80923,2018-09-04,F,Training
9463,Alex,Williams,57,Architect,Berlin,25985,2024-07-20,F,Architecture
9464,Mike,Brown,37,Clerk,New York,46775,2003-11-29,M,Operations
9465,Tom,Wilson,40,Manager,London,90229,2017-07-28,M,Management
9466,Sam,Miller,46,Intern,Tokyo,112453,2014-04-05,M,Training
9467,Sam,Johnson,24,Consultant,Delhi,28802,2015-10-24,M,Consulting
9468,Sam,Johnson,59,Clerk,Toronto,107010,2009-10-12,F,Operations
9469,Tom,Garcia,39,Lead,Toronto,54938,2003-04-02,M,Leadership
9470,Alex,Davis,51,Lead,London,45431,2019-03-04,F,Leadership
9471,John,Smith,49,Lead,Sydney,56964,2009-10-24,M,Leadership
9472,Emma,Garcia,40,Intern,Paris,107824,2001-09-25,M,Training
9473,John,Taylor,18,Lead,Delhi,43812,2013-02-01
9474,Emma,Johnson,42,Analyst,New York,118087,2011-05-27,M,Analytics
9475,Tom,Williams,19,Manager,Tokyo,118593,2010-02-11,F,Management
9476,Paul,Miller,31,Engineer,New York,106831,2008-08-14,M,Engineering
9477,Sam,Wilson,18,Lead,Sydney,45586,2022-12-19,F,Leadership
9478,John,Smith,55,Manager,Berlin,92220,2016-04-30,M,Management
9479,Paul,Davis,35,Architect,Singapore,59403,2008-09-30,M,Architecture
9480,Mike,Wilson,57,Architect,Dubai,50065,2010-02-15,F,Architecture
9481,John,Smith,45,Developer,New York,79647,2012-04-05,M,Engineering
9482,Sam,Brown,52,Lead,Dubai,105157,2022-02-19,M,Leadership
9483,Paul,Davis,48,Clerk,Delhi,102408,2001-12-07,M,Operations
9484,Sara,Johnson,40,Clerk,London,103086,2022-07-08,M,Operations
9485,Alex,Miller,25,Engineer,New York,69630,2004-10-25,M,Engineering
9486,Lisa,Brown,60,Analyst,Delhi,49284,2018-06-27,F,Analytics
9487,Paul,Smith,31,Clerk,New York,44789,2005-03-06,F,Operations
9488,Sam,Taylor,45,Architect,Delhi,31768,2013-04-06,F,Architecture
9489,Alex,Wilson,30,Engineer,Dubai,32772,2003-04-10,F,Engineering
9490,Sam,Miller,55,Developer,Toronto,115151,2023-06-06,F,Engineering
9491,Sara,Jones,49,Consultant,Tokyo,45548,2024-11-29,F,Consulting
9492,Jane,Smith,46,Manager,Singapore,44097,2024-10-04,M,Management
9493,Alex,Williams,46,Consultant,London,64154,2005-06-08,F,Consulting
9494,Sam,Smith,23,Consultant,New York,91509,2024-11-18,F,Consulting
9495,Sara,Davis,20,Lead,Berlin,27117,2011-06-26,F,Leadership
9496,Emma,Smith,18,Analyst,Sydney,115842,2022-06-08,M,Analytics
9497,John,Taylor,52,Intern,New York,34683,2010-06-29,F,Training
9498,Mike,Williams,53,Intern,Berlin,92145,2000-05-19,M,Training
9499,Sam,Johnson,20,Architect,Berlin,96256,2011-04-23,F,Architecture
9500,Alex,Garcia,26,Designer,Tokyo,113302,2006-10-31,F,Design
9501,Sam,Smith,44,Manager,New York,36973,2023-06-01,F,Management
9502,Alex,Johnson,58,Manager,Paris,27256,2022-05-28,F,Management
9503,John,Wilson,59,Consultant,Sydney,53476,2002-10-25,F,Consulting
9504,Mike,Brown,51,Architect,Berlin,44749,2003-02-24,M,Architecture
9505,Tom,Smith,49,Architect,New York,82916,2001-02-25,F,Architecture
9506,Tom,Jones,49,Manager,Sydney,62699,2018-04-19,M,Management
9507,Jane,Smith,60,Engineer,Singapore,45426,2002-02-19,M,Engineering
9508,Sara,Williams,49,Architect,Paris,76265,2017-06-07,M,Architecture
9509,Lisa,Smith,40,Analyst,Berlin,56055,2001-08-16,M,Analytics
9510,Sara,Jones,26,Designer,Toronto,87651,2004-10-10,F,Design
9511,Sam,Johnson,60,Analyst,London,63035,2021-01-05,F,Analytics
9512,Lisa,Wilson,30,Architect,London,84198,2015-09-11,F,Architecture
9513,Paul,Jones,20,Consultant,Tokyo,96629,2019-05-14,M,Consulting
9514,Tom,Garcia,36,Clerk,New York,98066,2005-03-31,M,Operations
9515,Paul,Johnson,50,Developer,Delhi,25898,2021-05-15,F,Engineering
9516,Sam,Taylor,41,Architect,Berlin,76616,2006-10-31,F,Architecture
9517,John,Brown,60,Clerk,Sydney,104558,2024-03-16,F,Operations
9518,Alex,Davis,52,Analyst,Tokyo,45487,2003-12-12,F,Analytics
9519,Lisa,Miller,46,Designer,Paris,100997,2020-02-23,F,Design
9520,Sam,Johnson,57,Intern,Paris,100439,2019-02-09,F,Training
9521,Alex,Wilson,24,Intern,Paris,37515,2006-10-05,F,Training
9522,Lisa,Taylor,36,Clerk,Delhi,63333,2006-02-07,M,Operations
9523,Tom,Wilson,51,Architect,Delhi,75772,2003-03-16,M,Architecture
9524,Sam,Taylor,18,Consultant,Delhi,67370,2014-01-30,F,Consulting
9525,Paul,Jones,43,Developer,Sydney,90666,2019-08-05,F,Engineering
9526,Mike,Johnson,55,Consultant,Paris,78160,2015-09-29,F,Consulting
9527,Tom,Taylor,50,Designer,Tokyo,59041,2014-08-31,M,Design
9528,Alex,Garcia,60,Developer,Delhi,112556,2018-01-30,F,Engineering
9529,Sam,Miller,25,Clerk,Toronto,93410,2013-11-15,M,Operations
9530,Sara,Davis,30,Analyst,Tokyo,86973,2000-02-28,M,Analytics
9531,Alex,Smith,36,Analyst,Toronto,57621,2010-06-23,M,Analytics
9532,Tom,Garcia,25,Intern,Tokyo,66411,2002-04-18,M,Training
9533,Emma,Brown,42,Designer,Tokyo,118875,2009-07-17,M,Design
9534,Paul,Smith,52,Architect,Paris,107009,2004-08-23,F,Architecture
9535,Sara,Miller,36,Designer,London,118412,2004-04-14,F,Design
9536,Mike,Jones,21,Architect,Paris,69390,2016-08-11,F,Architecture
9537,Sam,Garcia,31,Manager,Sydney,56811,2003-11-04,M,Management
9538,Lisa,Wilson,26,Lead,London,75756,2017-08-28,M,Leadership
9539,Alex,Miller,27,Intern,Paris,49852,2010-09-22,M,Training
9540,Mike,Smith,56,Consultant,Berlin,115989,2010-02-04,M,Consulting
9541,Jane,Williams,57,Developer,Berlin,25763,2006-05-26,F,Engineering
9542,Jane,Brown,35,Developer,Tokyo,76948,2016-12-18,M,Engineering
9543,Paul,Davis,34,Developer,London,63100,2001-10-06,M,Engineering
9544,Mike,Wilson,52,Engineer,Berlin,72499,2021-02-12,M,Engineering
9545,John,Brown,51,Clerk,London,49689,2009-05-27,F,Operations
9546,Sam,Williams,46,Engineer,Paris,32032,2015-07-13,M,Engineering
9547,John,Brown,31,Designer,New York,42740,2012-07-10,M,Design
9548,John,Jones,31,Designer,Dubai,75778,2010-02-10,M,Design
9549,Sam,Johnson,38,Intern,Tokyo,89763,2017-01-09,F,Training
9550,Emma,Jones,53,Designer,Delhi,52972,2013-05-10,F,Design
9551,Tom,Miller,49,Consultant,Sydney,50480,2024-08-31,F,Consulting
9552,Jane,Smith,40,Analyst,Dubai,56998,2005-08-15,F,Analytics
9553,Sara,Johnson,22,Analyst,Delhi,92407,2011-06-26,M,Analytics
9554,Tom,Smith,31,Manager,Delhi,89505,2008-07-20,M,Management
9555,Sara,Taylor,35,Developer,Singapore,82985,2011-02-25,F,Engineering
9556,Paul,Garcia,54,Consultant,Berlin,110998,2008-08-08,F,Consulting
9557,Lisa,Williams,23,Consultant,London,104368,2000-06-27,F,Consulting
9558,Tom,Brown,31,Developer,Berlin,118528,2010-12-02,F,Engineering
9559,Sara,Taylor,31,Designer,Toronto,74089,2009-02-07,M,Design
9560,Alex,Wilson,60,Designer,Berlin,64666,2006-05-06,M,Design
9561,Jane,Johnson,41,Consultant,Singapore,111281,2020-07-19,M,Consulting
9562,Sara,Brown,21,Analyst,Berlin,112498,2019-02-16,F,Analytics
9563,Emma,Garcia,57,Designer,New York,48868,2019-06-14,M,Design
9564,Paul,Taylor,46,Designer,Singapore,32655,2008-06-30,M,Design
9565,Tom,Miller,21,Lead,Delhi,33765,2013-03-18,F,Leadership
9566,Lisa,Jones,51,Manager,Berlin,31387,2008-09-28,M,Management
9567,Lisa,Williams,49,Manager,Tokyo,46494,2003-04-08,M,Management
9568,Tom,Garcia,56,Clerk,Paris,95338,2015-08-11,M,Operations
9569,Sam,Taylor,20,Manager,Berlin,48963,2014-04-17,F,Management
9570,John,Wilson,48,Manager,Tokyo,59007,2006-05-22,M,Management
9571,Tom,Davis,40,Consultant,New York,75676,2016-03-11,M,Consulting
9572,Emma,Johnson,25,Lead,Tokyo,76813,2006-04-18,F,Leadership
9573,Sam,Jones,42,Lead,Sydney,44176,2018-01-31,F,Leadership
9574,Mike,Brown,30,Engineer,Tokyo,115020,2005-07-19,M,Engineering
9575,Lisa,Brown,29,Consultant,New York,51588,2024-01-27,M,Consulting
9576,Mike,Johnson,39,Analyst,Paris,104261,2021-05-25,F,Analytics
9577,Alex,Smith,57,Clerk,New York,39178,2018-02-11,M,Operations
9578,Jane,Smith,30,Clerk,Paris,67450,2007-09-22,F,Operations
9579,Jane,Brown,58,Architect,Singapore,94798,2024-01-30,M,Architecture
9580,Emma,Smith,38,Lead,London,45825,2021-06-15,M,Leadership
9581,Sara,Wilson,24,Developer,Dubai,88342,2017-11-22,M,Engineering
9582,Paul,Garcia,26,Lead,Sydney,116564,2008-07-08,F,Leadership
9583,Emma,Brown,27,Designer,Paris,109429,2008-01-03,F,Design
9584,Alex,Miller,32,Analyst,Toronto,117205,2013-01-15,F,Analytics
9585,Tom,Garcia,27,Clerk,Sydney,40622,2000-04-18,M,Operations
9586,Jane,Brown,22,Engineer,Paris,100861,2015-05-24,F,Engineering
9587,Sara,Davis,47,Manager,Paris,58225,2005-01-28,F,Management
9588,Sam,Jones,45,Manager,Sydney,92920,2007-01-19,M,Management
9589,Alex,Johnson,38,Clerk,London,64180,2004-01-01,M,Operations
9590,Alex,Smith,54,Consultant,Tokyo,47288,2022-03-19,F,Consulting
9591,Mike,Smith,44,Engineer,Paris,54202,2024-09-28,F,Engineering
9592,John,Jones,30,Lead,Delhi,62226,2003-06-13,M,Leadership
9593,Sam,Williams,34,Consultant,Sydney,108272,2021-08-15,F,Consulting
9594,John,Brown,23,Developer,London,92656,2019-03-04,F,Engineering
9595,Jane,Williams,42,Analyst,Tokyo,57760,2002-10-10,F,Analytics
9596,Paul,Davis,29,Architect,Paris,93343,2022-01-28,M,Architecture
9597,Alex,Smith,42,Manager,Singapore,118948,2011-11-01,M,Management
9598,Sara,Davis,44,Developer,London,65925,2014-01-26,F,Engineering
9599,John,Miller,23,Manager,Dubai,90761,2024-01-19,M,Management
9600,John,Smith,18,Consultant,Tokyo,116320,2017-10-18,M,Consulting
9601,Emma,Jones,28,Engineer,Singapore,77564,2023-11-27,M,Engineering
9602,Emma,Jones,58,Analyst,Delhi,29362,2010-04-15,M,Analytics
9603,Emma,Garcia,39,Clerk,Dubai,65371,2001-04-13,F,Operations
9604,Mike,Taylor,49,Engineer,Berlin,78580,2021-12-05,M,Engineering
9605,Paul,Jones,23,Lead,Dubai,83935,2010-02-28,M,Leadership
9606,Paul,Davis,39,Consultant,Sydney,79248,2006-03-14,F,Consulting
9607,Lisa,Smith,46,Consultant,Paris,28114,2020-03-21,M,Consulting
9608,Jane,Miller,47,Designer,Dubai,33000,2009-07-31,F,Design
9609,Lisa,Johnson,50,Developer,Dubai,75368,2017-07-11,F,Engineering
9610,Lisa,Taylor,40,Designer,Delhi,100200,2024-07-01,M,Design
9611,Lisa,Davis,52,Consultant,Berlin,87017,2024-12-24,M,Consulting
9612,Mike,Williams,53,Engineer,Paris,83202,2001-01-31,F,Engineering
9613,Paul,Johnson,18,Clerk,London,70450,2007-04-24,F,Operations
9614,John,Williams,39,Manager,Sydney,75001,2006-05-27,F,Management
9615,Paul,Williams,47,Architect,London,58024,2019-04-20,M,Architecture
9616,Sara,Miller,40,Developer,London,111155,2003-11-08,F,Engineering
9617,Lisa,Miller,28,Architect,Dubai,117537,2002-09-25,F,Architecture
9618,Jane,Smith,31,Developer,Singapore,118119,2022-11-23,F,Engineering
9619,Lisa,Jones,28,Consultant,Delhi,45124,2000-04-02,F,Consulting
9620,Paul,Williams,48,Engineer,Singapore,115910,2014-04-25,M,Engineering
9621,Tom,Miller,44,Architect,Tokyo,89324,2012-08-22,M,Architecture
9622,Paul,Brown,58,Lead,Toronto,109528,2020-11-24,F,Leadership
9623,Emma,Wilson,33,Architect,Sydney,99014,2019-05-07,F,Architecture
9624,John,Davis,57,Architect,London,27139,2013-02-25,M,Architecture
9625,Mike,Jones,56,Designer,Tokyo,97617,2024-10-09,F,Design
9626,Jane,Williams,32,Developer,New York,43601,2006-03-30,F,Engineering
9627,Sam,Smith,19,Consultant,Tokyo,36056,2022-07-04
9628,Sam,Taylor,46,Intern,Dubai,43037,2005-07-30,F,Training
9629,Jane,Smith,34,Architect,New York,28172,2021-05-26,F,Architecture
9630,Jane,Johnson,55,Clerk,Berlin,74294,2003-11-07,M,Operations
9631,John,Miller,53,Engineer,Tokyo,46690,2008-03-21,F,Engineering
9632,Tom,Jones,44,Developer,New York,27956,2023-01-18,M,Engineering
9633,Jane,Johnson,36,Consultant,Berlin,82764,2012-04-19,M,Consulting
9634,Jane,Johnson,47,Analyst,London,65208,2012-03-22,M,Analytics
9635,Alex,Wilson,41,Developer,Sydney,29016,2023-09-28,F,Engineering
9636,Alex,Davis,59,Analyst,New York,99075,2024-06-19,F,Analytics
9637,Jane,Williams,35,Designer,Dubai,31359,2018-11-21,M,Design
9638,Tom,Williams,34,Manager,London,84092,2001-10-21,F,Management
9639,Jane,Taylor,47,Engineer,Toronto,54476,2003-02-13,F,Engineering
9640,Alex,Smith,31,Analyst,Paris,47715,2024-04-20,M,Analytics
9641,Alex,Garcia,34,Analyst,Dubai,38375,2000-04-28,F,Analytics
9642,Lisa,Smith,18,Developer,Singapore,110443,2023-12-18,F,Engineering
9643,Emma,Smith,40,Engineer,Dubai,68713,2001-07-07,F,Engineering
9644,Paul,Garcia,53,Manager,Tokyo,25752,2024-07-14,M,Management
9645,Sara,Davis,22,Engineer,Dubai,97026,2000-12-23,M,Engineering
9646,Sam,Taylor,58,Intern,Sydney,84170,2012-12-04,F,Training
9647,Lisa,Brown,37,Intern,London,29812,2001-07-20,F,Training
9648,John,Jones,27,Consultant,Tokyo,83074,2006-08-15,F,Consulting
9649,Jane,Jones,49,Analyst,Berlin,45009,2011-08-30,M,Analytics
9650,John,Davis,49,Analyst,New York,91128,2003-11-22,M,Analytics
9651,Tom,Johnson,18,Lead,Delhi,111770,2009-02-22,F,Leadership
9652,Sam,Williams,23,Consultant,Berlin,32399,2024-08-05,F,Consulting
9653,Emma,Wilson,36,Designer,Singapore,91339,2000-09-07,F,Design
9654,Emma,Brown,27,Manager,New York,101892,2013-11-18,M,Management
9655,Alex,Brown,37,Developer,Toronto,26975,2007-05-05,F,Engineering
9656,Sara,Wilson,34,Analyst,Berlin,101700,2023-03-12,F,Analytics
9657,Tom,Taylor,59,Clerk,London,76591,2013-01-23,M,Operations
9658,Tom,Smith,40,Consultant,Berlin,89825,2019-05-12,F,Consulting
9659,Mike,Miller,58,Manager,Berlin,109763,2001-01-25,M,Management
9660,Emma,Taylor,30,Architect,Sydney,90663,2012-05-24,F,Architecture
9661,Paul,Miller,53,Designer,New York,44080,2019-08-28,M,Design
9662,Emma,Wilson,36,Clerk,Tokyo,85200,2005-09-18,M,Operations
9663,Alex,Johnson,33,Intern,London,74002,2014-07-31,M,Training
9664,Mike,Davis,30,Architect,Tokyo,87002,2013-09-18,F,Architecture
9665,Tom,Garcia,30,Lead,Toronto,47341,2010-01-11,F,Leadership
9666,Alex,Johnson,47,Architect,Sydney,46732,2017-06-08,M,Architecture
9667,Mike,Williams,54,Designer,Toronto,105831,2003-08-12,M,Design
9668,Tom,Miller,56,Lead,Dubai,118792,2000-06-28,F,Leadership
9669,Mike,Miller,23,Intern,Berlin,103510,2013-05-14,M,Training
9670,Sam,Brown,25,Lead,Toronto,57574,2022-09-20,F,Leadership
9671,Jane,Miller,60,Analyst,Toronto,114825,2015-10-06,F,Analytics
9672,John,Smith,33,Clerk,Dubai,94261,2006-09-19,M,Operations
9673,Lisa,Williams,29,Architect,Dubai,58823,2004-09-14,M,Architecture
9674,Emma,Williams,56,Developer,Tokyo,100462,2018-07-03,F,Engineering
9675,Emma,Johnson,28,Analyst,Delhi,86969,2004-01-22,M,Analytics
9676,Emma,Brown,23,Engineer,Berlin,97996,2017-03-28,M,Engineering
9677,Sara,Miller,46,Architect,Toronto,28597,2017-09-09,F,Architecture
9678,Sam,Miller,46,Engineer,Sydney,87158,2011-04-03,F,Engineering
9679,Mike,Williams,40,Manager,Berlin,54692,2023-07-14,M,Management
9680,Paul,Johnson,46,Analyst,Toronto,60066,2021-08-05,M,Analytics
9681,Alex,Smith,41,Designer,Toronto,67644,2013-05-12,M,Design
9682,John,Davis,28,Intern,Toronto,62748,2009-09-14,F,Training
9683,Emma,Garcia,54,Manager,Tokyo,78942,2019-12-23,M,Management
9684,John,Wilson,46,Intern,London,62459,2020-09-26,F,Training
9685,Paul,Wilson,37,Designer,New York,32891,2014-06-11,F,Design
9686,Mike,Garcia,29,Clerk,Singapore,50728,2002-11-27,M,Operations
9687,Mike,Williams,18,Consultant,Delhi,83984,2007-11-08,M,Consulting
9688,Paul,Jones,56,Engineer,Berlin,105488,2011-12-27,M,Engineering
9689,John,Williams,41,Lead,Tokyo,33054,2003-06-20,F,Leadership
9690,Tom,Brown,42,Designer,Delhi,64958,2013-10-06,F,Design
9691,Lisa,Miller,21,Intern,Paris,89849,2008-12-09,F,Training
9692,Mike,Taylor,26,Intern,New York,115642,2023-12-07,F,Training
9693,Emma,Wilson,34,Consultant,London,57428,2016-03-18,M,Consulting
9694,Alex,Miller,22,Analyst,Singapore,30144,99-99-9999,M,Analytics
9695,Sara,Garcia,35,Developer,Toronto,117307,2016-09-30,F,Engineering
9696,Paul,Jones,39,Designer,Sydney,32537,2002-10-09,F,Design
9697,Lisa,Garcia,47,Clerk,Dubai,48803,2018-04-19,F,Operations
9698,Sam,Wilson,47,Clerk,Delhi,96458,2011-04-24,F,Operations
9699,Sam,Williams,26,Consultant,New York,31142,2022-11-30,F,Consulting
9700,Lisa,Smith,57,Architect,London,94458,2019-08-15,M,Architecture
9701,Jane,Johnson,58,Clerk,New York,114682,2013-12-16,F,Operations
9702,Tom,Taylor,33,Architect,Berlin,112254,2024-10-08,M,Architecture
9703,Paul,Smith,29,Designer,New York,98659,2013-05-25,F,Design
9704,Lisa,Smith,20,Designer,Toronto,47194,2007-07-06,M,Design
9705,Paul,Taylor,45,Developer,Berlin,75775,2023-03-14,F,Engineering
9706,Jane,Brown,18,Architect,Sydney,46019,2021-02-12,F,Architecture
9707,Sam,Wilson,30,Analyst,Singapore,56365,2006-09-30,F,Analytics
9708,Tom,Williams,32,Clerk,Berlin,28597,2002-08-28,M,Operations
9709,Sam,Garcia,23,Consultant,Berlin,62013,2013-12-27,M,Consulting
9710,Tom,Williams,25,Intern,London,38321,2017-04-01,M,Training
9711,Sam,Brown,27,Manager,Tokyo,38991,2018-04-23,M,Management
9712,Sara,Taylor,60,Consultant,Sydney,113872,2022-01-11,F,Consulting
9713,Sam,Johnson,41,Intern,Singapore,78617,2003-03-11,M,Training
9714,Lisa,Davis,28,Manager,Singapore,76526,2010-10-05,M,Management
9715,John,Wilson,48,Intern,Berlin,105167,2013-07-01,M,Training
9716,Jane,Taylor,37,Developer,London,87963,2021-02-15,F,Engineering
9717,Sara,Smith,60,Designer,London,39408,2021-04-03,F,Design
9718,John,Brown,25,Analyst,Sydney,75016,2010-07-18,F,Analytics
9719,Tom,Taylor,54,Consultant,Delhi,55895,2017-09-08,F,Consulting
9720,Jane,Smith,31,Designer,Tokyo,27944,2012-03-11,M,Design
9721,John,Taylor,47,Analyst,Dubai,116521,2017-12-06,M,Analytics
9722,John,Davis,30,Designer,Delhi,100386,2024-06-30,F,Design
9723,Sam,Williams,24,Engineer,Tokyo,110498,2014-07-12,M,Engineering
9724,Alex,Miller,44,Designer,Paris,69879,2005-01-28,F,Design
9725,Mike,Miller,34,Architect,Sydney,104469,2021-06-13,M,Architecture
9726,Emma,Johnson,18,Intern,Dubai,91267,2005-03-30,F,Training
9727,Emma,Garcia,41,Analyst,New York,84729,2012-12-06,M,Analytics
9728,Paul,Davis,32,Clerk,London,29230,2003-09-23,M,Operations
9729,John,Garcia,50,Engineer,New York,30033,2011-07-01,F,Engineering
9730,Sara,Brown,47,Consultant,New York,47955,2024-02-07,F,Consulting
9731,Emma,Taylor,28,Intern,Dubai,35096,2000-09-19,F,Training
9732,Lisa,Wilson,21,Clerk,Tokyo,63606,2012-10-08,M,Operations
9733,Lisa,Johnson,42,Intern,Berlin,28291,2001-10-04,F,Training
9734,Sam,Johnson,56,Manager,London,87471,2004-07-02,F,Management
9735,John,Wilson,31,Developer,Delhi,49868,2016-02-22,F,Engineering
9736,Emma,Williams,33,Clerk,Delhi,67183,2012-09-03,M,Operations
9737,Mike,Garcia,32,Intern,London,90330,2018-11-08,F,Training
9738,Lisa,Brown,43,Designer,Toronto,32075,2002-04-19,M,Design
9739,Tom,Taylor,26,Manager,Berlin,36821,2017-02-03,F,Management
9740,Alex,Davis,42,Clerk,New York,119020,2018-02-15,F,Operations
9741,Paul,Wilson,40,Lead,Paris,113197,2002-10-02,F,Leadership
9742,Tom,Brown,36,Lead,Dubai,61491,2013-01-02,F,Leadership
9743,John,Williams,36,Lead,Dubai,31036,2021-12-27,F,Leadership
9744,John,Taylor,29,Manager,Sydney,34764,2006-05-30
9745,Paul,Garcia,19,Consultant,Toronto,45059,2011-12-13,F,Consulting
9746,Tom,Brown,46,Architect,Tokyo,64825,2005-09-19,M,Architecture
9747,Emma,Wilson,30,Engineer,Dubai,43521,2014-07-29,F,Engineering
9748,Mike,Williams,46,Analyst,Tokyo,38682,2019-07-17,F,Analytics
9749,Sara,Garcia,33,Engineer,Dubai,88603,2002-09-11,M,Engineering
9750,Tom,Miller,44,Architect,Singapore,116568,2009-06-27,F,Architecture
9751,Sara,Taylor,56,Lead,Sydney,39873,2003-03-28,M,Leadership
9752,Emma,Williams,40,Architect,Paris,119281,2014-06-01,F,Architecture
9753,Sam,Jones,27,Manager,London,58582,2004-06-27,M,Management
9754,Paul,Miller,51,Analyst,Delhi,102778,2014-10-11,F,Analytics
9755,Jane,Taylor,36,Manager,Toronto,26942,2009-02-15,M,Management
9756,Paul,Smith,32,Clerk,Singapore,118071,2010-12-31,M,Operations
9757,Mike,Wilson,43,Intern,Dubai,112567,2003-04-01,M,Training
9758,Jane,Williams,19,Developer,Dubai,81555,2007-04-17,F,Engineering
9759,John,Garcia,52,Manager,Delhi,89471,2003-04-21,M,Management
9760,Sara,Garcia,40,Developer,Sydney,29811,2022-08-20,F,Engineering
9761,Paul,Davis,31,Clerk,Toronto,60666,2020-12-16,F,Operations
9762,Sara,Wilson,55,Lead,Tokyo,46051,2013-05-02,F,Leadership
9763,Alex,Davis,44,Clerk,Dubai,69311,2005-07-25,F,Operations
9764,Jane,Williams,26,Lead,Paris,71819,2004-03-14,F,Leadership
9765,Mike,Smith,51,Consultant,Dubai,58112,2019-03-10,M,Consulting
9766,Sam,Miller,18,Engineer,Toronto,45529,2018-04-15,F,Engineering
9767,Mike,Wilson,45,Manager,Singapore,37820,2011-08-24,M,Management
9768,Sam,Smith,18,Designer,London,34189,2019-02-09,F,Design
9769,Paul,Johnson,45,Clerk,Delhi,97421,2007-06-30,F,Operations
9770,Mike,Wilson,44,Engineer,Tokyo,35979,2022-12-11,F,Engineering
9771,Paul,Williams,34,Consultant,London,81152,2019-05-01,F,Consulting
9772,Jane,Garcia,39,Clerk,Berlin,84909,2008-03-23,M,Operations
9773,Sara,Brown,53,Consultant,Delhi,36698,2018-01-23,F,Consulting
9774,Emma,Jones,52,Engineer,Sydney,89401,2017-02-09,F,Engineering
9775,Mike,Johnson,46,Engineer,Toronto,52189,2011-10-27,M,Engineering
9776,Alex,Miller,49,Clerk,Berlin,44519,2024-02-11,M,Operations
9777,Sara,Garcia,51,Intern,New York,112644,2024-02-17,M,Training
9778,Tom,Garcia,45,Developer,Singapore,114018,2006-12-11,F,Engineering
9779,Tom,Brown,27,Consultant,Toronto,36180,2007-09-11,M,Consulting
9780,Sara,Garcia,18,Architect,Dubai,28662,2000-02-10,M,Architecture
9781,Mike,Williams,36,Clerk,Toronto,35129,2017-07-09,F,Operations
9782,John,Wilson,26,Designer,Tokyo,94666,2020-02-14,F,Design
9783,Sara,Smith,37,Consultant,Sydney,112011,2009-07-29,F,Consulting
9784,Lisa,Garcia,31,Engineer,Dubai,33092,2008-04-08,F,Engineering
9785,Mike,Taylor,52,Designer,Berlin,30714,2017-11-16,F,Design
9786,Emma,Taylor,44,Manager,Berlin,93146,2010-08-26,F,Management
9787,Sara,Taylor,55,Manager,Berlin,65674,2024-07-16,F,Management
9788,Sam,Williams,58,Manager,London,77665,2015-03-26,F,Management
9789,Emma,Wilson,30,Manager,Delhi,72302,2002-03-18,F,Management
9790,Tom,Miller,18,Lead,Delhi,87681,2002-04-12,M,Leadership
9791,Mike,Brown,31,Clerk,Delhi,72789,2014-05-02,M,Operations
9792,Sara,Miller,50,Consultant,Paris,53854,2011-07-25,F,Consulting
9793,Sam,Miller,55,Manager,New York,82329,2004-10-18,F,Management
9794,Tom,Williams,58,Clerk,Singapore,59046,2024-11-28,F,Operations
9795,Sara,Williams,20,Analyst,Sydney,54786,2006-05-02,F,Analytics
9796,Jane,Davis,42,Manager,Toronto,41952,2008-06-27,M,Management
9797,Jane,Taylor,60,Intern,London,102367,2001-06-28,F,Training
9798,Lisa,Williams,32,Developer,Berlin,60532,2014-01-01,M,Engineering
9799,Emma,Brown,38,Analyst,Delhi,39979,2001-12-24,M,Analytics
9800,John,Wilson,49,Developer,Dubai,71665,2008-10-16,M,Engineering
9801,John,Johnson,28,Consultant,New York,47422,2016-02-26,M,Consulting
9802,Lisa,Brown,56,Clerk,Berlin,35237,2011-09-19,M,Operations
9803,John,Johnson,43,Architect,Berlin,114986,2010-09-19,M,Architecture
9804,Sara,Jones,27,Manager,Delhi,115499,2014-05-20,F,Management
9805,Lisa,Jones,41,Intern,Tokyo,29671,2001-04-30,F,Training
9806,Lisa,Miller,47,Architect,Delhi,84283,2024-05-28,M,Architecture
9807,Lisa,Wilson,19,Intern,Sydney,65351,2007-03-20,F,Training
9808,Sara,Williams,33,Intern,Toronto,71613,2022-04-07,F,Training
9809,Lisa,Garcia,25,Intern,Delhi,52862,2002-03-21,M,Training
9810,Paul,Jones,56,Designer,Delhi,97261,2014-05-19,M,Design
9811,Lisa,Williams,26,Designer,Dubai,82560,2011-01-28,F,Design
9812,Mike,Jones,48,Intern,Paris,56157,2010-05-19,M,Training
9813,Paul,Davis,45,Clerk,New York,101051,2003-02-14,M,Operations
9814,Jane,Smith,57,Architect,Toronto,88847,2000-02-20,M,Architecture
9815,Alex,Miller,31,Lead,Sydney,32467,2021-02-12,M,Leadership
9816,Jane,Taylor,33,Intern,Dubai,118605,2021-12-18,F,Training
9817,Sara,Smith,43,Clerk,London,108747,2023-10-26,M,Operations
9818,Jane,Brown,59,Clerk,London,71756,2014-05-14,F,Operations
9819,Mike,Garcia,20,Lead,New York,71228,2006-01-10,M,Leadership
9820,Paul,Smith,45,Consultant,Paris,95176,2023-01-10,F,Consulting
9821,John,Wilson,50,Analyst,Delhi,54579,2024-09-13,M,Analytics
9822,Emma,Wilson,26,Clerk,Tokyo,68714,2014-12-01,F,Operations
9823,Sam,Garcia,52,Manager,New York,42146,2005-01-01,F,Management
9824,Emma,Davis,26,Developer,New York,41315,2007-05-18,M,Engineering
9825,Alex,Miller,56,Analyst,Sydney,27338,2006-04-06,M,Analytics
9826,Jane,Garcia,27,Developer,New York,69255,2022-08-15,F,Engineering
9827,Lisa,Taylor,32,Engineer,New York,88469,2003-11-10,M,Engineering
9828,Sara,Johnson,29,Engineer,Tokyo,71087,2004-07-23,F,Engineering
9829,Emma,Garcia,33,Consultant,Berlin,37000,2017-07-07,M,Consulting
9830,Paul,Smith,41,Designer,Tokyo,44551,2001-02-02,F,Design
9831,Tom,Garcia,34,Consultant,Berlin,34537,2023-04-20,M,Consulting
9832,Mike,Smith,46,Architect,Sydney,34313,2002-12-21,M,Architecture
9833,Mike,Davis,28,Consultant,Berlin,102091,2011-06-06,M,Consulting
9834,Sam,Smith,32,Analyst,Delhi,104066,2013-03-23,F,Analytics
9835,Lisa,Williams,31,Intern,Paris,42596,2021-03-17,M,Training
9836,John,Garcia,39,Consultant,Dubai,117979,2022-03-25,M,Consulting
9837,Alex,Garcia,37,Consultant,Delhi,37908,2022-11-29,F,Consulting
9838,Mike,Jones,52,Consultant,New York,48457,2007-07-30,F,Consulting
9839,Sara,Jones,60,Developer,Toronto,69851,2002-03-20,M,Engineering
9840,Emma,Garcia,38,Manager,Paris,78335,2018-04-02,F,Management
9841,Emma,Johnson,52,Analyst,London,101495,2002-11-30,F,Analytics
9842,Jane,Johnson,36,Intern,Dubai,88282,2016-07-22,M,Training
9843,John,Taylor,37,Developer,Delhi,104652,2007-10-09,M,Engineering
9844,Tom,Brown,39,Engineer,New York,113026,2016-01-20,F,Engineering
9845,Alex,Brown,21,Consultant,Sydney,100763,2018-04-06,F,Consulting
9846,John,Garcia,39,Manager,Paris,84998,2016-07-06,M,Management
9847,John,Wilson,25,Developer,Paris,78385,2022-06-23,F,Engineering
9848,Lisa,Taylor,31,Designer,Dubai,36294,2007-03-09,F,Design
9849,Lisa,Wilson,35,Designer,Sydney,78043,2012-10-22,F,Design
9850,Paul,Johnson,42,Designer,New York,42533,2024-12-25,F,Design
9851,Paul,Taylor,54,Analyst,New York,58499,2001-02-28,M,Analytics
9852,Tom,Jones,35,Analyst,Sydney,25057,2017-12-23,F,Analytics
9853,Emma,Williams,19,Designer,New York,40688,2021-10-02,F,Design
9854,Mike,Smith,45,Intern,Paris,95309,2023-04-19,F,Training
9855,Emma,Johnson,50,Intern,Delhi,29363,2013-07-08,F,Training
9856,Alex,Smith,58,Consultant,New York,26322,2003-03-20,M,Consulting
9857,Tom,Miller,55,Intern,Tokyo,109927,2006-03-27,F,Training
9858,Alex,Miller,49,Engineer,Dubai,30136,2018-03-12,M,Engineering
9859,Alex,Taylor,31,Intern,Toronto,43170,2016-11-03,F,Training
9860,John,Smith,27,Manager,Paris,100846,2024-07-16,M,Management
9861,John,Miller,39,Intern,Paris,67073,2020-04-13,M,Training
9862,Tom,Jones,53,Manager,New York,119203,2002-12-19,M,Management
9863,John,Smith,34,Consultant,Berlin,92825,2016-02-23,F,Consulting
9864,Jane,Wilson,37,Lead,London,119443,2002-02-17,M,Leadership
9865,Sara,Garcia,20,Designer,New York,73751,2012-10-13,M,Design
9866,Paul,Williams,31,Lead,Sydney,48894,2014-08-02,F,Leadership
9867,Sara,Brown,41,Analyst,Singapore,69157,2021-08-01,F,Analytics
9868,Paul,Williams,31,Designer,Sydney,97576,2016-12-07,M,Design
9869,Sara,Garcia,38,Developer,Berlin,65173,2014-05-25,F,Engineering
9870,Alex,Jones,19,Consultant,Tokyo,80134,2004-09-03,F,Consulting
9871,Alex,Wilson,18,Lead,Tokyo,102244,2015-07-09,F,Leadership
9872,Jane,Jones,44,Consultant,Delhi,60839,2020-03-18,F,Consulting
9873,John,Brown,25,Architect,New York,68853,2018-02-15,F,Architecture
9874,John,Williams,45,Designer,Singapore,32996,2003-11-17,M,Design
9875,Jane,Johnson,24,Designer,New York,117572,2013-03-04,F,Design
9876,Jane,Brown,33,Analyst,Toronto,67763,2014-05-14,M,Analytics
9877,Alex,Garcia,51,Engineer,Dubai,118816,2012-06-08,F,Engineering
9878,Jane,Garcia,19,Consultant,Delhi,89947,2014-11-17,F,Consulting
9879,Mike,Taylor,31,Consultant,Berlin,81403,2020-07-13,M,Consulting
9880,Lisa,Johnson,46,Developer,London,91630,2021-03-31,F,Engineering
9881,Tom,Taylor,33,Analyst,Delhi,99239,2012-05-20,F,Analytics
9882,Tom,Johnson,28,Architect,Berlin,48448,2017-07-02,M,Architecture
9883,Alex,Davis,50,Lead,Dubai,40385,2005-05-29,M,Leadership
9884,Sara,Jones,22,Developer,Sydney,59137,2005-06-14,F,Engineering
9885,Mike,Davis,37,Architect,Toronto,58036,2020-08-19,M,Architecture
9886,Emma,Garcia,41,Intern,Delhi,78331,2020-06-03,M,Training
9887,Sam,Taylor,18,Intern,Toronto,104421,2012-06-03,F,Training
9888,Mike,Taylor,21,Developer,Paris,117342,2023-04-16,F,Engineering
9889,Lisa,Miller,49,Consultant,New York,56261,2010-02-14,F,Consulting
9890,Tom,Jones,18,Designer,New York,38001,2003-08-21,M,Design
9891,Jane,Williams,27,Manager,New York,84179,2019-08-01,M,Management
9892,Paul,Taylor,26,Manager,Berlin,26997,2023-09-17,M,Management
9893,Tom,Wilson,58,Lead,Dubai,84713,2020-08-19,F,Leadership
9894,John,Garcia,28,Designer,Dubai,113135,2008-11-27,F,Design
9895,Mike,Williams,24,Consultant,Paris,44235,2012-12-03,F,Consulting
9896,Sam,Taylor,36,Architect,Singapore,55653,2012-01-30,F,Architecture
9897,Paul,Davis,55,Lead,Singapore,37670,2004-12-30,M,Leadership
9898,Sara,Williams,43,Designer,Singapore,109476,2001-07-03,F,Design
9899,Lisa,Davis,48,Engineer,Sydney,38985,2022-12-30,M,Engineering
9900,Alex,Wilson,58,Analyst,Toronto,108349,2020-02-11,F,Analytics
9901,Paul,Wilson,41,Consultant,Berlin,96596,2011-05-29,M,Consulting
9902,Emma,Garcia,21,Clerk,Delhi,77597,2004-10-16,M,Operations
9903,Lisa,Miller,43,Engineer,Delhi,70560,2006-03-04,F,Engineering
9904,Alex,Taylor,50,Designer,Toronto,48969,2003-01-16,M,Design
9905,Emma,Davis,58,Engineer,Sydney,114508,2015-09-21,F,Engineering
9906,Lisa,Wilson,38,Lead,Dubai,114909,2010-01-28,M,Leadership
9907,Lisa,Miller,57,Clerk,Sydney,94399,2000-08-01,M,Operations
9908,Paul,Smith,20,Architect,London,82186,2014-03-29,M,Architecture
9909,Lisa,Taylor,57,Designer,London,101095,2003-12-17,M,Design
9910,John,Williams,31,Manager,London,106109,2021-06-03,M,Management
9911,Emma,Williams,45,Manager,Tokyo,52259,2013-05-14,F,Management
9912,Sam,Brown,42,Developer,Tokyo,60867,2020-09-20,M,Engineering
9913,Emma,Miller,20,Analyst,Paris,107699,2015-12-16,M,Analytics
9914,Tom,Brown,22,Analyst,Singapore,79400,2007-04-09,F,Analytics
9915,Paul,Brown,47,Engineer,Singapore,40089,2014-12-13,M,Engineering
9916,John,Smith,41,Designer,New York,92491,2018-07-20,F,Design
9917,Tom,Wilson,21,Engineer,Berlin,59991,2000-03-22,M,Engineering
9918,John,Miller,19,Consultant,New York,91664,2009-04-11,M,Consulting
9919,Emma,Brown,29,Developer,Tokyo,44740,2003-08-01,F,Engineering
9920,Tom,Garcia,35,Lead,New York,61703,2015-01-08,M,Leadership
9921,Emma,Smith,53,Designer,Tokyo,82512,2012-09-22,F,Design
9922,John,Wilson,31,Intern,Dubai,41970,2000-01-16,F,Training
9923,Alex,Taylor,41,Consultant,Singapore,112403,2002-06-13,F,Consulting
9924,Lisa,Williams,53,Engineer,Delhi,84863,2006-10-21,F,Engineering
9925,Alex,Jones,25,Analyst,Toronto,100573,2018-03-19,F,Analytics
9926,Mike,Wilson,43,Lead,Toronto,112280,2014-05-28,F,Leadership
9927,Sam,Williams,32,Designer,New York,46753,2017-06-16,F,Design
9928,Sam,Taylor,60,Clerk,Sydney,39748,2017-06-23,M,Operations
9929,Sara,Johnson,57,Clerk,Delhi,44569,2006-04-11,M,Operations
9930,Jane,Taylor,31,Consultant,Dubai,62742,2019-05-14,F,Consulting
9931,Jane,Davis,48,Architect,New York,38781,2009-11-06,M,Architecture
9932,Lisa,Garcia,36,Analyst,London,68838,2006-08-10,F,Analytics
9933,Jane,Garcia,58,Clerk,London,108789,2010-04-01,M,Operations
9934,Jane,Wilson,59,Clerk,Toronto,49771,2024-06-17,M,Operations
9935,John,Davis,40,Manager,Toronto,40044,2013-03-14,M,Management
9936,Paul,Miller,44,Manager,Dubai,50576,2002-12-10,F,Management
9937,Lisa,Taylor,50,Analyst,Dubai,51568,2023-03-05,F,Analytics
9938,John,Brown,54,Manager,Berlin,109958,2024-12-28,M,Management
9939,Tom,Davis,30,Developer,Tokyo,71374,2001-12-13,M,Engineering
9940,Tom,Garcia,39,Intern,Delhi,43774,2011-07-09,M,Training
9941,Jane,Johnson,57,Manager,Dubai,47780,2011-07-30,M,Management
9942,Emma,Williams,43,Designer,Sydney,110156,2023-11-01,M,Design
9943,Lisa,Miller,33,Designer,Singapore,76672,2023-09-01,F,Design
9944,Emma,Brown,55,Clerk,Dubai,39975,2016-11-11,M,Operations
9945,Tom,Davis,30,Designer,New York,105040,2005-12-28,M,Design
9946,Sam,Miller,23,Engineer,New York,95880,2002-07-29,M,Engineering
9947,Lisa,Wilson,56,Intern,Paris,71106,2007-06-25,F,Training
9948,Emma,Williams,22,Intern,Paris,70981,2020-07-21,F,Training
9949,Sam,Miller,59,Lead,Singapore,92876,2016-09-13,M,Leadership
9950,Mike,Taylor,42,Designer,Dubai,96100,2015-01-05,M,Design
9951,Mike,Taylor,49,Consultant,Toronto,108851,2012-10-16,F,Consulting
9952,Alex,Smith,44,Analyst,Delhi,88094,2022-01-14,F,Analytics
9953,Lisa,Brown,28,Manager,New York,114318,2018-11-22,F,Management
9954,Jane,Taylor,53,Designer,Tokyo,61879,2015-05-22,F,Design
9955,Alex,Johnson,41,Intern,New York,104520,2003-08-02,F,Training
9956,Paul,Davis,21,Analyst,Berlin,44666,2014-11-30,F,Analytics
9957,Mike,Wilson,26,Clerk,Toronto,66049,2006-08-02,F,Operations
9958,Sara,Davis,27,Clerk,Delhi,109409,2006-01-25,F,Operations
9959,Tom,Johnson,29,Designer,Singapore,56936,2015-04-21,M,Design
9960,Tom,Garcia,35,Consultant,Sydney,92125,2017-09-15,M,Consulting
9961,Tom,Davis,34,Engineer,Toronto,86097,2023-11-20,M,Engineering
9962,Paul,Jones,56,Manager,New York,32140,2006-06-01,M,Management
9963,Sara,Miller,57,Developer,Delhi,64212,2005-10-07,M,Engineering
9964,Tom,Brown,45,Consultant,London,73051,2014-11-26,M,Consulting
9965,Tom,Taylor,52,Lead,Singapore,56985,2018-03-27,F,Leadership
9966,Emma,Davis,32,Developer,Paris,84705,2010-06-13,F,Engineering
9967,Mike,Smith,44,Manager,Singapore,94562,2014-08-08,F,Management
9968,Emma,Brown,60,Developer,Paris,27887,2011-07-04,M,Engineering
9969,Emma,Williams,60,Engineer,Tokyo,58412,2008-08-10,F,Engineering
9970,Emma,Johnson,52,Developer,Tokyo,73716,2017-05-08,F,Engineering
9971,Emma,Brown,28,Developer,Berlin,111800,2011-09-27,M,Engineering
9972,Lisa,Garcia,35,Clerk,Dubai,72792,2000-02-29,F,Operations
9973,Emma,Taylor,60,Analyst,New York,81236,2008-05-03,M,Analytics
9974,Emma,Garcia,55,Designer,Paris,30418,2015-04-28,M,Design
9975,Sara,Johnson,18,Lead,Singapore,49306,2001-12-12,M,Leadership
9976,Sara,Taylor,59,Clerk,London,68083,2014-03-20,M,Operations
9977,Tom,Taylor,37,Clerk,Delhi,105369,2022-07-28,M,Operations
9978,Alex,Brown,36,Intern,New York,62589,2003-10-03,F,Training
9979,Tom,Williams,47,Developer,Sydney,104400,2010-09-16,F,Engineering
9980,Lisa,Jones,56,Clerk,Delhi,100378,2001-05-18,M,Operations
9981,Emma,Williams,20,Lead,Paris,87429,2012-08-11,F,Leadership
9982,Jane,Williams,31,Designer,Toronto,88414,2016-09-12,M,Design
9983,Lisa,Johnson,54,Developer,New York,93339,2022-12-08,M,Engineering
9984,Tom,Johnson,26,Clerk,Dubai,73065,2022-08-01,M,Operations
9985,Tom,Wilson,28,Developer,New York,69030,2021-01-27,M,Engineering
9986,Lisa,Williams,34,Lead,Paris,57514,2024-10-18,M,Leadership
9987,Alex,Smith,41,Developer,Tokyo,36808,2005-12-19,M,Engineering
9988,Tom,Garcia,20,Designer,London,79461,2023-07-05,M,Design
9989,Lisa,Williams,35,Consultant,London,94730,2005-07-17,F,Consulting
9990,Tom,Jones,34,Developer,Dubai,116516,2020-12-01,M,Engineering
9991,Sara,Johnson,37,Consultant,New York,27226,2021-05-16
9992,Tom,Jones,59,Manager,Paris,56606,2017-05-04,M,Management
9993,Paul,Davis,26,Lead,Sydney,96256,2004-01-19,F,Leadership
9994,John,Wilson,46,Intern,Sydney,31789,2005-04-01,F,Training
9995,Emma,Smith,51,Lead,Berlin,71702,2006-02-12,M,Leadership
9996,Jane,Garcia,34,Designer,Delhi,32950,2017-04-01,F,Design
9997,John,Williams,33,Engineer,Sydney,35725,2013-10-06,M,Engineering
9998,Paul,Wilson,26,Clerk,Berlin,69425,2024-07-30,F,Operations
9999,John,Davis,58,Architect,Paris,76934,2015-04-22,M,Architecture
10000,John,Williams,58,Architect,New York,29951,2003-06-12,M,Architecture