cid,fname,lname,age,prof,city,salary,doj
1,John,Davis,45,Analyst,Toronto,26737,2023-09-07
2,Emma,Johnson,28,Consultant,Delhi,118354,2006-07-05
3,Paul,Johnson,51,Manager,Toronto,31623,2008-07-20
4,Lisa,Wilson,52,Analyst,London,39968,2014-03-21
5,Tom,Johnson,22,Analyst,New York,,2008-10-29
6,Sara,Williams,18,Engineer,Tokyo,61279,2013-09-17
7,Jane,Jones,42,Designer,Toronto,97525,2007-07-15
8,Paul,Wilson,55,Clerk,Toronto,111211,2000-04-06
9,John,Jones,59,Consultant,Berlin,36288,2024-06-07
10,Emma,Smith,41,Manager,Paris,86056,2016-07-07
11,Alex,Garcia,56,Manager,Tokyo,86442,2002-04-26
12,John,Wilson,35,Lead,Tokyo,116108,2012-03-20
13,Alex,Jones,39,Clerk,London,75656,2018-05-24
14,Alex,Williams,20,Consultant,Singapore,26074,2017-02-26
15,Mike,Taylor,51,Engineer,Singapore,25300,2008-08-09
16,Jane,Davis,35,Designer,Sydney,70869,2021-03-13
17,Tom,Brown,30,Clerk,Tokyo,90208,2017-01-11
18,Alex,Smith,45,Lead,Paris,36749,2021-08-26
19,Alex,Davis,53,Developer,Tokyo,86213,2001-02-15
20,Mike,Smith,30,Architect,Toronto,40521,2015-10-14
21,Sam,Miller,54,Engineer,Paris,48984,2014-05-13
22,Mike,Wilson,47,Analyst,Berlin,97515,2013-09-17
23,Sam,Garcia,42,Architect,London,91809,2018-07-30
24,Jane,Williams,32,Clerk,Dubai,32565,2007-04-11
25,Sam,Miller,59,Analyst,Toronto,26781,2019-03-23
26,Jane,Smith,46,Intern,London,72923,2020-01-13
27,Alex,Jones,29,Consultant,New York,67106,2010-09-16
28,Paul,Davis,58,Intern,London,60862,2011-12-24
29,Lisa,Wilson,57,Developer,Paris,79562,2010-07-10
30,Alex,Jones,36,Clerk,Delhi,59790,2006-09-19
31,John,Garcia,32,Manager,London,33871,2014-11-08
32,Sara,Davis,36,Analyst,Singapore,85793,2020-11-20
33,Mike,Taylor,60,Developer,Sydney,49765,2011-07-09
34,Sam,Wilson,54,Architect,Delhi,54544,2003-11-27
35,Emma,Davis,28,Engineer,Delhi,85523,2012-11-22
36,Paul,Davis,50,Intern,Sydney,97734,2013-01-08
37,Sara,Johnson,21,Developer,Berlin,78296,2024-05-02
38,John,Brown,40,Designer,Berlin,47869,2022-05-23
39,Sara,Jones,36,Consultant,London,99288,2004-08-04
40,Tom,Davis,19,Architect,Delhi,68906,2014-04-12
41,Emma,Brown,26,Designer,Toronto,95273,2001-08-11
42,Tom,Jones,53,Consultant,Sydney,27513,2015-01-18
43,Sara,Miller,54,Analyst,Sydney,109274,2003-10-19
44,Lisa,Jones,50,Consultant,New York,47367,2013-05-06
45,Sara,Williams,44,Developer,London,48062,2021-03-03
46,John,Brown,24,Consultant,London,110338,2000-12-04
47,Emma,Davis,57,Consultant,Delhi,64989,2022-08-03
48,Alex,Garcia,37,Engineer,Paris,91762,2024-12-18
49,Emma,Johnson,29,Lead,Tokyo,63679,2024-12-08
50,Jane,Davis,30,Engineer,New York,66778,2011-12-09
51,Alex,Smith,54,Manager,Toronto,118328,2014-12-21
52,Sam,Smith,34,Analyst,New York
53,Mike,Jones,26,Clerk,Berlin,27093,2009-04-19
54,Lisa,Jones,29,Developer,Tokyo,86529,2023-01-13
55,Paul,Johnson,48,Intern,Tokyo,44614,2009-11-18
56,Jane,Brown,56,Consultant,Sydney,47304,2010-12-01
57,Sara,Davis,35,Manager,Berlin,79844,2004-08-01
58,Jane,Miller,25,Lead,Toronto,40721,2022-04-09
59,Sara,Miller,48,Lead,New York,81422,2011-01-21
60,Sam,Garcia,54,Lead,Tokyo,74468,2000-04-14
61,Mike,Garcia,41,Intern,Paris,40327,2021-10-18
62,Paul,Taylor,45,Engineer,New York,108579,2003-11-08
63,Alex,Brown,34,Consultant,New York,29322,2021-06-18
64,Jane,Smith,43,Clerk,Singapore,102312,2023-07-26
65,Emma,Smith,21,Clerk,Singapore,63256,2003-07-18
66,Alex,Davis,41,Designer,New York,35262,2009-12-15
67,Tom,Taylor,59,Lead,Toronto,48374,2019-12-30
68,Jane,Smith,46,Architect,Dubai,65433,2017-08-07
69,Lisa,Garcia,20,Designer,Delhi,98363,2006-03-01
70,Tom,Taylor,38,Engineer,Delhi,46867,2009-07-18
71,Sara,Wilson,50,Designer,Singapore,72938,2016-05-25
72,Tom,Smith,21,Clerk,Sydney,38611,2001-12-25
73,Emma,Miller,27,Intern,Toronto,91097,2012-09-22
74,John,Williams,57,Intern,Berlin,105368,2000-10-17
75,Lisa,Davis,54,Intern,Paris,42528,2010-08-04
76,Jane,Taylor,56,Consultant,Tokyo,106580,2009-12-18
77,Tom,Smith,21,Lead,Sydney,93257,2000-05-26
78,Jane,Williams,42,Clerk,Sydney,115920,2006-06-19
79,Paul,Smith,59,Lead,Tokyo,58772,2007-08-30
80,Paul,Williams,29,Architect,Toronto,41655,2004-01-31
81,Tom,Jones,43,Consultant,Toronto,70637,2021-11-22
82,Emma,Wilson,60,Clerk,Singapore,109083,2014-01-03
83,Sam,Wilson,44,Intern,Tokyo,N/A,2009-06-21
84,Tom,Miller,46,Consultant,Toronto,50737,2024-04-24
85,Tom,Johnson,49,Lead,London,106142,2007-03-23
86,Lisa,Garcia,55,Intern,Tokyo,100794,2009-05-10
87,Emma,Brown,58,Consultant,Toronto,78399,2006-02-18
88,Tom,Williams,30,Consultant,Berlin,94121,2016-02-16
89,Sam,Johnson,46,Architect,New York,86720,2010-10-20
90,Jane,Smith,50,Manager,Delhi,37248,2006-09-11
91,Paul,Smith,32,Lead,Sydney,31502,2011-05-25
92,Paul,Davis,43,Designer,Dubai,103514,2002-06-30
93,Emma,Wilson,25,Lead,London,98873,2011-06-29
94,Mike,Garcia,46,Analyst,Paris,26441,2012-05-04
95,Paul,Smith,45,Designer,Sydney,87011,2018-12-01
96,Jane,Williams,42,Engineer,Paris,35983,2020-12-24
97,Tom,Johnson,41,Clerk,Delhi,113852,2010-02-08
98,Lisa,Smith,57,Manager,Paris,99431,2015-05-07
99,Lisa,Jones,53,Engineer,Tokyo,83127,2007-10-20
100,Jane,Garcia,36,Engineer,Sydney,104841,2005-11-10
101,John,Wilson,37,Manager,Berlin,62019,2006-12-05
102,Sam,Wilson,46,Engineer,New York,97548,2014-05-09
103,Jane,Davis,24,Clerk,Delhi,63752,2013-05-12
104,Sam,Johnson,20,Developer,Toronto,32639,2023-10-13
105,Mike,Wilson,22,Analyst,Sydney,119502,2009-02-20
106,Paul,Wilson,52,Designer,Berlin,35878,2022-08-28
107,Sara,Wilson,55,Developer,Berlin,81790,2022-08-29
108,Sam,Smith,28,Clerk,Toronto,88346,2014-01-20
109,Paul,Brown,34,Developer,Tokyo,34834,2003-05-04
110,Paul,Brown,28,Developer,Singapore,36655,2024-06-09
111,Alex,Miller,58,Developer,Berlin,35463,2016-10-01
112,Emma,Williams,21,Engineer,Berlin,32812,2019-01-09
113,Paul,Taylor,24,Manager,Berlin,92594,2006-03-01
114,Alex,Taylor,58,Designer,Toronto,75182,2011-08-11
115,Jane,Johnson,33,Engineer,Sydney,49430,2000-12-23
116,Mike,Garcia,45,Analyst,Delhi,97199,2012-06-15
117,Paul,Taylor,54,Intern,Sydney,67988,2023-06-24
118,Mike,Davis,41,Manager,New York,67646,2013-09-07
119,Lisa,Brown,54,Developer,London,50068,2019-12-16
120,Tom,Brown,40,Designer,New York,37481,2020-02-12
121,Sara,Johnson,38,Designer,London,114467,2022-02-26
122,Paul,Taylor,28,Intern,Dubai,71909,2003-09-08
123,Sara,Wilson,49,Architect,Paris,70230,2013-11-27
124,Emma,Smith,27,Designer,Paris,52353,2002-07-25
125,Emma,Wilson,29,Intern,Dubai,101892,2007-04-19
126,Lisa,Jones,41,Lead,Dubai,94401,2011-01-24
127,John,Davis,48,Clerk,Delhi,29939,2017-10-19
128,Tom,Jones,55,Developer,London,103844,2002-08-29
129,Lisa,Miller,24,Clerk,Berlin,99902,2016-09-12
130,Alex,Taylor,51,Developer,Toronto,70247,2014-10-11
131,Tom,Davis,60,Analyst,Singapore,27042,2011-09-05
132,Sara,Wilson,34,Intern,Delhi,51985,2006-07-14
133,Sara,Taylor,19,Architect,Delhi,29398,2010-04-14
134,Lisa,Williams,60,Clerk,London,39419,2000-11-17
135,Emma,Davis,48,Designer,Paris,49445,2008-05-15
136,Lisa,Johnson,54,Lead,Singapore,78071,2015-07-12
137,Mike,Jones,40,Manager,Berlin,73005,2014-11-28
138,Emma,Williams,43,Lead,Berlin,67061,2021-07-06
139,John,Williams,35,Analyst,Tokyo,116390,2006-05-02
140,Alex,Jones,36,Designer,Paris,78938,2004-01-16
141,Jane,Taylor,60,Designer,Paris,86480,2013-11-19
142,Lisa,Johnson,24,Intern,Berlin,62955,2005-08-09
143,Paul,Davis,50,Intern,New York,93923,2005-05-13
144,Mike,Brown,42,Intern,Berlin,105659,2004-01-06
145,Sara,Wilson,25,Analyst,Berlin,96927,2003-09-06
146,Tom,Williams,56,Clerk,New York,42011,2000-09-10
147,Mike,Smith,26,Consultant,Singapore,70168,2012-04-20
148,Lisa,Garcia,60,Designer,Toronto,70095,2007-11-08,extra_field
149,Emma,Williams,43,Consultant,Singapore,72587,2010-12-15
150,John,Johnson,43,Architect,Singapore,73600,2003-03-27
151,Sara,Wilson,22,Intern,Singapore,82798,2009-04-12
152,Sam,Jones,39,Lead,London,87189,2009-10-22
153,Lisa,Smith,46,Developer,Berlin,119480,2022-10-21
154,Lisa,Brown,49,Architect,Toronto,46493,2024-03-11
155,Lisa,Miller,28,Lead,Delhi,69088,2007-08-14
156,Emma,Smith,40,Developer,Tokyo,109132,2020-09-22
157,Sara,Brown,59,Developer,London,80131,2009-08-27
158,Sam,Davis,56,Intern,Dubai,48311,2004-04-21
159,Lisa,Smith,43,Architect,Sydney,81454,2018-01-25
160,Mike,Smith,24,Consultant,Delhi,61906,2002-03-09
161,Mike,Taylor,38,Manager,London,28704,2012-05-04
162,Alex,Wilson,52,Consultant,Singapore,31194,2020-08-25
163,Mike,Brown,18,Analyst,Sydney,56107,2014-01-03
164,Mike,Garcia,29,Engineer,New York,46092,2010-09-26
165,Sam,Miller,50,Engineer,London,105849,2012-02-09
166,John,Williams,32,Developer,Berlin,78331,2011-07-09
167,John,Brown,43,Designer,Dubai,115262,2004-11-09
168,John,Brown,54,Manager,New York,60412,2003-07-14
169,Lisa,Davis,21,Engineer,Sydney,115779,2017-05-14
170,John,Jones,23,Lead,Delhi,29590,2022-01-29
171,John,Taylor,59,Architect,London,88426,2012-08-21
172,Jane,Brown,35,Analyst,Paris,72017,2012-03-29
173,Tom,Jones,28,Lead,Tokyo,108627,2018-03-13
174,Mike,Garcia,41,Lead,Toronto,81764,2007-03-24
175,Alex,Miller,21,Manager,New York,58275,2002-03-28
176,Paul,Jones,42,Architect,Berlin,27567,2002-05-21
177,Alex,Taylor,18,Architect,Berlin,83259,2008-07-20
178,Tom,Johnson,59,Engineer,Berlin,96554,2000-07-03
179,Alex,Garcia,39,Designer,London,71473,2004-04-06
180,Emma,Miller,36,Manager,Toronto,38635,2005-12-04
181,John,Jones,48,Intern,Sydney,69584,2007-03-19
182,Paul,Wilson,60,Analyst,New York,98403,2009-07-24
183,Mike,Jones,38,Developer,Paris,66779,2000-08-02
184,Jane,Williams,50,Lead,Dubai,62618,2012-01-22
185,Emma,Miller,30,Designer,New York,53374,2019-01-02
186,Paul,Taylor,51,Developer,Tokyo,59970,2016-03-14
187,Sam,Smith,53,Analyst,Paris,119595,2008-10-22
188,Tom,Johnson,52,Engineer,Tokyo,72351,2000-12-04
189,Jane,Wilson,51,Manager,Berlin,50082,2006-03-08
190,Sam,Smith,21,Intern,Sydney,39105,2024-02-21
191,Emma,Johnson,54,Lead,Toronto,80357,2023-05-20
192,Tom,Johnson,27,Designer,Paris,62720,2017-05-06
193,Sam,Brown,25,Developer,New York
194,John,Garcia,52,Clerk,Berlin,85458,2005-02-13
195,Paul,Smith,19,Engineer,Sydney,25228,2006-10-29,extra_field
196,Sam,Wilson,36,Clerk,Singapore,66333,2008-05-28
197,Emma,Garcia,37,Manager,Tokyo,27644,2005-11-06
198,Paul,Smith,25,Developer,Delhi,58942,2017-11-01
199,Paul,Wilson,35,Architect,Paris,77728,2020-04-25
200,Sam,Johnson,39,Clerk,Berlin,37638,2014-12-06
201,Tom,Wilson,39,Intern,Toronto,29639,2018-11-23
202,Paul,Miller,19,Intern,Paris,45800,2018-02-07
203,Mike,Davis,33,Developer,London,27605,2005-02-03
204,Alex,Wilson,36,Lead,Tokyo,88819,2022-02-23
205,Mike,Williams,50,Architect,Dubai,101813,2018-04-16
206,Mike,Brown,28,Developer,Sydney,72727,2000-08-20
207,Paul,Johnson,42,Architect,Sydney,25685,2024-04-02
208,Emma,Brown,57,Engineer,Singapore,83529,2006-01-05
209,John,Wilson,20,Clerk,Sydney,80840,2017-11-02
210,Jane,Miller,19,Manager,Paris,59484,2013-09-13
211,Emma,Johnson,20,Clerk,Tokyo,34424,2019-03-23
212,Jane,Williams,21,Clerk,New York,71426,2014-03-03
213,John,Smith,45,Designer,Delhi,88482,2024-09-10
214,Sara,Garcia,36,Manager,Dubai,49620,2013-12-21
215,Sara,Miller,25,Designer,Delhi,88059,2014-10-18
216,Tom,Davis,35,Consultant,Berlin,47578,2007-09-30
217,Tom,Taylor,55,Clerk,Toronto,115293,2023-01-18
218,Jane,Wilson,37,Lead,Paris,114607,2020-08-18
219,Alex,Garcia,45,Consultant,London,53230,2022-03-23
220,Mike,Brown,59,Lead,Berlin,95459,2009-03-26
221,Paul,Miller,32,Engineer,Dubai,92801,2020-10-10
222,Emma,Garcia,39,Consultant,Sydney,72837,2019-05-04
223,Sam,Jones,50,Lead,Berlin,94864,2004-11-29
224,Paul,Garcia,35,Architect,Sydney,29474,2002-11-13
225,Paul,Garcia,52,Analyst,Sydney,26823,2000-07-12
226,John,Smith,18,Manager,Toronto,78327,2018-08-03
227,Sam,Wilson,52,Consultant,London,103768,2012-01-16
228,Alex,Smith,60,Developer,London,66880,2014-01-13
229,Alex,Williams,57,Clerk,Singapore,95932,2014-05-03
230,Jane,Brown,41,Consultant,Paris,31913,2001-07-16
231,Mike,Wilson,51,Analyst,Dubai,44202,2002-07-25
232,John,Brown,53,Clerk,Tokyo,103297,2011-08-22
233,Emma,Miller,32,Developer,Dubai,61138,2015-10-22
234,Jane,Garcia,30,Architect,Tokyo,99571,2024-09-07
235,Mike,Johnson,41,Manager,London,88595,2004-05-11
236,Tom,Wilson,49,Analyst,Berlin,33298,2000-01-16
237,Emma,Wilson,36,Architect,London,64162,2008-12-24
238,Emma,Brown,18,Clerk,Paris,117518,2005-08-21
239,Paul,Brown,43,Consultant,Delhi,61875,2000-10-28
240,Paul,Brown,30,Clerk,New York,92092,2022-09-21
241,Sam,Johnson,33,Analyst,Delhi,51794,2009-01-14
242,Sam,Williams,27,Manager,Singapore,30120,2016-07-10
243,Mike,Davis,33,Manager,Tokyo,48414,2015-09-23
244,Alex,Williams,58,Intern,Tokyo,114512,2024-11-22
245,Tom,Williams,39,Designer,Dubai,115577,2014-09-18
246,Paul,Smith,31,Intern,Paris,52909,2018-11-03
247,John,Garcia,37,Analyst,Toronto,35199,2013-10-02
248,Alex,Wilson,45,Designer,Tokyo,102711,2015-05-26
249,Tom,Davis,40,Engineer,Delhi,77444,2004-07-07
250,John,Williams,47,Engineer,Sydney,52507,2008-11-05
251,Emma,Williams,35,Designer,Toronto,73248,2008-07-30
252,Sam,Wilson,53,Architect,New York,91530,2012-11-19
253,Sara,Williams,29,Clerk,Berlin,55625,2002-11-08
254,Paul,Jones,32,Designer,Dubai,81574,2005-09-18
255,John,Garcia,24,Consultant,Singapore,86928,2001-04-26
256,John,Davis,53,Developer,Sydney,27398,2008-09-15
257,Sara,Miller,32,Lead,Toronto,27853,2004-03-26
258,Lisa,Brown,58,Clerk,London,66047,2009-03-26
259,Tom,Williams,32,Engineer,Tokyo,73196,2014-02-17
260,Jane,Smith,47,Designer,Toronto,35292,2012-11-25
261,Jane,Brown,60,Architect,Singapore,71783,2017-07-14
262,Tom,Brown,52,Manager,Paris,79626,2008-03-19
263,Paul,Smith,20,Developer,Sydney,37839,2015-12-29
264,Sara,Davis,47,Designer,New York,92371,2006-01-06
265,Sam,Davis,37,Architect,London,99559,2005-02-02
266,Lisa,Brown,60,Architect,Sydney,55385,2024-08-30
267,Paul,Garcia,30,Clerk,Dubai,111125,2015-12-07
268,Sam,Jones,59,Clerk,London,55508,2006-03-25
269,Emma,Johnson,40,Designer,Dubai,90401,2023-04-20
270,John,Garcia,42,Clerk,London,62745,2016-02-23
271,Alex,Davis,57,Intern,Tokyo,64323,2003-05-23
272,Emma,Brown,54,Analyst,Dubai,92269,2022-01-12
273,John,Wilson,48,Lead,Berlin,52197,2003-12-25
274,Jane,Williams,44,Designer,Toronto,94287,2006-10-31
275,Jane,Williams,51,Developer,New York,29095,2007-11-18
276,John,Smith,30,Developer,Paris,43803,2014-10-13
277,Emma,Jones,38,Consultant,New York,115313,2012-11-03
278,Tom,Brown,48,Lead,Delhi,62001,2010-11-07
279,Paul,Johnson,21,Analyst,Berlin,39374,2003-04-10
280,Lisa,Williams,51,Developer,Dubai,69014,2002-10-29
281,Paul,Jones,51,Architect,Toronto,43279,2020-10-01
282,Mike,Brown,24,Developer,Sydney,64944,2018-03-21
283,Mike,Davis,42,Manager,Singapore,102395,2012-08-27
284,Alex,Garcia,46,Developer,Dubai,110737,2009-11-07
285,Sara,Taylor,24,Consultant,Dubai,98036,2010-06-30
286,Alex,Davis,35,Engineer,New York,79777,2000-07-14
287,Mike,Garcia,40,Designer,Toronto,89665,2014-08-02
288,Jane,Taylor,19,Designer,Berlin,81568,2019-03-26
289,Sam,Jones,60,Consultant,Sydney,80000,2024-12-18
290,Lisa,Jones,42,Consultant,New York,81774,2005-06-24
291,Sara,Miller,57,Manager,Dubai,37171,2004-10-13
292,Lisa,,47,Analyst,Berlin,106655,2021-04-01
293,Jane,Johnson,50,Manager,New York,54606,2013-08-04
294,Sara,Garcia,27,Designer,Berlin,40396,2002-12-04
295,Tom,Taylor,39,Developer,Singapore,95783,2010-08-01
296,Lisa,Miller,21,Manager,Delhi,112152,2017-11-26
297,Sara,Williams,18,Architect,Dubai,43981,2022-02-03
298,Jane,Williams,41,Consultant,Tokyo,75099,32-13-2025
299,Tom,Johnson,28,Lead,Delhi,34392,2004-08-04
300,Mike,Smith,24,Engineer,Delhi,99702,2017-11-18
301,Lisa,Taylor,27,Lead,Sydney,85787,2004-09-11
302,Mike,Williams,49,Designer,Singapore,49818,2006-10-07
303,Lisa,Wilson,60,Intern,London,100289,2015-02-25
304,John,Garcia,55,Analyst,Sydney,65344,2000-02-16
305,Tom,Garcia,21,Analyst,Dubai,70600,2003-11-16
306,Tom,Jones,53,Analyst,Sydney,26586,2001-07-12
307,Jane,Johnson,27,Clerk,London,39254,2015-04-29
308,Sara,Wilson,18,Clerk,Paris,85877,2022-05-04
309,Paul,Smith,45,Developer,Toronto,60755,2023-10-06
310,Paul,Smith,22,Intern,Toronto,81136,2004-10-17
311,Alex,Davis,38,Clerk,Berlin,40590,2009-03-25
312,Sam,Brown,33,Architect,New York,60770,2015-09-05
313,Tom,Wilson,31,Consultant,Berlin,82467,2018-12-23
314,Mike,Smith,52,Designer,Toronto,48281,2007-07-12
315,Tom,Miller,37,Engineer,Delhi,52352,2002-03-31
316,Sam,Garcia,41,Intern,Sydney,59098,2011-06-21
317,Emma,Brown,43,Designer,Dubai,61371,2021-06-05
318,John,Jones,58,Lead,Singapore,104934,2010-12-18
319,Paul,Wilson,25,Designer,Paris,36212,2010-09-08
320,Paul,Johnson,25,Designer,Tokyo,98640,2013-10-04
321,Alex,Taylor,42,Clerk,Sydney,49175,2017-03-16
322,Lisa,Taylor,31,Engineer,Sydney,91626,2004-02-01
323,Lisa,Wilson,21,Manager,Tokyo,60549,2017-09-01
324,Paul,Taylor,35,Consultant,Paris,72066,2004-04-11
325,John,Jones,27,Manager,Singapore,54874,2011-08-04
326,Paul,Johnson,56,Engineer,Sydney,111934,2005-02-06
327,Paul,Wilson,31,Consultant,Singapore,69200,2013-11-14
328,Mike,Smith,43,Designer,Dubai,32498,2008-03-31
329,Sara,Johnson,43,Clerk,New York,55713,2020-09-16
330,Sam,Miller,28,Designer,Paris,89991,2009-04-29
331,Paul,Williams,47,Manager,Sydney,67610,2019-02-17
332,Alex,Brown,27,Clerk,Tokyo,80043,2006-01-16
333,Emma,Wilson,32,Clerk,Tokyo,42857,2013-10-13
334,Tom,Wilson,60,Analyst,Paris,61270,2003-04-17
335,Tom,Smith,33,Consultant,Paris,78417,2016-08-10
336,Jane,Smith,46,Architect,Delhi,52699,2012-06-04
337,Tom,Taylor,21,Analyst,Toronto,99212,2006-04-28
338,Mike,Smith,30,Manager,Delhi,71717,2023-04-22
339,Tom,Smith,46,Consultant,Dubai,37012,2007-12-05
340,Sam,Jones,38,Lead,Singapore,34380,2014-06-04
341,Jane,Taylor,54,Analyst,Delhi,28716,2018-09-01
342,Sara,Garcia,47,Analyst,Singapore,99735,2012-12-17
343,Jane,Jones,56,Clerk,New York,75757,2007-10-19
344,Paul,Brown,41,Consultant,Tokyo,64491,2004-11-27
345,Alex,Smith,43,Clerk,London,96302,2009-01-25
346,John,Taylor,43,Clerk,Dubai,25802,2001-12-13
347,Paul,Brown,58,Intern,Sydney,82117,2019-05-29
348,Alex,Miller,27,Clerk,Singapore,114131,2023-10-17
349,Mike,Williams,38,Clerk,Tokyo,58604,2001-09-14
350,John,Williams,27,Analyst,Dubai,109831,2000-06-03
351,Sara,Miller,57,Consultant,New York,36921,2008-07-03
352,Alex,Garcia,34,Engineer,Sydney,89624,2008-10-18
353,Alex,Johnson,36,Designer,Paris,85731,2017-05-22
354,Sam,Johnson,47,Intern,Dubai,29158,2005-08-23
355,Alex,Johnson,41,Clerk,Tokyo,26451,2023-08-11
356,Mike,Taylor,27,Manager,Toronto,108957,2008-12-15
357,Paul,Williams,55,Architect,Delhi,50603,2015-12-16
358,Mike,Taylor,30,Developer,Berlin,95999,2022-03-14
359,Mike,Smith,48,Analyst,Berlin,56361,2021-05-21
360,Lisa,Brown,30,Intern,Berlin,49462,2020-01-03
361,Sam,Garcia,59,Lead,Paris,93881,2010-04-07
362,Lisa,Jones,50,Manager,Toronto,62078,2013-10-10
363,Sara,Wilson,49,Consultant,Sydney,50292,2015-05-24
364,Paul,Taylor,45,Intern,Berlin,65755,2001-12-25
365,Lisa,Jones,34,Manager,Dubai,51379,2014-11-03
366,Lisa,Smith,49,Developer,Paris,46834,2011-06-05
367,Jane,Williams,28,Lead,Berlin,30122,2020-05-28
368,Emma,Wilson,21,Clerk,Toronto,48694,2024-12-25
369,Tom,Miller,51,Clerk,Sydney,36566,2001-11-21
370,Sam,Miller,52,Designer,London,87896,2019-10-17
371,Sam,Jones,52,Engineer,Singapore,60907,2010-05-12
372,Paul,Garcia,49,Developer,New York,87374,2005-06-08
373,Emma,Brown,42,Engineer,Berlin,114903,2001-12-19
374,Alex,Garcia,34,Engineer,New York,40998,2001-05-05
375,Lisa,Smith,34,Developer,Dubai,57367,2003-06-11
376,Mike,Smith,42,Intern,Singapore,N/A,2000-07-29
377,Lisa,Jones,55,Analyst,Dubai,71082,2009-04-07
378,Sam,Davis,42,Designer,Sydney,27299,2015-09-18
379,Alex,Taylor,38,Consultant,Singapore,33757,2003-10-15
380,Tom,Johnson,20,Developer,Tokyo,101102,2002-04-06
381,Alex,Johnson,52,Clerk,Paris,66177,2013-04-02
382,Jane,Williams,56,Analyst,Delhi,60185,2022-11-07
383,Emma,Wilson,31,Architect,Berlin,48426,2022-10-03
384,Paul,Johnson,25,Architect,Singapore,38116,2020-12-13
385,Alex,Miller,29,Intern,Dubai,64612,2005-12-31
386,Emma,Miller,43,Designer,Toronto,81465,2013-10-12
387,Jane,Williams,21,Lead,Tokyo,36556,2010-06-08
388,Sara,Jones,46,Engineer,Tokyo,67900,2007-06-18
389,Sam,Brown,44,Engineer,Delhi,71685,2020-03-18
390,Jane,Williams,47,Clerk,Berlin,53769,2011-10-09
391,Jane,Williams,32,Lead,New York,55689,2019-02-10
392,Lisa,Wilson,56,Consultant,Delhi,N/A,2004-06-18
393,Alex,Garcia,58,Designer,Tokyo,80618,2021-05-04
394,Tom,Brown,42,Engineer,Dubai,110493,2016-10-04
395,Tom,Miller,33,Designer,Paris,42759,2013-07-17
396,Mike,Wilson,23,Engineer,Delhi,68091,2012-05-06
397,John,Miller,26,Intern,Paris,71216,2005-08-31
398,Paul,Brown,23,Architect,London,92762,2002-05-16
399,Sam,Johnson,39,Architect,Tokyo,40752,2006-01-13
400,Sam,Jones,25,Manager,London,50333,2015-10-26
401,John,Wilson,46,Consultant,Delhi,117609,2010-04-08
402,John,Brown,31,Consultant,New York,95138,2009-09-02
403,Tom,Taylor,25,Lead,Paris,80453,2016-08-01
404,Jane,Smith,54,Lead,Tokyo,60774,2009-06-15
405,Tom,Smith,42,Developer,Dubai,67475,2017-04-14
406,Jane,Johnson,34,Lead,Sydney,60403,2004-10-15
407,Mike,Wilson,48,Architect,London,70665,2011-06-22
408,Lisa,Garcia,49,Analyst,Berlin,118546,2011-08-27
409,Alex,Miller,55,Developer,Toronto,111875,2009-01-28
410,John,Miller,22,Developer,Sydney,111511,2012-02-04
411,John,Brown,50,Developer,New York,67169,2003-11-26
412,Mike,Smith,51,Intern,Dubai,56440,2008-06-13
413,Emma,Garcia,34,Clerk,Dubai,53190,2022-10-05
414,Jane,Miller,45,Clerk,Sydney,114177,2018-03-16
415,Sara,Miller,55,Analyst,Sydney,35678,2016-09-29
416,Sara,Williams,36,Manager,Dubai,45089,2016-01-09
417,Lisa,Miller,39,Lead,Paris,49601,2017-05-15
418,Paul,Williams,38,Intern,London,71193,2013-06-02
419,Tom,Jones,54,Clerk,Delhi,34937,2006-02-03
420,Tom,Taylor,54,Developer,New York,112583,2013-05-15
421,Tom,Williams,33,Architect,Dubai,102884,2004-06-03
422,Tom,Garcia,27,Consultant,Tokyo,89818,2011-12-18
423,Mike,Johnson,21,Analyst,Berlin,26943,2011-12-11
424,Paul,Johnson,36,Manager,Dubai,111187,2013-10-12
425,Sam,Jones,54,Engineer,Delhi,107861,2007-12-31
426,Emma,Taylor,18,Architect,Paris,74168,2022-01-30
427,Mike,Garcia,48,Lead,Toronto,107315,2006-03-28
428,Paul,Johnson,29,Consultant,London,113759,2001-12-15
429,Tom,Brown,19,Lead,Delhi,86886,2020-05-17
430,Lisa,Smith,19,Analyst,Singapore,58912,2002-08-30
431,Alex,Johnson,40,Designer,Toronto,61571,2021-09-23
432,Lisa,Williams,28,Lead,Paris,26995,2018-11-26
433,Alex,Garcia,56,Clerk,Toronto,69821,2002-09-20
434,Alex,Johnson,56,Manager,Delhi,75097,2014-08-17
435,Tom,Wilson,26,Designer,Delhi,89337,2015-10-03
436,John,Brown,56,Lead,Singapore,85139,2001-08-23
437,Tom,Davis,55,Consultant,Delhi,69030,2021-06-12
438,John,Williams,23,Consultant,Sydney,34031,2007-11-13
439,Emma,Williams,22,Consultant,Delhi,35901,2018-12-26
440,Paul,Johnson,47,Clerk,Tokyo,65279,2000-06-04
441,Lisa,Garcia,50,Manager,Paris,42719,2018-07-29
442,Emma,Johnson,51,Architect,Paris,64395,2024-01-15
443,Paul,Davis,26,Intern,Tokyo,52753,2011-10-06
444,John,Davis,60,Designer,Berlin,89015,2020-06-08
445,Paul,Jones,37,Manager,Sydney,78311,2011-02-06
446,Paul,Taylor,28,Lead,Paris,80244,2020-07-03
447,Mike,Taylor,52,Developer,London,77055,2014-08-29
448,Sara,Taylor,51,Lead,Tokyo,51031,2010-10-19
449,Sara,Williams,48,Architect,London,41058,2008-04-11
450,Tom,Wilson,33,Architect,Paris,61385,2011-04-01
451,John,Smith,25,Designer,Berlin,77698,2004-12-11
452,Tom,Davis,52,Manager,London,94699,2018-12-03
453,Emma,Miller,35,Developer,London,80823,2002-11-20
454,Jane,Wilson,48,Architect,Dubai,106736,2003-04-14
455,Jane,Williams,30,Developer,New York,75565,2000-01-26
456,Sara,Taylor,24,Consultant,Tokyo,87505,2007-03-04
457,Jane,Taylor,56,Manager,Berlin,103176,2002-11-05
458,Emma,Smith,29,Designer,Delhi,90189,2015-09-19
459,Jane,Smith,60,Architect,Singapore,86854,2016-03-25
460,Tom,Johnson,23,Designer,Singapore,72611,2004-10-11
461,John,Brown,50,Architect,Toronto,32253,2006-04-15
462,Tom,Brown,45,Clerk,Berlin,114077,2023-07-23
463,Emma,Taylor,21,Lead,London,56816,2010-06-26
464,Mike,Johnson,28,Analyst,Berlin,85913,2006-02-04
465,Sam,Miller,37,Analyst,Berlin,100384,2007-01-24
466,John,Brown,22,Designer,Tokyo,88733,2016-08-30
467,Sara,Wilson,39,Intern,Toronto,48012,2001-08-30
468,Sara,Johnson,19,Developer,Dubai,32228,2006-12-09
469,Emma,Wilson,20,Manager,New York,52740,2001-04-23
470,Paul,Wilson,51,Intern,Singapore,76565,2011-04-22
471,Mike,Garcia,58,Developer,Dubai,77748,2013-11-23
472,Alex,Williams,34,Intern,Dubai,104427,2000-04-05
473,Paul,Miller,36,Clerk,Dubai,46272,2015-05-11
474,Mike,Davis,25,Designer,Delhi,43607,2013-09-01
475,John,Johnson,33,Analyst,London,96590,2002-11-11
476,Tom,Wilson,49,Analyst,Dubai,40625,2014-02-02
477,Sara,Wilson,59,Clerk,Delhi,118762,2008-07-16
478,Paul,Wilson,57,Consultant,Dubai,44063,2022-02-22
479,Sara,Wilson,26,Engineer,Dubai,42349,2019-06-22
480,Tom,Jones,46,Developer,Berlin,103801,2016-09-15
481,Sam,Johnson,48,Designer,Dubai,102351,2020-12-11
482,Jane,Wilson,45,Clerk,Paris,69698,2024-03-26
483,Sara,Brown,52,Intern,Singapore,66634,2018-08-22
484,Sam,Taylor,42,Consultant,New York,43232,2018-12-17
485,Alex,Smith,30,Intern,Delhi,89897,2012-01-04
486,Paul,Wilson,58,Designer,New York,113204,2006-04-14
487,Sam,Garcia,28,Consultant,Dubai,86435,2012-03-10
488,Jane,Taylor,44,Engineer,Singapore,71942,2019-09-07,extra_field
489,John,Jones,47,Clerk,Delhi,110809,2006-04-16
490,Jane,Brown,51,Architect,Sydney,113262,2003-07-21
491,Mike,Johnson,49,Architect,Singapore,83821,2005-06-19
492,John,Taylor,26,Engineer,Singapore,33871,2011-08-14
493,Mike,Brown,34,Lead,Toronto,38720,2018-09-14
494,Alex,Williams,58,Intern,Paris,69291,2008-09-24
495,Lisa,Brown,48,Clerk,Delhi,47576,2000-10-19
496,Alex,Davis,31,Designer,Tokyo,45129,2016-01-16
497,Lisa,Johnson,22,Intern,Berlin,40071,2020-07-26
498,Sara,Jones,58,Engineer,Tokyo,33402,2001-10-25
499,Alex,Taylor,37,Intern,Berlin,58849,2004-09-09
500,Alex,Taylor,43,Engineer,Singapore,101231,2006-09-28
501,Lisa,Johnson,27,Clerk,Delhi,30563,2002-11-26
502,Mike,Miller,28,Architect,Delhi,104179,2014-06-02
503,Lisa,Smith,30,Architect,Sydney,28460,2017-08-17
504,Sara,Johnson,48,Designer,Dubai,52787,2020-06-24
505,Mike,Williams,53,Manager,New York,62497,2024-12-12
506,Sam,Smith,29,Engineer,Sydney,117555,2003-02-05
507,Jane,Taylor,25,Clerk,Paris,79640,2012-08-07
508,Alex,Wilson,23,Consultant,Singapore,33141,2001-01-04
509,Mike,Brown,36,Intern,Delhi,32013,2024-04-26
510,Lisa,Taylor,20,Consultant,London,34714,2012-05-10
511,John,Wilson,53,Intern,Sydney,28114,2000-09-13
512,Alex,Miller,55,Analyst,Berlin,59227,2015-06-04
513,Jane,Davis,29,Consultant,Dubai,102695,2024-12-07
514,Paul,Johnson,52,Manager,Tokyo,74088,2013-05-02
515,Jane,Garcia,60,Manager,Dubai,49373,2004-12-21
516,Emma,Johnson,55,Consultant,Singapore,101135,2008-04-06
517,Paul,Miller,52,Consultant,Delhi,76368,2018-09-30
518,Jane,Garcia,23,Developer,Paris,102057,2001-11-11
519,Sam,Miller,27,Analyst,Tokyo,32522,2017-10-09
520,Tom,Garcia,44,Intern,Paris,61160,2001-03-01
521,Sara,Smith,32,Analyst,Tokyo,25348,2020-10-24
522,Lisa,Garcia,42,Manager,Berlin,101650,2002-08-31
523,Alex,Davis,31,Analyst,Sydney,74747,2010-09-22
524,John,Johnson,40,Lead,Berlin,53321,2006-03-08
525,John,Johnson,27,Engineer,Singapore,74104,2016-03-14
526,Tom,Wilson,24,Clerk,Singapore,111914,2003-04-19
527,Lisa,Johnson,55,Intern,Berlin,89405,2005-02-12
528,Lisa,Johnson,35,Manager,Singapore,43577,2007-03-21
529,Lisa,Wilson,18,Analyst,New York,46650,2024-12-22
530,Sara,Garcia,44,Consultant,Sydney,41047,2016-01-01
531,Lisa,Johnson,28,Designer,Toronto,69918,2023-08-11
532,Lisa,Brown,49,Developer,Delhi,86053,2023-06-15
533,Paul,Johnson,19,Manager,Dubai,90328,2005-04-15
534,Sam,Williams,55,Analyst,Paris,106061,2008-04-27
535,Sam,Taylor,31,Architect,New York,119045,2000-12-04
536,Sam,Davis,44,Engineer,Sydney,103379,2009-05-25
537,Tom,Garcia,24,Architect,New York,77714,2021-04-07
538,Mike,Wilson,28,Engineer,Delhi,103086,2005-09-30
539,Mike,Williams,59,Manager,Berlin,89693,2000-04-19
540,Paul,Jones,24,Designer,New York,79846,2004-12-02
541,John,Jones,26,Intern,Berlin,28186,2019-01-07
542,Alex,Davis,37,Architect,Sydney,104583,2017-05-28
543,Jane,Johnson,30,Engineer,Dubai,84835,2017-02-03
544,Lisa,Jones,29,Developer,London,80725,2012-03-08
545,Paul,Johnson,51,Manager,Paris,91913,2024-07-27
546,Emma,Johnson,41,Architect,Delhi,62361,2020-12-24
547,Lisa,Smith,32,Intern,Sydney,92385,2014-03-22
548,Alex,Taylor,44,Designer,New York,117987,2023-01-11
549,Sara,Wilson,20,Lead,Berlin,110119,2014-12-29
550,Lisa,Garcia,32,Analyst,London,75662,2005-02-24
551,John,Taylor,56,Engineer,Sydney,66443,2015-01-15
552,Tom,Taylor,27,Analyst,Dubai,54949,2009-04-30
553,Jane,Johnson,20,Architect,Tokyo,119358,2024-02-07
554,Alex,Miller,28,Clerk,Toronto,80715,2024-07-17
555,Sara,Johnson,46,Engineer,Delhi,50159,2017-06-18
556,Emma,Johnson,18,Clerk,Tokyo,99810,2016-02-20
557,Paul,Smith,30,Intern,Toronto,107105,2005-12-18
558,Emma,Taylor,55,Consultant,Berlin,53569,2019-07-07
559,Emma,Johnson,58,Manager,New York,105675,2007-05-17
560,Sam,Taylor,31,Consultant,New York,118728,2017-12-15
561,Sam,Davis,43,Developer,Tokyo,66106,2012-10-13
562,Sam,Taylor,56,Intern,Paris,62714,2008-07-06
563,Sara,Smith,26,Designer,New York,119820,2016-10-29
564,Alex,Wilson,50,Consultant,New York,96106,2007-08-06
565,Sara,Wilson,58,Lead,London,46841,2020-05-13
566,Tom,Jones,43,Clerk,Tokyo,50773,2014-12-01
567,Lisa,Smith,32,Architect,New York,68088,2002-10-21
568,Sara,Wilson,23,Lead,Tokyo,95829,2006-11-07
569,Alex,Jones,40,Architect,Sydney,55362,2000-09-08
570,Lisa,Jones,35,Architect,Delhi,29000,2021-02-02
571,Alex,Miller,37,Intern,Dubai,36025,2011-03-25
572,Lisa,Davis,46,Architect,Berlin,56806,2022-05-25
573,Sara,Williams,25,Intern,Delhi,84959,2019-05-24
574,Sam,Taylor,50,Engineer,Delhi,113227,2002-04-21
575,Mike,Taylor,43,Intern,Singapore,59624,2004-04-26
576,Mike,Taylor,27,Manager,Tokyo,113770,2005-10-24
577,Tom,Jones,31,Designer,Sydney,61006,2020-05-11
578,Sam,Wilson,30,Clerk,Dubai,79300,2024-01-03
579,John,Wilson,50,Intern,Berlin,63346,2001-10-04
580,Sam,Smith,49,Manager,Singapore,81511,2020-05-20
581,Jane,Johnson,47,Engineer,Berlin,101188,2007-04-18
582,Tom,Jones,58,Lead,London,28400,2018-06-27
583,Lisa,Johnson,29,Lead,Tokyo,94489,2019-09-20
584,Jane,Johnson,35,Intern,Toronto,102990,2014-12-06
585,Mike,Brown,25,Architect,Sydney,101584,2001-08-14
586,Sara,Garcia,49,Lead,Singapore,111145,2021-11-30
587,Jane,Johnson,32,Architect,Delhi,69450,2003-09-10
588,Mike,Wilson,44,Manager,London,38006,2008-01-30
589,Mike,Taylor,27,Manager,Singapore,87062,2011-08-22
590,Tom,Garcia,48,Lead,Dubai,91789,2010-06-04
591,Sara,Johnson,58,Manager,Sydney,72279,2014-01-13
592,Sara,Smith,30,Analyst,Paris,60358,2022-11-27
593,John,Davis,44,Manager,Paris,58165,2001-10-08
594,Tom,Taylor,41,Clerk,Toronto,81944,2019-07-13
595,Paul,Smith,44,Engineer,Paris,113930,2024-08-18
596,Lisa,Williams,28,Developer,New York,69765,2018-05-18
597,John,Smith,44,Intern,New York,71829,2012-07-28
598,Lisa,Wilson,57,Consultant,London,95241,2013-04-08
599,John,Jones,55,Developer,New York,39762,2001-02-13
600,Sara,Wilson,56,Analyst,Dubai,119435,2017-05-01
601,Sara,Wilson,22,Consultant,London,116677,2018-11-22
602,Jane,Taylor,53,Developer,New York,116300,2013-06-29
603,Alex,Johnson,26,Architect,Delhi,61645,2020-08-29
604,Lisa,Jones,30,Designer,New York,105713,2012-04-10
605,Lisa,Johnson,51,Intern,Toronto,41118,2008-11-09
606,Jane,Taylor,33,Manager,Toronto,25301,2020-03-07
607,Sam,Miller,39,Lead,Singapore,96187,2019-10-06
608,Alex,Davis,46,Intern,Berlin,51698,2018-12-09
609,Tom,Davis,18,Designer,New York,113281,2002-08-29
610,Sam,Taylor,21,Developer,Berlin,33481,2020-10-26
611,Jane,Williams,57,Clerk,Tokyo,38963,2020-01-19
612,Sam,Brown,57,Architect,Tokyo,57710,2005-07-30
613,Jane,Taylor,53,Designer,Paris,75053,2004-05-12
614,Jane,Brown,38,Designer,Tokyo,47052,2009-11-23
615,Jane,Wilson,60,Engineer,Delhi,86269,2014-02-11
616,Mike,Miller,34,Consultant,Paris,98820,2007-07-01
617,Alex,Smith,21,Designer,Singapore,119441,2012-12-19
618,Mike,Miller,22,Intern,Delhi,59891,2019-08-06
619,John,Jones,56,Developer,Singapore,69242,2002-03-30
620,Sara,Johnson,34,Manager,Sydney,28768,2003-12-11
621,Tom,Johnson,31,Architect,Singapore,105020,2010-02-01
622,Sara,Smith,52,Designer,Berlin,81047,2014-12-09
623,Emma,Garcia,53,Consultant,Sydney,25436,2020-05-25
624,Emma,Miller,26,Developer,Sydney,27523,2020-11-03
625,Alex,Wilson,46,Intern,Dubai,91906,2020-06-24
626,Tom,Davis,57,Lead,New York,100714,2012-07-31
627,John,Garcia,30,Lead,Tokyo,29906,2006-01-28
628,John,Taylor,40,Designer,Delhi,111949,2010-12-31
629,Sam,Davis,32,Designer,Delhi,100744,2024-08-14
630,Mike,Davis,43,Architect,Singapore,51936,2012-10-08
631,Paul,Davis,50,Clerk,Paris,30331,2019-09-03
632,Emma,Wilson,60,Engineer,Tokyo,92624,2005-06-09
633,Tom,Brown,41,Analyst,New York,27796,2002-06-07
634,Mike,Smith,22,Lead,London,81247,2010-07-02
635,John,Jones,32,Engineer,Paris,101753,2014-08-19
636,Emma,Garcia,57,Intern,Sydney,38405,2023-03-03
637,Alex,Johnson,59,Designer,Toronto,52167,2021-09-07
638,Jane,Brown,44,Engineer,Singapore,96975,2015-02-10
639,John,Garcia,19,Engineer,Paris,70537,2007-03-09
640,Lisa,Davis,39,Developer,Paris,81875,2004-02-08
641,Emma,Jones,51,Engineer,Berlin,67128,2023-09-09
642,Sara,Johnson,34,Manager,Tokyo,110622,2007-11-30
643,Alex,Smith,40,Architect,Toronto,52110,2003-01-10
644,Tom,Taylor,34,Developer,Delhi,91711,2023-12-20
645,Lisa,Garcia,38,Intern,Tokyo,36137,2007-05-19
646,Jane,Smith,19,Designer,Berlin,108288,2002-09-10
647,Paul,Miller,58,Consultant,Singapore,110027,2012-11-27
648,Sam,Smith,50,Intern,Sydney,50218,2013-04-08
649,Lisa,Taylor,51,Engineer,Paris,111320,2007-09-19
650,Paul,Smith,57,Clerk,Sydney,29759,2016-03-25
651,Jane,Miller,35,Designer,Delhi,29586,2020-09-29
652,Tom,Smith,29,Consultant,Tokyo,42592,2011-10-26
653,Emma,Garcia,26,Lead,New York,68655,2012-12-19
654,Alex,Johnson,48,Engineer,London,27478,2000-06-06
655,Sara,Taylor,51,Clerk,Singapore,105697,2005-02-13
656,Tom,Wilson,35,Intern,Tokyo,111921,2006-02-10
657,Emma,Williams,34,Designer,Sydney,41080,2002-04-08
658,Tom,Johnson,47,Developer,Dubai,72281,2016-03-12
659,Alex,Jones,24,Intern,Berlin,91141,2017-07-24
660,Mike,Smith,43,Architect,Toronto,109769,2005-03-28
661,Sam,Taylor,35,Manager,Toronto,64784,2013-07-05
662,John,Smith,40,Clerk,Delhi,76150,2019-12-02
663,Alex,Jones,39,Intern,Paris,89066,2005-11-27
664,Tom,Taylor,54,Designer,Berlin,79798,2018-12-17
665,Jane,Jones,43,Developer,Tokyo,75605,2010-01-14
666,Paul,Garcia,27,Designer,Delhi,29997,2005-06-16
667,Sam,Davis,28,Developer,Berlin,109740,2004-10-25
668,Jane,Jones,52,Clerk,Berlin,43249,2024-07-19
669,Jane,Smith,25,Designer,Dubai,31258,2003-01-31
670,Jane,Garcia,39,Consultant,Delhi,67788,2024-08-11
671,John,Davis,37,Developer,Dubai,65090,2013-05-02
672,Lisa,Taylor,18,Designer,Singapore,119733,2004-07-03
673,Sam,Miller,35,Manager,Paris,85020,2001-08-11
674,Sam,Smith,52,Developer,Paris,114625,2002-10-28
675,Paul,Garcia,60,Intern,Berlin,95960,2008-07-19
676,Lisa,Miller,59,Designer,London,117445,2015-03-28
677,Emma,Davis,23,Designer,Berlin,30033,2013-10-28
678,John,Miller,19,Engineer,Paris,37563,2003-02-22
679,Sara,Williams,45,Engineer,Berlin,50834,2003-06-04
680,Jane,Johnson,39,Clerk,Paris,33434,2022-11-15
681,Alex,Davis,48,Intern,Berlin,112328,2000-08-08
682,Mike,Smith,30,Consultant,Toronto,71607,2004-10-01
683,Tom,Williams,26,Designer,Delhi,85851,2019-09-17
684,Tom,Wilson,32,Consultant,London,108091,2004-06-25
685,Paul,Jones,49,Manager,Dubai,79229,2008-08-28
686,Emma,Garcia,55,Analyst,Sydney,112370,2013-06-26
687,Alex,Smith,38,Intern,Singapore,109460,2020-05-22
688,Tom,Taylor,33,Designer,Sydney,55595,2021-05-25
689,Paul,Garcia,46,Intern,New York,100969,2009-08-30
690,John,Smith,40,Lead,Berlin,73810,2014-11-25
691,Alex,Smith,59,Manager,Dubai,94373,2007-02-14
692,Mike,Williams,58,Analyst,Dubai,57236,2005-05-31
693,Tom,Jones,32,Architect,Sydney,58365,2021-04-07
694,John,Johnson,21,Architect,Berlin,51951,2009-01-19
695,Sara,Williams,48,Architect,London,59584,2001-09-22
696,Mike,Garcia,49,Consultant,Singapore,106200,2005-03-03
697,Sam,Garcia,32,Lead,Berlin,51138,2019-11-04
698,John,Davis,39,Clerk,Berlin,108218,2016-01-22
699,Jane,Brown,33,Lead,Berlin,90089,2008-11-03
700,Lisa,Taylor,59,Analyst,Berlin,33232,2022-09-20
701,John,Williams,27,Designer,Berlin,39047,2024-11-09
702,Emma,Davis,54,Architect,Singapore,42133,2012-04-18
703,Lisa,Garcia,57,Intern,Dubai,27758,2011-10-09
704,John,Davis,23,Intern,Paris,85484,2008-09-22
705,Lisa,Miller,48,Developer,Berlin,36191,2015-08-31
706,Sam,Wilson,43,Lead,Toronto,52157,2013-01-23
707,Paul,Taylor,50,Lead,Sydney,69547,2014-11-02
708,John,Garcia,19,Designer,Sydney,119322,2004-03-06
709,Sara,Wilson,38,Developer,Dubai,52758,2020-06-28
710,John,Williams,28,Designer,Sydney,107576,2006-04-25
711,Jane,Johnson,28,Analyst,London,48200,2019-03-13
712,Jane,Jones,34,Manager,Paris,27011,2018-11-13
713,Tom,Jones,33,Clerk,New York,59367,2018-05-14
714,Paul,Johnson,28,Intern,Delhi,36896,2016-01-14
715,Emma,Jones,33,Architect,Paris,110650,2005-12-03
716,Alex,Miller,28,Developer,London,35735,2014-08-28
717,Paul,Brown,31,Engineer,London,57414,2021-04-03
718,Paul,Taylor,33,Developer,Berlin,78300,2014-03-30
719,Sam,Johnson,26,Intern,Tokyo,82352,2019-08-17
720,Emma,Davis,38,Analyst,New York,98959,2009-11-08
721,Sara,Davis,46,Engineer,Berlin,109981,2004-09-22
722,Alex,Jones,57,Clerk,Berlin,33619,2023-01-09
723,Sam,Johnson,43,Developer,Berlin,50871,2014-10-01
724,Paul,Miller,52,Developer,Singapore,73430,2003-10-11
725,Sara,Smith,39,Lead,Dubai,107748,2002-12-20
726,Mike,Taylor,26,Analyst,Delhi,109164,2021-02-02
727,Sara,Johnson,41,Architect,Berlin,87659,2023-05-01
728,Jane,Williams,20,Clerk,New York,45913,2007-06-15
729,Paul,Miller,28,Consultant,Berlin,34675,2000-02-03
730,Sam,Garcia,38,Clerk,New York,104184,2002-04-18
731,Jane,Williams,22,Manager,Toronto,40900,2016-10-21
732,Sam,Taylor,43,Intern,Paris,100458,2021-08-31
733,Sam,Wilson,28,Clerk,Delhi,32425,2001-04-01
734,Sam,Williams,23,Consultant,Berlin,86875,2009-10-18
735,Sara,Jones,19,Analyst,Dubai,65627,2015-06-20
736,Sam,Johnson,25,Developer,Tokyo,46692,2015-03-21
737,Sam,Miller,42,Engineer,London,116032,2010-09-30
738,Mike,Smith,59,Consultant,Singapore,30410,2010-10-09
739,Lisa,Wilson,48,Consultant,Singapore,99502,2011-09-01
740,Jane,Jones,37,Analyst,Sydney,62731,2022-03-08
741,Jane,Brown,41,Manager,Tokyo,100660,2023-03-11
742,Sara,Johnson,42,Intern,Sydney,100436,2005-04-18
743,Mike,Davis,40,Designer,London,29511,2022-05-09
744,Mike,Taylor,51,Designer,Delhi,39204,2016-08-27
745,Emma,Davis,43,Clerk,Singapore,95842,2023-04-01
746,Mike,Wilson,51,Analyst,Sydney,77374,2021-02-11
747,Mike,Williams,56,Engineer,Berlin,59873,2010-10-19
748,Paul,Miller,48,Clerk,Dubai,35830,2010-03-31
749,Paul,Wilson,57,Architect,Berlin,33317,2020-04-03
750,Paul,Garcia,24,Developer,London,77375,2019-02-15
751,Lisa,Smith,45,Intern,Sydney,83896,2015-11-23
752,Tom,Smith,45,Consultant,Sydney,29187,2007-04-03
753,Sara,Garcia,35,Manager,London,107584,2000-04-26
754,Sam,Wilson,39,Engineer,Tokyo,57266,2019-01-20
755,Paul,Davis,55,Manager,London,51557,2002-04-10
756,Sara,Wilson,60,Designer,Paris,55467,2021-12-04
757,Mike,Smith,30,Consultant,Sydney,73292,2004-06-12
758,Lisa,Wilson,59,Engineer,Dubai,26547,2017-03-29
759,John,Garcia,51,Architect,Paris,25402,2010-01-29
760,John,Jones,48,Intern,New York,71847,2018-05-11
761,Alex,Jones,19,Architect,Dubai,102015,2020-12-26,extra_field
762,Lisa,Garcia,52,Consultant,Toronto,82286,2009-02-02
763,John,Williams,55,Engineer,New York,29793,2011-04-24
764,Sara,Johnson,58,Clerk,Paris,89849,2023-09-17
765,Lisa,Miller,51,Intern,Sydney,29488,2008-03-28
766,Emma,Davis,36,Architect,Tokyo,87289,2015-05-26
767,Sam,Wilson,37,Clerk,Singapore,67869,2014-08-18
768,Jane,Smith,59,Clerk,Singapore,106802,2017-02-05
769,Jane,Jones,56,Architect,Toronto,85950,2016-01-31
770,Sara,Smith,58,Lead,Tokyo,98695,2011-11-12
771,Sara,Brown,40,Engineer,Paris,74690,2016-04-18
772,Mike,Davis,50,Manager,Sydney,113057,2018-10-09
773,Lisa,Miller,39,Consultant,Tokyo,69919,2020-11-10
774,Sara,Taylor,55,Engineer,London,52270,2014-01-04
775,Mike,Taylor,25,Designer,Singapore,101650,2000-12-21
776,Alex,Garcia,30,Designer,Tokyo,94484,2012-03-09
777,Jane,Williams,44,Manager,Dubai,50742,2023-09-24
778,Sam,Smith,31,Designer,Sydney,93078,2016-12-25
779,Alex,Jones,49,Developer,Toronto,50669,2008-04-24
780,Emma,Taylor,25,Intern,Dubai,27188,2002-06-23
781,Emma,Wilson,19,Manager,Sydney,62798,2024-12-19
782,John,Smith,56,Manager,Sydney,54075,2000-11-06
783,Jane,Taylor,59,Engineer,Dubai,94228,2016-03-25
784,Tom,Brown,36,Manager,Sydney,52334,2002-03-02
785,Paul,Williams,51,Clerk,Toronto,77638,2006-08-09
786,Sam,Jones,21,Intern,Sydney,79493,2014-01-28
787,Jane,Brown,20,Architect,Paris,47324,2013-10-12
788,Mike,Brown,18,Analyst,Tokyo,107082,2013-09-23
789,Sara,Jones,51,Manager,New York,101674,2009-08-07
790,Sam,Wilson,36,Developer,Singapore,31807,2022-07-13
791,Mike,Taylor,20,Architect,Berlin,64810,2018-03-07
792,Paul,Wilson,35,Intern,London,37521,2011-07-30
793,Tom,Jones,42,Lead,Berlin,37459,2010-02-22
794,Sara,Williams,25,Manager,Tokyo,74612,2018-06-29
795,John,Davis,38,Manager,Tokyo,75784,2004-01-18
796,Mike,Miller,42,Manager,Berlin,65787,2019-09-03
797,Emma,Garcia,53,Clerk,Tokyo,45996,2017-08-18
798,Sam,Brown,40,Clerk,Dubai,85615,2023-02-16
799,Alex,Miller,39,Consultant,Dubai,32188,2006-06-13
800,Paul,Johnson,36,Analyst,Paris,29685,2012-05-12
801,Paul,Jones,42,Clerk,Berlin,47450,2001-09-18
802,Sam,Wilson,51,Engineer,Toronto,40508,2010-10-22
803,Mike,Taylor,49,Manager,Berlin,54694,2003-07-28
804,Alex,Johnson,35,Lead,London,81578,2006-03-07
805,John,Taylor,45,Manager,Tokyo,32549,2024-09-14
806,Tom,Miller,35,Designer,Tokyo,87422,2018-10-13
807,Mike,Williams,51,Lead,Singapore,52548,2007-04-02
808,Emma,Williams,42,Lead,London,84670,2020-03-10
809,Sam,Davis,19,Lead,Berlin,110187,2007-10-12
810,Paul,Taylor,45,Architect,Singapore,31863,2002-04-13
811,John,Miller,46,Developer,Singapore,112425,2019-03-28
812,Alex,Johnson,48,Lead,London,104842,2022-02-09
813,Tom,Taylor,22,Designer,Paris,56768,2016-04-06
814,John,Taylor,18,Clerk,Tokyo,115770,2010-07-21
815,Tom,Miller,39,Intern,Berlin,91234,2003-11-17
816,Jane,Smith,58,Manager,Berlin,96787,2021-11-03
817,Paul,Williams,48,Manager,Singapore,116124,2004-05-14
818,Paul,Garcia,45,Developer,Delhi,54036,2023-07-11
819,Lisa,Williams,30,Engineer,London,64608,2010-06-04
820,Tom,Johnson,28,Analyst,Dubai,81829,2019-07-11
821,Emma,Taylor,57,Lead,Singapore,102360,2022-01-12
822,Jane,Taylor,39,Developer,Berlin,46153,2016-06-08
823,Lisa,Miller,30,Analyst,London,66189,2023-10-12
824,Paul,Brown,27,Lead,Dubai,65359,2004-06-03
825,Mike,Smith,23,Manager,Toronto,39891,2011-03-12
826,Sam,Miller,60,Clerk,London,37155,2022-08-24
827,John,Wilson,31,Intern,Tokyo,107374,2015-05-10
828,Sara,Garcia,46,Architect,London,33017,2004-05-19
829,Jane,Williams,49,Consultant,Tokyo,101312,2014-11-08
830,Lisa,Brown,42,Consultant,London,81342,2018-04-05
831,John,Taylor,48,Analyst,Toronto,44724,2006-07-08
832,Alex,Brown,30,Intern,Singapore,35995,2020-03-31
833,Sara,Jones,49,Developer,Sydney,103820,2006-12-27
834,Sara,Smith,26,Consultant,Sydney,82953,2017-05-10
835,Jane,Garcia,54,Analyst,Paris,76517,2014-12-08
836,Sam,Smith,56,Clerk,Sydney,66184,2008-08-19
837,Mike,Miller,40,Developer,New York,65450,2003-12-21
838,Tom,Davis,23,Developer,Dubai,72288,2024-01-28
839,Mike,Taylor,32,Designer,London,100433,2006-10-02
840,Paul,Johnson,58,Developer,Toronto,55112,2000-01-23
841,Alex,Smith,20,Manager,Delhi,87854,2001-11-08
842,Lisa,Wilson,22,Consultant,Paris,28243,2024-06-26
843,Jane,Miller,30,Clerk,London,42466,2013-09-29
844,Tom,Johnson,49,Developer,Delhi,102550,2002-03-02
845,Lisa,Smith,19,Developer,Sydney,101991,2007-04-15
846,John,Smith,46,Intern,New York,26255,2023-05-27
847,Tom,Taylor,58,Consultant,Berlin
848,Lisa,Williams,38,Analyst,Toronto,118355,2015-09-07
849,Tom,Johnson,45,Clerk,London,35869,2006-12-03
850,Emma,Smith,38,Intern,Singapore,54516,2016-01-15
851,Paul,Davis,48,Consultant,Tokyo,44156,2009-03-17
852,Tom,Williams,21,Clerk,Sydney,91115,2010-04-08
853,Tom,Garcia,26,Manager,Sydney,57317,2013-07-17
854,John,Johnson,21,Engineer,Dubai,93383,2002-06-17
855,Jane,Williams,34,Manager,Delhi,38775,2024-08-16
856,Paul,Davis,35,Analyst,Sydney,48536,2020-09-30
857,John,Johnson,48,Engineer,Toronto,83745,2003-10-05
858,Lisa,Garcia,20,Lead,Toronto,70659,2016-05-08
859,Sam,Jones,36,Engineer,Delhi,82100,2014-07-11
860,Jane,Garcia,59,Analyst,Delhi,87259,2024-12-04
861,Paul,Williams,50,Manager,Berlin,82989,2006-05-27
862,John,Davis,25,Lead,Singapore,80398,2020-05-23
863,John,Johnson,57,Engineer,Berlin,67057,2006-04-28
864,Alex,Williams,56,Lead,London,56012,2019-10-12
865,Tom,Miller,49,Analyst,New York,95797,2007-02-23
866,Sara,Davis,59,Developer,New York,31300,2014-10-14
867,Sam,Garcia,48,Designer,London,98225,2023-04-26
868,Mike,Smith,50,Developer,Singapore,85308,2005-08-14
869,Emma,Brown,38,Intern,New York,85528,2004-09-30
870,Emma,Garcia,42,Architect,Berlin,60277,2006-03-13
871,Sara,Davis,57,Consultant,New York,106101,2011-02-26
872,Sara,Garcia,26,Architect,Sydney,105306,2020-11-26
873,Alex,Johnson,21,Analyst,Singapore,91554,2005-11-22
874,Emma,Johnson,37,Lead,Delhi,95229,2019-11-06
875,Emma,Davis,27,Analyst,Dubai,32668,2015-03-01
876,Lisa,Garcia,46,Designer,Sydney,56852,2016-06-15
877,Lisa,Smith,39,Developer,London,36255,2002-11-10
878,Lisa,Johnson,38,Analyst,Delhi,83023,2004-05-03
879,Emma,Garcia,31,Lead,Delhi,78913,2007-11-24
880,John,Wilson,28,Manager,Dubai,74156,2016-02-12
881,Jane,Brown,22,Engineer,London,117001,2009-11-05
882,Paul,Davis,26,Engineer,New York,76291,2014-10-25
883,John,Wilson,53,Lead,Delhi,35128,2017-04-28
884,Jane,Williams,44,Designer,Singapore,111080,2003-05-29
885,Sam,Jones,45,Analyst,Singapore,31098,2014-06-20
886,Paul,Johnson,38,Engineer,New York,26587,2004-09-23
887,Emma,Wilson,40,Lead,Paris,114971,2011-06-08
888,Sam,Brown,58,Manager,Tokyo,67936,2005-10-04
889,Sam,Garcia,20,Consultant,Paris,70562,2008-11-27
890,Mike,Davis,60,Analyst,Berlin,72252,2022-11-30
891,Lisa,Brown,58,Developer,Tokyo,79015,2021-01-09
892,Paul,Taylor,39,Engineer,New York,70435,2016-11-11
893,Alex,Garcia,37,Clerk,Tokyo,117457,2017-06-05
894,Tom,Garcia,22,Manager,New York,41582,2018-11-19
895,Mike,Wilson,59,Architect,Tokyo,108953,2002-12-14
896,Tom,Garcia,31,Lead,Paris,100712,2005-06-01
897,John,Jones,33,Intern,Tokyo,55405,2019-11-14
898,Jane,Williams,43,Consultant,London,113216,2012-03-10
899,Sam,Smith,54,Intern,Berlin,104577,2004-01-23
900,Paul,Wilson,60,Engineer,Toronto,90303,2008-02-29
901,John,Miller,22,Manager,Singapore,106541,2020-05-29
902,John,Garcia,20,Designer,Toronto,70172,2014-07-29
903,Paul,Miller,42,Architect,Dubai,117608,2007-02-21
904,Lisa,Garcia,47,Clerk,Dubai,97863,2014-05-16
905,Sara,Taylor,46,Designer,New York,69918,2004-06-26
906,John,Smith,20,Analyst,Dubai,29042,2014-12-18
907,Emma,Garcia,60,Consultant,Singapore,46054,2013-05-24
908,Jane,Brown,59,Engineer,Paris,73774,2003-09-09
909,Lisa,Miller,30,Designer,Berlin
910,Jane,Brown,42,Designer,Delhi,61647,2001-04-21
911,Mike,Garcia,54,Engineer,New York,88111,2018-02-15
912,Paul,Johnson,26,Designer,London,116781,2014-01-08
913,Paul,Garcia,36,Analyst,Delhi,101822,2002-10-05
914,John,Miller,31,Consultant,Delhi,94236,2020-11-05
915,John,Jones,23,Intern,Paris,29519,2015-02-06
916,Alex,Brown,42,Developer,Toronto,62260,2013-09-18
917,Alex,Miller,27,Manager,Singapore,87653,2019-01-15
918,Jane,Brown,37,Engineer,Tokyo,88665,2015-12-07
919,Paul,Garcia,50,Engineer,Toronto,52098,2019-06-24
920,Alex,Williams,39,Manager,Paris,103552,2011-08-09
921,Tom,Taylor,19,Architect,New York,119676,2014-02-23
922,Sara,Taylor,36,Architect,New York,92767,2024-12-06
923,Tom,Wilson,34,Manager,London,94774,2011-03-18
924,Tom,Brown,52,Clerk,Paris,70727,2009-08-16
925,Lisa,Johnson,53,Developer,New York,93687,2010-10-16
926,Tom,Williams,26,Manager,Toronto,74577,2005-06-16
927,Lisa,Garcia,52,Clerk,Singapore,115681,2021-07-26
928,Sam,Garcia,18,Lead,Berlin,67806,2002-02-10
929,Sam,Davis,46,Engineer,Berlin,35705,2024-05-18
930,Lisa,Miller,38,Manager,Singapore,65437,2024-06-18
931,Mike,Johnson,20,Clerk,Dubai,79989,2005-05-31
932,Tom,Taylor,46,Intern,Dubai,35992,2013-05-17
933,Tom,Jones,52,Manager,Delhi,65989,2012-10-09
934,Mike,Johnson,26,Manager,London,56994,2020-10-27
,John,Jones,28,Manager,Berlin,100719,2024-12-22
936,Tom,Davis,53,Intern,Berlin,34996,2004-03-21
937,Jane,Garcia,24,Engineer,Sydney,85766,2014-04-12
938,John,Williams,38,Consultant,Tokyo,75586,2024-11-19
939,Tom,Brown,32,Clerk,Delhi,106462,2018-04-25
940,Lisa,Jones,50,Manager,Dubai,88964,2008-12-07
941,Emma,Williams,49,Designer,Delhi,38877,2012-10-16
942,Emma,Williams,28,Manager,New York,84524,2008-01-09
943,Lisa,Brown,26,Developer,Berlin,50402,2015-09-13
944,John,Williams,31,Consultant,London,81237,2005-04-15
945,Paul,Davis,36,Engineer,New York,48140,2023-08-09
946,Emma,Brown,59,Analyst,Sydney,53797,2015-12-29
947,Emma,Jones,55,Architect,Sydney,105406,2001-09-12
948,John,Jones,45,Architect,Berlin,83545,2016-11-01
949,Sara,Jones,40,Designer,New York,36431,2016-09-27
950,Paul,Johnson,47,Designer,New York,67000,2013-11-24
951,John,Johnson,22,Clerk,Singapore,109475,2011-07-19
952,Jane,Garcia,36,Intern,Dubai,118383,2019-10-31
953,Sam,Wilson,47,Clerk,Dubai,72668,2008-02-09
954,Sara,Johnson,51,Engineer,Dubai,45770,2008-04-04
955,Sara,Wilson,22,Designer,Tokyo,72222,2005-12-12
956,Alex,Brown,29,Intern,Toronto,91586,2013-02-12
957,Paul,Miller,48,Architect,New York,88051,2006-09-08
958,John,Smith,21,Designer,Dubai,104551,2001-11-26
959,Sam,Taylor,55,Analyst,Delhi,89681,2000-12-06
960,Sara,Johnson,40,Intern,London,75272,2015-06-27
961,Paul,Davis,24,Engineer,Berlin,27543,2021-03-15
962,Alex,Brown,18,Architect,New York,31782,2010-07-30
963,Emma,Williams,26,Designer,Sydney,88396,2003-08-13
964,Tom,Jones,35,Designer,Sydney,79867,2014-09-16
965,Paul,Wilson,51,Manager,Dubai,70879,2005-01-26
966,Alex,Miller,43,Lead,New York,111794,2012-08-04
967,Alex,Miller,59,Engineer,Sydney,58574,2001-02-12
968,Lisa,Smith,49,Analyst,New York,99386,2018-09-24
969,Lisa,Smith,44,Analyst,New York,103087,2015-03-20
970,Sam,Brown,18,Consultant,Sydney,114139,2021-05-07
971,Emma,Brown,24,Analyst,Delhi,49074,2018-06-10
972,Alex,Davis,22,Consultant,Sydney,53082,2024-09-02
973,Mike,Taylor,32,Developer,London,87318,2002-05-08
974,Jane,Miller,26,Lead,Toronto,70670,2007-06-17
975,Emma,Williams,23,Manager,Delhi,119380,2024-10-09
976,Paul,Miller,32,Lead,London,104934,2021-10-01
977,Sam,Garcia,57,Intern,Singapore,103234,2019-02-01
978,Tom,Smith,39,Intern,Dubai,108143,2010-11-23
979,Sam,Miller,32,Engineer,New York,37948,2000-12-11
980,Paul,Taylor,34,Lead,Paris,58040,2016-03-20
981,Sam,Taylor,45,Engineer,Delhi,76333,2009-04-05
982,Alex,Brown,22,Analyst,Sydney,25789,2001-05-16
983,Mike,Smith,50,Manager,Sydney,85456,2004-04-05
984,Paul,Jones,46,Intern,New York,52122,2005-02-08
985,John,Brown,29,Clerk,Sydney,65847,2013-10-26
986,Alex,Smith,37,Designer,Sydney,31296,2024-04-26
987,Sara,Davis,22,Intern,Singapore,69852,2019-08-01
988,Paul,Davis,27,Consultant,Tokyo,94586,2016-08-30
989,Emma,Garcia,50,Intern,Sydney,52121,2000-08-19
990,Emma,Brown,23,Intern,Delhi,75450,2024-07-27
991,Paul,Brown,54,Architect,New York,26006,2019-10-11
992,Mike,Smith,44,Consultant,New York,64808,2008-11-02
993,Sam,Taylor,52,Architect,Sydney,91103,2004-08-12
994,Tom,Miller,28,Clerk,Tokyo,33686,2021-02-04
995,Mike,Wilson,59,Consultant,Singapore,44260,2006-10-30
996,Sam,Jones,34,Clerk,Dubai,65323,2011-06-20
997,Paul,Wilson,24,Developer,Sydney,78305,2007-07-13
998,Sam,Taylor,58,Intern,Berlin,105949,2015-09-14
999,Mike,Garcia,24,Manager,Paris,38662,2002-08-19
1000,Paul,Smith,56,Architect,Berlin,27394,2008-04-27
1001,Paul,Williams,20,Consultant,Paris,81322,2007-06-15
1002,John,Johnson,18,Designer,Dubai,110798,2016-02-15
1003,Paul,Wilson,50,Manager,Berlin,56563,2008-09-12
1004,Emma,Wilson,55,Analyst,Paris,116304,2010-12-02
1005,Tom,Williams,53,Engineer,Sydney,82986,2014-05-03
1006,Emma,Garcia,26,Consultant,Dubai,71927,2016-06-20
1007,Alex,Taylor,34,Analyst,Toronto,64792,2022-11-05
1008,Sam,Wilson,42,Analyst,New York,34343,2014-08-25
1009,Tom,Brown,18,Lead,Tokyo,63622,2004-08-18
1010,Tom,Wilson,21,Intern,Paris,58823,2018-02-04
1011,Alex,Miller,30,Consultant,London,112995,2009-09-27
1012,John,Brown,36,Architect,Paris,113055,2011-11-23
1013,Sara,Garcia,47,Consultant,Delhi,99756,2006-04-26
1014,Mike,Jones,60,Consultant,Dubai,86357,2013-01-25
1015,Paul,Jones,32,Engineer,Singapore,87549,2015-09-10
1016,Alex,Wilson,18,Developer,Delhi,116815,2008-11-30
1017,Jane,Taylor,40,Clerk,Dubai,44831,2023-04-22
1018,Tom,Wilson,31,Analyst,New York,106057,2008-02-15
1019,Lisa,Johnson,18,Manager,Dubai,47065,2001-02-18
1020,John,Jones,31,Designer,Singapore,25704,2020-04-05
1021,Sam,Garcia,47,Analyst,Sydney,103754,2007-05-05
1022,Mike,Smith,59,Architect,Singapore,44441,2013-11-05
1023,John,Wilson,37,Architect,New York,59930,2010-02-06
1024,Lisa,Garcia,30,Clerk,Toronto,114358,2021-09-02
1025,Alex,Taylor,50,Clerk,Berlin,71216,2021-01-05
1026,Paul,Miller,18,Architect,New York,82448,2019-05-17
1027,Paul,Jones,39,Engineer,New York,54404,2018-08-08
1028,Tom,Johnson,35,Intern,Toronto,114245,2017-09-12
1029,Tom,Jones,56,Architect,Delhi,107258,2014-07-25
1030,Jane,Smith,59,Clerk,London,67848,2000-07-13
1031,Tom,Williams,47,Engineer,New York,100433,2010-01-28
1032,John,Miller,52,Analyst,Singapore,38874,2022-06-11
1033,Tom,Davis,29,Engineer,Sydney,34645,2017-11-02
1034,Paul,Miller,46,Architect,Singapore,117597,2004-08-03
1035,Paul,Williams,58,Engineer,Toronto,33339,2023-06-07
1036,John,Jones,60,Designer,Berlin,34385,2019-07-21
1037,Tom,Williams,49,Lead,Paris,55589,2003-08-05
1038,Lisa,Smith,24,Architect,London,98997,2000-03-04
1039,Paul,Johnson,55,Clerk,London,115815,2020-12-05
1040,Paul,Taylor,51,Engineer,Toronto,52974,2024-10-29
1041,Mike,Wilson,37,Analyst,Sydney,58487,2024-06-06
1042,Alex,Jones,41,Designer,Paris,118465,2016-02-23
1043,Tom,Smith,47,Engineer,Toronto,40372,2006-04-14
1044,Tom,Smith,25,Architect,Sydney,119439,2024-08-17
1045,Mike,Smith,60,Analyst,Dubai,115294,2021-01-26
1046,Jane,Wilson,60,Analyst,Sydney,82546,2008-02-25
1047,Alex,Davis,20,Lead,New York,46110,2023-07-10
1048,Lisa,Williams,45,Clerk,Dubai,84242,2003-02-14
1049,Sara,Smith,28,Intern,Dubai,64794,2020-03-21
1050,Emma,Johnson,49,Designer,Berlin,45164,2022-04-09
1051,John,Jones,44,Designer,Delhi,84266,2001-10-03
1052,John,Miller,31,Intern,London,69908,2015-12-17
1053,Sam,Smith,28,Manager,London,44455,2009-10-02
1054,Paul,Wilson,34,Designer,New York,82593,2008-06-11
1055,Mike,Wilson,53,Developer,London,57646,2019-12-29
1056,Emma,Miller,42,Lead,Sydney,57713,2023-03-04
1057,John,Davis,36,Manager,Delhi,95515,2005-03-16
1058,Sam,Miller,47,Clerk,Berlin,50076,2011-12-19
1059,Sara,Garcia,20,Analyst,Toronto,88240,2007-04-09
1060,Sara,Jones,28,Designer,Delhi,35008,2008-10-03
1061,John,Jones,34,Intern,Delhi,96949,2012-05-20
1062,Tom,Williams,58,Intern,Dubai,72744,2016-12-19
1063,John,Smith,26,Analyst,New York,32932,2005-10-02
1064,Lisa,Taylor,22,Lead,New York,73394,2023-09-23
1065,John,Jones,24,Consultant,Singapore,106035,2001-09-01
1066,Alex,Miller,25,Clerk,Tokyo,57357,2004-08-24
1067,Jane,Garcia,28,Designer,Berlin,75273,2004-07-03
1068,Sara,Johnson,20,Manager,Tokyo,62032,2002-02-18
1069,Alex,Johnson,18,Developer,New York,72006,2021-03-08
1070,Sara,Wilson,52,Lead,London,117890,2014-11-20
1071,John,Garcia,49,Engineer,Dubai,29568,2001-08-16
1072,Emma,Wilson,41,Analyst,Toronto,117528,2014-03-01
1073,Paul,Smith,57,Engineer,Paris,42268,2020-12-22
1074,Tom,Smith,56,Engineer,Delhi,39701,2024-09-07
1075,Alex,Johnson,43,Consultant,Berlin,118842,2000-03-03
1076,Emma,Jones,31,Designer,Berlin,117508,2002-01-31
1077,Mike,Wilson,19,Architect,Dubai,36361,2015-11-11
1078,Alex,Wilson,24,Intern,Singapore,91045,2001-01-30
1079,Tom,Jones,30,Intern,Delhi,67618,2005-08-16
1080,Jane,Jones,55,Intern,Singapore,101136,2004-01-11
1081,Sam,Williams,41,Clerk,Paris,67855,2021-05-17
1082,Emma,Smith,51,Intern,Delhi,108804,2006-09-18
1083,Sara,Wilson,50,Developer,Tokyo,40971,2013-09-17
1084,Paul,Jones,34,Lead,Toronto,115261,2009-12-23
1085,Alex,Garcia,37,Engineer,Paris,53760,2019-03-31
1086,Jane,Jones,49,Engineer,Sydney,59120,2000-12-21
1087,Mike,Smith,45,Intern,Tokyo,60036,2003-07-20
1088,Sara,Garcia,58,Designer,Paris,107020,2001-10-09
1089,Lisa,Garcia,26,Lead,Dubai,114861,2004-02-09
1090,Sam,Smith,23,Consultant,Dubai,108024,2012-01-19
1091,Emma,Johnson,51,Lead,New York,63520,2002-06-07
1092,Mike,Davis,39,Developer,Berlin,73084,2015-12-31
1093,Jane,Smith,36,Intern,Toronto,72405,2004-01-24
1094,John,Johnson,48,Manager,Toronto,48082,2009-09-16
1095,Emma,Miller,43,Analyst,Berlin,39546,2014-10-16
1096,Paul,Miller,21,Manager,London,35990,2015-11-26
1097,Tom,Brown,60,Intern,Delhi,107459,2020-04-19
1098,Emma,Johnson,25,Clerk,Delhi,73267,2023-09-06
1099,Paul,Garcia,48,Intern,Delhi,30739,2007-09-12
1100,Sam,Johnson,41,Clerk,Berlin,33887,2015-10-03
1101,Jane,Brown,30,Manager,Berlin,78763,2013-03-13
1102,John,Miller,26,Manager,Dubai,56232,2024-06-28
1103,Jane,Garcia,35,Manager,Toronto,75774,2014-04-25
1104,Tom,Jones,36,Lead,Toronto,61707,2007-07-20
1105,Sara,Miller,24,Designer,Dubai,39441,2017-11-17
1106,John,Johnson,36,Lead,Berlin,112474,2017-08-15
1107,John,Johnson,21,Engineer,Singapore,60811,2004-02-28
1108,Lisa,Johnson,50,Manager,New York,63394,2010-02-02
1109,Jane,Smith,59,Engineer,Tokyo,95735,2019-07-24
1110,John,Brown,33,Developer,Berlin,52899,2024-01-18
1111,Jane,Davis,21,Developer,Singapore,80615,2005-12-20
1112,John,Williams,34,Intern,New York,100077,2007-02-22
1113,Lisa,Jones,52,Designer,London,98214,2008-03-04
1114,John,Davis,24,Intern,Tokyo,91548,2017-12-25
1115,John,Garcia,23,Designer,Singapore,63896,2020-01-01
1116,Paul,Garcia,50,Lead,Paris,26578,2017-06-19
1117,Sam,Davis,27,Manager,Tokyo,56578,2020-01-14
1118,Paul,Williams,48,Clerk,Berlin,82340,2012-05-10
1119,Tom,Jones,18,Architect,Tokyo,43774,2015-12-11
1120,Alex,Wilson,37,Manager,Singapore,112954,2010-06-26
1121,John,Johnson,18,Developer,Delhi,27333,2012-10-30
1122,Sam,Johnson,41,Engineer,Singapore,112749,2007-02-25
1123,Sara,Miller,60,Developer,New York,71894,2017-05-06
1124,Emma,Davis,30,Analyst,Dubai,59656,2006-01-16
1125,Jane,Williams,46,Manager,London,77039,2003-10-02
1126,Alex,Johnson,58,Lead,Delhi,70992,2002-04-25
1127,Paul,Jones,54,Lead,New York,111505,2021-07-18
1128,Lisa,Taylor,52,Intern,London,112210,2020-10-27
1129,Lisa,Brown,23,Analyst,Tokyo,44567,2023-02-27
1130,Paul,Smith,53,Architect,Singapore,62438,2001-05-08
1131,Sara,Davis,21,Consultant,London,82195,2013-09-28
1132,Lisa,Miller,34,Designer,Delhi,36049,2018-05-10
1133,Sam,Wilson,36,Engineer,Tokyo,90663,2007-06-10
1134,Sara,Johnson,53,Architect,Tokyo,28635,2009-03-30
1135,John,Miller,53,Lead,Paris,103804,2020-07-29
1136,Emma,Garcia,41,Engineer,Delhi,27745,2001-08-09
1137,Emma,Miller,41,Developer,London,98739,2016-10-14
1138,Lisa,Johnson,19,Architect,London,106208,2009-09-18
1139,Sara,Taylor,59,Lead,Berlin,106463,2004-06-18
1140,John,Johnson,49,Intern,Sydney,38078,2018-02-17
1141,Sara,Johnson,34,Lead,New York,46669,2009-02-10
1142,Sara,Taylor,43,Engineer,Tokyo,63163,2010-06-30
1143,Lisa,Jones,20,Intern,London,118977,2017-08-03
1144,Lisa,Taylor,50,Architect,Singapore,74739,2022-05-02
1145,Mike,Brown,57,Lead,Toronto,100715,2010-06-11
1146,Emma,Wilson,31,Architect,Sydney,53443,2001-12-29
1147,Mike,Williams,43,Manager,New York,75330,2011-07-03
1148,Alex,Brown,45,Consultant,Toronto,30723,2024-08-28
1149,Alex,Wilson,53,Clerk,Sydney,114909,2000-12-23
1150,Paul,Wilson,47,Consultant,Delhi,107238,2017-12-19
1151,John,Williams,52,Architect,Paris,55559,2019-03-12
1152,Emma,Wilson,45,Manager,Paris,92938,2005-02-27
1153,Emma,Smith,44,Consultant,Toronto,42334,2021-06-30
1154,Alex,Johnson,27,Intern,Dubai,85487,2003-03-11
1155,Lisa,Smith,20,Intern,Dubai,57716,2012-04-23
1156,John,Taylor,38,Intern,New York,94532,2009-02-25
1157,Sara,Garcia,26,Manager,Dubai,85449,2023-02-12
1158,Emma,Garcia,55,Intern,New York,58392,2017-09-04
1159,Paul,Wilson,46,Clerk,Tokyo,30552,2007-08-20
1160,Sam,Wilson,42,Engineer,Berlin,102621,2006-05-25
1161,Paul,Wilson,48,Intern,New York,90038,2003-10-19
1162,Emma,Taylor,22,Lead,New York,100652,2018-06-07
1163,Jane,Johnson,46,Designer,New York,41393,2018-03-02
1164,Jane,Wilson,28,Clerk,New York,113610,2015-11-03
1165,Emma,Wilson,44,Intern,Sydney,35934,2011-10-15
1166,Sam,Jones,19,Clerk,Tokyo,84006,2022-06-22
1167,John,Miller,58,Consultant,Berlin,106838,2024-08-04
1168,Emma,Miller,22,Analyst,Berlin,73892,2023-09-23
1169,Jane,Davis,32,Consultant,Toronto,82169,2007-08-06
1170,Paul,Davis,52,Lead,London,81387,2015-01-10
1171,Lisa,Wilson,60,Designer,Toronto,94596,2024-01-11
1172,Emma,Garcia,52,Intern,Delhi,71151,2008-08-06
1173,Paul,Taylor,46,Designer,New York,107087,2009-08-29
1174,John,Williams,44,Intern,Sydney,89360,2016-07-08
1175,Lisa,Davis,58,Clerk,Toronto,96190,2010-05-24
1176,Mike,Smith,51,Developer,London,98510,2024-07-17
1177,Lisa,Williams,18,Developer,Tokyo,64956,2022-05-27
1178,Mike,Williams,28,Engineer,London,41179,2006-01-20
1179,Mike,Davis,39,Designer,Toronto,91636,2022-01-03
1180,John,Miller,56,Consultant,Delhi,106386,2015-07-02
1181,Sam,Williams,38,Analyst,Berlin,92199,2015-07-24
1182,Lisa,Garcia,49,Lead,New York,53500,2018-08-14
1183,Alex,Williams,30,Manager,Dubai,57697,2022-05-21
1184,Mike,Williams,46,Clerk,New York,103263,2001-10-06
1185,Lisa,Taylor,38,Architect,Paris,89813,2024-05-31
1186,Emma,Brown,42,Lead,Singapore,39153,2024-03-22
1187,Emma,Williams,32,Manager,Toronto,59456,2002-07-26
1188,John,Davis,50,Designer,New York,82857,2000-11-26
1189,Sam,Garcia,25,Intern,New York,57267,2020-08-06
1190,Paul,Davis,25,Developer,Tokyo,76488,2010-01-21
1191,Jane,Davis,43,Designer,New York,93754,2003-02-23
1192,Alex,Johnson,58,Architect,New York,87458,2014-05-24
1193,Lisa,Miller,43,Analyst,Berlin,81807,2017-09-24
1194,Alex,Wilson,35,Clerk,Singapore,105381,2002-06-05
1195,Lisa,Taylor,42,Engineer,London,78242,2017-02-19
1196,Tom,Johnson,32,Architect,Toronto,114549,2001-10-25
1197,Paul,Taylor,40,Engineer,Delhi,89654,2005-02-23
1198,Sara,Smith,46,Lead,New York,28649,2005-05-26
1199,Alex,Smith,58,Lead,Tokyo,87684,2007-06-04
1200,Paul,Miller,34,Developer,Dubai,85075,2024-07-22
1201,Paul,Smith,58,Lead,Tokyo,46699,2009-03-28
1202,John,Taylor,25,Manager,Paris,29193,2012-01-11
1203,Mike,Johnson,45,Lead,London,71298,2010-04-07
1204,Sara,Johnson,54,Consultant,Berlin,41091,2006-04-04
1205,Mike,Miller,30,Designer,Singapore,108440,2024-01-01
1206,Paul,Brown,22,Engineer,Dubai,72842,2016-01-11
1207,Tom,Garcia,49,Manager,Berlin,74088,32-13-2025
1208,John,Smith,60,Designer,New York,87530,2009-11-28
1209,Mike,Taylor,49,Consultant,London,54482,2000-01-02
1210,Alex,Davis,57,Manager,Delhi,100743,2002-11-22
1211,Paul,Johnson,47,Developer,Sydney,111302,2001-04-01
1212,Sara,Johnson,38,Analyst,Tokyo,25246,2003-03-15
1213,Sara,Miller,18,Lead,Berlin,43848,2002-08-03
1214,Paul,Brown,44,Consultant,Singapore,51809,2006-08-21
1215,Sam,Garcia,58,Developer,Paris,90612,2013-12-30
1216,Jane,Williams,48,Architect,London,63145,2019-07-11
1217,Tom,Miller,45,Consultant,London,111666,2003-11-25
1218,Jane,Smith,33,Architect,Dubai,38604,2017-10-24
1219,Sara,Smith,47,Intern,Paris,63925,2019-05-24
1220,Alex,Williams,38,Architect,Tokyo,89624,2003-09-27
1221,Mike,Johnson,57,Lead,London,115544,2010-11-27
1222,Lisa,Johnson,35,Manager,New York,69750,2016-09-02
1223,Alex,Smith,33,Consultant,Toronto,73810,2012-09-13
1224,Tom,Miller,29,Engineer,Toronto,87322,2004-05-15
1225,Sam,Wilson,48,Engineer,New York,110249,2005-04-10
1226,Sara,Garcia,42,Designer,Sydney,95976,2019-12-08
1227,Tom,Wilson,56,Clerk,Singapore,109208,2007-05-26
1228,Alex,Johnson,38,Manager,Tokyo,103217,2007-05-29
1229,John,Taylor,31,Lead,Paris,30047,2015-09-24
1230,Lisa,Miller,46,Lead,Dubai,108740,2014-11-13
1231,Sam,Williams,31,Developer,New York,64539,2001-05-21
1232,Emma,Williams,19,Analyst,Dubai,107828,2022-09-09
1233,Tom,Jones,49,Lead,Berlin,67112,2016-02-10
1234,Sam,Brown,57,Lead,Toronto,106349,2018-09-19
1235,Paul,Taylor,33,Manager,New York,52451,2007-07-14
1236,Mike,Wilson,40,Engineer,Dubai,84755,2002-04-19
1237,John,Garcia,58,Developer,New York,33863,2006-06-18
1238,Jane,Miller,35,Lead,Dubai,100143,2024-11-12
1239,Emma,Garcia,40,Designer,Berlin,107321,2021-04-08
1240,Sara,Garcia,23,Engineer,New York,90435,2002-02-04
1241,Jane,Johnson,56,Architect,Paris,88922,2006-06-07
1242,Lisa,Davis,40,Manager,Singapore,73324,2006-05-26
1243,Mike,Williams,35,Intern,Toronto,90024,2015-09-13
1244,Sara,Williams,25,Consultant,New York,78794,2018-11-15
1245,Jane,Wilson,40,Consultant,Sydney,28749,2000-12-15
1246,Lisa,Miller,41,Clerk,London,67037,2016-03-16
1247,Lisa,Wilson,29,Intern,London,55910,2001-04-24
1248,Tom,Garcia,55,Engineer,Toronto,46564,2008-12-14
1249,Sam,Jones,43,Designer,Tokyo,115964,2019-10-02
1250,Alex,Wilson,19,Architect,London,116132,2007-03-11
1251,Jane,Taylor,44,Lead,Singapore,116651,2021-11-21
1252,Jane,Brown,32,Manager,Berlin,108337,2006-02-07
1253,Sam,Miller,32,Clerk,London,46155,2006-04-27
1254,Sam,Garcia,38,Clerk,Singapore,62211,2021-04-09
1255,Sam,Taylor,48,Architect,New York,107665,2010-12-04
1256,Alex,Taylor,49,Manager,Delhi,43602,2001-05-15
1257,John,Davis,56,Lead,Singapore,92736,2009-09-26
1258,Emma,Taylor,39,Lead,Toronto,100588,2003-09-04
1259,Mike,Davis,58,Designer,London,108494,2019-07-17
1260,Emma,Taylor,38,Designer,Sydney,61803,2008-05-05
1261,Paul,Williams,50,Engineer,Singapore,37763,2011-01-12
1262,Sam,Davis,51,Designer,Paris,75048,2001-09-18
1263,Alex,Smith,44,Intern,New York,48130,2006-07-23
1264,Alex,Taylor,54,Architect,Delhi,69533,2017-02-25
1265,Tom,Smith,42,Developer,Berlin,80879,2024-05-22
1266,John,Brown,44,Manager,London,115650,2012-11-01
1267,Tom,Garcia,49,Architect,Paris,106159,2010-01-24
1268,Lisa,Jones,27,Developer,Singapore,59087,2010-06-25
1269,Tom,Jones,40,Intern,Tokyo,62627,2012-03-17
1270,Emma,Smith,57,Engineer,Delhi,66698,2017-10-15
1271,Mike,Garcia,24,Engineer,Tokyo,57437,2000-06-24
1272,Sara,Davis,56,Analyst,Singapore,32317,2012-04-14
1273,Tom,Brown,53,Analyst,Dubai,104721,2018-09-13
1274,Alex,Brown,49,Lead,Tokyo,59862,2010-11-22
1275,Paul,Jones,60,Designer,New York,33210,2012-12-17
1276,Paul,Taylor,49,Intern,Dubai,89311,2001-03-25
1277,Lisa,Smith,48,Intern,Sydney,59328,2000-09-15
1278,Sam,Wilson,39,Designer,Singapore,31168,2000-12-05
1279,Mike,Wilson,27,Developer,Sydney,108606,2005-04-19
1280,Mike,Smith,47,Engineer,Sydney,45838,2020-01-22
1281,Jane,Miller,44,Designer,Sydney,28544,2009-09-15
1282,Sam,Taylor,21,Manager,Sydney,49199,2013-10-22
1283,Lisa,Miller,50,Lead,New York,107073,2008-06-05
1284,Sara,Jones,43,Architect,London,116561,2008-11-30
1285,Alex,Taylor,52,Lead,Dubai,83370,2005-10-28
1286,Lisa,Wilson,32,Architect,Paris,86903,2013-08-09
1287,Jane,Garcia,51,Architect,Singapore,94586,2005-01-27
1288,Emma,Taylor,59,Engineer,Paris,32373,2012-07-21
1289,Sam,Miller,32,Lead,Berlin,45393,2016-02-16
1290,Tom,Smith,47,Developer,Berlin,50276,2011-01-13
1291,Tom,Taylor,39,Clerk,Delhi,33310,2006-11-22
1292,Jane,Jones,54,Manager,Singapore,30977,2012-07-10
1293,Jane,Brown,58,Designer,Berlin,116658,2002-11-28
1294,Paul,Miller,25,Engineer,Singapore,94673,2013-09-17
1295,John,Johnson,33,Analyst,Dubai,62797,2001-02-18
1296,Alex,Garcia,30,Manager,Toronto,79272,2004-10-08
1297,Paul,Taylor,52,Manager,New York,76368,2017-07-21
1298,Mike,Miller,42,Developer,Toronto,108321,2019-02-28
1299,Paul,Miller,33,Intern,New York,91746,2009-09-15
1300,Emma,Johnson,20,Consultant,Tokyo,110329,2000-01-03
1301,Jane,Davis,20,Manager,Delhi,105390,2012-05-01
1302,Sara,Garcia,38,Lead,Dubai,58889,2002-07-06
1303,Lisa,Johnson,35,Consultant,Singapore,66220,2023-09-24
1304,Sam,Jones,19,Manager,Paris,53855,2011-08-12
1305,Lisa,Wilson,24,Intern,Delhi,95770,2002-01-31
1306,Tom,Wilson,32,Manager,Paris,86059,2015-02-16
1307,Sara,Miller,29,Clerk,Sydney,32412,2012-10-04
1308,Mike,Taylor,41,Lead,Sydney,49662,2014-09-05
1309,Paul,Davis,41,Analyst,Sydney,37116,2014-05-06
1310,Emma,Brown,56,Designer,Singapore,113322,2024-05-21
1311,Alex,Garcia,45,Analyst,Singapore,117996,2010-08-29
1312,Lisa,Smith,20,Consultant,Sydney,95789,2006-09-25
1313,Sam,Miller,55,Manager,Tokyo,110920,2000-01-03
1314,Emma,Williams,39,Analyst,Berlin,97485,2006-01-14
1315,Sam,Brown,37,Lead,Dubai,27054,2014-04-02
1316,Sara,Taylor,22,Consultant,Toronto,37976,2009-04-19
1317,Paul,Williams,23,Intern,Dubai,72067,2008-03-28
1318,Sam,Johnson,46,Developer,Berlin,109418,2021-10-23
1319,Paul,Miller,33,Architect,Tokyo,105166,2001-03-26
1320,Emma,Williams,42,Consultant,Berlin,27496,2009-02-23
1321,Mike,Miller,38,Designer,Paris,100094,2020-08-16
1322,John,Davis,26,Engineer,Singapore,72396,2002-06-30
1323,Alex,Williams,24,Analyst,Sydney,110964,2003-11-26
1324,Alex,Taylor,24,Analyst,Singapore,59269,2012-11-20
1325,Jane,Jones,48,Manager,London,97965,2003-01-28
1326,Tom,Taylor,18,Analyst,Berlin,35432,2019-03-27
1327,Tom,Williams,45,Designer,Toronto,61395,2022-11-25
1328,Lisa,Taylor,33,Engineer,Dubai,73958,2007-07-13
1329,Emma,Johnson,60,Consultant,Singapore,104569,2005-11-09
1330,Emma,Taylor,34,Consultant,Dubai,99288,2001-02-10
1331,Sam,Jones,18,Clerk,Berlin,74148,2000-04-04
1332,Paul,Williams,56,Architect,Singapore,95245,2017-05-15
1333,Mike,Smith,19,Consultant,Delhi,35120,2015-05-16
1334,Alex,Johnson,54,Designer,Berlin,26788,2003-05-21
1335,Mike,Johnson,55,Manager,Berlin,48763,2016-07-12
1336,John,Brown,31,Lead,Berlin,48754,2002-08-03
1337,Sara,Wilson,46,Lead,Singapore,50170,2007-08-27
1338,Paul,Smith,37,Analyst,London,115160,2005-11-11
1339,Tom,Williams,33,Designer,Sydney,101252,2005-07-07
1340,Lisa,Taylor,50,Analyst,London,108041,2012-03-05
1341,Emma,Johnson,47,Consultant,Dubai,55369,2023-02-17
1342,Sam,Williams,22,Consultant,New York,47590,2017-01-13
1343,Paul,Taylor,25,Developer,London,35540,2005-01-24
1344,Lisa,Brown,49,Consultant,Toronto,30227,2004-06-20
1345,Alex,Williams,23,Analyst,London,66542,2015-05-29
1346,John,Williams,34,Manager,Singapore,99024,2017-12-02
1347,Emma,Wilson,19,Architect,Dubai,87386,2022-08-05
1348,Lisa,Jones,40,Engineer,Dubai,85178,2005-04-27
1349,Mike,Williams,40,Designer,Tokyo,33076,2023-02-18
1350,Lisa,Taylor,33,Engineer,Delhi,41663,2014-05-13
1351,Jane,Davis,53,Architect,London,47926,2011-01-11
1352,Emma,Jones,19,Manager,Singapore,49989,2002-07-04
1353,Emma,Davis,27,Architect,London,79001,2003-08-16
1354,Emma,Jones,29,Analyst,Delhi,40977,2021-12-17
1355,Paul,Jones,25,Manager,Tokyo,48725,2004-05-07
1356,John,Davis,52,Consultant,Paris,32608,2023-08-16
1357,John,Williams,26,Intern,Sydney,27190,2021-03-25
1358,Emma,Garcia,54,Architect,Paris,89834,2016-09-29
1359,John,Johnson,49,Architect,Paris,61374,2014-05-25
1360,John,Miller,21,Developer,Sydney,110217,2009-05-25
1361,Alex,Wilson,52,Engineer,Toronto,100648,2001-12-18
1362,Alex,Davis,20,Intern,Toronto,28204,2008-06-14
1363,John,Taylor,47,Developer,London,63667,2017-11-20
1364,Sara,Williams,51,Developer,Sydney,36222,2000-11-13
1365,Mike,Taylor,21,Consultant,Toronto,100332,2020-06-07
1366,Emma,Garcia,28,Engineer,Dubai,90555,2024-08-07
1367,Paul,Johnson,44,Lead,Toronto,52416,2011-03-26
1368,Alex,Johnson,31,Lead,Tokyo,97334,2003-08-15
1369,Lisa,Miller,29,Lead,Tokyo,40913,2021-11-06
1370,Sam,Brown,21,Developer,Berlin,36427,2021-04-23
1371,Sara,Wilson,41,Architect,Toronto,104473,2002-09-08
1372,Emma,Williams,26,Lead,Singapore,47236,2006-04-06
1373,Jane,Smith,54,Manager,Berlin,28930,2007-04-23
1374,Alex,Brown,51,Manager,Berlin,39249,2017-06-01
1375,Sara,Taylor,44,Analyst,Toronto,93172,2014-10-22
1376,Jane,Brown,43,Clerk,Toronto,74140,2015-03-18
1377,Lisa,Brown,56,Architect,Sydney,39456,2003-08-15
1378,John,Johnson,30,Designer,Delhi,74057,2016-11-08
1379,Sara,Miller,48,Intern,New York,65150,2005-04-04
1380,Paul,Wilson,56,Clerk,Dubai,48978,2015-03-20
1381,Alex,Jones,45,Engineer,Dubai,68189,2008-09-09
1382,Lisa,Johnson,39,Developer,Singapore,73569,2016-01-11
1383,Mike,Smith,54,Intern,New York,65992,2005-02-03
1384,Alex,Wilson,23,Lead,London,118927,2000-07-08
1385,Emma,Smith,33,Consultant,Toronto,91340,2014-10-01
1386,Tom,Miller,43,Developer,New York,95585,2005-04-22
1387,Alex,Jones,33,Clerk,Paris,78804,2009-12-12
1388,Sam,Garcia,21,Clerk,Berlin,50461,2019-11-18
1389,Tom,Wilson,41,Intern,London,35239,2004-08-05
1390,Emma,Wilson,58,Engineer,Dubai,82245,2005-05-20
1391,Jane,Johnson,23,Clerk,Dubai,47255,2000-02-23
1392,Paul,Garcia,31,Designer,Delhi,31301,2015-07-13
1393,Sara,Taylor,40,Architect,New York,41181,2018-11-10
1394,Jane,Jones,41,Intern,London,84293,2019-01-09
1395,Jane,Wilson,47,Clerk,Toronto,98992,2004-05-02
1396,Sam,Garcia,44,Designer,New York,64779,2005-06-16
1397,Sam,Garcia,39,Architect,Toronto,48320,2019-01-28
1398,Alex,Wilson,51,Engineer,Berlin,50230,2016-11-13
1399,Mike,Smith,38,Manager,New York,69447,2007-12-01
1400,Tom,Garcia,49,Analyst,Dubai,28334,2007-04-24
1401,Lisa,Taylor,59,Analyst,Tokyo,102838,2001-07-28
1402,Sam,Williams,39,Consultant,Berlin,77111,2003-06-06
1403,John,Miller,54,Designer,New York,68158,2009-01-06
1404,Sam,Johnson,32,Lead,London,100547,2019-01-18
1405,Paul,Jones,26,Analyst,Dubai,57752,2005-06-25
1406,John,Smith,41,Clerk,Sydney,60193,2009-05-13
1407,Sara,Williams,20,Manager,Dubai,46338,2024-11-13
1408,Jane,Brown,41,Designer,Dubai,74465,2023-01-10
1409,Lisa,Johnson,51,Manager,Paris,48391,2011-08-27
1410,Alex,Wilson,28,Lead,Dubai,74774,2016-11-26
1411,Tom,Smith,48,Designer,New York,70301,2009-11-17
1412,Jane,Williams,41,Intern,London,30147,2005-09-17
1413,Jane,Miller,43,Developer,Dubai,106785,2013-03-25
1414,Jane,Williams,20,Engineer,New York,118515,2020-02-25
1415,John,Brown,54,Manager,Sydney,53223,2000-09-10
1416,Sara,Taylor,20,Designer,Tokyo,99620,2024-11-19
1417,John,Jones,34,Analyst,Delhi,67610,2014-05-22
1418,Sara,Johnson,19,Designer,Toronto,49150,2022-11-25
1419,Lisa,Smith,38,Developer,Berlin,110904,2014-09-26
1420,Mike,Wilson,30,Designer,Sydney,75775,2013-06-09
1421,Paul,Miller,29,Intern,Delhi,102392,2005-03-09
1422,Lisa,Taylor,53,Consultant,Berlin,118618,2020-02-17
1423,Jane,Wilson,26,Lead,Tokyo,111848,2018-07-05
1424,Alex,Garcia,53,Architect,Paris,59229,2007-07-09
1425,Paul,Miller,23,Architect,Toronto,26479,2014-08-13
1426,Emma,Miller,49,Engineer,Paris,29404,2008-02-02
1427,Paul,Jones,55,Intern,Toronto,36447,2013-12-28
1428,Emma,Brown,48,Consultant,Berlin,56695,2021-11-20
1429,Emma,Taylor,36,Developer,Delhi,84515,2015-01-12
1430,Emma,Garcia,47,Lead,Tokyo,93817,2002-03-10
1431,John,Taylor,45,Analyst,New York,73791,2020-09-27
1432,Sara,Williams,45,Developer,Paris,71249,2003-02-08
1433,Jane,Jones,41,Developer,Tokyo,116844,2017-06-20
1434,John,Smith,24,Lead,Toronto,117725,2021-11-02
1435,Jane,Miller,20,Engineer,London,88005,2014-06-09
1436,Tom,Wilson,54,Intern,Sydney,46442,2012-05-07
1437,Paul,Davis,26,Architect,Paris,67928,2007-09-22
1438,Sara,Taylor,18,Lead,Sydney,60871,2006-04-18
1439,Mike,Garcia,27,Engineer,Delhi,103120,2002-10-27
1440,Sam,Taylor,54,Intern,Sydney,47970,2018-10-22
1441,Tom,Taylor,19,Developer,Dubai,89079,2024-02-05
1442,Emma,Miller,36,Developer,Berlin,101790,2023-03-15
1443,Emma,Jones,39,Architect,Singapore,76465,2023-06-14
1444,Sam,Garcia,22,Developer,Delhi,60651,2006-01-18
1445,Alex,Brown,54,Clerk,Paris,59974,2007-02-24
1446,Tom,Smith,45,Clerk,Singapore,50373,2002-08-01
1447,Sara,Davis,46,Manager,Berlin,31401,2014-10-21
1448,Tom,Miller,53,Intern,Tokyo,64901,2012-08-25
1449,Sara,Miller,59,Designer,Toronto,88559,2002-08-15
1450,Sara,Miller,48,Architect,Paris,28104,2006-06-25
1451,Paul,Williams,22,Analyst,Delhi,40234,2008-05-12
1452,Mike,Brown,18,Architect,Delhi,79212,2020-10-31
1453,Paul,Smith,25,Manager,Dubai,57766,2019-11-05
1454,Tom,Davis,30,Intern,Toronto,113571,2020-05-02
1455,Sam,Jones,45,Engineer,Tokyo,107279,2005-11-23
1456,Sara,Johnson,35,Clerk,Sydney,33731,2018-07-30
1457,Sara,Garcia,31,Consultant,Delhi,48327,2017-07-09
1458,Mike,Garcia,27,Lead,Singapore,112425,2018-12-29
1459,Paul,Jones,46,Clerk,London,77462,2006-09-17
1460,Paul,Brown,49,Intern,Berlin,43220,2018-09-30
1461,Lisa,Miller,26,Analyst,Paris,94183,2006-10-25
1462,Emma,Wilson,44,Engineer,Tokyo,104204,2002-12-02
1463,Paul,Taylor,58,Analyst,Delhi,95906,2023-05-04
1464,John,Garcia,41,Lead,Toronto,50943,2004-05-26
1465,Alex,Smith,56,Designer,New York,43979,2002-11-19
1466,Alex,Miller,39,Engineer,Toronto,55195,2007-06-26
1467,Emma,Taylor,41,Developer,Toronto,52825,2002-11-01
1468,Emma,Davis,59,Consultant,Dubai,89109,2021-01-26
1469,Sara,Miller,53,Developer,Singapore,87439,2020-07-03
1470,Mike,Garcia,27,Intern,Berlin,107004,2023-07-02
1471,Paul,Jones,48,Consultant,Sydney,48307,2021-08-19
1472,Lisa,Davis,19,Lead,London,81096,2004-09-28
1473,Sara,Jones,21,Intern,Dubai,39693,2001-02-08
1474,Tom,Brown,60,Lead,Berlin,93632,2023-10-08
1475,Alex,Miller,30,Designer,Delhi,47142,2001-07-08
1476,John,Wilson,22,Lead,Tokyo,86887,2011-06-27
1477,Tom,Smith,24,Lead,London,38976,2012-09-17
1478,Alex,Miller,35,Developer,Paris,88328,2010-01-15
1479,Emma,Miller,24,Designer,Berlin,110407,2019-07-01
1480,Alex,Garcia,45,Analyst,Toronto,92615,2007-10-03
1481,Jane,Davis,18,Developer,New York,72643,2016-03-06
1482,Emma,Brown,28,Manager,Toronto,38885,2024-01-23
1483,Sam,Miller,43,Intern,Paris,90347,2023-05-08
1484,Sam,Williams,50,Developer,Singapore,27699,2017-05-16
1485,Sara,Williams,43,Manager,Sydney,109442,2019-07-15
1486,Emma,Johnson,48,Designer,London,53660,2024-11-02
1487,Jane,Williams,34,Intern,Toronto,38229,2006-03-25
1488,Sara,Taylor,37,Architect,Sydney,51144,2023-10-10
1489,Tom,Taylor,28,Lead,London,41681,2007-03-27
1490,Tom,Smith,34,Developer,Toronto,111713,2007-12-20
1491,Alex,Miller,60,Manager,London,87766,2019-04-05
1492,Sara,Williams,57,Lead,Berlin,50687,2016-06-07
1493,Paul,Jones,22,Lead,Singapore,87682,2000-11-04
1494,Paul,Smith,27,Designer,Delhi,40801,2019-09-29
1495,Alex,Jones,52,Architect,Berlin,50694,2017-10-13
1496,John,Jones,35,Intern,Sydney,109849,2013-08-15
1497,Mike,Miller,46,Engineer,London,111030,2004-06-14
1498,Tom,Taylor,21,Analyst,Delhi,34818,2010-04-17
1499,Alex,Brown,28,Engineer,Paris,99180,2015-02-25
1500,Sara,Jones,32,Designer,Singapore,32490,2024-03-02
1501,Alex,Jones,29,Architect,New York,26507,2024-08-19
1502,Sam,Taylor,22,Engineer,New York,62671,2011-10-11
1503,Sam,Brown,58,Intern,Paris,111204,2003-02-04
1504,Paul,Garcia,41,Lead,Singapore,84340,2024-02-03
1505,Paul,Jones,41,Consultant,Tokyo,41716,2018-05-28
1506,Jane,Brown,27,Analyst,New York,36125,2021-07-30
1507,Sam,Jones,48,Engineer,Singapore,90719,2017-02-25
1508,Alex,Garcia,39,Designer,Sydney,113291,2015-02-02
1509,Sara,Johnson,28,Lead,New York,38095,2007-11-07
1510,Mike,Davis,31,Engineer,Sydney,93311,2012-09-11
1511,Sam,Johnson,36,Designer,Berlin,62732,2009-05-30
1512,Lisa,Jones,54,Designer,Delhi,34972,2020-09-19
1513,Jane,Davis,35,Intern,Berlin,108416,2001-02-25
1514,Sara,Wilson,59,Lead,Tokyo,101297,2001-12-02
1515,Mike,Wilson,38,Lead,Toronto,49532,2000-03-01
1516,Alex,Brown,29,Architect,Singapore,106920,2019-10-14
1517,Tom,Smith,36,Designer,Toronto,98837,2024-03-05
1518,Jane,Garcia,56,Intern,Dubai,90379,2023-01-10
1519,Alex,Smith,56,Consultant,Paris,65275,2006-02-27
1520,Sara,Davis,45,Intern,Berlin,30565,2009-07-03
1521,Sara,Garcia,43,Intern,New York,66174,2009-04-02
1522,Tom,Brown,54,Manager,Toronto,63334,2024-09-09
1523,Emma,Davis,49,Intern,Berlin,59820,2020-02-06
1524,Tom,Smith,59,Manager,Singapore,35182,2008-12-29
1525,Tom,Wilson,50,Architect,Tokyo,30303,2003-01-22
1526,John,Wilson,50,Clerk,Sydney,108899,2012-02-20
1527,Sara,Williams,58,Intern,Delhi,37626,2013-01-31
1528,Alex,Miller,36,Engineer,Paris,89672,2005-03-08
1529,Alex,Smith,27,Designer,London,89926,2005-02-18
1530,Alex,Johnson,54,Developer,Paris,98279,2015-08-07
1531,Sam,Brown,20,Manager,Singapore,116412,2022-10-21
1532,Emma,Miller,37,Architect,London,89173,2006-03-29
1533,Mike,Williams,34,Intern,New York,113579,2011-01-30
1534,Tom,Wilson,52,Analyst,London,98848,2008-08-01
1535,Jane,Williams,56,Consultant,Toronto,79186,2016-10-21
1536,Lisa,Brown,28,Architect,Dubai,26664,2008-04-21
1537,Emma,Garcia,41,Intern,New York,118026,2004-05-11
1538,Sara,Johnson,40,Lead,Paris,48920,2020-07-29
1539,Emma,Smith,41,Manager,Tokyo,58411,2021-10-12,extra_field
1540,Mike,Wilson,51,Developer,Delhi,31531,2013-04-07
1541,Sam,Wilson,36,Consultant,Paris,54971,2002-11-26
1542,Emma,Smith,54,Developer,Singapore,60894,2009-01-29
1543,Lisa,Brown,59,Developer,Berlin,27356,2019-03-24
1544,Mike,Wilson,26,Consultant,Tokyo,90588,2003-02-18
1545,Mike,Brown,59,Lead,Delhi,45781,2009-08-25
1546,Alex,Wilson,34,Consultant,Delhi,103285,2020-11-11
1547,Sara,Garcia,26,Clerk,Dubai,100559,2003-02-17
1548,Jane,Garcia,39,Developer,Toronto,27687,2005-04-02
1549,Emma,Jones,24,Intern,New York,58243,2001-11-17
1550,Lisa,Smith,43,Clerk,Delhi,41354,2017-11-23
1551,Paul,Taylor,54,Intern,New York,60165,2022-09-14
1552,Sara,Williams,39,Designer,London,37401,2009-09-11
1553,Sara,Davis,58,Architect,London,77900,2013-07-13
1554,Alex,Taylor,37,Consultant,Toronto,87775,2013-04-16
1555,John,Jones,41,Designer,London,93186,2018-07-26
1556,Sara,Garcia,58,Manager,Tokyo,85426,2000-12-27
1557,Paul,Wilson,19,Intern,Delhi,117323,2024-12-09
1558,John,Johnson,36,Manager,Singapore,51368,2024-03-12
1559,Mike,Taylor,33,Manager,Tokyo,28989,2003-08-22
1560,Mike,Jones,54,Designer,Berlin,71604,2010-08-03
1561,Sara,Wilson,23,Designer,Singapore,93937,2019-12-17
1562,Jane,Taylor,46,Intern,Delhi,114834,2003-05-10
1563,Lisa,Taylor,39,Engineer,London,64586,2004-09-30
1564,Paul,Brown,20,Manager,Berlin,54900,2024-09-05
1565,Sam,Taylor,40,Architect,Dubai,99080,2009-04-13
1566,Mike,Taylor,34,Architect,Tokyo,115604,2023-06-04
1567,Mike,Smith,54,Consultant,New York,27731,2014-12-12
1568,Jane,Jones,31,Designer,Paris,74673,2010-01-30
1569,Alex,Williams,56,Clerk,Tokyo,106726,2020-02-25
1570,Sam,Williams,38,Analyst,Berlin,86990,2014-11-01
1571,Sam,Garcia,52,Clerk,Tokyo,118688,2022-06-23
1572,Sara,Smith,25,Designer,London,88121,2022-10-17
1573,Paul,Davis,58,Intern,Dubai,101617,2022-11-04
1574,John,Smith,60,Clerk,Sydney,40653,2004-12-16
1575,Mike,Taylor,30,Engineer,Singapore,116857,2005-11-09
1576,Jane,Miller,38,Intern,Sydney,34168,2008-09-11
1577,Sam,Wilson,25,Consultant,Dubai,113028,2022-04-02
1578,Sara,Brown,37,Lead,Sydney,82303,2005-09-06
1579,Sara,Davis,35,Designer,Sydney,56910,2015-01-15
1580,John,Johnson,55,Analyst,Paris,37577,2011-08-27
1581,Alex,Brown,57,Intern,London,88414,2017-01-18
1582,Lisa,Davis,23,Analyst,Singapore,46138,2016-05-13
1583,Emma,Jones,25,Analyst,Singapore,115979,2016-07-18
1584,Tom,Davis,28,Architect,Dubai,111370,2015-05-03
1585,John,Johnson,26,Lead,London,71450,2018-08-11
1586,Emma,Jones,28,Designer,Sydney,66096,2003-09-03
1587,Emma,Smith,36,Architect,New York,90247,2005-06-02
1588,Tom,Garcia,40,Developer,Paris,112795,2018-04-04
1589,Alex,Miller,51,Lead,New York,95132,2021-01-28
1590,Emma,Taylor,31,Clerk,Paris,107904,2000-02-01
1591,Paul,Miller,19,Consultant,Dubai,70056,2017-12-10
1592,Jane,Davis,25,Developer,Dubai,102609,2010-01-23
1593,Alex,Smith,26,Architect,Toronto,25462,2015-07-15
1594,Jane,Garcia,44,Designer,New York,103924,2004-09-29
1595,Tom,Garcia,44,Manager,Berlin,51437,2006-11-05
1596,Mike,Taylor,58,Designer,Singapore,61621,2020-02-02
1597,Lisa,Davis,34,Analyst,Berlin,94690,2011-04-13
1598,Alex,Garcia,21,Clerk,Singapore,76425,2001-11-27
1599,Emma,Johnson,54,Manager,Singapore,72020,2017-05-18
1600,Jane,Smith,23,Lead,Singapore,88598,2006-05-25
1601,Alex,Smith,27,Engineer,New York,28446,2014-03-20
1602,Sam,Miller,22,Engineer,Toronto,34491,2003-01-16
1603,Tom,Taylor,57,Engineer,London,31871,2004-04-05
1604,Tom,Brown,57,Architect,Delhi,64587,2024-01-11
1605,Paul,Brown,39,Engineer,Paris,75517,2013-09-17
1606,Mike,Miller,60,Engineer,Sydney,48856,2018-04-17
1607,Mike,Miller,60,Intern,Dubai,27559,2006-07-29
1608,Paul,Jones,31,Clerk,New York,117503,2011-12-06
1609,Jane,Wilson,27,Designer,Singapore,40516,2019-07-05
1610,Emma,Smith,60,Lead,London,116218,2024-07-23
1611,Tom,Taylor,19,Clerk,Dubai,93839,2003-02-23
1612,John,Taylor,30,Manager,London,33236,2019-10-05
1613,Tom,Brown,51,Manager,Berlin,60679,2005-11-02
1614,Mike,Brown,29,Lead,Sydney,77124,2012-06-26
1615,Tom,Brown,42,Manager,New York,53163,2012-10-07
1616,Tom,Davis,44,Developer,Toronto,90913,2022-04-22
1617,Paul,Wilson,31,Intern,Berlin,61410,2007-08-04
1618,Jane,Jones,55,Manager,Delhi,107514,2017-08-07
1619,Alex,Davis,46,Architect,New York,45135,2012-10-13
1620,Sam,Williams,44,Analyst,Singapore,73576,2001-03-05
1621,Mike,Garcia,25,Architect,Delhi,101982,2010-10-06
1622,Mike,Wilson,36,Analyst,New York,112642,2010-12-23
1623,John,Miller,26,Architect,Toronto,77827,2018-03-06
1624,Sam,Jones,46,Intern,Dubai,86023,2022-09-07
1625,Tom,Miller,28,Engineer,Dubai,61908,2013-11-21
1626,Sam,Davis,34,Designer,Toronto,26369,2022-05-17
1627,Sam,Brown,55,Architect,Sydney,47175,2005-04-19
1628,Emma,Taylor,32,Clerk,Sydney,28947,2014-06-17
1629,John,Smith,38,Engineer,Singapore,31980,2022-11-15
1630,Lisa,Wilson,45,Intern,Tokyo,113360,2015-12-22
1631,Mike,Davis,18,Clerk,Delhi,65901,2011-07-16
1632,Sam,Jones,49,Clerk,Delhi,49359,2019-07-16
1633,Lisa,Brown,41,Manager,Delhi,48230,2024-12-14
1634,Emma,Johnson,31,Designer,Tokyo,70618,2022-09-16
1635,Lisa,Johnson,30,Lead,New York,103387,2019-10-01
1636,Lisa,Taylor,42,Manager,Toronto,96595,2000-11-29
1637,Emma,Davis,34,Intern,Singapore,47617,2015-12-01
1638,Emma,Williams,50,Engineer,Singapore,72947,2014-01-04
1639,Paul,Johnson,22,Manager,Tokyo,68606,2016-01-14
1640,Sara,Smith,52,Engineer,Paris,46769,2008-06-02
1641,John,Johnson,35,Lead,Paris,79506,2021-01-29
1642,Alex,Johnson,20,Consultant,New York,89561,2023-03-27
1643,Tom,Davis,55,Intern,Berlin,92198,2012-01-19
1644,Lisa,Smith,55,Engineer,London,112040,2013-09-06
1645,John,Garcia,43,Architect,Delhi,79012,2022-03-28
1646,John,Garcia,20,Architect,Toronto,32762,2022-07-18
1647,Jane,Smith,19,Analyst,Delhi,85135,2021-10-27
1648,Lisa,Miller,54,Consultant,Toronto,73222,2006-05-10
1649,Tom,Garcia,50,Manager,Dubai,81831,2021-11-25
1650,Sam,Johnson,22,Lead,Dubai,25493,2008-05-11
1651,Alex,Brown,29,Manager,Tokyo,114807,2021-05-04
1652,Jane,Garcia,53,Developer,Berlin,34398,2015-10-16
1653,Emma,Garcia,52,Manager,Tokyo,69148,2008-04-25
1654,Mike,Garcia,32,Engineer,Paris,59799,2006-05-09
1655,Alex,Williams,32,Developer,Toronto,78591,2006-04-26
1656,Sam,Miller,60,Intern,London,55878,2022-08-12
1657,Alex,Davis,20,Manager,New York,60150,2017-09-12
1658,Emma,Johnson,52,Consultant,Delhi,46770,2018-12-31
1659,John,Davis,42,Designer,Dubai,40738,2023-06-06
1660,Sara,Brown,23,Developer,Berlin,105730,2009-12-11
1661,Mike,Miller,52,Architect,Toronto,42884,2003-02-08
1662,John,Garcia,23,Clerk,Dubai,26545,2006-08-09
1663,Mike,Jones,41,Consultant,Paris,44986,2008-01-17
1664,Sara,Wilson,29,Developer,New York,99769,2019-10-13
1665,Jane,Garcia,44,Lead,Delhi,63523,2004-01-02
1666,Mike,Jones,37,Consultant,Tokyo,84014,2019-11-23
1667,John,Jones,55,Designer,Berlin,80584,2013-09-10
1668,Lisa,Taylor,19,Engineer,Berlin,73841,2024-07-19
1669,Emma,Wilson,40,Developer,Singapore,69493,2020-06-16
1670,Tom,Taylor,22,Clerk,Tokyo,67024,2009-11-05
1671,Lisa,Brown,37,Engineer,Sydney,81540,2008-02-20
1672,Jane,Miller,60,Intern,Paris,80456,2017-09-30
1673,Sam,Garcia,40,Developer,London,68389,2011-02-14
1674,Alex,Miller,59,Clerk,New York,64082,2006-02-01
1675,Jane,Williams,19,Architect,Tokyo,34892,2005-03-25
1676,Jane,Williams,43,Designer,Paris,108406,2018-12-19
1677,Lisa,Jones,22,Engineer,London,51551,2004-02-02
1678,Emma,Wilson,30,Developer,Delhi,38350,2013-12-26
1679,Sam,Brown,34,Lead,Toronto,54880,2008-03-24
1680,Emma,Wilson,34,Analyst,Tokyo,105851,2001-04-22
1681,Tom,Wilson,43,Analyst,Singapore,89875,2010-10-22
1682,Paul,Brown,36,Engineer,New York,65568,2014-10-06
1683,Emma,Brown,59,Clerk,Tokyo,114758,2004-05-04
1684,Lisa,Davis,39,Clerk,Delhi,101132,2004-04-23
1685,Tom,Johnson,54,Manager,Paris,119651,2011-01-05
1686,Lisa,Garcia,29,Developer,Berlin,98257,2004-03-02
1687,Sam,Wilson,32,Manager,Singapore,62213,2002-05-13
1688,Emma,Garcia,48,Consultant,London,87799,2004-05-20
1689,Emma,Garcia,53,Architect,Paris,93131,2022-02-22
1690,Tom,Wilson,27,Manager,New York,99256,2017-05-06
1691,Mike,Wilson,44,Designer,Singapore,83895,2005-07-23
1692,Jane,Davis,53,Manager,London,113055,2001-12-08
1693,Jane,Miller,49,Architect,Sydney,69092,2011-09-15
1694,Lisa,Brown,22,Architect,London,61007,2016-06-22
1695,Sara,Brown,58,Manager,Delhi,39054,2012-04-01
1696,John,Taylor,59,Designer,New York,43023,2015-12-29
1697,John,Wilson,28,Clerk,New York,106316,2005-09-10
1698,Jane,Brown,32,Designer,Dubai,73514,2002-12-06
1699,Lisa,Smith,58,Developer,Singapore,60316,2002-09-29
1700,Emma,Miller,48,Developer,Dubai,51055,2008-11-06
1701,Alex,Wilson,52,Developer,London,87207,2017-05-25
1702,Alex,Garcia,60,Engineer,London,48395,2008-07-18
1703,Jane,Johnson,48,Designer,Dubai,45652,2014-07-01
1704,Mike,Davis,52,Engineer,Delhi,70203,2004-03-06
1705,John,Johnson,47,Lead,Dubai,61765,2013-11-26
1706,Emma,Miller,18,Engineer,Tokyo,46728,2022-10-07
1707,Jane,Jones,30,Analyst,Delhi,30764,2019-12-23
1708,John,Williams,53,Manager,Paris,47962,2013-06-16
1709,Mike,Garcia,28,Manager,Dubai,51015,2002-06-26
1710,Sam,Taylor,22,Engineer,Dubai,64945,2011-12-15
1711,Tom,Smith,58,Developer,New York,48884,2013-11-03
1712,Tom,Johnson,41,Lead,Singapore,56458,2008-12-17
1713,John,Garcia,32,Developer,New York,114064,2003-04-27
1714,Sara,Johnson,47,Consultant,London,35767,2013-11-21
1715,John,Brown,18,Designer,Singapore,51073,2005-06-06
1716,Jane,Wilson,30,Engineer,Sydney,N/A,2008-05-06
1717,Jane,Jones,55,Intern,Sydney,103324,2023-05-07
1718,Sam,Garcia,29,Analyst,London,35334,2003-12-09
1719,Jane,Taylor,49,Clerk,Toronto,54110,2006-01-08
1720,Sara,Brown,60,Engineer,Paris,35525,2014-11-20
1721,Paul,Miller,22,Lead,Singapore,117559,2023-04-08
1722,Emma,Johnson,45,Designer,Singapore,69330,2008-10-01
1723,Tom,Davis,28,Manager,Singapore,108434,2012-06-06
1724,Mike,Davis,31,Designer,Berlin,76838,2011-04-03
1725,Paul,Wilson,29,Manager,New York,63431,2012-09-05
1726,Mike,Brown,23,Developer,Paris,82309,2012-05-28
1727,John,Garcia,19,Consultant,London,59404,2010-08-17
1728,Alex,Brown,20,Engineer,New York,83302,2005-04-02
1729,Sam,Brown,37,Clerk,Singapore,102960,2009-07-24
1730,Paul,Johnson,23,Consultant,Sydney,45015,2004-05-17
1731,Sam,Johnson,39,Manager,Dubai,69087,2005-06-22
1732,Jane,Davis,31,Architect,London,80787,2018-05-30
1733,Mike,Johnson,25,Consultant,Sydney,44020,2000-07-22
1734,Sam,Smith,57,Designer,Delhi,48806,2006-07-01
1735,Paul,Jones,53,Designer,Delhi,105043,2017-04-30
1736,Paul,Miller,25,Intern,New York,61755,2024-03-29
1737,Lisa,Brown,20,Analyst,Toronto,88888,2002-08-07
1738,Tom,Garcia,34,Lead,Delhi,91798,2013-05-31
1739,Alex,Miller,20,Clerk,Dubai,43950,2016-04-01
1740,John,Jones,34,Manager,Tokyo,31676,2015-01-19
1741,Sam,Smith,41,Engineer,Dubai,40484,2003-10-10
1742,Alex,Miller,40,Analyst,Tokyo,66902,2007-09-09
1743,Mike,Brown,52,Architect,Delhi,26668,2018-07-09
1744,Alex,Williams,43,Consultant,Delhi,96526,2015-08-28
1745,Sam,Williams,34,Consultant,Berlin,27164,2021-09-20
1746,Jane,Williams,46,Developer,Toronto,112983,2022-10-10
1747,Lisa,Brown,18,Analyst,Tokyo,25634,2001-06-13
1748,Jane,Smith,53,Lead,New York,64247,2001-07-11
1749,Lisa,Wilson,21,Engineer,Delhi,105299,2020-07-03
1750,Tom,Garcia,36,Developer,London,111622,2002-07-26
1751,Alex,Davis,40,Analyst,London,81977,2020-03-08
1752,Jane,Brown,58,Lead,Delhi,63081,2003-08-25
1753,Paul,Brown,43,Lead,Sydney,93221,2001-08-21
1754,Sara,Miller,22,Consultant,London,117115,2014-09-20
1755,Sara,Davis,59,Engineer,Paris,44426,2022-09-04
1756,Lisa,Jones,29,Developer,Sydney,106632,2001-11-05
1757,Emma,Brown,37,Clerk,Delhi,104879,2015-06-29
1758,Jane,Smith,53,Architect,Paris,97059,2017-03-02
1759,Paul,Williams,34,Architect,Toronto,83409,2023-12-16
1760,Jane,Miller,46,Manager,New York,87643,2024-12-17
1761,Alex,Williams,21,Developer,Singapore,108293,2001-07-07
1762,Lisa,Taylor,35,Intern,Toronto,106011,2001-01-01
1763,Sam,Williams,37,Lead,Paris,113403,2002-03-08
1764,Tom,Johnson,40,Architect,Dubai,31576,2011-02-07
1765,John,Davis,58,Engineer,Toronto,80396,2005-07-07
1766,Tom,Johnson,44,Developer,Paris,57110,2019-04-29
1767,Paul,Smith,51,Architect,Sydney,55820,2001-10-28
1768,Sara,Wilson,23,Engineer,Dubai,113367,2013-11-05
1769,Jane,Smith,30,Manager,Sydney,88091,2000-10-26
1770,Paul,Brown,49,Clerk,Delhi,102688,2002-02-14
1771,Mike,Taylor,53,Intern,Delhi,50414,2001-09-06
1772,Paul,Taylor,53,Designer,Delhi,94769,2018-02-06
1773,Emma,Brown,38,Lead,Dubai,85533,2001-07-31
1774,Sara,Davis,32,Intern,Tokyo,42708,2019-01-09
1775,Emma,Jones,52,Consultant,New York,27955,2017-08-13
1776,Alex,Davis,22,Engineer,London,101096,2021-01-19
1777,Jane,Taylor,39,Engineer,Dubai,37010,2007-04-27
1778,Mike,Davis,27,Analyst,Singapore,113528,2014-07-20
1779,Lisa,Wilson,47,Manager,Berlin,26680,2004-05-11
1780,Sara,Wilson,44,Analyst,Dubai,114219,2009-12-09
1781,Paul,Johnson,60,Architect,Toronto,67399,2024-05-16
1782,Paul,Miller,41,Lead,Toronto,107347,2002-06-22
1783,Jane,Jones,32,Engineer,Delhi,57601,2019-04-16
1784,Paul,Williams,59,Designer,London,117959,2009-12-08
1785,John,Wilson,41,Clerk,Toronto,52531,2006-03-01
1786,Sara,Smith,21,Engineer,Dubai,78302,2014-11-07
1787,Alex,Miller,60,Clerk,Berlin,71319,2004-06-06
1788,Mike,Johnson,51,Lead,Berlin,68713,2013-09-13
1789,Lisa,Williams,25,Manager,London,50479,2003-12-21
1790,Sam,Johnson,20,Intern,Dubai,61726,2008-02-09
1791,Lisa,Garcia,18,Analyst,Sydney,96622,2017-11-15
1792,Alex,Johnson,31,Engineer,Singapore,78892,2005-10-21
1793,John,Brown,51,Consultant,London,67654,2015-01-17
1794,Emma,Garcia,24,Intern,Toronto,46513,2015-01-05
1795,Sara,Williams,40,Consultant,Sydney,45089,2024-05-02
1796,Mike,Johnson,44,Engineer,Paris,64012,2015-11-08
1797,Mike,Taylor,43,Engineer,London,58847,2008-02-27
1798,Emma,Davis,20,Consultant,Toronto,88322,2000-08-15
1799,Mike,Taylor,42,Engineer,Delhi,29764,2017-04-09
1800,Paul,Taylor,27,Engineer,Delhi,62744,2013-12-10
1801,Lisa,Brown,48,Consultant,Singapore,100687,2012-11-07
1802,Paul,Taylor,48,Engineer,New York,51744,2020-04-10
1803,Tom,Taylor,39,Designer,Singapore,67654,2017-02-24
1804,Sara,Wilson,25,Intern,Toronto,55390,2002-09-08
1805,Alex,Garcia,56,Clerk,Berlin,53105,2000-01-10
1806,Emma,Brown,39,Intern,Tokyo,45419,2003-05-13
1807,Sam,Garcia,34,Manager,Berlin,35737,2008-02-05
1808,Sam,Taylor,21,Consultant,Dubai,74277,2017-03-14
1809,Alex,Davis,43,Manager,London,110540,32-13-2025
1810,Emma,Williams,18,Analyst,Sydney,116624,2018-03-05
1811,Emma,Johnson,56,Lead,Singapore,52492,2002-05-10
1812,John,Miller,44,Consultant,Paris,28014,2000-08-02
1813,Emma,Miller,31,Engineer,New York,74604,2019-02-09
1814,Sam,Brown,40,Consultant,Dubai,77350,2021-06-09
1815,Jane,Miller,59,Clerk,Berlin,96141,2011-04-24
1816,Lisa,Jones,42,Consultant,Toronto,73468,2018-01-06
1817,Emma,Williams,39,Architect,New York,42547,2002-04-09
1818,Sara,Johnson,31,Designer,Singapore,79506,2008-05-14
1819,Sara,Brown,38,Designer,Dubai,111826,2022-03-31
1820,John,Miller,43,Clerk,Tokyo,62121,2024-11-23
1821,Jane,Davis,19,Intern,Dubai,100087,2000-04-11
1822,Sara,Wilson,28,Analyst,Berlin,106791,2008-02-07
1823,Paul,Jones,24,Analyst,Toronto,90660,2000-08-13
1824,Jane,Davis,30,Clerk,Tokyo,51307,2008-08-19
1825,Mike,Wilson,20,Developer,Tokyo,79912,2008-11-28
1826,Tom,Davis,24,Developer,London,104741,2024-05-27
1827,Emma,Davis,53,Analyst,Singapore,97340,2016-05-04
1828,Sam,Miller,48,Developer,Delhi,77273,2001-03-17
1829,Tom,Johnson,36,Clerk,Dubai,115199,2002-12-02
1830,Tom,Johnson,26,Manager,Paris,48719,2008-11-03
1831,Mike,Garcia,43,Clerk,New York,51745,2024-02-19
1832,Lisa,Wilson,27,Clerk,New York,114656,2020-11-21
1833,Sam,Garcia,60,Consultant,London,81884,2021-07-15
1834,Alex,Johnson,29,Architect,New York,111232,2016-12-04
1835,Sara,Taylor,54,Intern,Sydney,63394,2013-08-04
1836,Jane,Wilson,42,Consultant,Paris,94773,2001-02-05
1837,Sam,Davis,34,Analyst,Tokyo,79185,2023-04-06
1838,Lisa,Jones,35,Lead,Delhi,32012,2020-07-07
1839,Alex,Smith,28,Manager,Sydney,43364,2000-07-27
1840,Jane,Garcia,34,Lead,London,65415,2005-02-11
1841,Lisa,Davis,43,Manager,Dubai,85588,2003-05-16
1842,Lisa,Miller,43,Clerk,Toronto,106548,2022-05-13
1843,Tom,Miller,24,Designer,Singapore,65088,2001-01-22
1844,Sam,Smith,54,Engineer,Paris,115194,2019-11-19
1845,Alex,Smith,22,Architect,Berlin,106957,2006-05-06
1846,Sara,Brown,22,Developer,Tokyo,91300,2018-06-08
1847,Mike,Jones,41,Developer,Tokyo,25515,2009-07-29
1848,Tom,Taylor,49,Lead,Singapore,81836,2006-04-29
1849,Sara,Johnson,49,Intern,Sydney,82036,2000-04-05
1850,Jane,Brown,45,Engineer,Paris,51389,2015-08-04
1851,Emma,Wilson,51,Lead,Tokyo,62882,2015-01-09
1852,Alex,Wilson,58,Analyst,Delhi,26583,2011-03-21
1853,Sara,Taylor,24,Architect,Paris,25114,2020-05-18
1854,Jane,Garcia,45,Designer,New York,105517,2024-02-24
1855,Lisa,Johnson,53,Architect,New York,106341,2002-06-30
1856,Paul,Davis,28,Lead,Dubai,81990,2004-04-21
1857,Mike,Garcia,23,Engineer,Sydney,93535,2005-01-12
1858,Mike,Williams,48,Analyst,Berlin,49911,2023-07-22
1859,Emma,Johnson,39,Designer,Berlin,78473,2009-08-22
1860,Alex,Taylor,22,Analyst,Toronto,46333,2001-05-01
1861,John,Taylor,38,Intern,Berlin,80212,2014-05-26
1862,Mike,Taylor,60,Architect,Tokyo,84868,2023-06-06
1863,Emma,Wilson,38,Designer,Dubai,80528,2020-04-09
1864,Sara,Johnson,34,Intern,Tokyo,74695,2002-04-03
1865,Tom,Taylor,38,Intern,Paris,49775,2018-05-14
1866,Emma,Smith,55,Consultant,Paris,112507,2015-06-01
1867,John,Brown,25,Engineer,Berlin,81477,2020-09-03
1868,Paul,Johnson,52,Developer,New York,55416,2018-11-26
1869,Lisa,Miller,52,Engineer,Toronto,111754,2003-08-09
1870,Alex,Davis,20,Intern,New York,45823,2023-02-02
1871,Paul,Taylor,50,Developer,Paris,66183,2023-09-06
1872,Alex,Taylor,40,Engineer,Dubai,67608,2021-07-20
1873,Mike,Wilson,33,Clerk,Delhi,47827,2016-10-19
1874,Lisa,Johnson,54,Analyst,Berlin,93405,2012-07-02
1875,Mike,Miller,36,Consultant,London,113347,2017-06-23
1876,Tom,Brown,21,Lead,Tokyo,33431,2012-04-09
1877,Paul,Wilson,31,Lead,Dubai,96720,2023-11-19
1878,Sara,Garcia,43,Consultant,Tokyo,118417,2014-05-31
1879,Emma,Johnson,32,Developer,New York,63966,2013-07-22
1880,Sam,Smith,18,Engineer,Sydney,31549,2023-04-12
1881,Emma,Miller,42,Clerk,Berlin,94172,2000-12-21
1882,Jane,Taylor,23,Consultant,London,74849,2023-05-23
1883,Sam,Johnson,39,Developer,Tokyo,52342,2023-01-02
1884,Jane,Wilson,29,Intern,Dubai,73353,2020-03-19
1885,Mike,Jones,33,Designer,Tokyo,58444,2014-07-18
1886,Tom,Johnson,22,Clerk,Dubai,101050,2005-09-27
1887,Lisa,Garcia,59,Manager,Singapore,86000,2019-04-11
1888,Alex,Miller,58,Consultant,Toronto,68565,2007-02-12
1889,Emma,Williams,52,Architect,London,115009,2013-04-24
1890,Paul,Smith,32,Architect,New York,31518,2015-05-15
1891,Alex,Wilson,55,Engineer,Tokyo,68735,2007-06-21
1892,Lisa,Garcia,36,Manager,Berlin,33005,2007-07-25
1893,Alex,Brown,46,Consultant,Paris,116518,2022-06-15
1894,Alex,Wilson,49,Architect,Delhi,53491,2021-01-20
1895,Emma,Taylor,57,Developer,Dubai,106303,2008-07-27
1896,Sam,Jones,32,Designer,Berlin,119802,2012-05-20
1897,Paul,Taylor,56,Clerk,Paris,35588,2023-03-07
1898,Sam,,29,Analyst,Sydney,110537,2004-09-15
1899,Jane,Smith,32,Intern,New York,59554,2013-07-22
1900,Tom,Jones,42,Developer,Singapore,26374,2004-03-28
1901,Jane,Wilson,60,Engineer,London,117443,2003-05-06
1902,Paul,Williams,50,Clerk,Singapore,91123,2015-12-23
1903,Lisa,Miller,41,Clerk,Paris,113986,2002-03-22
1904,Tom,Johnson,59,Manager,Singapore,68911,2023-04-22
1905,Sara,Brown,41,Developer,Dubai,53989,2002-08-30
1906,Mike,Garcia,23,Lead,Delhi,70356,2003-10-23
1907,Tom,Johnson,60,Clerk,Berlin,60339,2014-11-22
1908,John,Smith,25,Manager,Tokyo,29014,2010-04-30
1909,Alex,Jones,58,Manager,Paris,58708,2009-08-31
1910,Mike,Wilson,34,Architect,London,52572,2005-10-31
1911,Alex,Davis,43,Analyst,Tokyo,106152,2009-08-03
1912,Tom,Taylor,38,Developer,Berlin,98060,2004-06-21
1913,Emma,Davis,28,Lead,London,88952,2017-12-14
1914,Alex,Miller,34,Designer,Tokyo,68849,2002-10-19
1915,Sam,Taylor,51,Clerk,Paris,37479,2005-09-07
1916,Alex,Smith,60,Architect,Toronto,118826,2011-01-09
1917,Lisa,Miller,56,Designer,Berlin,62328,2010-10-18
1918,Tom,Wilson,38,Analyst,Paris,44809,2024-11-14
1919,Mike,Smith,27,Developer,Sydney,107204,2004-11-11
1920,Alex,Miller,52,Clerk,Tokyo,90192,2009-08-06
1921,Alex,Wilson,34,Designer,Sydney,51651,2011-11-03
1922,John,Johnson,56,Engineer,Dubai,61143,2012-10-28
1923,Emma,Johnson,54,Engineer,New York,114588,2010-01-12
1924,Tom,Williams,34,Developer,London,34781,2019-08-12
1925,Lisa,Davis,19,Consultant,Dubai,74439,2016-11-30
1926,Emma,Brown,40,Engineer,Singapore,77699,2002-09-25
1927,Alex,Smith,49,Lead,Tokyo,58198,2016-09-10
1928,John,Smith,47,Consultant,Berlin,110202,2004-04-25
1929,John,Brown,46,Analyst,Sydney,88222,2004-02-22
1930,John,Davis,53,Intern,London,108795,2024-07-02
1931,Lisa,Jones,50,Consultant,London,33962,2001-09-01
1932,Jane,Williams,55,Intern,Tokyo,26427,2014-11-17
1933,Alex,Taylor,43,Developer,Dubai,93693,2010-11-04
1934,Jane,Taylor,30,Architect,Singapore,66573,2011-06-19
1935,Sam,Davis,31,Engineer,Delhi,98795,2012-07-08
1936,Mike,Davis,39,Architect,Delhi,101600,2021-06-25
1937,Tom,Smith,40,Architect,Toronto,38808,2020-11-19
1938,Mike,Brown,39,Analyst,Paris,48984,2009-02-05
1939,John,Brown,38,Developer,Paris,66450,2021-06-23
1940,John,Johnson,27,Engineer,Berlin,76113,2012-01-07
1941,Sam,Johnson,57,Manager,Toronto,80951,2008-08-31
1942,Tom,Smith,29,Clerk,New York,61394,2015-05-21
1943,Alex,Jones,44,Lead,Delhi,77801,2019-10-28
1944,Jane,Smith,31,Consultant,Tokyo,101994,2003-04-04
1945,Tom,Jones,22,Manager,Berlin,106742,2024-08-15
1946,Paul,Johnson,45,Manager,Singapore,95163,2023-08-24
1947,Paul,Jones,22,Intern,Berlin,50199,2023-05-25
1948,Sam,Taylor,33,Analyst,Tokyo,103385,2009-06-13
1949,Sara,Garcia,58,Analyst,New York,95769,2023-05-16
1950,Alex,Williams,34,Designer,Sydney,79781,2004-11-12
1951,Sam,Williams,44,Lead,New York,25050,2022-11-12
1952,Emma,Garcia,25,Manager,London,26205,2018-10-06
1953,Sara,Davis,19,Analyst,Tokyo,85861,2000-07-08
1954,Alex,Jones,39,Developer,Dubai,81861,2006-11-21
1955,Sara,Jones,42,Engineer,Tokyo,78870,2014-12-05
1956,Sara,Taylor,58,Analyst,Tokyo,96855,2023-12-28
1957,Alex,Jones,45,Engineer,London,57945,2001-04-12
1958,Paul,Miller,36,Manager,Delhi,68648,2002-01-03
1959,Mike,Garcia,60,Developer,London,54385,2013-02-21
1960,John,Miller,23,Architect,Paris,53025,2014-02-01
1961,Sam,Garcia,56,Intern,Tokyo,112012,2002-01-26
1962,Mike,Taylor,55,Developer,Paris,78602,2002-01-08
1963,Emma,Miller,51,Consultant,Singapore,104824,2020-10-30
1964,Jane,Jones,53,Lead,Toronto,70265,2018-11-18
1965,Paul,Johnson,21,Lead,Toronto,48131,2014-09-29
1966,Tom,Williams,26,Intern,London,80789,2004-12-26
1967,Mike,Williams,50,Analyst,Dubai,90122,2009-01-28
1968,Tom,Wilson,33,Analyst,Dubai,61210,2012-10-23
1969,Emma,Jones,29,Designer,Paris,115754,2016-09-10
1970,Emma,Johnson,24,Lead,Paris,65906,2003-11-23
1971,Tom,Brown,35,Engineer,New York,27832,2001-01-14
1972,Sara,Johnson,44,Clerk,Berlin,58805,2023-09-29
1973,Paul,Williams,21,Architect,New York,43057,2023-07-14
1974,Tom,Jones,50,Clerk,Singapore,33502,2005-09-26
1975,Mike,Smith,45,Architect,Berlin,112528,2001-10-06
1976,Sara,Jones,40,Intern,Berlin,74593,2009-08-25
1977,John,Jones,55,Consultant,Paris,98104,2023-10-04
1978,Jane,Jones,20,Developer,Dubai,119924,2009-02-08
1979,Emma,Johnson,35,Developer,Paris,47258,2018-08-26
1980,Tom,Garcia,41,Consultant,Sydney,62636,2006-08-17
1981,Alex,Brown,24,Lead,Tokyo,75849,2024-11-30
1982,Lisa,Williams,55,Engineer,Tokyo,48741,2024-12-02
1983,Alex,Williams,51,Designer,Singapore,43146,2000-09-07
1984,Sam,Johnson,19,Architect,Paris,64675,2009-05-08
1985,Sara,Taylor,50,Analyst,Singapore,50974,2009-03-12
1986,Mike,Johnson,19,Intern,Dubai,48713,2024-01-01
1987,Alex,Williams,49,Engineer,Paris,78679,2024-09-28
1988,Jane,Smith,30,Analyst,Tokyo,26915,2005-06-04
1989,Tom,Wilson,29,Consultant,Paris,28583,2001-05-14
1990,Sara,Garcia,25,Manager,Singapore,71310,2000-09-28
1991,Mike,Wilson,58,Consultant,Delhi,27928,2006-01-03
1992,Alex,Taylor,24,Engineer,Toronto,66359,2011-05-15
1993,John,Williams,59,Consultant,Delhi,28695,2009-08-29
1994,Emma,Williams,45,Designer,New York,78388,2007-06-14
1995,Mike,Williams,25,Intern,Delhi,73876,2001-10-15
1996,Paul,Williams,57,Intern,Paris,60240,2019-08-15
1997,Paul,Taylor,23,Engineer,Berlin,66272,2014-11-12
1998,Sara,Jones,33,Lead,London,50209,2013-11-13
1999,Paul,Miller,51,Analyst,Berlin,95984,2007-11-09
2000,Paul,Johnson,35,Consultant,Singapore,103229,2019-04-23
2001,Sam,Jones,60,Manager,Singapore,112094,2007-08-19
2002,Emma,Garcia,37,Manager,Paris,27781,2024-11-09
2003,Mike,Johnson,18,Consultant,New York,71780,2004-05-31
2004,Emma,Davis,48,Manager,Singapore,81148,2007-08-01
2005,Lisa,Smith,58,Manager,Tokyo,108172,2024-01-01
2006,Emma,Johnson,41,Engineer,Tokyo,94584,2024-09-08
2007,Lisa,Williams,52,Analyst,Dubai,47425,2015-07-15
2008,Sara,Williams,20,Designer,Dubai,47927,2020-05-15
2009,Alex,Davis,51,Consultant,Sydney,90029,2002-07-06
2010,Mike,Davis,46,Engineer,Berlin,30524,2014-08-14
2011,Emma,Brown,56,Clerk,Delhi,51911,2005-11-16
2012,Emma,Smith,18,Developer,Tokyo,94779,2017-06-15
2013,Mike,Brown,32,Architect,Toronto,110201,2024-12-06
2014,Tom,Smith,56,Intern,Singapore,62842,2022-03-06
2015,Sara,Williams,30,Analyst,Paris,90683,2005-07-22
2016,Lisa,Jones,30,Architect,Paris,51735,2003-06-13
2017,Tom,Smith,56,Intern,Delhi,84311,2007-12-08
2018,Sara,Smith,60,Clerk,Singapore,67325,2011-04-22
2019,Sam,Davis,59,Lead,Sydney,35900,2020-10-08
2020,Sam,Garcia,55,Developer,Paris,55107,2023-11-28
2021,Jane,Davis,51,Developer,New York,112921,2006-09-06
2022,Jane,Davis,43,Architect,Delhi,81716,2004-01-03
2023,John,Davis,54,Analyst,Singapore,27461,2000-10-03
2024,Paul,Williams,40,Lead,London,49182,2011-02-01
2025,Emma,Williams,29,Intern,Tokyo,34093,2016-11-24
2026,John,Jones,29,Lead,New York,61887,2021-11-04
2027,John,Wilson,47,Architect,Singapore,49413,2007-03-21
2028,Jane,Jones,19,Intern,Sydney,107684,2024-11-04
2029,Jane,Williams,50,Engineer,Dubai,40608,2021-06-17
2030,Tom,Wilson,26,Intern,Sydney,75229,2023-06-28
2031,Sara,Johnson,51,Engineer,Dubai,89239,2014-02-23
2032,Sam,Wilson,37,Developer,Sydney,106623,2021-01-26
2033,Sam,Garcia,23,Consultant,New York,101609,2007-11-23
2034,Paul,Smith,25,Designer,Paris,48632,2015-05-24
2035,Mike,Davis,55,Manager,Tokyo,119073,2005-08-09
2036,Sam,Wilson,32,Developer,London,64782,2022-07-28
2037,Mike,Johnson,33,Designer,London,83424,2005-06-07
2038,Mike,Johnson,56,Analyst,London,50530,2020-12-04
2039,Paul,Davis,42,Consultant,Berlin,51326,2012-05-13
2040,Paul,Johnson,52,Clerk,Berlin,31193,2014-12-28
2041,Sara,Davis,32,Architect,Sydney,51837,2008-01-05
2042,Lisa,Taylor,26,Clerk,Tokyo,36908,2021-11-07
2043,Alex,Miller,30,Intern,Paris,118775,2021-12-30
2044,Lisa,Johnson,44,Architect,Paris,89269,2023-05-19
2045,Jane,Williams,39,Consultant,Dubai,56820,2006-01-01
2046,Sara,Jones,53,Engineer,Berlin,43017,2014-07-03
2047,John,Smith,35,Developer,Singapore,100214,2023-06-01
2048,Alex,Johnson,26,Clerk,Tokyo,65294,2016-12-27
2049,Lisa,Brown,49,Developer,Tokyo,27893,2001-09-14
2050,Paul,Williams,36,Clerk,Delhi,61630,2022-10-03
2051,Tom,Smith,24,Manager,Berlin,44954,2018-05-04
2052,Mike,Jones,53,Developer,Dubai,71577,2012-10-19
2053,Alex,Davis,23,Consultant,Dubai,101563,2008-03-09
2054,Sam,Smith,22,Architect,Delhi,27356,2008-01-17
2055,Emma,Jones,50,Intern,Tokyo,119694,2019-04-10
2056,Sara,Smith,48,Designer,Sydney,91654,2017-12-20
2057,Sam,Johnson,32,Clerk,Singapore,58475,2015-01-31
2058,Sara,Davis,57,Manager,Sydney,91192,2018-05-10
2059,Sara,Williams,51,Intern,Sydney,33936,2014-01-19
2060,Sara,Brown,57,Developer,Singapore,101450,2014-06-18
2061,Alex,Johnson,36,Analyst,Singapore,48573,2007-03-16
2062,Sam,Taylor,51,Analyst,Toronto,92080,2007-01-10
2063,John,Brown,33,Analyst,Sydney,94742,2023-03-30
2064,Jane,Smith,20,Manager,Singapore,41097,2008-02-12
2065,Mike,Taylor,60,Analyst,New York,74770,2005-05-07
2066,Sam,Miller,26,Intern,Dubai,82691,2010-03-18
2067,Tom,Williams,40,Designer,Singapore,94424,2016-07-27
2068,Mike,Brown,39,Manager,Singapore,48635,2021-03-23
2069,Sara,Wilson,40,Clerk,Singapore,45296,2004-09-30
2070,Jane,Davis,49,Analyst,Dubai,61020,2020-12-27
2071,Mike,Davis,40,Developer,Dubai,53123,2002-03-26
2072,Sara,Garcia,56,Developer,London,28288,2022-08-29
2073,Tom,Williams,35,Intern,Dubai,69993,2024-10-31
2074,Tom,Taylor,32,Consultant,London,86451,2024-11-20
2075,Sam,Taylor,52,Engineer,Dubai,93513,2012-09-14
2076,Paul,Garcia,26,Lead,London,73032,2003-05-08
2077,Lisa,Johnson,37,Manager,London,117321,2008-06-10
2078,Mike,Brown,51,Developer,London,69623,2004-05-21
2079,Alex,Jones,21,Engineer,Berlin,62250,2024-09-09
2080,Lisa,Jones,33,Developer,Sydney,83138,2012-02-20
2081,Sam,Davis,55,Manager,Singapore,51954,2002-06-28
2082,Alex,Garcia,49,Intern,Toronto,81952,2000-03-18
2083,Lisa,Davis,60,Intern,Singapore,114765,2006-05-10
2084,Tom,Brown,38,Manager,London,67063,2019-10-20
2085,Mike,Taylor,34,Manager,Dubai,96976,2012-01-15
2086,Sara,Garcia,26,Architect,Paris,75174,2018-07-11
2087,Lisa,Smith,28,Designer,Toronto,52657,2016-10-14
2088,Tom,Johnson,59,Manager,Toronto,76243,2022-10-25
2089,Jane,Brown,27,Engineer,Sydney,106544,2024-06-13
2090,Paul,Garcia,49,Manager,Singapore,42018,2014-11-15
2091,Jane,Williams,18,Intern,New York,31941,2007-06-14
2092,Emma,Smith,53,Developer,Delhi,109737,2002-11-27
2093,Lisa,Miller,40,Designer,Toronto,61592,2008-07-02
2094,Alex,Smith,31,Developer,Toronto,102416,2014-09-29
2095,Sam,Williams,54,Analyst,Singapore,61065,2020-10-09
2096,Jane,Williams,42,Consultant,Toronto,86839,2006-09-15
2097,Lisa,Smith,31,Lead,Singapore,94529,2001-12-08
2098,Lisa,Jones,29,Consultant,Delhi,90274,2023-09-30
2099,Lisa,Miller,29,Engineer,Berlin,34725,2020-07-18
2100,Mike,Miller,52,Lead,Delhi,25666,2018-03-31
2101,Emma,Brown,46,Designer,Tokyo,54126,2017-02-04
2102,Sara,Davis,32,Clerk,Tokyo,116033,2011-02-22
2103,Alex,Garcia,59,Clerk,Tokyo,93293,2001-10-17
2104,Jane,Wilson,48,Analyst,Paris,89739,2008-03-31
2105,Mike,Garcia,54,Clerk,Delhi,80440,2019-02-15
2106,Tom,Smith,47,Engineer,London,33247,2014-10-07
2107,Mike,Wilson,42,Designer,Delhi,43505,2008-09-01
2108,Alex,Williams,33,Manager,London,119291,2013-05-29
2109,John,Johnson,40,Engineer,Delhi,50840,2003-12-29
2110,Emma,Jones,57,Clerk,Paris,48232,2011-12-04
2111,Tom,Taylor,18,Developer,Sydney,96676,2019-10-16
2112,Alex,Garcia,48,Analyst,Paris,29410,2021-02-02
2113,Sara,Williams,49,Designer,Paris,66964,2023-06-18
2114,Lisa,Miller,37,Architect,Sydney,69615,2020-03-30
2115,Alex,Brown,30,Developer,Toronto,110849,2000-11-01
2116,Jane,Davis,23,Architect,Dubai,55775,2016-03-05
2117,Jane,Davis,43,Clerk,Toronto,71811,2001-10-26
2118,Jane,Garcia,31,Engineer,Delhi,93473,2006-06-21
2119,Paul,Brown,21,Analyst,Delhi,43776,2005-09-16
2120,Alex,Jones,43,Engineer,Tokyo,103058,2018-05-01
2121,Sara,Jones,55,Engineer,Toronto,56599,2021-09-13
2122,Mike,Miller,24,Developer,Paris,102761,2019-07-20
2123,Sam,Smith,25,Consultant,New York,83610,2010-10-15
2124,Emma,Johnson,39,Clerk,Singapore,62267,2008-06-12
2125,Paul,Williams,49,Architect,London,76637,2016-08-05
2126,Mike,Davis,24,Lead,Berlin,37442,2009-07-19
2127,Lisa,Brown,45,Analyst,Tokyo,42252,2003-11-22
2128,John,Davis,30,Manager,Toronto,110248,2003-04-23
2129,Lisa,Davis,36,Clerk,Paris,116945,2005-07-17
2130,Mike,Wilson,45,Developer,Dubai,98270,2010-05-23
2131,Mike,Johnson,41,Architect,London,96956,2017-11-11
2132,Sam,Williams,36,Clerk,Paris,112588,2011-08-09
2133,Lisa,Garcia,31,Intern,Tokyo,31528,2010-04-21
2134,John,Smith,43,Manager,Dubai,57317,2021-09-04
2135,Sara,Garcia,57,Architect,Tokyo,88231,2006-05-25
2136,Tom,Davis,49,Designer,Berlin,109413,2004-02-23
2137,Tom,Smith,34,Consultant,Singapore,58807,2011-09-23
2138,Jane,Jones,44,Clerk,New York,25826,2008-09-15
2139,Paul,Miller,42,Lead,London,103560,2012-11-07
2140,Jane,Wilson,59,Consultant,Berlin,109321,2002-01-30
2141,Emma,Johnson,47,Consultant,Sydney,108763,2011-12-21
2142,Jane,Taylor,34,Developer,Sydney,76695,2020-08-29
2143,Sam,Garcia,51,Manager,Delhi,32787,2003-07-25
2144,Mike,Garcia,41,Intern,Toronto,108032,2018-08-01
2145,Sara,Johnson,37,Intern,Tokyo,108991,2010-01-25
2146,Tom,Wilson,53,Clerk,Dubai,82530,2018-08-28
2147,Tom,Williams,25,Architect,Toronto,73376,2005-02-27
2148,Jane,Miller,37,Intern,Tokyo,34486,
2149,John,Brown,20,Clerk,Berlin,114634,2001-08-10
2150,Alex,Garcia,59,Developer,Singapore,27206,2010-01-09
2151,Sam,Jones,40,Developer,Toronto,63928,2008-02-04
2152,Jane,Davis,42,Consultant,Paris,46241,2022-02-06
2153,Lisa,Wilson,25,Lead,Singapore,99752,2001-12-12
2154,Lisa,Jones,22,Manager,Singapore,44582,2007-02-08
2155,Lisa,Johnson,21,Manager,Sydney,82823,2003-06-19
2156,Sam,Brown,53,Architect,Paris,86296,2010-09-11
2157,Emma,Garcia,48,Architect,Paris,97256,2006-05-06
2158,Jane,Williams,34,Analyst,Berlin,73375,2023-04-28
2159,Sara,Wilson,53,Developer,Delhi,71668,2004-12-03
2160,Sam,Taylor,31,Engineer,Tokyo,67828,2024-05-01
2161,Lisa,Smith,18,Analyst,Berlin,48420,2009-01-26
2162,Tom,Brown,56,Lead,Singapore,106195,2002-08-26
2163,Sara,Wilson,40,Designer,Paris,106494,2012-06-30
2164,Mike,Davis,37,Consultant,Toronto,75643,2002-12-05
2165,Sam,Williams,33,Engineer,Dubai,25632,2013-12-07
2166,Sara,Brown,26,Lead,Sydney,26444,2013-05-22
2167,Jane,Garcia,42,Developer,Toronto,118258,2023-05-07
2168,Jane,Taylor,34,Consultant,Delhi,44309,2005-09-16
2169,Emma,Garcia,53,Analyst,New York,59395,2002-05-10
2170,Tom,Taylor,22,Consultant,Toronto,46755,2024-01-23
2171,Mike,Taylor,23,Intern,New York,70384,2010-11-01
2172,Mike,Jones,49,Intern,Sydney,118157,2009-05-08
2173,Paul,Wilson,57,Lead,Paris,117620,2020-10-04
2174,Jane,Smith,38,Lead,Dubai,92210,2017-08-11
2175,Tom,Garcia,55,Manager,Delhi,64598,2018-09-28
2176,Sara,Williams,25,Consultant,Toronto,89194,2024-07-05
2177,Paul,Wilson,21,Intern,Dubai,67635,2011-05-03
2178,Lisa,Williams,23,Engineer,Tokyo,117444,2008-08-21
2179,Sam,Taylor,40,Consultant,Berlin,30392,2022-09-30
2180,Sam,Wilson,33,Designer,Tokyo,94617,2017-04-23
2181,Tom,Taylor,22,Developer,Sydney,91066,2014-12-22
2182,Alex,Brown,31,Developer,Paris,77400,2008-06-06
2183,Sam,Davis,18,Clerk,Tokyo,118840,2021-02-18
2184,Emma,Wilson,50,Developer,Berlin,74405,2014-10-22
2185,Mike,Garcia,21,Manager,Singapore,113355,2008-05-30
2186,Sara,Miller,54,Intern,Singapore,119824,2017-12-03
2187,Paul,Garcia,27,Manager,Berlin,71555,2003-02-13
2188,Paul,Taylor,49,Engineer,London,29950,2014-05-24
2189,Lisa,Garcia,56,Designer,London,104843,2015-04-02
2190,John,Miller,43,Consultant,Singapore,94814,2014-05-23
2191,Jane,Brown,39,Consultant,Toronto,47548,2009-06-23
2192,Sara,Williams,53,Engineer,Singapore,117882,2005-06-10
2193,John,Brown,41,Analyst,New York,47920,2012-01-15
2194,Paul,Garcia,48,Manager,Tokyo,73969,2023-10-31
2195,Lisa,Miller,50,Developer,Sydney,84575,2011-11-06
2196,Lisa,Smith,41,Analyst,Paris,100543,2003-03-18
2197,Paul,Brown,43,Engineer,Sydney,36056,2002-12-17
2198,Lisa,Garcia,57,Analyst,New York,70882,2010-02-20
2199,Jane,Miller,29,Clerk,Delhi,87948,32-13-2025
2200,Paul,Johnson,47,Intern,London,88869,2011-11-24
2201,Jane,Wilson,47,Intern,Berlin,73881,2011-06-03
2202,Tom,Jones,45,Designer,Toronto,74289,2023-11-28
2203,Lisa,Williams,38,Manager,Sydney,101468,2005-09-27
2204,Alex,Williams,44,Manager,Berlin,98499,2008-04-25
2205,Sara,Davis,30,Consultant,Toronto,33686,2014-10-20
2206,Lisa,Davis,60,Engineer,Tokyo,43240,2008-09-05
2207,Sam,Davis,34,Lead,New York,119986,2019-06-15
2208,John,Brown,54,Intern,New York,70716,2020-09-28
2209,Tom,Johnson,51,Designer,Tokyo,41146,2013-01-25
2210,Jane,Wilson,46,Manager,Dubai,27334,2002-07-11
2211,Sam,Williams,60,Analyst,Toronto,106703,2011-10-09
2212,Tom,Taylor,43,Clerk,Singapore,29546,2009-03-03
2213,Alex,Johnson,24,Lead,Berlin,49453,2020-04-22
2214,Tom,Miller,39,Architect,Berlin,29069,2012-10-26
2215,Tom,Davis,33,Manager,Delhi,26900,2004-07-30
2216,Sara,Williams,19,Developer,Toronto,57740,2016-06-01
2217,Jane,Miller,23,Designer,New York,71117,2008-01-09
2218,Jane,Davis,20,Consultant,Tokyo,114796,2018-09-01
2219,Jane,Taylor,39,Lead,London,57617,2012-08-03
2220,Emma,Wilson,18,Lead,Toronto,54454,2001-03-25
2221,Jane,Brown,36,Clerk,New York,52990,2024-01-03
2222,Alex,,24,Manager,Toronto,54243,2017-02-25
2223,Sam,Miller,54,Intern,Tokyo,59082,2004-09-03
2224,John,Smith,59,Lead,Dubai,102805,2020-09-09
2225,Alex,Johnson,39,Developer,London,116649,2019-11-30
2226,John,Taylor,35,Intern,Sydney,72126,2009-01-03
2227,Jane,Wilson,56,Analyst,Singapore,102480,2019-05-22
2228,Sara,Smith,32,Developer,London,100658,2010-03-15
2229,Jane,Williams,20,Intern,Sydney,97667,2010-12-31
2230,Emma,Wilson,29,Analyst,Sydney,111405,2010-02-13
2231,Tom,Miller,49,Developer,Singapore,59330,2006-01-29
2232,Jane,Garcia,24,Clerk,Tokyo,51235,2008-09-11
2233,Paul,Miller,56,Engineer,Paris,91021,2024-01-27
2234,Paul,Johnson,38,Designer,New York,78783,2012-08-16
2235,Sam,Davis,52,Manager,Tokyo,39282,2018-05-15
2236,Mike,Garcia,45,Analyst,Singapore,82772,2008-12-06
2237,Paul,Davis,54,Lead,Sydney,34732,2012-05-15
2238,Jane,Williams,58,Architect,Singapore,41675,2009-09-10
2239,Alex,Jones,54,Lead,London,59199,2017-04-01
2240,Jane,Wilson,28,Intern,Dubai,78172,2004-08-28
2241,Alex,Miller,39,Manager,Dubai,74010,2017-05-18
2242,Lisa,Davis,52,Lead,Berlin,73040,2017-12-20
2243,Sara,Brown,54,Designer,London,29005,2005-03-11
2244,Emma,Brown,43,Clerk,Singapore,57394,2005-05-06
2245,Paul,Jones,55,Engineer,Berlin,88681,2015-04-11
2246,Paul,Garcia,21,Analyst,Tokyo,69556,2007-07-24
2247,Sara,Johnson,58,Manager,Tokyo,73391,2003-11-08
2248,Emma,Davis,40,Engineer,Paris,70484,2018-11-12
2249,Sara,Davis,29,Clerk,Dubai,91015,2011-09-02
2250,Jane,Williams,46,Lead,New York,79961,2023-11-14
2251,Tom,Jones,18,Analyst,Tokyo,92041,2006-01-13
2252,John,Wilson,18,Designer,Singapore,65885,2020-10-11
2253,Jane,Garcia,45,Manager,Dubai,59043,2002-12-28
2254,John,Smith,58,Analyst,Sydney,77972,2015-12-30
2255,Sam,Miller,52,Intern,Sydney,98258,2016-07-03
2256,Paul,Brown,29,Developer,Delhi,39972,2014-10-31
2257,Alex,Davis,55,Designer,Toronto,89538,2008-08-08
2258,John,Smith,51,Engineer,Delhi,28916,2021-12-01
2259,John,Garcia,46,Engineer,Tokyo,78361,2010-08-31
2260,Jane,Smith,19,Clerk,Delhi,25923,2018-10-01
2261,Sam,Garcia,59,Designer,New York,48070,2014-11-13
2262,Tom,Johnson,51,Analyst,Berlin,114171,2009-07-31
2263,Lisa,Garcia,30,Manager,Delhi,104844,2022-09-30
2264,Alex,Jones,52,Lead,Delhi,72790,2004-01-18
2265,Sam,Wilson,46,Clerk,Sydney,86021,2019-11-18
2266,Jane,Garcia,49,Lead,London,68767,2015-02-10
2267,Paul,Jones,56,Architect,Tokyo,66164,2001-07-10
2268,Jane,Jones,48,Consultant,Dubai,57839,2023-01-13
2269,Alex,Brown,22,Manager,Singapore,25125,2001-08-26
2270,Tom,Wilson,22,Clerk,,34996,2016-01-13
2271,Lisa,Wilson,54,Designer,Berlin,73689,2010-03-13
2272,Emma,Davis,39,Architect,Berlin,30152,2008-01-14
2273,Sam,Davis,50,Consultant,Delhi,82296,2010-03-06
2274,Emma,Wilson,28,Designer,Paris,84949,2012-09-07
2275,Jane,Brown,25,Engineer,London,106850,2018-03-08
2276,Alex,Taylor,28,Intern,New York,70019,2022-02-04
2277,Lisa,Williams,24,Developer,Paris,72477,2009-03-24
2278,John,Johnson,47,Manager,London,94507,2008-07-19
2279,Tom,Taylor,53,Clerk,Sydney,57326,2012-02-01
2280,Sara,Wilson,19,Analyst,New York,96205,2020-03-10
2281,Sara,Williams,54,Developer,London,35495,2006-09-07
2282,Emma,Garcia,24,Architect,Delhi,69301,2002-04-22
2283,John,Wilson,33,Architect,Toronto,70438,2017-03-07
2284,John,Garcia,47,Consultant,Tokyo,93217,2009-03-13
2285,Sara,Brown,46,Engineer,Delhi,88393,2016-04-30
2286,Lisa,Johnson,49,Intern,Berlin,26561,2001-02-15
2287,Sam,Wilson,36,Designer,Paris,101689,2007-12-21
2288,Sam,Jones,32,Engineer,Singapore,67257,2002-11-11
2289,Sam,Johnson,28,Lead,New York,114951,2013-07-18
2290,Sara,Wilson,42,Clerk,Sydney,82522,2006-05-13
2291,Sara,Garcia,54,Clerk,Paris,81605,2010-05-26
2292,Mike,Brown,49,Lead,Delhi,51118,2024-12-07
2293,Tom,Johnson,38,Manager,Sydney,97188,2024-06-17
2294,Tom,Brown,34,Developer,Singapore,57875,2003-06-19
2295,Tom,Smith,41,Consultant,Singapore,64061,2017-06-27
2296,Emma,Wilson,32,Engineer,Paris,59985,2013-02-02
2297,John,Wilson,24,Manager,Dubai,56901,2017-01-19
2298,Sara,Williams,46,Designer,Berlin,107684,2014-07-25
2299,Alex,Williams,24,Designer,Delhi,104873,2019-10-22
2300,Mike,Williams,57,Clerk,Tokyo,47536,2007-08-22
2301,Mike,Wilson,20,Architect,Toronto,98063,2023-07-26
2302,Paul,Davis,58,Developer,Paris,91482,2007-02-27
2303,Alex,Wilson,41,Engineer,Dubai,37988,2003-08-31
2304,John,Johnson,55,Clerk,Singapore,55687,2005-04-03
2305,Mike,Jones,52,Consultant,Singapore,42013,2017-10-14
2306,John,Miller,46,Analyst,Toronto,58416,2019-08-09
2307,Jane,Garcia,33,Analyst,Singapore,54001,2017-07-08
2308,Lisa,Taylor,25,Engineer,Tokyo,102704,2016-01-11
2309,Sara,Brown,55,Lead,Paris,89818,2009-12-23
2310,Emma,Davis,33,Clerk,Berlin,89199,2017-07-22
2311,John,Davis,45,Clerk,Tokyo,101379,2008-01-19
2312,John,Brown,31,Developer,Singapore,77362,2021-05-02
2313,Sara,Williams,43,Manager,Paris,91044,2003-10-08
2314,Paul,Davis,41,Engineer,Paris,39040,2017-06-13
2315,Paul,Jones,18,Architect,Dubai,41749,2021-03-11
2316,Sara,Johnson,52,Consultant,New York,73799,2006-11-05
2317,John,Davis,48,Lead,Tokyo,40195,2024-02-16
2318,Lisa,Wilson,47,Engineer,Tokyo,31300,2000-04-23
2319,Sam,Garcia,46,Designer,Singapore,102929,2008-12-12
2320,Jane,Taylor,40,Consultant,Paris,46032,2018-07-16
2321,John,Taylor,37,Manager,Paris,84449,2020-12-25
2322,Paul,Johnson,57,Engineer,Singapore,114422,2021-09-07
2323,Tom,Jones,18,Architect,Paris,37613,2010-03-14
2324,Sara,Smith,34,Developer,Delhi,35849,2011-09-19
2325,John,Jones,47,Architect,Berlin,34632,2008-10-14
2326,Alex,Smith,23,Developer,Tokyo,47420,2013-03-14
2327,John,Taylor,44,Engineer,New York,104999,2012-04-04
2328,Tom,Wilson,25,Architect,Tokyo,35248,2013-12-31
2329,Paul,Brown,39,Intern,Tokyo,92198,2022-08-24
2330,Tom,Smith,45,Intern,Singapore,30125,2024-03-19
2331,Emma,Miller,24,Engineer,Singapore,43457,2009-10-23
2332,Paul,Jones,46,Engineer,Sydney,59342,2007-11-19
2333,Alex,Miller,33,Developer,Sydney,36837,2014-12-12
2334,Lisa,Smith,36,Developer,Sydney,90995,2011-03-27
2335,Sara,Wilson,46,Consultant,Delhi,73924,2007-04-17
2336,Emma,Jones,22,Designer,London,114517,2016-08-07
2337,Paul,Jones,18,Analyst,Paris,39229,2001-12-26
2338,Emma,Miller,35,Lead,New York,51722,2021-02-10
2339,John,Wilson,37,Designer,Dubai,89443,2019-10-22
2340,Mike,Smith,57,Analyst,Paris,109626,2013-09-10
2341,Paul,Williams,41,Analyst,Sydney,80612,2023-08-27
2342,Sam,Smith,21,Consultant,Dubai,99222,2005-04-20
2343,Tom,Jones,48,Clerk,Sydney,105345,2021-07-31
2344,John,Miller,48,Lead,Sydney,38856,2011-06-24
2345,Sara,Wilson,38,Clerk,Delhi,30075,2001-04-26
2346,Mike,Johnson,53,Intern,Paris,45970,2004-05-01
2347,Mike,Taylor,45,Engineer,Toronto,43954,2021-12-21
2348,Emma,Davis,55,Designer,Singapore,38219,2017-05-14
2349,Tom,Williams,45,Developer,Berlin,78658,2008-03-24
2350,Mike,Smith,57,Developer,Singapore,52807,2007-05-18
2351,Mike,Smith,44,Intern,Paris,119280,2001-10-27
2352,Sara,Williams,21,Manager,Paris,42060,2001-06-09
2353,Emma,Garcia,47,Designer,New York,31405,2000-12-20
2354,Paul,Smith,52,Analyst,New York,79434,2020-12-19
2355,Tom,Williams,45,Designer,Paris,87006,2012-05-29
2356,Emma,Davis,31,Intern,Berlin,96673,2024-04-07
2357,Sam,Williams,53,Intern,Toronto,49626,2022-10-25
2358,Paul,Brown,48,Lead,Delhi,30708,2001-11-26
2359,Jane,Garcia,54,Engineer,London,111235,2018-07-27
2360,Jane,Johnson,27,Clerk,London,81037,2000-02-01
2361,Lisa,Davis,36,Clerk,Toronto,100559,2002-03-02
2362,Tom,Miller,41,Analyst,Tokyo,40723,2005-12-11
2363,Jane,Brown,37,Lead,Singapore,70508,2001-07-28
2364,Sara,Williams,57,Designer,Sydney,75097,2013-07-29
2365,Sara,Smith,39,Lead,Toronto,68309,2011-07-13
2366,Sara,Brown,31,Clerk,Berlin,79566,2009-05-16
2367,Tom,Miller,40,Architect,Dubai,98121,2003-10-16
2368,John,Wilson,39,Developer,New York,109866,2023-05-13
2369,Alex,Brown,33,Engineer,New York,39667,2015-06-08
2370,John,Jones,57,Lead,Delhi,108018,2000-01-30
2371,Mike,Garcia,18,Manager,Sydney,50701,2007-01-09
2372,Jane,Brown,50,Engineer,New York,111471,2008-02-04
2373,Paul,Smith,19,Architect,London,74375,2017-12-29
2374,Mike,Johnson,48,Architect,Singapore,25496,2019-08-27
2375,Tom,Johnson,37,Lead,Paris,104392,2003-01-14
2376,Sam,Smith,30,Architect,Delhi,55921,2024-11-22
2377,Emma,Williams,23,Architect,Sydney,35118,2011-06-02
2378,Tom,Johnson,52,Engineer,Sydney,29369,2012-12-04
2379,Emma,Smith,43,Lead,Toronto,42457,2008-02-24
2380,Tom,Williams,57,Intern,Tokyo,70544,2018-11-29
2381,Sam,Taylor,35,Clerk,Delhi,115808,2005-06-05
2382,Sara,Davis,56,Engineer,Sydney,29914,2005-12-05
2383,Paul,Garcia,26,Clerk,Sydney,101197,2008-06-02
2384,Paul,Johnson,52,Developer,Berlin,107173,2010-04-18
2385,Sara,Miller,41,Lead,Tokyo,90946,2006-01-21
2386,Sam,Smith,26,Designer,Toronto,91196,2005-11-13
2387,Sara,Taylor,38,Intern,Sydney,44675,2007-06-08
2388,Paul,Smith,36,Intern,Toronto,110199,2018-05-07
2389,Tom,Smith,54,Manager,London,112259,2001-04-09
2390,Emma,Smith,55,Designer,Singapore,119078,2002-01-06
2391,Sara,Taylor,60,Engineer,London,72556,2010-05-06
2392,John,Smith,40,Consultant,Tokyo,118734,2009-11-30
2393,Alex,Williams,48,Consultant,Singapore,109099,2012-05-25
2394,John,Miller,43,Clerk,Tokyo,45033,2023-09-21
2395,Emma,Wilson,29,Architect,Singapore,58595,2008-07-09
2396,Tom,Smith,53,Developer,Paris,55877,2020-07-05
2397,Sara,Jones,40,Consultant,London,96353,2016-12-03
2398,Sara,Taylor,36,Consultant,Paris,94449,2022-05-05
2399,Tom,Jones,51,Lead,Dubai,63382,2020-08-05
2400,Paul,Wilson,22,Developer,Singapore,38166,2023-06-08
2401,John,Davis,24,Architect,Berlin,119730,2010-01-24
2402,Lisa,Garcia,30,Developer,Berlin,45412,2019-02-24
2403,Paul,Jones,24,Intern,London,99499,2009-08-11
2404,Mike,Williams,55,Intern,Dubai,85085,2013-03-12
2405,Jane,Brown,37,Architect,Dubai,105307,2015-01-31
2406,Lisa,Garcia,20,Architect,Toronto,38944,2014-02-07
2407,Mike,Garcia,31,Clerk,Delhi,29559,2014-03-30
2408,Emma,Smith,46,Consultant,Paris,27009,2022-04-10
2409,Mike,Wilson,34,Manager,London,38194,2010-02-17
2410,Lisa,Taylor,57,Architect,New York,102657,2005-04-10
2411,John,Johnson,41,Designer,New York,59529,2012-03-07
2412,John,Taylor,51,Analyst,Berlin,89464,2017-09-05
2413,John,Garcia,53,Engineer,Sydney,63296,2017-05-01
2414,Paul,Garcia,36,Architect,Tokyo,58259,2013-10-15
2415,Alex,Smith,39,Engineer,New York,48583,2017-12-22
2416,Lisa,Brown,50,Consultant,Toronto,90402,2007-09-19
2417,Sara,Smith,26,Architect,Berlin,43796,2011-02-01
2418,Sam,Williams,28,Engineer,New York,97819,2011-10-11
2419,Emma,Taylor,59,Analyst,Sydney,78890,2023-11-06
2420,John,Wilson,42,Clerk,Singapore,114857,2007-01-09
2421,Tom,Brown,23,Engineer,Delhi,103953,2015-09-18
2422,Alex,Williams,25,Intern,Berlin,107199,2022-12-23
2423,John,Miller,49,Consultant,Paris,81003,2020-05-03
2424,Tom,Johnson,40,Developer,Singapore,44411,2023-10-03
2425,Tom,Garcia,40,Engineer,New York,117671,2017-06-22
2426,Emma,Williams,27,Consultant,Tokyo,85601,2023-02-19
2427,Sam,Brown,55,Manager,London,29372,2018-11-11
2428,Tom,Taylor,34,Lead,Paris,59897,2011-06-05
2429,Paul,Smith,36,Designer,Tokyo,100244,2003-09-03
2430,Sara,Jones,49,Manager,Delhi,100595,2022-12-10
2431,Sara,Johnson,49,Lead,London,59188,2019-06-08
2432,Lisa,Davis,49,Architect,Sydney,54783,2014-11-03
2433,Sam,Garcia,37,Intern,Toronto,29092,2000-09-17
2434,Emma,Johnson,51,Analyst,Paris,25745,2012-10-23
2435,Sam,Miller,59,Analyst,Berlin,117346,2001-07-06
2436,Paul,Williams,46,Developer,Sydney,63020,2023-08-16
2437,Paul,Taylor,24,Developer,Berlin,77200,2014-04-04
2438,Tom,Williams,51,Intern,Sydney,62459,2017-10-21
2439,Alex,Williams,51,Designer,Berlin,116221,2010-12-02
2440,Paul,Wilson,42,Designer,Singapore,39775,2004-11-06
2441,Alex,Williams,50,Engineer,Paris,94007,2018-12-01
2442,Sara,Garcia,26,Developer,Singapore,74400,2023-05-13
2443,Lisa,Taylor,26,Manager,London,53451,2013-06-10
2444,Mike,Davis,60,Developer,Singapore,39151,2000-08-17
2445,Tom,Brown,40,Analyst,Tokyo,59800,2016-11-10
2446,Emma,Miller,44,Engineer,Tokyo,87368,2002-01-08
2447,John,Jones,52,Clerk,Tokyo,68416,2016-01-19
2448,Emma,Wilson,41,Consultant,Dubai,108901,2012-09-15
2449,Emma,Miller,38,Clerk,Tokyo,92209,2006-05-13
2450,Sara,Smith,29,Analyst,Tokyo,86195,2004-03-23
2451,Jane,Smith,19,Clerk,Dubai,27593,2016-02-20
2452,Emma,Williams,51,Clerk,Dubai,112281,2015-12-11
2453,Jane,Garcia,26,Manager,Dubai,48855,2017-09-28
2454,Tom,Miller,41,Analyst,New York,34008,2015-06-24
2455,Emma,Brown,59,Clerk,Sydney,57700,2016-11-09
2456,Paul,Johnson,54,Clerk,Berlin,35363,2023-07-06
2457,Tom,Jones,42,Engineer,Singapore,85712,2024-07-15
2458,Tom,Brown,38,Analyst,Dubai,116651,2004-02-12
2459,Lisa,Taylor,32,Intern,Paris,77185,2020-02-03
2460,Tom,Williams,37,Architect,Paris,70043,2014-03-15
2461,Paul,Brown,27,Manager,Tokyo,98896,2022-02-24
2462,Paul,Miller,40,Lead,New York,86428,2016-03-28
2463,Alex,Johnson,35,Consultant,New York,82411,2010-04-25
2464,Paul,Brown,54,Engineer,Sydney,107909,2013-01-26
2465,Jane,Wilson,43,Manager,Delhi,119424,2002-04-07
2466,John,Smith,32,Clerk,Delhi,72207,2015-01-28
2467,Jane,Jones,25,Developer,New York,62851,2001-10-30
2468,Sam,Brown,54,Engineer,Toronto,30584,2015-07-03
2469,Sam,Williams,49,Lead,Berlin,25085,2010-03-10
2470,Sara,Johnson,18,Engineer,Toronto,43158,2004-07-29
2471,Sam,Brown,47,Architect,New York,33760,2008-05-28
2472,Lisa,Johnson,42,Designer,New York,44018,2008-06-20
2473,Paul,Jones,44,Lead,Sydney,47188,2004-01-02
2474,Mike,Wilson,42,Consultant,Delhi,45588,2006-04-26
2475,Paul,Jones,29,Architect,London,92362,2000-08-10
2476,Alex,Miller,18,Developer,Singapore,33178,2018-01-26
2477,Paul,Miller,58,Developer,Singapore,25642,2014-03-15
2478,Alex,Taylor,52,Designer,Paris,77433,2004-04-27
2479,Mike,Smith,30,Intern,Dubai,39216,2024-05-14
2480,Jane,Davis,47,Engineer,Delhi,59094,2020-09-17
2481,Sara,Johnson,57,Lead,Paris,37532,2015-01-03
2482,John,Garcia,41,Designer,Tokyo,109363,2019-01-10
2483,Paul,Johnson,29,Analyst,Delhi,29446,2015-07-27
2484,John,Miller,57,Engineer,Dubai,66108,2003-05-18
2485,Paul,Williams,25,Lead,New York,97389,2003-12-29
2486,Alex,Wilson,27,Consultant,Paris,102125,2016-11-08
2487,John,Wilson,33,Engineer,Dubai,76423,2014-08-01
2488,Sam,Miller,38,Developer,Delhi,62963,32-13-2025
2489,Lisa,Jones,27,Consultant,London,36966,2001-12-26
2490,Sam,Williams,50,Clerk,Berlin,53640,2009-05-06
2491,Jane,Miller,42,Intern,Toronto,46974,2011-12-11
2492,Alex,Williams,28,Architect,Dubai,43186,2010-04-06
2493,Tom,Taylor,42,Lead,Delhi,40492,2001-02-04
2494,Emma,Johnson,38,Lead,Delhi,106235,2017-12-26
2495,John,Davis,32,Consultant,New York,55576,2019-11-04
2496,Sara,Williams,58,Clerk,Berlin,97004,2001-06-22
2497,Lisa,Johnson,51,Intern,Delhi,28973,2016-12-25
2498,Lisa,Smith,57,Designer,New York,107752,2021-11-25
2499,Tom,Brown,57,Engineer,Tokyo,87146,2006-06-28
2500,Emma,Davis,20,Architect,Delhi,111298,2014-12-20
2501,Jane,Brown,21,Designer,Dubai,61910,2007-06-02
2502,Paul,Smith,49,Consultant,London,61088,2001-01-10
2503,Tom,Taylor,19,Manager,Delhi,113502,2001-07-05
2504,Emma,Garcia,31,Manager,Dubai,88671,2000-11-12
2505,Sara,Garcia,24,Lead,Sydney,78670,2020-07-10
2506,Paul,Taylor,52,Analyst,Toronto,112338,2014-10-07
2507,Tom,Wilson,56,Architect,Berlin,45332,2003-02-26
2508,Mike,Taylor,49,Designer,Berlin,97203,2018-03-12
2509,Alex,Garcia,53,Developer,Paris,96830,2007-12-15
2510,Alex,Davis,39,Developer,Delhi,103269,2023-01-19
2511,Lisa,Davis,18,Manager,London,25823,2000-06-09
2512,Paul,Johnson,41,Lead,Sydney,102172,2018-06-08
2513,Alex,Brown,47,Designer,London,71258,2007-01-31
2514,Paul,Taylor,24,Designer,Paris,71718,2008-10-28
2515,Alex,Wilson,35,Intern,Tokyo,100104,2010-02-07
2516,Mike,Williams,36,Intern,Dubai,106321,2024-04-24
2517,Mike,Brown,38,Lead,Delhi,75463,2019-07-14
2518,Tom,Jones,51,Developer,Singapore,30869,2009-12-05
2519,Jane,Davis,23,Intern,Dubai,33320,2003-04-24
2520,Sara,Davis,22,Intern,Toronto,48303,2015-01-30
2521,John,Wilson,56,Clerk,Singapore,67341,2003-02-08
2522,Sara,Smith,19,Architect,Sydney,107198,2000-01-22
2523,Sara,Taylor,30,Developer,London,50779,2000-07-17
2524,John,Miller,51,Architect,Toronto,73736,2007-03-09
2525,Sara,Davis,19,Consultant,Berlin,84702,2013-10-10
2526,Tom,Johnson,21,Developer,New York,45069,2008-06-12
2527,Lisa,Wilson,24,Clerk,Toronto,84452,2015-03-28,extra_field
2528,Mike,Jones,41,Analyst,Singapore,67421,2006-01-30
2529,Mike,Brown,41,Architect,Singapore,86766,2009-10-08
2530,Sam,Taylor,54,Engineer,New York,60778,2000-04-06
2531,Lisa,Garcia,39,Engineer,Toronto,84535,2024-07-25
2532,Lisa,Taylor,44,Intern,Singapore,49914,2024-06-05
2533,Sara,Smith,32,Architect,Paris,118365,2000-11-12
2534,Paul,Smith,23,Intern,New York,87338,2022-05-05
2535,Alex,Brown,50,Architect,Berlin,81579,2023-10-26
2536,Lisa,Jones,50,Consultant,Sydney,111049,2015-03-29
2537,Mike,Johnson,23,Consultant,Paris,63540,2010-09-14
2538,Sara,Williams,20,Lead,Tokyo,119724,2023-06-05
2539,Tom,Taylor,24,Developer,Singapore,72806,2013-05-20
2540,Jane,Smith,32,Clerk,Tokyo,60893,2003-01-30
2541,Lisa,Smith,22,Lead,Delhi,34681,2014-04-29
2542,Paul,Garcia,41,Lead,Toronto,119593,2003-08-12
2543,Lisa,Garcia,60,Designer,Sydney,63695,2002-05-12
2544,Alex,Wilson,47,Designer,New York,91821,2020-06-20
2545,Jane,Wilson,25,Consultant,Sydney,92386,2017-02-03
2546,Jane,Davis,48,Intern,New York,75837,2024-11-02
2547,Jane,Miller,35,Consultant,Tokyo,47574,2017-07-21
2548,Mike,Wilson,43,Architect,Toronto,28577,2014-04-09
2549,Lisa,Miller,43,Clerk,London,37450,2021-10-22
2550,Emma,Brown,19,Lead,Paris,73872,2001-09-23
2551,Paul,Jones,32,Developer,Tokyo,94545,2006-06-11
2552,John,Garcia,58,Architect,Dubai,69235,2011-10-06
2553,Lisa,Wilson,39,Manager,Sydney,44576,2009-11-03
2554,Mike,Miller,57,Analyst,Singapore,98616,2003-05-06
2555,Sam,Garcia,57,Engineer,Berlin,102421,2019-12-17
2556,John,Wilson,58,Architect,Tokyo,79691,2019-08-23
2557,Lisa,Wilson,46,Lead,New York,87962,2007-09-02
2558,Mike,Johnson,56,Clerk,Berlin,58049,2021-10-19
2559,Mike,Wilson,57,Developer,Toronto,71558,2000-07-28
2560,Paul,Wilson,49,Intern,Berlin,92001,2019-05-30
2561,Sam,Jones,21,Architect,Tokyo,119106,2005-08-29
2562,John,Taylor,43,Intern,Berlin,116601,2007-02-06
2563,Emma,Williams,24,Developer,Dubai,28658,2018-04-17
2564,John,Brown,41,Architect,Toronto,82624,2013-10-25
2565,Alex,Davis,20,Analyst,Sydney,40071,2020-02-22
2566,Sam,Smith,28,Designer,New York,100216,2016-07-23
2567,Sara,Johnson,20,Engineer,Singapore,75370,2009-08-05
2568,Alex,Smith,30,Lead,London,92466,2013-03-12
2569,Sam,Johnson,23,Manager,Tokyo,53366,2013-02-08
2570,Lisa,Jones,52,Developer,New York,61090,2007-08-13
2571,Alex,Johnson,29,Analyst,Dubai,65542,2010-05-05
2572,Alex,Miller,51,Designer,Toronto,89065,2001-12-03
2573,Mike,Davis,36,Intern,London,31322,2018-10-04
2574,Jane,Garcia,34,Lead,Toronto,114238,2023-05-18
2575,Alex,Miller,33,Engineer,Tokyo,29758,2014-03-25
2576,Sara,Garcia,59,Clerk,Paris,110741,2015-03-16
2577,Alex,Brown,59,Developer,Paris,49478,2015-11-19
2578,Mike,Miller,34,Designer,Dubai,35496,2013-10-09
2579,Lisa,Taylor,22,Designer,Dubai,76660,2013-05-16
2580,Alex,Smith,42,Manager,Dubai,110566,2015-12-24
2581,Alex,Taylor,60,Analyst,Dubai,112591,2023-02-19
2582,Emma,Johnson,57,Lead,Berlin,37490,2008-05-25
2583,John,Williams,59,Analyst,Paris,52305,2018-03-07
2584,Lisa,Taylor,38,Lead,London,54533,2014-07-30
2585,John,Wilson,27,Lead,Singapore,33345,2002-04-21
2586,Alex,Taylor,39,Intern,Dubai,61140,2000-06-13
2587,Sam,Smith,21,Developer,Delhi,101126,2003-09-22
2588,Alex,Johnson,50,Intern,New York,102957,2011-12-11
2589,Tom,Davis,37,Developer,Berlin,97712,2013-05-11
2590,Sam,Smith,21,Designer,Sydney,108806,2002-11-29
2591,Sara,Brown,21,Intern,Toronto,64481,2001-12-12
2592,Emma,Brown,60,Clerk,Sydney,45403,2016-06-30
2593,Alex,Davis,30,Designer,New York,36736,2019-03-06
2594,Paul,Smith,34,Manager,New York,60564,2020-03-21
2595,Sara,Garcia,58,Lead,Singapore,65490,2021-09-28
2596,Alex,Wilson,33,Intern,Toronto,74760,2021-02-15
2597,Sam,Garcia,21,Developer,Berlin,56925,2023-10-14
2598,Mike,Smith,19,Designer,Sydney,43913,2003-12-22
2599,Sam,Johnson,48,Intern,Berlin,84545,2009-09-02
2600,Sara,Johnson,30,Analyst,Berlin,109169,2013-04-07
2601,Sam,Johnson,54,Analyst,London,114219,2006-02-16
2602,Sam,Jones,47,Engineer,Toronto,118178,2004-06-30
2603,Sam,Smith,53,Manager,New York,26420,2015-05-08
2604,Tom,Williams,39,Consultant,London,29269,2011-01-31
2605,Alex,Wilson,26,Clerk,Delhi,84305,2014-07-08
2606,Sara,Brown,56,Consultant,Tokyo,68862,2017-03-25
2607,John,Williams,41,Intern,Singapore,81030,2009-10-14
2608,Paul,Jones,23,Developer,Toronto,87853,2000-04-22
2609,Tom,Wilson,33,Architect,Sydney,48075,2011-12-05
2610,Emma,Miller,29,Engineer,London,90471,2000-06-14
2611,Sara,Garcia,43,Consultant,Singapore,95314,2000-12-30
2612,John,Smith,23,Designer,Paris,40531,2009-03-12
2613,Tom,Wilson,45,Manager,London,88408,2024-04-25
2614,Jane,Smith,32,Manager,Dubai,119900,2019-11-23
2615,Emma,Williams,39,Developer,Sydney,88696,2018-11-13
2616,Sara,Wilson,33,Designer,Delhi,58697,2017-05-15
2617,Tom,Garcia,27,Architect,Berlin,102967,2006-05-13
2618,Mike,Wilson,45,Designer,Tokyo,26890,2017-10-17
2619,Emma,Miller,28,Consultant,Sydney,44386,2009-02-17
2620,Mike,Taylor,53,Intern,Paris,46488,2016-07-30
2621,Alex,Wilson,49,Consultant,Berlin,26144,2011-07-24
2622,Sam,Jones,47,Developer,Singapore,93721,2011-03-02
2623,Emma,Taylor,18,Analyst,Paris,65821,2006-03-08
2624,Paul,Miller,43,Intern,New York,53894,2015-08-02
2625,Sara,Jones,28,Architect,Delhi,42702,2005-04-22
2626,Alex,Garcia,58,Analyst,Singapore,72150,2016-04-04
2627,Tom,Williams,24,Clerk,Delhi,41617,2004-04-23
2628,Tom,Jones,41,Architect,Singapore,95916,2022-01-25
2629,Paul,Brown,53,Architect,Berlin,58143,2021-02-20
2630,Emma,Brown,41,Clerk,New York,99169,2002-09-30
2631,Emma,Wilson,24,Consultant,Sydney,37770,2008-10-08
2632,Tom,Davis,55,Developer,Delhi,112839,2006-12-29
2633,Paul,Jones,19,Engineer,Paris,106086,2020-06-16
2634,Tom,Davis,27,Lead,Berlin,65918,2010-01-07
2635,Paul,Taylor,43,Developer,Delhi,72708,2005-03-22
2636,Jane,Wilson,59,Designer,Tokyo,80178,2007-05-05
2637,Jane,Jones,35,Manager,Delhi,25343,2022-01-31
2638,Sara,Williams,35,Analyst,Berlin,65536,2000-03-01
2639,John,Brown,33,Manager,Dubai,27952,2024-07-28
2640,Lisa,Miller,58,Intern,New York,53292,2006-02-15
2641,Mike,Taylor,58,Engineer,Berlin,83435,2008-12-28
2642,Sam,Taylor,44,Lead,New York,112519,2018-05-23
2643,Mike,Garcia,60,Analyst,Sydney,25493,2013-02-08
2644,Sam,Williams,25,Lead,Toronto,109249,2019-07-08
2645,Emma,Williams,31,Developer,Sydney,61934,2018-08-11
2646,Sam,Miller,47,Consultant,London,84063,2016-10-08
2647,Sam,Davis,46,Lead,Toronto,100391,2003-02-18
2648,John,Jones,29,Intern,Berlin,39114,2022-04-11
2649,Jane,Smith,52,Engineer,Dubai,85808,2008-03-26
2650,Tom,Miller,47,Designer,Sydney,96025,2008-09-10
2651,Mike,Wilson,38,Designer,Paris,102017,2000-09-04
2652,Alex,Smith,35,Clerk,Sydney,32949,2018-02-10
2653,Tom,Johnson,29,Consultant,Delhi,93289,2002-08-02
2654,John,Garcia,59,Lead,Sydney,78580,2010-01-30
2655,Mike,Smith,32,Engineer,Paris,27682,2011-02-24
2656,Paul,Johnson,21,Developer,Sydney,105950,2019-02-25
2657,Emma,Wilson,49,Analyst,Dubai,95006,2009-01-31
2658,Paul,Davis,51,Clerk,Toronto,84107,2019-11-27
2659,Jane,Jones,59,Designer,Toronto,105818,2019-09-15
2660,Paul,Smith,48,Lead,London,106138,2015-07-13
2661,Mike,Miller,37,Developer,Dubai,38001,2022-04-11
2662,Sam,Miller,60,Consultant,Sydney,74929,2012-02-22
2663,Sara,Davis,39,Intern,Singapore,38082,2022-06-03
2664,Alex,Garcia,43,Clerk,London,32503,2017-10-31
2665,Sara,Jones,43,Analyst,Berlin,61530,2016-10-18
2666,Emma,Brown,24,Engineer,Tokyo,36550,2018-02-26
2667,Alex,Garcia,44,Lead,Sydney,108276,2004-09-09
2668,Lisa,Williams,55,Consultant,Paris,99910,2021-06-13
2669,Sara,Davis,42,Designer,Berlin,26604,2002-05-07
2670,Alex,Brown,32,Lead,Paris,89230,2003-03-15
2671,Lisa,Wilson,60,Intern,London,72496,2009-01-14
2672,Alex,Davis,46,Analyst,Berlin,104078,2005-07-17
2673,Emma,Miller,19,Engineer,Tokyo,37921,2015-04-13
2674,Jane,Davis,57,Designer,Singapore,26294,2009-02-01
2675,Tom,Johnson,22,Lead,Dubai,40610,2012-08-29
2676,Mike,Davis,33,Architect,Tokyo,63283,2009-01-03
2677,Sara,Jones,22,Manager,London,42101,2013-11-18
2678,Paul,Johnson,50,Intern,Toronto,116225,2002-10-21
2679,Jane,Brown,55,Developer,Berlin,117254,2019-08-01
2680,Paul,Johnson,30,Designer,Sydney,69939,2005-11-19
2681,Tom,Williams,35,Lead,Singapore,57539,2016-06-16
2682,Paul,Miller,29,Manager,Dubai,67027,2009-11-13
2683,Alex,Brown,59,Engineer,Berlin,71605,2019-07-09
2684,Alex,Smith,26,Clerk,New York,44369,2016-07-15
2685,Paul,Williams,30,Clerk,Sydney,81913,2005-11-20
2686,Emma,Jones,39,Architect,New York,108794,2004-08-20
2687,Lisa,Williams,19,Designer,New York,119522,2011-10-11
2688,Tom,Johnson,25,Consultant,London,73489,2018-08-16
2689,Emma,Davis,23,Architect,Singapore,87371,2005-02-18
2690,Sara,Jones,18,Intern,Singapore,63596,2006-08-23
2691,Emma,Davis,57,Clerk,Toronto,72499,2020-08-14
2692,Emma,Smith,18,Developer,Dubai,101603,2014-03-24
2693,John,Jones,19,Manager,Delhi,110339,2001-04-26
2694,Emma,Brown,42,Intern,Delhi,60863,2001-03-22
2695,Alex,Williams,37,Analyst,Tokyo,88433,2010-11-07
2696,Tom,Davis,57,Architect,Delhi,63659,2013-07-28
2697,Jane,Johnson,29,Intern,Tokyo,28962,2021-06-08
2698,Emma,Jones,28,Engineer,Delhi,66338,2000-11-29
2699,Jane,Smith,48,Lead,Paris,119528,2024-02-22
2700,Emma,Smith,38,Analyst,Dubai,48585,2014-09-18
2701,Tom,Davis,36,Consultant,Delhi,105668,2004-04-28
2702,Paul,Johnson,35,Intern,Berlin,115264,2018-12-03
2703,Emma,Garcia,39,Analyst,Singapore,90634,2010-08-01
2704,Paul,Miller,54,Consultant,Paris,101597,2010-01-22
2705,Sara,Brown,34,Architect,London,96731,2012-03-17
2706,John,Davis,42,Developer,Dubai,118783,2019-03-28
2707,Paul,Brown,23,Designer,Toronto,89947,2004-04-22
2708,John,Jones,27,Lead,Toronto,47815,2013-02-16
2709,Sara,Smith,48,Manager,Sydney,79654,2006-01-09
2710,Alex,Davis,29,Manager,Singapore,86084,2015-09-25
2711,Sam,Miller,22,Clerk,New York,119122,2022-04-09
2712,Lisa,Smith,38,Consultant,Paris,87517,2018-06-21
2713,Tom,Taylor,37,Analyst,Singapore,57732,2006-06-19
,Mike,Brown,27,Intern,Tokyo,78121,2009-02-04
2715,Lisa,Johnson,39,Architect,London,102659,2003-10-22
2716,John,Wilson,30,Designer,New York,33752,2006-09-23
2717,Tom,Jones,20,Consultant,Toronto,96102,2023-11-04
2718,Paul,Wilson,55,Analyst,Dubai,49899,2011-03-28
2719,Tom,Taylor,51,Engineer,New York,54797,2022-05-20
2720,Mike,Davis,39,Lead,Toronto,38706,2017-02-18
2721,Jane,Davis,32,Consultant,Tokyo
2722,Paul,Wilson,26,Lead,London,66204,2021-12-20
2723,Tom,Williams,30,Manager,Berlin,102167,2002-11-14
2724,Alex,Smith,25,Clerk,Berlin,56447,2019-06-04
2725,Alex,Williams,26,Clerk,Tokyo,39551,2004-08-02
2726,Paul,Davis,57,Consultant,Paris,75779,2007-03-25
2727,Paul,Smith,45,Intern,Tokyo,63485,2005-11-14
2728,Jane,Wilson,47,Consultant,Tokyo,63899,2018-08-22
2729,Paul,Taylor,59,Architect,New York,47051,2005-09-17
2730,Sara,Wilson,26,Consultant,Berlin,25176,2006-01-31
2731,Paul,Brown,49,Intern,Delhi,40423,2020-03-29
2732,Tom,Jones,33,Architect,Paris,115708,2021-05-24
2733,Lisa,Brown,46,Engineer,London,97936,2021-10-05
2734,Alex,Williams,41,Developer,Berlin,51922,2023-05-20
2735,Sam,Williams,57,Lead,Paris,81977,2007-10-20
2736,Alex,Garcia,54,Intern,Sydney,39915,2006-02-10
2737,Jane,Smith,26,Clerk,Sydney,59645,2015-10-14
2738,John,Brown,44,Architect,London,78070,2022-04-11
2739,John,Taylor,58,Intern,Delhi,58281,2017-10-28
2740,Tom,Williams,30,Intern,London,106415,2023-08-05
2741,Jane,Taylor,46,Architect,Paris,111997,2010-07-20
2742,Emma,Johnson,30,Clerk,New York,47352,2001-06-03
2743,Mike,Miller,37,Developer,Singapore,97145,2023-08-18
2744,Mike,Taylor,27,Engineer,Tokyo,72348,2022-01-31
2745,Emma,Taylor,52,Engineer,Sydney,41546,2014-08-07
2746,John,Jones,52,Consultant,Singapore,54465,2017-10-05
2747,John,Miller,19,Analyst,Delhi,114400,2019-05-27
2748,Emma,Johnson,55,Developer,Berlin,97870,2021-08-26
2749,Emma,Davis,37,Clerk,Berlin,108756,2014-07-08
2750,Sara,Williams,52,Lead,Tokyo,84602,2022-11-21
2751,Tom,Brown,27,Developer,Dubai,94827,2007-06-09
2752,Paul,Garcia,57,Intern,Dubai,67416,2013-04-17
2753,Jane,Taylor,31,Architect,Toronto,102721,2013-02-23
2754,Jane,Smith,31,Manager,Sydney,44666,2010-06-08
2755,Paul,Miller,25,Designer,Dubai,50351,2020-01-02
2756,Paul,Miller,22,Clerk,Delhi,102120,2017-11-05
2757,Sam,Wilson,18,Clerk,Tokyo,39411,2012-04-15
2758,Alex,Davis,36,Lead,London,64530,2020-02-04
2759,Lisa,Johnson,60,Intern,Toronto,27460,2014-06-18
2760,Paul,Miller,44,Intern,Singapore,33360,2023-05-30
2761,Paul,Williams,48,Intern,Dubai,94576,2014-04-14
2762,Lisa,Brown,53,Clerk,Tokyo,39660,2020-01-12
2763,Sara,Jones,49,Clerk,New York,52634,2003-03-06
2764,Alex,Smith,31,Engineer,Berlin,72929,2017-03-27
2765,Emma,Garcia,35,Developer,London,34786,2001-09-06
2766,Alex,Davis,52,Manager,Toronto,81627,2016-03-17
2767,Mike,Johnson,34,Designer,Toronto,41852,2015-01-01
2768,Mike,Brown,18,Intern,New York,47761,2011-09-12
2769,Lisa,Williams,26,Manager,Sydney,60786,2012-12-31
2770,Mike,Miller,41,Designer,Dubai,51675,2001-06-11
2771,Jane,Wilson,33,Manager,London,108987,2007-11-26
2772,Jane,Williams,50,Developer,London,75390,2010-09-14
2773,Alex,Davis,21,Manager,Dubai,67479,2008-08-26
2774,Jane,Brown,34,Lead,Toronto,103400,2015-04-21
2775,Jane,Davis,19,Analyst,Dubai,88372,2011-06-03
2776,Emma,Johnson,54,Manager,Sydney,52170,2022-10-20
2777,Lisa,Davis,51,Analyst,Singapore,25148,2005-02-03
2778,Sara,Williams,33,Intern,Paris,112054,2008-11-29
2779,Paul,Garcia,37,Consultant,Berlin,116376,2022-02-16
2780,Sam,Jones,20,Intern,Toronto,56024,2017-01-11
2781,Sara,Garcia,48,Manager,New York,52267,2020-06-19
2782,Mike,Williams,23,Intern,Delhi,50517,2008-12-16
2783,Mike,Johnson,53,Engineer,Delhi,70812,2014-11-21
2784,Lisa,Taylor,45,Consultant,Singapore,29868,2016-05-09
2785,Sara,Jones,59,Manager,Tokyo,105039,2011-09-05
2786,Jane,Miller,34,Designer,Sydney,82620,2009-12-08
2787,Emma,Brown,39,Manager,London,92809,2016-09-22
2788,John,Garcia,26,Intern,Delhi,98623,2000-09-05
2789,Lisa,Brown,53,Lead,Singapore,84305,2017-03-03
2790,Emma,Brown,60,Consultant,New York,82782,2016-11-25
2791,Emma,Wilson,22,Architect,Tokyo,113349,2014-02-17
2792,Tom,Brown,55,Analyst,Sydney,86313,2009-08-02
2793,Lisa,Davis,47,Manager,Paris,35403,2021-02-22
2794,Paul,Brown,45,Developer,New York,96522,2017-09-22
2795,Lisa,Taylor,56,Analyst,London,59934,2009-04-14
2796,Emma,Brown,53,Analyst,Berlin,95820,2004-12-06
2797,Sam,Johnson,34,Analyst,Toronto,112106,2014-07-11
2798,Mike,Garcia,46,Developer,Delhi,70085,2008-07-10
2799,Emma,Garcia,38,Developer,Dubai,36764,2006-09-13
2800,Paul,Miller,52,Analyst,Toronto,83450,2013-03-21
2801,Tom,Smith,36,Designer,Sydney,115108,2016-04-20
2802,Mike,Johnson,59,Clerk,Tokyo,36968,2016-09-12
2803,Jane,Taylor,48,Analyst,Toronto,43759,2024-10-03
2804,Alex,Wilson,24,Analyst,Toronto,97923,2018-07-14
2805,Mike,Miller,22,Lead,Delhi,58773,2004-09-27
2806,Emma,Davis,27,Developer,Dubai,93831,2019-12-16
2807,Sara,Garcia,26,Manager,Delhi,92004,2013-05-06
2808,Emma,Miller,47,Clerk,Paris,73709,2009-05-12,extra_field
2809,Sam,Taylor,27,Intern,Tokyo,113714,2001-11-01
2810,John,Williams,58,Lead,Delhi,113006,2004-05-10
2811,Jane,Wilson,33,Developer,Delhi,88772,2018-05-24
2812,Tom,Davis,33,Consultant,New York,93714,2021-08-03
2813,Sara,Garcia,48,Developer,Dubai,77471,2009-01-19
2814,Alex,Taylor,56,Engineer,Delhi,80429,2011-12-03
2815,Sam,Garcia,32,Designer,Toronto,68409,2003-10-04
2816,Lisa,Williams,33,Manager,Sydney,37490,2014-04-17
2817,Paul,Taylor,18,Architect,New York,36798,2012-12-19
2818,Paul,Johnson,27,Engineer,Paris,101621,2022-01-02
2819,Jane,Wilson,19,Lead,Dubai,118887,2012-04-24
2820,Paul,Jones,35,Intern,Paris,29035,2015-11-14
2821,Sara,Davis,18,Architect,Sydney,77280,2013-03-08
2822,Sam,Brown,29,Architect,Delhi,58072,2015-02-23
2823,Mike,Brown,34,Architect,Delhi,55359,2010-08-20
2824,Sam,Taylor,52,Engineer,New York,44901,2016-02-19
2825,Mike,Brown,33,Designer,Paris,88805,2017-04-25
2826,John,Williams,25,Lead,London,106913,2000-11-03
2827,Jane,Jones,18,Clerk,London,53846,2006-09-07
2828,Lisa,Wilson,23,Developer,London,95628,2020-05-12
2829,Lisa,Taylor,28,Developer,Sydney,74797,2014-09-07
2830,Jane,Brown,39,Engineer,Singapore,70243,2002-05-05
2831,Sara,Davis,44,Analyst,Paris,97280,2002-03-30
2832,Tom,Brown,33,Designer,New York,97265,2016-06-18
2833,Paul,Williams,28,Clerk,Sydney,66568,2017-03-04
2834,Mike,Brown,30,Consultant,Berlin,117704,2021-02-18
2835,John,Wilson,42,Developer,Delhi,70369,2016-11-16
2836,Sam,Williams,36,Designer,Tokyo,103181,2000-12-19
2837,Lisa,Jones,27,Engineer,Paris,101260,2021-10-13
2838,Jane,Johnson,50,Lead,Toronto,80429,2006-07-06
2839,Lisa,Williams,54,Engineer,Singapore,72890,2019-09-11
2840,Jane,Miller,19,Architect,Dubai,57839,2000-06-22
2841,Sara,Smith,43,Manager,Dubai,46181,2024-08-24
2842,Paul,Williams,29,Intern,Paris,80043,2011-09-02
2843,Paul,Taylor,59,Architect,Dubai,88612,2003-07-08
2844,Alex,Smith,52,Engineer,Sydney,32802,2023-04-12
2845,Tom,Jones,24,Clerk,Singapore,115076,2017-11-19
2846,Lisa,Garcia,23,Manager,Toronto,38357,2014-07-17
2847,Sam,Miller,22,Analyst,Tokyo,66759,2014-07-24
2848,John,Brown,49,Analyst,Sydney,82678,2017-04-01
2849,Jane,Johnson,33,Manager,Tokyo,51212,2002-07-21
2850,Tom,Brown,18,Designer,Berlin,89942,2012-11-21
2851,John,Smith,54,Designer,Singapore,65906,2022-11-24
2852,Mike,Taylor,37,Designer,Sydney,116519,2023-05-07
2853,Jane,Brown,22,Architect,Dubai,74201,2017-06-23
2854,Paul,Miller,48,Lead,Toronto,71302,2023-06-25
2855,Paul,Brown,34,Clerk,Dubai,47401,2000-09-25
2856,John,Miller,33,Architect,Sydney,72420,2021-12-21
2857,Mike,Davis,28,Designer,Delhi,114369,2001-06-04
2858,Jane,Jones,51,Designer,Paris,75440,2005-03-26
2859,Mike,Smith,18,Intern,London,69807,2004-03-17
2860,John,Garcia,37,Consultant,New York,112213,2015-01-03
2861,John,Garcia,50,Clerk,Berlin,89538,2020-07-12
2862,Lisa,Miller,52,Architect,Sydney,85126,2015-11-16
2863,Mike,Miller,24,Architect,Tokyo,70566,2001-05-12
2864,John,Miller,41,Clerk,Dubai,108663,2021-01-31
2865,Lisa,Smith,60,Architect,Singapore,60213,2012-03-31
2866,Lisa,Johnson,36,Designer,London,29678,2010-04-14
2867,Alex,Garcia,53,Developer,Dubai,53294,2020-11-04
2868,Sam,Wilson,33,Clerk,Sydney,77116,2000-07-31
2869,Jane,Miller,21,Analyst,New York,26028,2024-07-11
2870,Paul,Taylor,36,Intern,London,65468,2000-03-15
2871,Sara,Garcia,55,Architect,Delhi,51284,2003-08-11
2872,John,Brown,52,Analyst,Paris,77112,2000-05-12
2873,Jane,Garcia,37,Designer,London,26875,2016-05-19
2874,Paul,Jones,40,Architect,Dubai,76424,2010-11-05
2875,Emma,Davis,35,Lead,Sydney,61954,2017-07-18
2876,Sara,Williams,18,Designer,New York,105191,2017-10-09
2877,Paul,Taylor,23,Analyst,Delhi,33071,2019-07-26
2878,Sam,Taylor,43,Architect,Singapore,50853,2016-03-03
2879,Paul,Smith,31,Engineer,Singapore,116902,2009-07-26
2880,Paul,Brown,19,Designer,Dubai,92857,2013-07-11
2881,Alex,Johnson,54,Designer,Sydney,112378,2007-05-04
2882,Emma,Brown,37,Designer,Toronto,100595,2023-11-22
2883,Emma,Garcia,22,Engineer,London,105767,2004-03-16
2884,Paul,Smith,23,Clerk,London,67499,2016-10-16
2885,Mike,Johnson,27,Analyst,Dubai,69832,2012-10-13
2886,Sam,Davis,45,Manager,Singapore,88124,2003-04-16
2887,Alex,Davis,26,Manager,Delhi,30942,2002-08-16
2888,Jane,Johnson,55,Architect,Delhi,26167,2012-06-07
2889,Sam,Brown,43,Clerk,Delhi,30339,2019-11-24
2890,Sam,Davis,47,Engineer,Toronto,29035,2008-02-19
2891,Sam,Johnson,23,Manager,Paris,112456,2015-09-23
2892,Paul,Williams,23,Intern,Toronto,40061,2014-10-26
2893,Tom,Jones,32,Designer,New York,109923,2003-12-18
2894,Jane,Davis,27,Lead,Delhi,90516,2004-08-03
2895,Jane,Miller,28,Engineer,London,67562,2007-01-15
2896,Jane,Smith,55,Clerk,Tokyo,107904,2001-03-29
2897,Tom,Brown,56,Architect,Berlin,47558,2012-06-01
2898,Sam,Brown,46,Engineer,Singapore,113871,2021-04-06
2899,Alex,Johnson,57,Manager,Toronto,76635,2005-04-28
2900,Paul,Garcia,49,Clerk,Toronto,106603,2004-12-03
2901,Paul,Wilson,34,Consultant,Singapore,107693,2002-04-21
2902,Alex,Johnson,34,Analyst,Tokyo,58115,2011-12-06
2903,Lisa,Taylor,24,Engineer,Sydney,49393,2013-04-01
2904,Lisa,Taylor,45,Clerk,Sydney,97159,2009-11-16
2905,Mike,Taylor,47,Lead,Sydney,45096,2008-12-12
2906,Jane,Williams,28,Engineer,Singapore,26388,2022-09-05
2907,Alex,Davis,43,Consultant,Paris,83222,2009-06-05
2908,Lisa,Jones,60,Analyst,Paris,54692,2008-08-17
2909,Sara,Miller,43,Designer,New York,63845,2022-12-12
2910,John,Miller,43,Developer,Berlin,90505,2015-11-12
2911,Lisa,Taylor,24,Manager,Berlin,104577,2013-08-12
2912,Alex,Johnson,20,Engineer,Paris,42363,2006-04-05
2913,Jane,Wilson,43,Analyst,Delhi,47982,2010-05-03
2914,Jane,Taylor,50,Analyst,Delhi,56326,2013-03-08
2915,John,Wilson,18,Designer,Singapore,115841,2024-10-10
2916,Sam,Brown,47,Developer,Delhi,90853,2014-05-08
2917,Jane,Davis,39,Developer,Paris,73160,2002-09-13
2918,Tom,Brown,46,Engineer,Toronto,65387,2020-01-07
2919,Sara,Garcia,50,Designer,Sydney,26370,2021-03-17
2920,Alex,Jones,32,Designer,London,78129,2005-11-24
2921,Emma,Jones,25,Manager,Delhi,118390,2017-12-11
2922,Alex,Davis,41,Engineer,Toronto,112409,2003-04-29
2923,Sam,Smith,46,Intern,Sydney,105835,2017-08-28
2924,Sara,Miller,57,Analyst,Delhi,117015,2016-04-28
2925,Emma,Jones,48,Engineer,Tokyo,83878,2011-10-13
2926,Sara,Miller,20,Manager,Paris,86967,2012-08-09
2927,Paul,Johnson,42,Engineer,Berlin,82714,2000-12-24
2928,Sam,Johnson,22,Lead,Tokyo,91524,2023-04-10
2929,Emma,Garcia,51,Intern,London,44269,2001-09-20
2930,Jane,Jones,22,Intern,New York,106971,2014-01-07
2931,Alex,Johnson,54,Intern,London,98711,2003-10-05
2932,Sara,Williams,31,Manager,Toronto,49979,2000-12-23
2933,Mike,Wilson,38,Lead,Dubai,26284,2022-06-15
2934,Tom,Taylor,25,Consultant,Delhi,94809,2020-05-23
2935,Emma,Wilson,50,Architect,Paris,84095,2022-10-22
2936,Emma,Brown,56,Clerk,London,72338,2000-07-04
2937,Alex,Williams,44,Architect,Toronto,112063,2007-01-06
2938,Mike,Miller,48,Designer,Dubai,44430,2015-01-29
2939,Mike,Jones,19,Intern,Toronto,46181,2017-12-28
2940,Sara,Johnson,19,Intern,Dubai,31456,2014-06-17
2941,Lisa,Taylor,56,Developer,Singapore,33846,2015-07-15
2942,Emma,Johnson,45,Lead,Berlin,44951,2023-07-11
2943,Sara,Davis,23,Developer,Toronto,83089,2009-03-07
2944,Mike,Davis,18,Analyst,London,46702,2012-11-09
2945,Sam,Brown,45,Clerk,Tokyo,55672,2019-02-05
2946,Paul,Brown,50,Analyst,Sydney,104800,2005-08-10
2947,Lisa,Johnson,31,Intern,Toronto,28316,2018-01-17
2948,Emma,Wilson,37,Engineer,Paris,105231,2024-07-04
2949,Paul,Wilson,56,Engineer,Paris,54119,2021-10-09
2950,Emma,Davis,43,Engineer,Dubai,60155,2002-02-23
2951,Lisa,Brown,29,Designer,Paris,43649,2005-01-10
2952,Jane,Wilson,59,Analyst,Berlin,25915,2014-11-13
2953,Lisa,Williams,20,Intern,Delhi,68749,2014-04-07
2954,John,Jones,43,Lead,Tokyo,80134,2007-12-15
2955,John,Williams,51,Intern,Paris,98622,2012-07-06
2956,Tom,Brown,26,Analyst,Singapore,103869,2016-12-15
2957,Alex,Williams,58,Developer,Sydney,65680,2002-02-19
2958,Sara,Wilson,27,Clerk,Toronto,72790,2004-10-23
2959,Paul,Smith,21,Engineer,New York,98257,2011-07-02
2960,John,Garcia,46,Engineer,Paris,89534,2019-05-29
2961,Tom,Brown,20,Clerk,Toronto,80119,2005-06-07
2962,Emma,Miller,33,Consultant,New York,57015,2020-05-11
2963,Emma,Wilson,48,Clerk,Delhi,49333,2020-07-09
2964,Mike,Smith,34,Lead,London,63720,2021-10-08
2965,Sam,Davis,56,Manager,Berlin,31794,2016-09-28
2966,Mike,Johnson,45,Intern,Paris,82413,2019-06-07
2967,Lisa,Williams,50,Consultant,Dubai,92912,2019-01-12
2968,Tom,Johnson,46,Clerk,Delhi
2969,Sam,Brown,24,Engineer,Sydney,58120,2015-08-02
2970,Jane,Brown,39,Developer,New York,95540,2013-10-23
2971,Sam,Williams,34,Developer,Singapore,56473,2004-04-13
2972,Alex,Miller,47,Architect,Delhi,48247,2014-04-29
2973,Sara,Johnson,39,Manager,Dubai,89058,2004-08-22
2974,Lisa,Johnson,47,Architect,New York,113339,2012-06-27
2975,Tom,Johnson,19,Developer,Toronto,70515,2003-06-18
2976,Sam,Johnson,37,Analyst,Paris,28627,2006-09-02
2977,John,Taylor,21,Clerk,Berlin,52271,2009-10-23
2978,Jane,Wilson,23,Developer,Berlin,30394,2009-05-11
2979,John,Williams,37,Manager,Tokyo,48121,2004-12-12
2980,John,Jones,50,Consultant,Toronto,96793,2002-05-06
2981,Sara,Jones,38,Lead,Tokyo,74386,2022-01-25
2982,Lisa,Smith,48,Engineer,Tokyo,114631,2010-06-19
2983,Paul,Garcia,28,Manager,Berlin,56877,2012-10-06
2984,Sam,Wilson,46,Analyst,Tokyo,38845,2015-08-28
2985,Sara,Johnson,46,Consultant,London,108995,2019-07-04
2986,Mike,Brown,22,Developer,Toronto,78301,2015-11-30
2987,Paul,Garcia,40,Consultant,Singapore,81860,2007-10-02
2988,Lisa,Williams,59,Clerk,London,52840,2007-03-16
2989,Paul,Wilson,33,Clerk,Tokyo,51598,2009-06-29
2990,Jane,Williams,37,Architect,Toronto,92234,2015-01-06
2991,Lisa,Smith,44,Lead,Sydney,62450,2003-08-11
2992,Sam,Brown,41,Consultant,Toronto,27748,2010-01-21
2993,Mike,Davis,55,Engineer,New York,99882,2005-05-15
2994,John,Johnson,21,Analyst,New York,48232,2018-03-29
2995,John,Smith,54,Architect,Dubai,102176,2005-01-05
2996,Sara,Williams,28,Consultant,Sydney,45594,2007-06-27
2997,Sara,Brown,22,Lead,Berlin,70536,2019-11-15
2998,John,Johnson,44,Consultant,Paris,49086,2003-11-10
2999,Emma,Taylor,30,Architect,Berlin,101381,2002-11-01
3000,Alex,Williams,21,Lead,Delhi,31015,
3001,Sam,Davis,56,Designer,Sydney,40344,2023-05-14
3002,Mike,Smith,53,Intern,Tokyo,49534,2011-02-26
3003,Sam,Wilson,57,Architect,Toronto,93236,2009-11-16
3004,Sam,Jones,50,Analyst,London,35102,2010-10-26
3005,Emma,Smith,44,Manager,Toronto,77236,2023-12-07
3006,Emma,Williams,51,Clerk,London,101713,2014-06-25
3007,Tom,Jones,55,Developer,Delhi,46357,2008-12-07
3008,Sara,Brown,38,Analyst,Singapore,89601,2020-05-16
3009,Paul,Garcia,49,Engineer,Delhi,38035,2018-09-28
3010,Paul,Davis,39,Analyst,Toronto,101301,2021-08-11
3011,Tom,Garcia,36,Architect,Delhi,31760,2006-06-20
3012,Jane,Wilson,43,Intern,Berlin,102875,2014-04-08
3013,Sara,Smith,54,Developer,Sydney,86891,2013-04-15
3014,Emma,Johnson,26,Manager,Singapore,106063,2019-09-02
3015,Sam,Wilson,45,Consultant,Dubai,95265,2022-02-23
3016,Alex,Davis,23,Intern,Tokyo,108989,2003-11-09
3017,John,Taylor,26,Analyst,Paris,86983,2008-11-07
3018,John,Garcia,53,Developer,Dubai,54079,2000-03-31
3019,Paul,Johnson,43,Architect,Dubai,82421,2024-11-08
3020,Paul,Taylor,42,Consultant,Paris,60786,2017-10-14
3021,Alex,Garcia,36,Developer,Sydney,48034,2008-06-22
3022,Alex,Davis,47,Consultant,Sydney,67544,2011-04-20
3023,Sara,Johnson,42,Clerk,Tokyo,98944,2005-01-10
3024,John,Jones,52,Analyst,London,57055,2001-11-16
3025,Alex,Wilson,40,Lead,London,48053,2007-01-24
3026,Lisa,Miller,34,Lead,London,119824,2001-02-06
3027,Lisa,Miller,18,Engineer,Berlin,64873,2012-04-09
3028,Tom,Miller,42,Analyst,Tokyo,117544,2014-07-21
3029,Tom,Wilson,43,Architect,Berlin,80883,2018-02-22
3030,Tom,Miller,57,Developer,Dubai,74476,2018-04-04
3031,Tom,Brown,43,Analyst,Tokyo,63808,2019-09-25
3032,Mike,Taylor,42,Intern,Dubai,83620,2021-05-21
3033,Alex,Johnson,22,Lead,Toronto,85804,2019-05-18
3034,Tom,Wilson,40,Intern,Toronto,33393,2019-12-12
3035,Tom,Davis,42,Clerk,New York,99254,2010-10-12
3036,Alex,Johnson,29,Designer,New York,89475,2011-07-13
3037,Sara,Johnson,40,Developer,Paris,105311,2002-07-26
3038,Tom,Williams,40,Clerk,Toronto,43813,2016-04-09
3039,John,Taylor,23,Analyst,New York,100096,2001-08-23
3040,Sam,Garcia,43,Intern,London,53142,2005-10-05
3041,Sam,Davis,36,Developer,Singapore,76363,2021-05-28
3042,Tom,Williams,52,Architect,Singapore,41646,2004-09-21
3043,John,Garcia,40,Clerk,Dubai,46919,2021-09-05
3044,Tom,Wilson,29,Consultant,Dubai,51389,2001-01-21
3045,Sara,Miller,26,Consultant,Paris,61179,2003-01-25
3046,Lisa,Taylor,46,Analyst,Toronto,45867,32-13-2025
3047,Mike,Garcia,39,Consultant,Paris,97620,2018-10-07
3048,John,Williams,26,Consultant,Berlin,57696,2008-06-28
3049,Paul,Davis,21,Developer,New York,48027,2022-08-29
3050,Emma,Davis,25,Analyst,London,63016,2002-01-28
3051,Sara,Wilson,48,Designer,Dubai,102069,2010-10-22
3052,Lisa,Jones,56,Architect,Singapore,26580,2016-11-11
3053,Paul,Wilson,38,Developer,Delhi,51188,2011-12-28
3054,Sam,Jones,47,Designer,Tokyo,35219,2006-05-12
3055,Tom,Jones,47,Designer,Singapore,35730,2008-02-05
3056,Mike,Brown,37,Lead,Tokyo,80737,2023-12-27
3057,Tom,Garcia,46,Developer,Singapore,89406,2022-01-29
3058,Alex,Garcia,22,Intern,Sydney,84333,2013-10-08
3059,Paul,Johnson,36,Engineer,Singapore,69024,2001-10-27
3060,Jane,Wilson,58,Intern,London,113497,2019-11-21
3061,Alex,Wilson,37,Manager,Sydney,46597,2016-11-08
3062,Mike,Miller,52,Consultant,Tokyo,88626,2000-03-02
3063,Sara,Smith,22,Designer,Paris,63080,2013-06-03
3064,John,Johnson,25,Developer,Paris,58336,2015-03-25
3065,Sam,Smith,33,Analyst,London,82141,2015-10-27
3066,Mike,Johnson,48,Consultant,Sydney,61089,2014-06-29
3067,Tom,Davis,45,Consultant,Berlin,113843,2003-01-06
3068,Paul,Jones,45,Engineer,New York,85204,2006-05-12
3069,Tom,Jones,21,Lead,Sydney,26220,2021-07-07
3070,Emma,Brown,42,Intern,Paris,96961,2019-04-05
3071,Sara,Jones,33,Engineer,Berlin,51900,2001-04-09
3072,Lisa,Taylor,47,Developer,Berlin,94971,2008-11-08
3073,Alex,Wilson,53,Lead,Berlin,73555,2001-04-11
3074,Tom,Miller,25,Architect,Delhi,34704,2009-12-31
3075,Paul,Miller,49,Intern,Tokyo,73889,2001-09-01
3076,Lisa,Miller,55,Analyst,Berlin,65031,2012-07-31
3077,Lisa,Jones,27,Manager,Toronto,112883,2024-05-08
3078,Tom,Miller,30,Architect,New York,37307,2019-02-01
3079,Jane,Brown,59,Clerk,Dubai,75696,2010-05-01
3080,Jane,Miller,30,Clerk,Singapore,99549,2016-04-16
3081,Sara,Garcia,53,Clerk,Singapore,78227,2017-01-22
3082,John,Miller,57,Engineer,Toronto,66831,2002-06-22
3083,Emma,Jones,37,Architect,Toronto,74584,2003-01-14
3084,Mike,Jones,49,Manager,Tokyo,30119,2002-09-20
3085,John,Garcia,21,Clerk,Sydney,67687,2011-04-28
3086,Lisa,Brown,28,Consultant,Dubai,52793,2020-12-21
3087,Jane,Wilson,25,Consultant,Toronto,86665,2020-06-13
3088,Sara,Brown,34,Clerk,Tokyo,79419,2000-04-20
3089,Jane,Smith,29,Developer,Dubai,45828,2012-01-29
3090,Sam,Davis,38,Developer,Sydney,48194,2023-03-02
3091,Jane,Johnson,34,Analyst,Sydney,29208,2014-03-28
3092,John,Brown,39,Engineer,Dubai,68252,2014-12-24
3093,Lisa,Wilson,43,Intern,Tokyo,99837,2020-05-30
3094,Tom,Johnson,36,Clerk,London,78083,2008-04-17
3095,Mike,Wilson,53,Engineer,Berlin,69537,2020-07-09
3096,John,Brown,49,Intern,Singapore,97509,2003-05-08
3097,Sara,Garcia,23,Lead,Paris,115731,2017-05-23
3098,Alex,Garcia,60,Developer,Tokyo,109937,2009-07-28
3099,Lisa,Davis,24,Consultant,Singapore,48278,2017-10-23
3100,Sam,Smith,51,Analyst,Berlin,76503,2001-06-05
3101,Sam,Brown,60,Intern,Berlin,48111,2006-10-17
3102,Mike,Taylor,54,Developer,New York,95486,2005-02-02
3103,Jane,Johnson,52,Intern,Dubai,28879,2015-04-02
3104,Lisa,Smith,27,Designer,Toronto,89908,2014-04-12
3105,Sam,Williams,50,Intern,Delhi,43745,2006-11-19
3106,Alex,Wilson,57,Clerk,Delhi,47253,2015-11-26
3107,Tom,Miller,27,Lead,Sydney,50374,2005-08-01
3108,Tom,Brown,53,Lead,Paris,80149,2019-01-06
3109,Sam,Jones,23,Architect,Singapore,80659,2011-11-25
3110,Sara,Jones,49,Architect,Tokyo,70214,2016-06-27
3111,Sara,Taylor,21,Architect,Berlin,68189,2017-09-20
3112,Sam,Johnson,24,Lead,Delhi,74090,2010-10-05
3113,Tom,Brown,34,Clerk,Tokyo,94917,2010-12-02
3114,Mike,Davis,51,Lead,Toronto,66846,2021-05-18
3115,Mike,Garcia,27,Designer,Sydney,46336,2022-02-02
3116,Sara,Smith,33,Developer,New York,63895,2018-02-16
3117,Sara,Miller,54,Manager,New York,42833,2008-04-11
3118,Mike,Brown,20,Clerk,Sydney,104133,2009-01-04
3119,John,Williams,52,Analyst,New York,26288,2014-05-19
3120,Alex,Garcia,34,Designer,Sydney,94191,2006-06-20
3121,John,Brown,39,Consultant,Sydney,34907,2007-01-29
3122,Lisa,Garcia,41,Manager,Delhi,51827,2012-03-17
3123,Sara,Miller,34,Analyst,Sydney,101692,2009-01-11
3124,Mike,Smith,45,Developer,Delhi,94903,2016-09-17
3125,Sara,Smith,57,Consultant,Toronto,32859,2016-08-15
3126,Lisa,Wilson,45,Intern,Berlin,59717,2000-06-12
3127,Paul,Miller,19,Intern,Dubai,54790,2001-12-20
3128,Mike,Garcia,30,Analyst,Dubai,102184,2006-03-05
3129,Paul,Miller,20,Engineer,Singapore,41451,2010-10-22
3130,Lisa,Brown,44,Clerk,Paris,93275,2006-10-16
3131,Mike,Brown,60,Engineer,Paris,45259,2024-09-11
3132,Mike,Williams,39,Intern,Sydney,53591,2008-09-26
3133,Jane,Davis,48,Lead,Singapore,100291,2009-12-05
3134,Sam,Jones,35,Engineer,Berlin,63079,2002-03-18
3135,Lisa,Johnson,34,Lead,Sydney,111155,2008-12-07
3136,Emma,Johnson,51,Consultant,New York,33436,2004-06-08
3137,Paul,Johnson,51,Analyst,Singapore,26334,2011-07-03
3138,Tom,Smith,44,Architect,Singapore,74070,2003-06-21
3139,Sara,Wilson,25,Lead,Tokyo,26453,2007-07-27
3140,Sara,Wilson,52,Lead,Delhi,69974,2012-01-24
3141,Emma,Wilson,58,Intern,New York,108834,2022-01-30
3142,Mike,Johnson,27,Consultant,Dubai,88223,2014-06-23
3143,Paul,Garcia,57,Engineer,New York,36286,2019-02-12
3144,Paul,Taylor,48,Manager,Berlin,30806,2022-08-13
3145,John,Smith,32,Analyst,Dubai,55415,2019-02-02
3146,John,Miller,55,Analyst,Dubai,40440,2024-05-16
3147,Sara,Taylor,55,Developer,Singapore,26119,2024-05-21
3148,Paul,Jones,37,Clerk,New York,87516,2005-02-18
3149,Jane,Jones,56,Architect,New York,38385,2022-07-23
3150,Mike,Davis,59,Designer,New York,107447,2012-09-04
3151,Jane,Taylor,36,Analyst,London,47138,2001-04-25
3152,Sam,Wilson,23,Intern,Dubai,60257,2022-02-02
3153,Alex,Miller,35,Analyst,Sydney,119242,2009-04-25
3154,Jane,Garcia,28,Architect,New York,89013,2015-06-11
3155,Alex,Jones,51,Intern,Tokyo,80668,2010-12-15
3156,Paul,Smith,22,Analyst,Berlin,99163,2004-12-30
3157,Sam,Miller,50,Designer,Singapore,94846,2010-12-12
3158,Jane,Taylor,55,Lead,Tokyo,112454,2010-10-06
3159,Mike,Taylor,43,Clerk,London,29554,2003-04-01
3160,Mike,Jones,38,Manager,Berlin,116831,2013-10-01
3161,Sara,Johnson,36,Manager,Singapore,70939,2009-06-20
3162,Emma,Brown,18,Manager,Tokyo,91406,2022-07-29
3163,Tom,Brown,59,Manager,Toronto,28243,2001-02-16
3164,Sam,Wilson,58,Engineer,Sydney,60719,2019-10-01
3165,Mike,Davis,39,Architect,Toronto,47170,2023-11-08
3166,Paul,Jones,56,Architect,Toronto,101176,2013-02-03
3167,Alex,Brown,20,Developer,Tokyo,85992,2002-09-29
3168,Alex,Jones,42,Lead,Tokyo,60563,2008-08-28
3169,Alex,Williams,55,Clerk,Delhi,43050,2016-11-08
3170,John,Smith,26,Lead,Toronto,103342,2006-08-27
3171,Paul,Johnson,26,Intern,Paris,51228,2013-01-25
3172,Paul,Smith,36,Designer,Toronto,113628,2008-01-27
3173,Alex,Davis,19,Architect,London,51536,2011-09-10
3174,John,Jones,37,Designer,Tokyo,61697,2007-10-26
3175,Jane,Miller,43,Lead,Singapore,62236,2019-02-14
3176,Alex,Miller,29,Intern,New York,31507,2006-06-09
3177,Lisa,Davis,50,Designer,Delhi,101718,2017-04-16
3178,Sam,Jones,20,Analyst,Paris,73959,2015-08-21
3179,Lisa,Garcia,38,Clerk,Toronto,78482,2010-01-27
3180,Sara,Smith,40,Consultant,Singapore,117312,2012-12-10
3181,Emma,Wilson,41,Consultant,New York,42029,2007-09-23
3182,Mike,Johnson,31,Designer,Toronto,38410,2002-06-24
3183,John,Miller,21,Manager,Delhi,40161,2019-12-04
3184,Alex,Davis,44,Engineer,Dubai,38138,2016-08-30
3185,John,Miller,35,Analyst,Toronto,77308,2011-06-06
3186,Alex,Miller,27,Intern,Berlin,54277,2016-06-27
3187,Sam,Johnson,43,Clerk,Sydney,50605,2001-03-28
3188,Paul,Smith,34,Intern,Berlin,78256,2000-07-16
3189,Tom,Davis,44,Architect,Sydney,77537,2019-08-23
3190,Paul,Williams,52,Clerk,Dubai,36371,2003-09-14
3191,Sara,Wilson,33,Intern,Tokyo,102547,2005-06-29
3192,Paul,Smith,33,Clerk,Singapore,110067,2006-08-18
3193,Tom,Smith,36,Designer,Toronto,61124,2009-12-07
3194,Lisa,Taylor,60,Developer,Toronto,43405,2023-03-07
3195,Paul,Williams,24,Designer,New York,45691,2009-05-30
3196,Tom,Johnson,42,Clerk,New York,108119,2002-04-07
3197,Sam,Wilson,18,Manager,New York,59858,2007-05-04
3198,Tom,Smith,49,Consultant,Berlin,87576,2021-08-25
3199,Sara,Taylor,37,Architect,Sydney,94646,2020-03-25
3200,Sam,Wilson,52,Lead,London,72967,2022-05-13
3201,John,Smith,42,Analyst,Tokyo,51730,2008-09-20
3202,Alex,Johnson,44,Analyst,Delhi,39812,2006-12-13
3203,Jane,Williams,57,Consultant,Berlin,98536,2017-09-16
3204,Lisa,Garcia,23,Architect,Sydney,112592,2015-06-01
3205,Lisa,Johnson,27,Designer,Berlin,72761,2006-10-19
3206,Jane,Davis,49,Lead,Toronto,26086,2011-04-21
3207,Lisa,Williams,27,Developer,Singapore,88697,2004-03-18
3208,Tom,Smith,56,Analyst,Sydney,31634,2010-05-17
3209,Emma,Johnson,33,Architect,Tokyo,31173,2000-04-13
3210,Mike,Davis,30,Manager,Delhi,69702,2006-08-03
3211,Sara,Taylor,59,Analyst,Berlin,75184,2022-09-09
3212,Jane,Johnson,37,Consultant,Toronto,118236,2013-03-11
3213,Jane,Wilson,24,Manager,London,56075,2009-03-11
3214,Jane,Smith,20,Intern,Toronto,111339,2016-12-31
3215,Sam,Smith,21,Manager,Paris,113923,2008-01-26
3216,Jane,Jones,26,Analyst,Dubai,105941,2014-08-01
3217,Jane,Davis,59,Developer,Tokyo,44157,2023-08-22
3218,Tom,Brown,42,Manager,Sydney,69953,2001-12-06
3219,Alex,Jones,25,Designer,Delhi,63641,2000-07-04
3220,Tom,Johnson,41,Designer,Paris,58527,2016-12-02
3221,Mike,Smith,23,Architect,Delhi,69831,2001-04-26
3222,Sam,Davis,18,Intern,New York,57225,2009-10-09
3223,Jane,Taylor,30,Architect,Berlin,87444,2023-07-11
3224,Lisa,Taylor,19,Developer,Paris,105377,2024-05-09
3225,Sara,Jones,48,Engineer,Sydney,90858,2000-01-17
3226,John,Williams,19,Clerk,Paris,54759,2009-03-30
3227,Alex,Davis,50,Engineer,Berlin,52256,2010-01-23
3228,Alex,Miller,47,Engineer,Toronto,115621,2000-02-01
3229,Sara,Davis,20,Developer,Delhi,72082,2010-06-23
3230,Tom,Wilson,59,Manager,Singapore,52575,2003-09-22
3231,John,Johnson,28,Engineer,Tokyo,55903,2024-11-17
3232,Alex,Williams,40,Consultant,New York,62676,2023-08-10
3233,John,Davis,59,Consultant,New York,43361,2015-03-14
3234,Paul,Williams,43,Designer,Paris,42274,2007-05-10
3235,Sara,Davis,60,Intern,Delhi,26973,2018-09-06
3236,John,Garcia,30,Intern,Tokyo,83902,2001-05-09
3237,Sam,Jones,60,Engineer,Dubai,66254,2003-01-31
3238,Sam,Wilson,25,Clerk,Delhi,103897,2023-02-05
3239,Sam,Williams,51,Intern,New York,74162,2001-06-11
3240,Lisa,Williams,34,Architect,Tokyo,111029,2009-07-05
3241,Tom,Taylor,44,Designer,New York,49770,2023-10-12
3242,Paul,Garcia,55,Engineer,Berlin,65095,2007-06-14
3243,Lisa,Williams,53,Designer,Sydney,63923,2017-03-10
3244,Paul,Williams,38,Consultant,Berlin,57495,2017-12-04
3245,Tom,Garcia,33,Engineer,Sydney,108437,2010-08-21
3246,Mike,Johnson,26,Designer,Sydney,31029,2014-09-19
3247,Sam,Taylor,29,Engineer,Sydney,74217,2004-10-24
3248,Sara,Wilson,35,Designer,New York,53542,2003-03-31
3249,Emma,Taylor,50,Manager,Dubai,53905,2010-01-14
3250,Emma,Williams,33,Architect,Delhi,75331,2022-08-22
3251,Alex,Jones,48,Developer,Tokyo,106142,2013-05-16
3252,Alex,Davis,28,Consultant,Sydney,78220,2018-08-17
3253,Emma,Smith,33,Analyst,Paris,90277,2000-01-28
3254,John,Miller,49,Intern,Dubai,91942,2010-09-08
3255,Tom,Taylor,37,Developer,Sydney,65511,2017-01-17
3256,Lisa,Williams,53,Developer,Delhi,32253,2022-05-07
3257,Sara,Brown,50,Engineer,Toronto,51214,2023-06-21
3258,Mike,Wilson,23,Manager,Singapore,74113,2022-02-02
3259,Sara,Garcia,33,Manager,London,86668,2000-07-04
3260,Emma,Davis,59,Manager,Singapore,41123,2002-10-27
3261,Tom,Wilson,21,Lead,Berlin,47318,2005-08-10
3262,Mike,Miller,19,Analyst,Paris,99825,2023-09-29
3263,John,Brown,29,Lead,Sydney,48000,2007-02-21
3264,Paul,Williams,59,Architect,Berlin,35009,2012-08-31
3265,Tom,Jones,27,Intern,Singapore,107415,2024-12-12
3266,Emma,Smith,31,Intern,London,113102,2012-03-24
3267,Sara,Wilson,34,Consultant,Toronto,40690,2016-02-04
3268,Tom,Davis,46,Designer,Sydney,55095,2008-10-03
3269,John,Miller,26,Designer,Sydney,81979,2010-12-11
3270,Alex,Williams,32,Lead,New York,29799,2002-02-14
3271,Lisa,Wilson,24,Intern,London,85995,2021-09-02
3272,Sam,Wilson,26,Consultant,Berlin
3273,Sara,Wilson,29,Engineer,Toronto,28851,2005-07-03
3274,Mike,Jones,29,Engineer,Dubai,72960,2015-11-18
3275,Lisa,Taylor,40,Designer,Sydney,75636,2024-10-27
3276,Mike,Taylor,39,Clerk,Toronto,42215,2016-12-21
3277,Mike,Jones,58,Designer,Delhi,32055,2007-08-14
3278,Mike,Taylor,48,Architect,Sydney,117516,2005-11-26
3279,Alex,Smith,34,Intern,London,61668,2015-12-25
3280,Alex,Taylor,50,Engineer,Tokyo,53578,2002-11-13
3281,John,Wilson,39,Designer,Berlin,68441,2021-09-16
3282,John,Taylor,35,Lead,Singapore,103915,2009-03-16
3283,John,Garcia,44,Consultant,Tokyo,39654,2021-08-04
3284,Emma,Taylor,59,Architect,Toronto,81776,2017-01-26
3285,Tom,Jones,32,Manager,London,80645,2017-09-24
3286,Paul,Johnson,44,Clerk,Berlin,40557,2014-03-19
3287,Sara,Davis,48,Analyst,Tokyo,81513,2000-11-11
3288,Jane,Miller,60,Designer,Berlin,66600,2024-11-20
3289,Emma,Johnson,19,Engineer,Singapore,94203,2009-01-05
3290,Tom,Smith,26,Developer,Berlin,112440,2023-06-16
3291,Emma,Smith,46,Analyst,London,111439,2005-09-22
3292,Mike,Brown,32,Designer,Tokyo,42153,2013-09-04
3293,Mike,Taylor,30,Engineer,Sydney,52068,2017-12-25
3294,Sam,Wilson,32,Engineer,London,114802,2010-07-13
3295,Tom,Smith,35,Consultant,Singapore,25594,2014-01-29
3296,Mike,Johnson,58,Consultant,Berlin,26417,2016-10-07
3297,Sam,Smith,22,Designer,Delhi,42362,2003-10-07
3298,Sam,Williams,56,Designer,New York,108498,2004-09-10
3299,Mike,Garcia,28,Engineer,Dubai,35277,2024-01-08
3300,Jane,Jones,32,Clerk,Sydney,64976,2015-02-20
3301,Mike,Taylor,54,Clerk,Toronto,60649,2010-06-22
3302,John,Miller,41,Developer,Toronto,46353,2011-06-25
3303,Emma,Garcia,34,Intern,Delhi,33933,2008-08-11
3304,Paul,Jones,40,Clerk,Delhi,92941,2022-09-29
3305,Tom,Johnson,56,Intern,London,90541,2013-05-15
3306,Tom,Smith,29,Engineer,Singapore,71770,2018-09-26
3307,Lisa,Garcia,56,Lead,Toronto,103440,2006-08-09
3308,Sara,Jones,18,Analyst,Sydney,86638,2004-09-05
3309,Tom,Wilson,33,Manager,New York,56404,2024-07-14
3310,Tom,Brown,53,Intern,Delhi,34320,2014-03-05
3311,Sam,Jones,39,Lead,London,48641,2022-06-11
3312,Sara,Jones,60,Developer,Toronto,81090,2009-07-30
3313,Mike,Garcia,56,Consultant,Dubai,59334,2014-04-15
3314,Sara,Johnson,58,Consultant,Dubai,84106,2021-09-24
3315,Emma,Taylor,25,Clerk,Singapore,101218,2014-03-25
3316,Sam,Miller,49,Analyst,London,28449,2003-06-21
3317,Mike,Davis,50,Developer,New York,90996,2005-11-01
3318,Tom,Taylor,38,Engineer,Berlin,104595,2009-03-05
3319,Paul,Johnson,38,Developer,New York,102231,2024-11-04
3320,Lisa,Smith,19,Lead,Toronto,53359,2016-10-30
3321,Mike,Williams,18,Analyst,Berlin,113755,2007-07-23
3322,Emma,Johnson,18,Architect,Dubai,108322,2007-06-01
3323,Mike,Williams,37,Manager,Singapore,111279,2007-08-25
3324,Paul,Davis,18,Manager,Tokyo,111404,2004-08-27
3325,Sam,Williams,26,Clerk,New York,80163,2009-11-23
3326,Mike,Johnson,30,Intern,London,67803,2024-10-13
3327,Sara,Williams,20,Intern,Dubai,105609,2021-09-21
3328,Paul,Taylor,34,Engineer,Paris,93200,2009-01-13
3329,Sara,Smith,39,Intern,New York,54487,2015-08-22
3330,Paul,Wilson,23,Engineer,Tokyo,85450,2010-04-06
3331,Jane,Johnson,60,Engineer,Paris,90848,2010-09-10
3332,Sam,Davis,52,Clerk,Dubai,115794,2010-10-10
3333,Jane,Wilson,58,Architect,Delhi,102095,2024-11-29
3334,Jane,Garcia,28,Designer,London,92221,2011-06-28
3335,Alex,Davis,46,Analyst,Paris,91392,2022-07-18
3336,Paul,Smith,27,Architect,Singapore,82350,2006-05-14
3337,John,Davis,34,Engineer,New York,45466,2012-01-29
3338,Tom,Jones,57,Manager,Paris,99431,2012-05-21
3339,Sam,Taylor,44,Designer,Singapore,34901,2015-01-28
3340,Lisa,Jones,29,Developer,Delhi,75040,2007-11-17
3341,John,Garcia,46,Lead,Paris,57140,2005-06-13
3342,John,Brown,45,Manager,Toronto,67708,2003-07-30
3343,John,Taylor,30,Consultant,Singapore,35707,2001-03-24
3344,Jane,Brown,18,Manager,Toronto,29833,2007-04-02
3345,John,Smith,42,Architect,Singapore,79609,2004-08-22
3346,Lisa,Williams,53,Intern,Paris,91205,2001-10-15
3347,Jane,Williams,34,Analyst,Singapore,47676,2017-01-30
3348,Tom,Wilson,21,Designer,Singapore,81593,2016-09-22
3349,Emma,Wilson,44,Analyst,New York,46520,2009-08-18
3350,Paul,Taylor,58,Intern,New York,45341,2002-06-13
3351,Sara,Wilson,25,Analyst,Toronto,38727,2022-06-16
3352,Sara,Brown,56,Designer,New York,95114,2015-01-12
3353,Sam,Garcia,46,Lead,Singapore,94718,2021-08-11
3354,Emma,Taylor,39,Designer,Berlin,31299,2010-01-26
3355,Emma,Wilson,44,Designer,London,110361,2001-01-11
3356,Mike,Jones,45,Manager,Singapore,110301,2008-03-14
3357,Alex,Williams,31,Clerk,New York,113994,2004-07-30
3358,Emma,Williams,32,Manager,Paris,117357,2008-12-02
3359,Lisa,Smith,30,Intern,Paris,34062,2013-12-10
3360,Lisa,Davis,37,Consultant,Sydney,30917,2000-11-22
3361,Sara,Brown,57,Engineer,Delhi,74290,2016-12-27
3362,John,Williams,24,Clerk,Dubai,111426,2018-10-22
3363,Tom,Miller,59,Lead,Delhi,84414,2021-05-24
3364,Jane,Garcia,60,Clerk,Paris,81221,2020-03-04
3365,Paul,Taylor,22,Clerk,Toronto,116972,2019-09-06
3366,Mike,Taylor,58,Developer,London,49100,2023-02-15
3367,Sara,Wilson,24,Clerk,Berlin,34497,2014-04-06
3368,Mike,Miller,42,Clerk,New York,,2010-01-04
3369,Sara,Williams,18,Analyst,Tokyo,113860,2022-12-07
3370,John,Jones,43,Analyst,Tokyo,117068,2012-04-29
3371,Emma,Taylor,50,Analyst,Delhi,96289,2019-03-09
3372,Jane,Taylor,43,Architect,Delhi,107492,2004-02-06
3373,John,Davis,52,Clerk,Paris,64372,2021-10-28
3374,Sam,Smith,49,Designer,Berlin,63077,2017-03-25
3375,Jane,Garcia,28,Manager,New York,86966,2023-06-05
3376,Sam,Wilson,40,Clerk,Tokyo,104674,2006-06-06
3377,Jane,Davis,46,Analyst,Singapore,80700,2016-07-04
3378,Lisa,Miller,19,Consultant,Delhi,27271,2019-05-13
3379,Sam,Jones,44,Analyst,Delhi,114357,2002-12-15
3380,Paul,Smith,21,Clerk,Tokyo,37707,2010-10-30
3381,Lisa,Garcia,55,Intern,Dubai,108363,2001-04-07
3382,Lisa,Garcia,43,Clerk,Paris,64376,2000-10-18
3383,Alex,Davis,20,Lead,New York,28155,2016-02-25
3384,Tom,Johnson,54,Clerk,Tokyo,68589,2017-05-10
3385,Mike,Johnson,59,Manager,New York,71867,2011-09-24
3386,Jane,Smith,33,Analyst,Sydney,97303,2014-01-14
3387,Jane,Taylor,36,Developer,Tokyo,28346,2000-07-08
3388,Paul,Brown,31,Consultant,Toronto,104810,2000-11-20
3389,Tom,Jones,58,Architect,Sydney,72402,2020-07-31
3390,Tom,Miller,42,Intern,Dubai,31636,2008-10-13
3391,Emma,Jones,43,Developer,Sydney,77226,2007-11-13
3392,Paul,Smith,38,Consultant,Sydney,87928,2011-04-27
3393,Sam,Garcia,44,Consultant,Tokyo,68303,2012-03-07
3394,John,Smith,26,Lead,New York,80276,2010-10-29
3395,Lisa,Jones,42,Architect,Berlin,118937,2023-12-25
3396,Paul,Davis,46,Lead,Tokyo,92608,2020-04-24
3397,Lisa,Miller,41,Clerk,Berlin,112612,2022-05-23
3398,Lisa,Wilson,25,Developer,Delhi,119122,2003-09-29
3399,Paul,Miller,35,Clerk,New York,33623,2016-04-08
3400,Lisa,Garcia,57,Architect,Paris,39529,2021-12-15
3401,Alex,Johnson,24,Intern,Dubai,106019,2001-03-09
3402,Sara,Johnson,21,Lead,Singapore,87438,2006-01-30,extra_field
3403,Mike,Smith,39,Consultant,Toronto,93418,2001-04-01
3404,Tom,Taylor,49,Manager,Delhi,29731,2019-03-11
3405,Alex,Brown,37,Analyst,New York,56067,2019-05-06
3406,Alex,Brown,30,Analyst,New York,63790,2015-05-15
3407,Sam,Jones,48,Designer,Berlin,58396,2016-04-25
3408,Tom,Johnson,19,Designer,Delhi,93303,2004-10-13
3409,John,Taylor,29,Engineer,Dubai,107600,2013-12-18
3410,John,Johnson,57,Intern,New York,101514,2012-01-09
3411,Jane,Brown,23,Clerk,London,77756,2006-08-12
3412,John,Davis,44,Designer,London,112926,2001-05-19
3413,John,Johnson,22,Developer,Singapore,89278,2019-11-20
3414,Sara,Taylor,58,Clerk,Paris,80085,2024-06-22
3415,John,Davis,22,Architect,Dubai,70978,2005-02-18
3416,Sara,Davis,49,Consultant,Toronto,39632,2012-07-01
3417,Sam,Johnson,42,Engineer,Berlin,87173,2023-05-11
3418,Jane,Brown,37,Architect,Singapore,109508,2009-11-21
3419,Sara,Wilson,43,Manager,Singapore,31305,2003-04-28
3420,John,Wilson,29,Engineer,Toronto,80926,2016-05-14
3421,Jane,Garcia,18,Developer,Singapore,36094,2016-04-13
3422,Emma,Smith,41,Developer,London,57843,2016-06-03
3423,Jane,Jones,60,Engineer,Paris,112960,2017-05-06
3424,Emma,Davis,30,Engineer,Berlin,67728,2008-09-24
3425,Sam,Garcia,35,Designer,New York,74023,2016-07-11
3426,Paul,Johnson,45,Lead,Dubai,59886,2019-06-23
3427,John,Johnson,32,Lead,Berlin,65272,2019-06-15
3428,Lisa,Miller,46,Lead,Sydney,60197,2002-04-14
3429,Jane,Brown,38,Analyst,Paris,43714,2006-01-15
3430,Lisa,Johnson,26,Intern,Sydney,83299,2006-04-16
3431,Jane,Johnson,60,Designer,Delhi,57833,2014-01-14
3432,Alex,Garcia,23,Architect,Dubai,78524,2009-02-04
3433,Jane,Wilson,50,Manager,Dubai,50433,2015-12-22
3434,Mike,Davis,36,Intern,New York,107517,2015-08-26
3435,Mike,Smith,52,Architect,New York,67067,2018-10-02
3436,Sam,Davis,50,Architect,Singapore,112181,2012-12-17
3437,John,Davis,34,Engineer,New York,115802,2001-10-22
3438,Mike,Garcia,52,Analyst,Toronto,52212,2013-01-30
3439,Alex,Taylor,32,Architect,Tokyo,57899,2008-06-09
3440,Sara,Brown,32,Consultant,Paris,57221,2023-04-15
3441,John,Miller,23,Clerk,London,54474,2020-10-19
3442,Mike,Garcia,26,Intern,Paris,45306,2007-07-02
3443,Sara,Davis,55,Designer,London,57262,2008-01-31
3444,Sara,Taylor,35,Intern,Berlin,87787,2024-02-22
3445,Lisa,Garcia,44,Consultant,Toronto,61433,2002-09-05
3446,Paul,Wilson,32,Developer,Berlin,36514,2021-05-01
3447,Alex,Taylor,50,Designer,Tokyo,49804,2009-01-24
3448,Emma,Jones,20,Clerk,Dubai,116184,2011-04-23
3449,Sara,Smith,24,Architect,Dubai,90401,2004-07-10
3450,Lisa,Taylor,18,Developer,Berlin,70043,2012-06-26
3451,Paul,Miller,29,Designer,Sydney,33596,2001-10-04
3452,Paul,Williams,55,Lead,Singapore,64047,2018-06-26
3453,Tom,Williams,53,Architect,Paris,52444,2022-01-04
3454,John,Williams,35,Engineer,Singapore,69894,2018-01-28
3455,Sara,Smith,60,Designer,Delhi,25031,2005-02-17
3456,John,Brown,35,Clerk,Berlin,85138,2006-11-02
3457,Jane,Smith,46,Developer,Tokyo,98155,2019-03-15
3458,Paul,Jones,41,Designer,New York,74072,2012-12-06
3459,Lisa,Taylor,54,Lead,Sydney,105537,2018-01-13
3460,Sam,Jones,31,Lead,Sydney,73078,2011-11-10
3461,Jane,Taylor,31,Designer,Toronto,36320,2024-12-02
3462,Jane,Williams,19,Engineer,Singapore,104729,2001-08-11
3463,Lisa,Smith,31,Consultant,Tokyo,115060,2011-09-10
3464,Mike,Miller,50,Lead,Toronto,88486,2024-10-02
3465,Sara,Miller,53,Intern,New York,46629,2014-04-28
3466,Lisa,Johnson,21,Manager,Tokyo,71286,2014-03-16
3467,Emma,Taylor,40,Lead,Sydney,47094,2014-02-15
3468,Paul,Smith,34,Clerk,Dubai,62095,2016-02-12
3469,John,Wilson,58,Analyst,Tokyo,111601,2006-03-09
3470,Tom,Smith,24,Designer,New York,119788,2002-11-30
3471,Tom,Jones,38,Lead,Berlin,89839,2013-01-25
3472,Jane,Wilson,38,Architect,Delhi,88517,2009-10-23
3473,Sam,Miller,30,Analyst,Tokyo,35958,2013-05-24
3474,John,Garcia,47,Architect,Dubai,68503,2006-11-14
3475,Tom,Davis,58,Architect,Delhi,93716,2021-02-10
3476,Emma,Brown,45,Manager,Singapore,53421,2011-09-07
3477,Sam,Wilson,43,Intern,Dubai,50220,2020-11-07
3478,Emma,Davis,43,Engineer,Dubai,58290,2007-01-27
3479,Lisa,Taylor,59,Developer,London,48878,2023-07-19
3480,Mike,Smith,48,Manager,Sydney,29059,2012-01-01
3481,Sam,Davis,51,Developer,London,63417,2018-10-28
3482,Sara,Jones,50,Lead,Berlin,63522,2009-03-07
3483,Emma,Johnson,34,Manager,Paris,86435,2017-07-17
3484,Sara,Miller,25,Lead,New York,108665,2023-11-15
3485,Tom,Johnson,24,Developer,Toronto,108228,2005-09-06
3486,Sara,Garcia,44,Developer,Tokyo,111592,2002-03-15
3487,Jane,Johnson,51,Developer,Sydney,77187,2016-10-27
3488,Tom,Smith,57,Clerk,Tokyo,69135,2021-09-10
3489,Sam,Smith,29,Analyst,Toronto,104421,2017-06-25
3490,Emma,Williams,50,Clerk,Berlin,62463,2002-01-01
3491,Alex,Wilson,38,Analyst,Dubai,85127,2015-04-11
3492,Sara,Garcia,46,Architect,Toronto,58568,2008-07-24
3493,Paul,Taylor,31,Analyst,Dubai,84850,2005-06-10
3494,Emma,Wilson,21,Consultant,Dubai,40026,2019-03-10
3495,Emma,Johnson,60,Lead,Dubai,91066,2021-04-12
3496,John,Williams,19,Clerk,Tokyo,65925,2014-12-17
3497,John,Johnson,46,Manager,New York,77648,2005-05-04
3498,Mike,Wilson,34,Architect,Sydney,61974,2000-08-18
3499,Emma,Brown,21,Lead,Paris,30777,2024-08-12
3500,Emma,Taylor,44,Lead,Paris,108987,2006-09-22
3501,Paul,Johnson,46,Architect,Paris,57623,2006-08-06
3502,Alex,Davis,52,Analyst,Singapore,58996,2021-07-05
3503,Paul,Jones,54,Developer,Singapore,107290,2004-11-28
3504,Lisa,Brown,25,Lead,Tokyo,57034,2018-10-05
3505,Jane,Brown,26,Manager,Tokyo,69797,2014-07-10
3506,Tom,Smith,59,Analyst,London,31296,2022-09-06
3507,Tom,Miller,54,Lead,Paris,99092,2022-11-21
3508,Lisa,Miller,19,Clerk,London,33536,2014-04-05
3509,John,Williams,35,Designer,Dubai,69396,2004-04-14
3510,Emma,Williams,42,Engineer,London,33071,2021-04-28
3511,Sara,Smith,26,Designer,Berlin,64542,2024-11-25
3512,Tom,Miller,21,Intern,Toronto,25189,2013-01-23
3513,Tom,Taylor,37,Manager,New York,71629,2000-11-03
3514,Mike,Garcia,53,Lead,Sydney,111558,2007-01-19
3515,John,Wilson,24,Intern,Toronto,69685,2022-11-14
3516,Paul,Smith,24,Engineer,Singapore,31842,2016-11-15
3517,Sam,Davis,60,Designer,Toronto,32960,2004-05-07
3518,Sam,Garcia,35,Analyst,Tokyo,26747,2022-01-24
3519,Mike,Wilson,57,Lead,London,56535,2007-01-17
3520,Sam,Williams,40,Intern,Toronto,55882,2009-08-30
3521,Jane,Johnson,50,Manager,Sydney,72854,2009-04-28
3522,Lisa,Smith,40,Designer,New York,112719,2015-08-23
3523,Jane,Miller,27,Manager,Delhi,74910,2013-04-18
3524,Mike,Johnson,46,Architect,Dubai,84860,2002-06-07
3525,Tom,Smith,43,Engineer,Sydney,65215,2003-04-16
3526,Jane,Miller,58,Designer,New York,110034,2015-03-12
3527,John,Taylor,33,Analyst,Toronto,90826,2011-08-19
3528,Lisa,Davis,35,Consultant,Tokyo,25573,2008-05-05
3529,Emma,Smith,32,Developer,Berlin,118855,2021-03-11
3530,Paul,Davis,21,Lead,Singapore,106698,2023-12-21
3531,Alex,Garcia,31,Clerk,Delhi,44725,2000-12-30
3532,Emma,Miller,50,Clerk,Paris,32723,2011-07-07
3533,Tom,Smith,19,Consultant,Dubai,92242,2015-02-15
3534,Alex,Miller,27,Clerk,Singapore,61503,2016-08-20
3535,Lisa,Smith,53,Developer,Singapore,111221,2008-05-23
3536,Tom,Wilson,20,Intern,New York,27651,2017-08-05
3537,Mike,Wilson,37,Lead,Paris,105008,2017-01-09
3538,Jane,Johnson,41,Intern,Delhi,99902,2017-07-10
3539,Tom,Miller,50,Consultant,Singapore,90304,2016-09-17
3540,Mike,Johnson,24,Designer,London,85526,2018-12-05
3541,Mike,Davis,43,Analyst,Sydney,80746,2009-08-04
3542,Mike,Wilson,53,Analyst,Sydney,84844,2001-12-04
3543,Sam,Taylor,37,Analyst,Delhi,118515,2011-06-05
3544,Mike,Williams,48,Clerk,Sydney,49360,2022-06-15
3545,Sara,Smith,50,Consultant,New York,53823,2018-07-24
3546,Sam,Brown,22,Intern,New York,117809,2010-04-19
3547,Tom,Taylor,47,Designer,New York,69507,2007-12-17
3548,Jane,Taylor,55,Lead,Toronto,67003,2000-10-29
3549,Alex,Brown,38,Manager,London,92331,2012-05-12
3550,Alex,Davis,36,Consultant,Tokyo,106702,2006-12-20
3551,Alex,Wilson,24,Lead,Dubai,49632,2021-04-07
3552,Lisa,Brown,18,Lead,New York,114343,2006-05-16
3553,Sam,Miller,30,Analyst,Dubai,96925,2015-07-17
3554,Mike,Smith,36,Clerk,Tokyo,107426,2010-11-18
3555,Mike,Williams,44,Designer,Delhi,80179,2010-11-07
3556,Jane,Davis,33,Lead,Tokyo,106026,2021-12-14
3557,Sara,Johnson,51,Clerk,Tokyo,84042,2008-03-11
3558,Mike,Miller,32,Intern,Sydney,62690,2019-01-24
3559,Alex,Johnson,21,Developer,Berlin,31445,2005-12-15
3560,Tom,Davis,53,Architect,Paris,87790,2000-03-20
3561,Jane,Taylor,48,Analyst,Paris,42006,2004-11-28
3562,Jane,Garcia,31,Consultant,New York,89490,2005-08-15
3563,John,Miller,60,Manager,New York,103086,2018-10-27
3564,Alex,Brown,58,Analyst,Delhi,102650,2007-08-28
3565,Jane,Miller,34,Analyst,Paris,53806,2020-09-27
3566,Emma,Garcia,60,Clerk,Dubai,52894,2008-03-21
3567,Sam,Williams,49,Consultant,Delhi,96121,2002-08-17
3568,Emma,Wilson,60,Manager,Toronto,82902,2021-02-17
3569,Sam,Williams,18,Consultant,Sydney,67386,2005-04-14
3570,Tom,Davis,36,Manager,Delhi,34906,2007-10-01
3571,Jane,Jones,39,Architect,Tokyo,66502,2000-07-30
3572,John,Johnson,42,Engineer,Berlin,70425,2009-03-10
3573,Lisa,Brown,52,Intern,London,52763,2019-10-14
3574,Tom,Smith,23,Manager,Dubai,49519,2010-06-13
3575,Tom,Williams,24,Lead,Toronto,50588,2023-05-15
3576,Lisa,Johnson,41,Engineer,London,110827,2011-11-29
3577,Paul,Jones,58,Engineer,New York,37348,2014-01-14
3578,Sam,Taylor,30,Designer,Toronto,77821,2018-11-30
3579,Paul,Taylor,60,Lead,Tokyo,116668,2023-12-13
3580,Sam,Williams,36,Clerk,Berlin,75324,2017-08-05
3581,Lisa,Johnson,39,Analyst,London,96762,2017-05-24
3582,Lisa,Jones,49,Engineer,Dubai,107980,2015-06-16
3583,John,Brown,26,Developer,New York,83443,2015-03-23
3584,Sam,Jones,56,Lead,Toronto,28151,2021-12-07
3585,Jane,Jones,40,Intern,Dubai,70965,2005-01-20
3586,Emma,Miller,32,Clerk,Tokyo,28081,2005-02-18
3587,Lisa,Johnson,41,Consultant,Paris,87662,2017-04-29
3588,John,Johnson,27,Engineer,Sydney,92800,2011-05-18
3589,Lisa,Johnson,28,Consultant,Tokyo,112637,2024-07-12
3590,Sara,Davis,42,Manager,Paris,91845,2020-04-23
3591,Emma,Taylor,42,Analyst,Tokyo,89458,2010-12-12
3592,Alex,Wilson,19,Architect,Sydney,52506,2018-08-31
3593,John,Wilson,27,Manager,New York,33942,2017-05-04
3594,John,Garcia,31,Intern,Paris,34018,2007-10-11
3595,John,Wilson,22,Consultant,Sydney,39595,2016-07-12
3596,Lisa,Williams,34,Designer,London,99279,2014-08-02
3597,Mike,Miller,34,Architect,New York,77539,2001-06-08
3598,Sara,Taylor,22,Lead,Dubai,100510,2012-03-24
3599,Sara,Miller,54,Architect,London,105462,2003-03-14
3600,John,Garcia,44,Designer,London,115817,2014-04-15
3601,Tom,Williams,21,Manager,Delhi,66219,2009-06-11
3602,Sam,Williams,41,Analyst,Toronto,84235,2023-02-13
3603,Jane,Garcia,40,Lead,Dubai,114808,2009-10-02
3604,Paul,Johnson,40,Intern,Paris,79485,2023-07-28
3605,Jane,Smith,28,Lead,London,86650,2017-01-05
3606,Lisa,Taylor,53,Architect,Berlin,74607,2004-07-19
3607,Paul,Brown,38,Analyst,Paris,104612,2019-10-06
3608,Alex,Smith,21,Developer,New York,85371,2020-09-08
3609,Tom,Wilson,19,Consultant,Toronto,55421,2005-02-27
3610,Tom,Johnson,50,Consultant,London,117696,2013-03-27
3611,Paul,Jones,43,Clerk,London,90127,2003-11-03
3612,Alex,Taylor,41,Consultant,Sydney,73343,2005-03-03
3613,Alex,Williams,33,Intern,Sydney,86613,2020-11-23
3614,Alex,Taylor,21,Lead,Singapore,116245,2007-03-27
3615,Paul,Williams,45,Developer,Singapore,87259,2001-08-25
3616,Tom,Smith,46,Analyst,Paris,85481,2002-11-25
3617,Paul,Davis,38,Consultant,New York,100694,2004-05-06
3618,Tom,Johnson,60,Lead,Sydney,84328,2010-12-25
3619,Lisa,Wilson,43,Clerk,Dubai,81488,2006-03-12
3620,Sam,Wilson,35,Architect,Paris,104780,2019-06-03
3621,Alex,Brown,46,Clerk,Tokyo,43346,2009-06-06
3622,John,Davis,58,Clerk,Toronto,71652,2010-01-12
3623,Paul,Taylor,52,Engineer,Dubai,96687,2013-02-12
3624,Mike,Wilson,29,Architect,Tokyo,58405,2004-08-29
3625,John,Garcia,43,Engineer,Singapore,41024,2024-05-27
3626,Emma,Wilson,55,Intern,Paris,102193,2008-11-28
3627,Lisa,Taylor,34,Architect,Delhi,49919,2021-07-05
3628,Lisa,Smith,35,Lead,Dubai,65834,2023-11-12
3629,Jane,Williams,19,Developer,Delhi,86363,2000-09-08
3630,Emma,Wilson,50,Designer,Sydney,87324,2009-09-20
3631,Mike,Smith,18,Lead,Toronto,54100,2015-02-28
3632,Sara,Taylor,41,Consultant,Tokyo,113533,2015-06-23
3633,Jane,Wilson,56,Architect,Singapore,62005,2017-08-25
3634,Emma,Taylor,56,Analyst,Dubai,84920,2017-01-23
3635,Jane,Taylor,57,Clerk,Tokyo,37625,2013-10-05
3636,Alex,Miller,21,Manager,Berlin,48429,2011-04-11
3637,Mike,Smith,50,Consultant,Berlin,71166,2012-04-13
3638,Emma,Brown,57,Intern,Paris,56807,2002-07-04
3639,Alex,Brown,60,Designer,Berlin,111422,2014-02-27
3640,Tom,Miller,25,Developer,Singapore,42612,2005-11-17
3641,Sara,Williams,56,Engineer,Paris,61755,2007-11-08
3642,Jane,Williams,38,Clerk,Toronto,101935,2024-01-30
3643,Emma,Wilson,29,Engineer,Sydney,52368,2016-10-02
3644,Lisa,Garcia,27,Engineer,Toronto,52442,2009-02-18
3645,Jane,Johnson,27,Engineer,New York,102514,2004-12-21
3646,Mike,Jones,36,Intern,Delhi,69020,2005-01-27
3647,Paul,Garcia,21,Consultant,Singapore,81059,2020-07-09
3648,Alex,Johnson,31,Clerk,Delhi,52243,2018-08-19
3649,John,Brown,31,Clerk,Tokyo,41311,2002-08-08
3650,Emma,Davis,35,Manager,Paris,115182,2021-01-11
3651,Emma,Brown,50,Intern,New York,35582,2001-03-09
3652,Mike,Johnson,36,Clerk,Singapore,99928,2002-05-04
3653,Emma,Jones,53,Analyst,Delhi,79794,2021-06-24
3654,Sam,Miller,36,Clerk,Dubai,51284,2015-12-12
3655,Sara,Brown,42,Intern,Sydney,28240,2022-09-16
3656,Mike,Brown,33,Clerk,Singapore,69293,2018-01-21
3657,Mike,Garcia,50,Developer,Tokyo,57126,2001-12-11
3658,Lisa,Wilson,22,Manager,Singapore,64000,2020-07-30
3659,Mike,Garcia,36,Lead,Sydney,63055,2023-01-02
3660,Sara,Williams,33,Consultant,Toronto,59431,2013-07-21
3661,Sara,Davis,32,Intern,Paris,44419,2017-11-07
3662,Tom,Wilson,37,Consultant,Tokyo,25809,2002-08-05
3663,Tom,Williams,24,Designer,Singapore,78931,2010-06-01
3664,Lisa,Garcia,42,Lead,Berlin,95722,2000-09-03
3665,Alex,Garcia,55,Manager,Paris,69132,2011-05-11
3666,Paul,Taylor,45,Designer,Tokyo,110230,2007-03-17
3667,Mike,Brown,30,Consultant,Dubai,43479,2011-02-11
3668,Sara,Johnson,44,Analyst,Sydney,113973,2009-07-13
3669,Tom,Brown,21,Engineer,London,29517,32-13-2025
3670,Sara,Davis,52,Designer,Singapore,28850,2018-03-17
3671,Mike,Jones,44,Manager,Tokyo,49893,2006-10-02
3672,Sara,Williams,57,Intern,Sydney,38466,2009-05-31
3673,Sam,Taylor,27,Consultant,Dubai,59449,2022-08-16
3674,Emma,Johnson,27,Intern,Toronto,103245,2018-02-12
3675,Mike,Johnson,57,Lead,Tokyo,66675,2011-03-04
3676,Jane,Miller,33,Consultant,Paris,98800,2020-11-12
3677,Sam,Miller,31,Engineer,Sydney,85000,2010-11-22
3678,John,Jones,50,Developer,London,90201,2019-10-25
3679,Paul,Johnson,28,Consultant,Sydney,25330,2019-06-08
3680,Lisa,Miller,19,Consultant,Paris,44654,2019-11-12
3681,Jane,Jones,32,Clerk,London,47153,2012-02-09
3682,Emma,Jones,54,Manager,Tokyo,102768,2024-11-11
3683,Tom,Taylor,56,Engineer,New York,71099,2001-12-14
3684,Alex,Taylor,29,Developer,Sydney,77285,2005-07-18
3685,Paul,Taylor,33,Designer,Singapore,56946,2007-12-09
3686,Tom,Brown,42,Clerk,Berlin,36380,2017-09-12
3687,Alex,Williams,54,Lead,London,55140,2007-08-17
3688,Jane,Wilson,24,Manager,Berlin,48311,2019-01-23
3689,Jane,Wilson,20,Manager,Delhi,84516,2006-08-02
3690,Jane,Johnson,18,Architect,Paris,94849,2011-04-01
3691,Emma,Wilson,30,Intern,Toronto,118327,2013-04-23
3692,Paul,Miller,19,Engineer,Singapore,81371,2010-11-29
3693,Sam,Garcia,25,Analyst,Paris,96980,2000-08-26
3694,Mike,Davis,26,Engineer,Paris,76187,2006-02-18
3695,Lisa,Jones,47,Intern,Toronto,78930,2002-04-29
3696,Jane,Williams,31,Engineer,Dubai,50690,2003-02-20
3697,Paul,Smith,37,Manager,Sydney,96514,2019-04-30
3698,Sam,Wilson,52,Manager,New York,79531,2020-04-09
3699,Sam,Brown,38,Clerk,Paris,90054,2020-08-03
3700,Emma,Taylor,60,Developer,London,111610,2016-01-19
3701,John,Garcia,43,Manager,London,66083,2009-08-29
3702,Paul,Williams,42,Intern,Singapore,114301,2021-05-17
3703,Alex,Williams,51,Architect,Paris,66025,2019-03-06
3704,Tom,Davis,30,Architect,Singapore,59675,2010-06-13
3705,Mike,Williams,18,Developer,Delhi,37122,2021-01-20
3706,Paul,Brown,48,Intern,Dubai,31215,2018-05-30
3707,Lisa,Williams,48,Lead,New York,74864,2000-10-02
3708,Jane,Brown,48,Clerk,Berlin,67467,2002-02-26
3709,Tom,Davis,20,Designer,Berlin,91568,2021-07-08
3710,Sara,Brown,45,Developer,Delhi,101243,2015-08-18
3711,Sara,Wilson,29,Intern,Sydney,58687,2011-06-21
3712,John,Miller,55,Designer,Berlin,65933,2005-02-12
3713,Lisa,Johnson,42,Intern,Toronto,40693,2013-11-27
3714,Sara,Miller,58,Analyst,Delhi,105568,2010-06-17
3715,Emma,Brown,39,Consultant,Dubai,92602,2001-12-25
3716,Sara,Miller,20,Analyst,Dubai,65278,2000-10-26
3717,Alex,Taylor,43,Consultant,Singapore,55130,2014-02-02
3718,Jane,Taylor,47,Analyst,Singapore,100747,2014-03-27
3719,Jane,Williams,59,Intern,Tokyo,31813,2022-05-03
3720,Tom,Taylor,58,Designer,New York,113123,2021-07-05
3721,Lisa,Miller,47,Analyst,Sydney,35043,2014-11-01
3722,Sam,Taylor,57,Developer,Sydney,57979,2021-07-11
3723,Alex,Smith,36,Clerk,New York,89548,2017-03-01
3724,Jane,Garcia,40,Architect,Berlin,82977,2023-05-05
3725,Sara,Brown,32,Designer,Toronto,111941,2005-09-13
3726,Sara,Jones,34,Clerk,Singapore,83749,2018-08-24
3727,Sam,Williams,29,Consultant,Paris,105825,2003-01-09
3728,Sam,Miller,57,Designer,Dubai,70613,2001-03-21
3729,Emma,Jones,52,Consultant,Tokyo,38489,2005-08-27
3730,Mike,Taylor,23,Manager,New York,62399,2021-11-22
3731,Alex,Wilson,19,Engineer,Tokyo,116622,2001-07-30
3732,Tom,Miller,53,Engineer,London,88647,2014-07-07
3733,Alex,Smith,58,Architect,New York,30156,2023-10-20
3734,Sara,Smith,34,Manager,Delhi,53306,2004-01-01
3735,Tom,Brown,19,Clerk,Singapore,38039,2001-02-15
3736,Lisa,Wilson,21,Lead,Singapore,43608,2020-05-25
3737,John,Brown,50,Consultant,Delhi,107580,2021-12-01
3738,Sara,Garcia,24,Engineer,Dubai,94980,2010-01-09
3739,Paul,Jones,46,Architect,Sydney,119112,2009-12-27
3740,Sara,Jones,50,Lead,Tokyo,93468,2002-04-19
3741,Jane,Williams,35,Analyst,Paris,65878,2017-11-30
3742,Sam,Smith,48,Engineer,Sydney,51976,2020-01-12
3743,John,Garcia,46,Intern,Toronto,115125,2005-10-14
3744,Jane,Williams,33,Analyst,Dubai,76116,2016-04-29
3745,Emma,Smith,49,Manager,Toronto,33798,2020-07-24
3746,Sara,Garcia,39,Intern,Singapore,84497,2021-03-16
3747,Jane,Smith,19,Consultant,London,93126,2000-12-26
3748,Sam,Brown,44,Analyst,Tokyo,63780,2001-08-18
3749,Paul,Brown,48,Engineer,New York,64997,2023-03-05
3750,Emma,Brown,21,Consultant,Delhi,109317,2009-04-20
3751,Tom,Williams,57,Consultant,Paris,68699,2022-04-15
3752,Jane,Williams,30,Analyst,Dubai,50939,2015-04-24
3753,Sara,Taylor,36,Analyst,London,108872,2002-04-20
3754,Emma,Johnson,55,Architect,Berlin,89225,2005-12-11
3755,Alex,Davis,48,Designer,Sydney,104948,2017-11-20
3756,Sara,Taylor,30,Manager,Berlin,99015,2009-11-20
3757,Alex,Davis,23,Intern,New York,54214,2020-04-18
3758,Lisa,Williams,59,Lead,Berlin,39584,2020-06-05
3759,Sara,Garcia,25,Analyst,Berlin,33161,2011-04-29
3760,Sara,Garcia,31,Clerk,Berlin,81806,2016-04-04
3761,Tom,Wilson,26,Manager,Toronto,38098,2020-02-05
3762,Mike,Williams,58,Developer,Paris,81425,2013-09-06
3763,Sara,Williams,22,Analyst,New York,30450,2019-07-27
3764,Mike,Garcia,34,Consultant,London,57094,2020-03-24
3765,Tom,Miller,28,Engineer,New York,108991,2018-10-16
3766,Sam,Wilson,35,Consultant,Dubai,34940,2021-09-22
3767,Paul,Johnson,39,Manager,Berlin,70037,2019-02-09
3768,Tom,Taylor,41,Intern,Berlin,51042,2013-08-21
3769,Mike,Jones,23,Manager,Sydney,25756,2024-02-18
3770,John,Brown,29,Manager,New York,72792,2007-06-21
3771,Sara,Williams,32,Developer,New York,71619,2021-10-13
3772,Sam,Miller,34,Lead,Toronto,98894,2018-10-15
3773,Emma,Smith,33,Clerk,Dubai,32106,2017-06-13
3774,Tom,Williams,18,Developer,Delhi,87658,2006-07-10
3775,Lisa,Davis,18,Architect,Singapore,31051,2023-08-07
3776,Paul,Brown,26,Designer,Toronto,91467,2010-05-06
3777,Sam,Brown,23,Designer,Singapore,78631,2021-02-24
3778,Sara,Wilson,47,Clerk,Dubai,61017,2014-10-27
3779,Sara,Smith,35,Intern,Berlin,85550,2022-10-27
3780,John,Johnson,48,Analyst,New York,94823,2022-11-19
3781,Jane,Johnson,56,Analyst,Berlin,88140,2016-06-10
3782,Lisa,Davis,37,Architect,London,54735,2022-01-18
3783,Alex,Williams,39,Designer,Delhi,105562,2011-10-30
3784,Alex,Taylor,58,Manager,Dubai,31548,2024-02-16
3785,Sam,Brown,50,Analyst,Paris,74049,2015-11-04
3786,Mike,Brown,57,Designer,Sydney,32580,2006-07-01
3787,Lisa,Brown,48,Designer,Sydney,51788,2017-08-01
3788,Sam,Johnson,26,Engineer,Berlin,98593,2001-03-07
3789,Jane,Miller,28,Clerk,Sydney,114403,2011-04-01
3790,Lisa,Williams,34,Analyst,Sydney,47363,2003-06-11
3791,Sara,Taylor,46,Architect,Delhi,100875,2016-05-29
3792,Alex,Williams,52,Engineer,Paris,97547,2013-10-22
3793,Sara,Garcia,30,Lead,Singapore,97092,2001-12-09
3794,Sam,Brown,35,Architect,Delhi,78765,2014-11-03
3795,Lisa,Williams,20,Analyst,Dubai,108769,2002-07-18
3796,John,Garcia,47,Architect,Berlin,83200,2019-12-22
3797,Mike,Wilson,25,Clerk,Berlin,93488,2010-04-21
3798,Emma,Brown,39,Manager,Tokyo,65917,2005-04-26
3799,John,Garcia,21,Analyst,New York,48111,2001-07-30
3800,John,Miller,25,Analyst,Delhi,65088,2021-04-22
3801,Sam,Taylor,52,Developer,Tokyo,31550,2003-06-23
3802,Mike,Wilson,38,Designer,New York,94273,2001-12-03
3803,Emma,Garcia,46,Clerk,London,104553,2021-08-15
3804,Alex,Smith,57,Manager,Paris,97704,2018-03-31
3805,Jane,Williams,22,Analyst,Paris,67036,2010-12-16
3806,Alex,Miller,38,Designer,London,103385,2008-03-12
3807,Mike,Miller,23,Consultant,London,47848,2007-11-14
3808,John,Williams,48,Manager,London,107360,2020-04-24
3809,Jane,Taylor,46,Architect,New York,108729,2019-11-28
3810,Sara,Taylor,28,Consultant,Delhi,79759,2011-12-27
3811,Paul,Miller,56,Designer,Berlin,65196,2020-11-15
3812,Sara,Miller,20,Developer,Sydney,108598,2017-10-20
3813,Lisa,Jones,41,Intern,New York,50334,2010-06-01
3814,John,Brown,55,Lead,Paris,86606,2021-09-13
3815,Lisa,Williams,51,Architect,London,93645,2022-07-20
3816,Sam,Wilson,37,Lead,London,80251,2021-02-14
3817,Emma,Wilson,34,Designer,Singapore,71177,2002-07-18
3818,Alex,Davis,26,Engineer,Delhi,41963,2009-03-26
3819,John,Williams,42,Intern,Delhi,81262,2012-11-21
3820,Sam,Brown,53,Consultant,Singapore,106106,2005-10-25
3821,Lisa,Jones,30,Clerk,Dubai,114196,2012-05-08
3822,Sam,Williams,60,Developer,Dubai,35467,2007-08-15
3823,Emma,Miller,25,Clerk,Delhi,88544,2023-06-23
3824,Sara,Garcia,60,Clerk,London,30623,2012-12-05
3825,Lisa,Johnson,41,Analyst,Sydney,50674,2017-09-11
3826,Jane,Taylor,23,Consultant,Dubai,56501,2016-06-30
3827,Jane,Garcia,42,Analyst,Delhi,36337,2007-09-23
3828,Sara,Williams,23,Engineer,Tokyo,77904,2002-12-26
3829,Sara,Taylor,47,Developer,Tokyo,82916,2011-12-26
3830,Lisa,Brown,22,Lead,Paris,30903,2004-05-08
3831,Alex,Johnson,56,Developer,Paris,62031,2022-02-24
3832,Emma,Jones,36,Consultant,Singapore,49411,2017-08-13
3833,Paul,Miller,46,Intern,London,38362,2006-02-09
3834,Mike,Miller,21,Developer,Delhi,37172,2009-12-30
3835,Lisa,Miller,58,Manager,Paris,48699,2020-03-18
3836,Jane,Jones,39,Consultant,New York,33561,2021-06-22
3837,Lisa,Davis,21,Lead,Tokyo,117949,2006-03-13
3838,Alex,Taylor,22,Manager,New York,30919,2007-11-11
3839,Alex,Williams,52,Manager,Paris,112889,2020-02-15
3840,John,Miller,20,Intern,Berlin,34469,2006-07-26
3841,Sam,Johnson,57,Engineer,New York,31391,2021-12-31
3842,Tom,Davis,58,Consultant,Dubai,46889,2014-09-29
3843,Alex,Johnson,43,Consultant,Delhi,58156,2008-08-01
3844,Lisa,Garcia,42,Developer,Delhi,94100,2006-09-29
3845,Emma,Garcia,19,Engineer,Toronto,103981,2015-07-19
3846,Sara,Jones,52,Developer,Delhi,74837,2021-01-12
3847,Sara,Brown,42,Analyst,Paris,95638,2016-03-26
3848,Alex,Johnson,34,Designer,Paris,98339,2003-02-03
3849,Sara,Brown,60,Intern,Tokyo,107383,2004-09-02
3850,Emma,Smith,18,Architect,Delhi,112814,2007-11-12
3851,Sam,Brown,55,Lead,Dubai,82846,2002-12-01
3852,Jane,Davis,35,Manager,Delhi,93172,2013-03-21
3853,Sam,Miller,34,Manager,Berlin,78492,2022-09-20
3854,Jane,Brown,46,Manager,Berlin,35274,2006-10-23
3855,Lisa,Taylor,40,Clerk,Dubai,46501,2004-03-08
3856,Alex,Taylor,50,Architect,Berlin,29072,2003-01-21
3857,Sam,Johnson,20,Analyst,Berlin,100269,2006-06-20
3858,Mike,Jones,30,Clerk,Dubai,85025,2005-12-24
3859,Lisa,Miller,46,Analyst,New York,37965,2014-10-31
3860,Lisa,Taylor,23,Designer,Sydney,102484,2016-07-09
3861,Alex,Wilson,29,Intern,Dubai,82668,2000-06-18
3862,Jane,Williams,32,Analyst,Sydney,82659,2004-12-08
3863,Alex,Garcia,36,Consultant,Toronto,46859,2018-09-13
3864,Sara,Davis,43,Developer,Delhi,25568,2017-03-27
3865,Sara,Williams,38,Intern,Tokyo,81452,2015-01-05
3866,Sara,Taylor,19,Analyst,Sydney,94743,2020-12-13
3867,Mike,Garcia,20,Architect,Paris,99339,2014-07-31
3868,Sam,Davis,43,Lead,New York,103425,2008-12-16
3869,Mike,Taylor,31,Architect,New York,103075,2002-07-28
3870,John,Williams,31,Manager,Delhi,26921,2010-01-12
3871,Jane,Johnson,21,Manager,Singapore,111723,2007-10-29
3872,Tom,Johnson,51,Architect,Paris,51998,2000-08-05
3873,Jane,Smith,49,Manager,Sydney,114325,2000-10-06
3874,Mike,Johnson,28,Consultant,Dubai,106434,2023-06-26
3875,Emma,Smith,29,Lead,Toronto,112599,2017-04-06
3876,Alex,Garcia,55,Analyst,Tokyo,45643,2018-01-31
3877,Mike,Garcia,54,Manager,Toronto,81085,2001-10-28
3878,Paul,Taylor,24,Consultant,London,83585,2019-04-21
3879,Tom,Wilson,40,Analyst,Toronto,61431,2005-04-10
3880,Sara,Wilson,31,Analyst,Tokyo,60760,2002-11-27
3881,Paul,Williams,60,Manager,London,54298,2014-05-09
3882,John,Jones,40,Lead,New York,68641,2007-01-12
3883,Emma,Williams,41,Lead,Delhi,69968,2009-07-28
3884,Paul,Brown,26,Clerk,Delhi,109343,2010-03-17
3885,Sara,Williams,27,Manager,Paris,71725,2017-08-10
3886,Paul,Miller,44,Clerk,Delhi
3887,Jane,Garcia,19,Developer,London,60060,2020-10-10
3888,Paul,Johnson,34,Lead,Sydney,51598,2012-07-02
3889,Lisa,Taylor,19,Lead,Toronto,26054,2005-03-05
3890,Tom,Johnson,49,Designer,Tokyo,64973,2019-04-27
3891,John,Jones,41,Clerk,Toronto,116141,2022-04-28
3892,Emma,Davis,35,Architect,Delhi,94184,2004-01-17
3893,Mike,Garcia,57,Clerk,Singapore,101677,2016-04-09
3894,Paul,Wilson,27,Manager,Berlin,66783,2004-07-02
3895,Paul,Davis,39,Architect,Paris,106436,2004-04-05
3896,Lisa,Smith,44,Clerk,Toronto,88557,2011-08-17
3897,Tom,Davis,29,Consultant,Delhi,94383,2017-09-07
3898,Mike,Taylor,59,Engineer,Singapore,99137,2019-09-03
3899,Sara,Davis,25,Engineer,New York,51139,2005-11-19
3900,Paul,Jones,52,Clerk,Singapore,55986,2008-09-27
3901,John,Smith,24,Architect,Sydney,101255,2024-08-29
3902,Lisa,Miller,42,Designer,Paris,80660,2020-11-04
3903,Jane,Smith,54,Clerk,Toronto,42105,2017-11-13
3904,Mike,Wilson,25,Designer,Dubai,84840,2003-12-25
3905,Jane,Miller,43,Architect,Tokyo,94761,2005-12-21
3906,Mike,Taylor,53,Engineer,Delhi,81091,2001-12-12
3907,Sam,Williams,25,Architect,Sydney,89435,32-13-2025
3908,Tom,,56,Designer,Toronto,82546,2015-03-17
3909,John,Jones,51,Intern,Toronto,86960,2017-06-24
3910,Paul,Brown,40,Developer,Singapore,64653,2010-11-18
3911,Lisa,Jones,60,Analyst,Singapore,108526,2021-02-05
3912,Sam,Garcia,58,Intern,Sydney,40452,2010-09-22
3913,Tom,Garcia,52,Engineer,New York,67668,2003-02-03
3914,Jane,Wilson,55,Clerk,Tokyo,33732,2022-07-16
3915,Emma,Brown,45,Architect,New York,74887,2003-06-12
3916,Paul,Miller,40,Designer,Dubai,55695,2004-05-27
3917,John,Wilson,28,Lead,Paris,114698,2024-11-10
3918,John,Taylor,30,Lead,Dubai,74515,2014-03-17
3919,John,Miller,41,Developer,Tokyo,91111,2004-02-07
3920,Emma,Williams,51,Developer,Delhi,110091,2019-09-06
3921,Emma,Garcia,37,Architect,London,85805,2017-01-19
3922,Emma,Wilson,24,Clerk,London,59571,2024-02-02
3923,John,Williams,28,Intern,London,97828,2021-12-29
3924,Alex,Miller,60,Engineer,Toronto,63012,2023-05-22
3925,Tom,Taylor,45,Developer,Dubai,74909,2007-07-18
3926,Lisa,Taylor,50,Designer,New York,73177,2005-02-14
3927,Mike,Taylor,50,Manager,Dubai,91441,2022-03-31
3928,Mike,Wilson,45,Developer,Toronto,65904,2002-07-28
3929,Sam,Williams,29,Lead,London,79850,2014-03-05
3930,Sara,Jones,22,Clerk,Dubai,26676,2008-12-23
3931,Sara,Williams,55,Developer,Sydney,119297,2011-12-18
3932,Emma,Williams,53,Clerk,Sydney,110470,2024-02-26
3933,Sam,Smith,35,Engineer,Paris,32569,2018-06-20
3934,Sara,Williams,23,Engineer,Paris,88726,2012-01-12
3935,Sara,Smith,18,Intern,Tokyo,101126,2011-03-05
3936,Alex,Johnson,54,Designer,Toronto,87760,2021-05-11
3937,Mike,Taylor,59,Designer,New York,101151,2005-03-08
3938,Tom,Jones,23,Engineer,Dubai,81208,2008-07-26
3939,Paul,Johnson,53,Analyst,Tokyo,97511,2005-07-30
3940,Jane,Garcia,45,Lead,Singapore,31966,2024-04-27
3941,Emma,Smith,47,Engineer,New York,77962,2023-10-01
3942,Paul,Wilson,42,Developer,Berlin,40229,2010-07-06
3943,Paul,Brown,60,Engineer,Paris,84330,2000-09-08
3944,Emma,Taylor,19,Clerk,Berlin,50099,2012-02-16
3945,John,Brown,57,Engineer,Singapore,52397,2023-03-27
3946,Paul,Johnson,46,Designer,Singapore,66297,2016-07-28
3947,Tom,Williams,48,Designer,New York,70965,2012-08-05
3948,Sam,Brown,29,Engineer,Sydney,67672,2009-05-18
3949,Alex,Johnson,58,Designer,Berlin,37659,2005-05-20
3950,John,Brown,53,Lead,London,61669,2000-07-19
3951,Jane,Wilson,20,Consultant,Dubai,110695,2019-08-14
3952,Jane,Davis,60,Consultant,Singapore,82373,2004-05-20
3953,Tom,Brown,34,Analyst,Dubai,83196,2021-12-04
3954,Paul,Wilson,20,Intern,Paris,78863,2007-08-15
3955,Lisa,Brown,30,Architect,Singapore,95048,2003-05-26
3956,Lisa,Brown,56,Lead,Dubai,77929,2018-08-13
3957,Emma,Taylor,47,Manager,New York,108607,2009-11-17
3958,Sam,Johnson,50,Consultant,New York,55526,2005-12-10
3959,Sam,Taylor,18,Consultant,Tokyo,96231,2008-09-29
3960,Alex,Garcia,30,Intern,Delhi,111955,2019-04-30
3961,Jane,Williams,45,Analyst,Delhi,117048,2000-07-31
3962,Alex,Smith,39,Manager,Dubai,82847,2023-04-29
3963,Sam,Taylor,49,Engineer,Singapore,117991,2009-11-25
3964,Mike,Garcia,60,Clerk,Singapore,78753,2014-03-19
3965,Jane,Taylor,36,Analyst,Delhi,35297,2003-03-14
3966,Tom,Williams,19,Developer,Berlin,97351,2001-05-01
3967,Emma,Williams,51,Clerk,Sydney,42430,2013-02-17
3968,Tom,Miller,25,Developer,Singapore,44784,2005-08-06
3969,Jane,Davis,50,Designer,Delhi,88963,2010-11-18
3970,John,Davis,49,Clerk,Dubai,66711,2012-01-08
3971,Tom,Wilson,30,Developer,Tokyo,47773,2009-06-12
3972,Tom,Miller,40,Analyst,Berlin,109396,2021-10-04
3973,Lisa,Williams,33,Designer,Sydney,78193,2006-02-06
3974,Emma,Brown,30,Manager,Dubai,63121,2014-02-01
3975,Alex,Brown,51,Designer,Paris,111659,2011-11-09
3976,Sam,Johnson,18,Lead,Delhi,65932,2023-08-28
3977,Mike,Johnson,18,Clerk,London,92973,2024-06-21
3978,Paul,Wilson,44,Manager,Tokyo,76610,2022-09-23
3979,John,Taylor,52,Developer,Paris,36835,2011-03-24
3980,Mike,Miller,52,Analyst,Sydney,116143,2022-11-10
3981,John,Davis,42,Lead,Tokyo,84439,2005-10-22
3982,Sam,Jones,45,Analyst,London,49408,2001-03-15
3983,Alex,Johnson,29,Clerk,Paris,36447,2005-01-23
3984,Emma,Wilson,18,Developer,Tokyo,38486,2018-10-12
3985,Tom,Williams,32,Consultant,Toronto,61321,2018-08-06
3986,John,Jones,29,Clerk,London,43822,2018-06-28
3987,Emma,Miller,31,Manager,Toronto,110804,2019-09-29
3988,Lisa,Smith,46,Architect,London,115033,2020-07-09
3989,Alex,Williams,44,Developer,London,83918,2008-01-28
3990,Lisa,Miller,19,Manager,Singapore,60451,2005-04-05
3991,Sam,Williams,30,Developer,Singapore,57124,2023-01-27
3992,Sara,Williams,40,Designer,Paris,109608,2023-01-24
3993,Mike,Smith,27,Clerk,Berlin,75882,2007-06-02
3994,John,Williams,29,Designer,Dubai,113386,2020-06-11
3995,Paul,Davis,46,Manager,Delhi,107818,2006-06-21
3996,Emma,Taylor,22,Developer,Dubai,49738,2021-07-20
3997,Sam,Johnson,22,Consultant,Tokyo,70101,2006-02-25
3998,Tom,Brown,33,Consultant,Toronto,101558,2017-02-25
3999,Jane,Johnson,19,Developer,New York,41070,2016-06-25
4000,Alex,Johnson,55,Developer,Paris,68892,2005-08-09
4001,Alex,Davis,28,Intern,Singapore,64914,2001-04-26
4002,Sam,Garcia,58,Lead,London,26750,2015-03-26
4003,Jane,Davis,38,Consultant,Singapore,75955,2012-03-30
4004,John,Smith,41,Clerk,Toronto,34491,2023-05-30
4005,Paul,Davis,29,Manager,Sydney,57681,2002-10-06
4006,Emma,Jones,35,Designer,Singapore,108339,2017-01-11
4007,Sara,Wilson,51,Developer,Tokyo,44380,2013-08-22
4008,Jane,Wilson,22,Engineer,Toronto,96122,2005-08-31
4009,Sam,Jones,27,Consultant,Tokyo,93603,2012-05-24
4010,Sara,Davis,48,Manager,Sydney,72897,2002-12-26
4011,Mike,Johnson,36,Lead,Dubai,37379,2020-10-10
4012,John,Taylor,27,Analyst,Delhi,63497,2016-04-09
4013,John,Smith,24,Architect,Singapore,28926,2015-03-30
4014,Sam,Miller,40,Developer,Tokyo,91800,2015-02-06
4015,Mike,Jones,26,Manager,,35916,2001-01-06
4016,Sara,Williams,23,Lead,London,96958,2012-04-15
4017,Tom,Garcia,47,Manager,Berlin,38718,2024-10-14
4018,Tom,Taylor,20,Developer,Berlin,112044,2015-07-17
4019,Mike,Miller,22,Consultant,Singapore,87325,2022-08-07
4020,Sara,Jones,24,Designer,Berlin,55998,2018-07-28
4021,Alex,Johnson,58,Lead,Tokyo,99817,2010-09-07
4022,Emma,Jones,31,Designer,Sydney,48943,2024-05-04
4023,Sara,Jones,22,Manager,Paris,93604,2009-10-23
4024,Sara,Wilson,54,Engineer,New York,68249,2006-07-26
4025,Mike,Jones,52,Designer,London,43912,2023-01-14
4026,Alex,Brown,31,Analyst,Singapore,53786,2002-04-04
4027,Emma,Miller,42,Analyst,Berlin,69652,2023-08-01
4028,Emma,Garcia,58,Consultant,London,104554,2010-01-24
4029,Paul,Miller,41,Lead,Tokyo,104440,2004-04-02
4030,Tom,Miller,57,Engineer,New York,103994,2011-08-25
4031,Mike,Johnson,50,Clerk,Toronto,116740,2017-02-06
4032,Emma,Williams,19,Analyst,Delhi,43195,2009-01-21
4033,Sam,Johnson,43,Intern,Paris,33586,2004-09-18
4034,Alex,Jones,54,Consultant,Paris,106285,2012-01-19
4035,John,Smith,50,Analyst,Sydney,26472,2003-07-09
4036,Paul,Brown,47,Engineer,Tokyo,47427,2016-10-14
4037,Mike,Davis,42,Developer,New York,31943,2022-11-20
4038,Lisa,Wilson,26,Manager,Singapore,114634,2015-03-23
4039,Tom,Miller,24,Manager,Paris,87718,2010-01-29
4040,John,Wilson,26,Architect,Singapore,50605,2001-07-15
4041,Emma,Taylor,58,Developer,Delhi,45779,2018-07-03
4042,Tom,Taylor,58,Lead,London,92834,2001-10-03
4043,John,Jones,49,Architect,Paris,51465,2007-07-04
4044,John,Miller,51,Clerk,London,45725,2021-12-30
4045,Mike,Taylor,46,Clerk,London,68956,2008-08-19
4046,Lisa,Jones,22,Lead,Berlin,99786,2008-03-07
4047,Sara,Williams,37,Architect,Sydney,67577,2003-08-31
4048,Emma,Brown,60,Engineer,Tokyo,81478,2002-05-14
4049,John,Smith,26,Analyst,New York,65416,2005-10-14
4050,Tom,Wilson,18,Clerk,New York,89563,2017-08-01
4051,Paul,Wilson,59,Analyst,Delhi,75871,2002-01-19
4052,Emma,Williams,52,Manager,Toronto,32816,2022-09-17
4053,Paul,Miller,58,Designer,Paris,45871,2015-07-06
4054,Alex,Brown,22,Manager,Sydney,40606,2003-02-19
4055,John,Wilson,29,Designer,Delhi,58277,2018-12-19
4056,Emma,Jones,19,Architect,London,38190,2004-05-07
4057,Tom,Brown,48,Architect,New York,35137,2006-09-28
4058,John,Brown,20,Lead,Berlin,111391,2013-04-18
4059,Sam,Garcia,29,Analyst,London,79885,2004-05-28
4060,Sara,Smith,32,Consultant,Berlin,83859,2019-06-18
4061,Sam,Wilson,51,Manager,New York,39840,2016-05-26
4062,Jane,Brown,42,Designer,New York,84100,2010-11-14
4063,Sara,Wilson,45,Manager,Paris,27061,2012-05-12
4064,Sam,Garcia,20,Architect,Tokyo,45096,2016-04-29
4065,Alex,Johnson,40,Manager,Paris,96991,2007-08-21
4066,Alex,Garcia,59,Lead,Berlin,47835,2018-05-19
4067,Paul,Wilson,49,Consultant,Toronto,29310,2015-11-09
4068,Emma,Garcia,40,Engineer,Singapore,60033,2022-10-24
4069,Mike,Brown,25,Lead,Dubai,54098,2020-03-12
4070,Lisa,Miller,52,Engineer,Sydney,38652,2021-11-22
4071,Lisa,Williams,41,Designer,Paris,111582,2015-07-14
4072,Emma,Taylor,43,Analyst,Singapore,87382,2003-09-30
4073,Emma,Williams,22,Analyst,Tokyo,28777,2000-05-21
4074,Lisa,Davis,47,Clerk,Dubai,95517,2019-08-07
4075,Sam,Smith,38,Intern,Delhi,97580,2010-07-05
4076,Sam,Davis,60,Developer,Tokyo,98279,2012-08-12
4077,Tom,Davis,29,Clerk,Sydney,65613,2009-07-18
4078,Mike,Taylor,31,Lead,Sydney,110503,2020-03-20
4079,John,Johnson,50,Architect,Sydney,43206,2021-11-24
4080,Mike,Smith,44,Designer,Paris,30311,2022-11-30
4081,John,Smith,52,Clerk,Paris,82101,2014-04-18
4082,Sara,Davis,45,Developer,Tokyo,110510,2003-12-06
4083,Sara,Wilson,22,Designer,Delhi,85196,2021-12-14
4084,Lisa,Williams,19,Analyst,Paris,108835,2003-06-13
4085,Sara,Johnson,60,Manager,Delhi,83777,2001-08-29
4086,Sam,Davis,52,Lead,Tokyo,60104,2005-06-20
4087,Mike,Wilson,50,Manager,Singapore,28009,2017-01-19
4088,Emma,Johnson,44,Developer,Toronto,94395,2014-10-06
4089,John,Miller,23,Architect,Delhi,29763,2019-01-30
4090,Jane,Miller,24,Consultant,Dubai,33641,2015-01-22
4091,John,Smith,25,Developer,Paris,89619,2005-07-04
4092,Paul,Garcia,56,Clerk,Tokyo,58969,2017-06-18
4093,John,Davis,30,Analyst,Paris,68589,2002-07-12
4094,Tom,Wilson,54,Analyst,Tokyo,34177,2004-08-20
4095,Paul,Williams,46,Developer,London,53629,2016-12-22
4096,Jane,Garcia,41,Consultant,Dubai,93864,2014-07-29
4097,John,Davis,32,Architect,Toronto,91565,2004-02-06
4098,Mike,Williams,59,Clerk,New York,87823,2002-04-19
4099,John,Wilson,50,Developer,Toronto,92546,2020-11-11
4100,Mike,Davis,41,Clerk,Singapore,37095,2000-05-20
4101,Sam,Miller,20,Engineer,Singapore,116872,2022-02-26
4102,John,Jones,45,Lead,Delhi,99977,2001-01-14
4103,John,Wilson,26,Lead,London,81630,2014-04-23
4104,Emma,Williams,51,Developer,Toronto,105552,2022-06-02
4105,Paul,Williams,20,Analyst,Tokyo,115649,2006-02-12
4106,Sam,Garcia,39,Engineer,Paris,39126,2003-02-03
4107,Emma,Miller,37,Consultant,Berlin,82185,2000-07-20
4108,John,Miller,18,Clerk,New York,65103,2014-01-29
4109,Sam,Johnson,25,Developer,Berlin,102587,2000-04-11
4110,Mike,Jones,22,Intern,Sydney,42647,2004-08-24
4111,John,Davis,54,Lead,Paris,82638,2024-02-06
4112,Lisa,Garcia,44,Analyst,Delhi,119686,2016-09-12
4113,Lisa,Davis,29,Architect,Dubai,62474,2019-08-07
4114,John,Johnson,56,Architect,Paris,43489,2007-05-14
4115,Lisa,Taylor,44,Lead,Toronto,30732,2019-02-01
4116,Lisa,Davis,21,Architect,Singapore,119051,2009-02-28
4117,Sam,Garcia,35,Analyst,Sydney,65860,2021-01-12
4118,Tom,Wilson,21,Consultant,London,73073,2020-03-19
4119,Jane,Jones,54,Engineer,Sydney,60526,2021-08-27
4120,Sam,Williams,44,Lead,Sydney,57750,2016-09-30
4121,Sam,Johnson,26,Manager,Berlin,26739,2010-10-01
4122,Tom,Taylor,23,Architect,Berlin,112779,2004-02-10
4123,Sara,Smith,58,Architect,Delhi,82374,2010-01-21
4124,Sam,Brown,44,Architect,Dubai,54748,2018-01-23
4125,Mike,Johnson,59,Intern,Berlin,35870,2013-08-24
4126,Emma,Johnson,55,Engineer,Dubai,50726,2004-07-22
4127,Tom,Brown,18,Consultant,London,51296,2017-12-01
4128,Sam,Wilson,29,Manager,Sydney,39673,2022-05-05
4129,Jane,Taylor,21,Intern,Dubai,28511,2006-01-06
4130,Lisa,Smith,41,Architect,Dubai,47059,2002-10-04
4131,Jane,Brown,40,Intern,Singapore,104809,2011-09-12
4132,Jane,Garcia,52,Architect,Delhi,107825,2012-05-27
4133,Mike,Smith,53,Clerk,Sydney,108310,2015-04-12
4134,Sam,Smith,33,Manager,London,89695,2019-02-02
4135,Emma,Jones,32,Consultant,Berlin,31340,2009-07-26
4136,Alex,Miller,39,Manager,Singapore,33766,2018-06-02
4137,Alex,Jones,40,Clerk,Delhi,74403,2024-10-16
4138,Tom,Johnson,51,Consultant,Delhi,98482,2012-08-16
4139,Lisa,Davis,34,Engineer,Delhi,30955,2020-08-07
4140,Tom,Johnson,18,Intern,Paris,66742,2004-04-28
4141,Sara,Brown,27,Analyst,Sydney,119305,2023-08-11
4142,Emma,Taylor,45,Intern,Paris,69033,2012-01-13
4143,Paul,Smith,23,Designer,Paris,38217,2019-11-17
4144,Sara,Williams,54,Architect,Paris,38018,2010-11-18
4145,Paul,Williams,29,Manager,Berlin,28683,32-13-2025
4146,Sam,Johnson,27,Analyst,Singapore,102475,2014-11-16
4147,Sam,Wilson,52,Lead,Berlin,58190,2008-08-15
4148,John,Miller,34,Designer,Singapore,86002,2009-06-21
4149,Alex,Garcia,19,Consultant,Sydney,47116,2009-04-28
4150,Paul,Smith,57,Consultant,Berlin,108641,2013-11-29
4151,Paul,Wilson,35,Clerk,Sydney,100880,2004-10-27
4152,Emma,Davis,46,Designer,Delhi,73289,2002-04-06
4153,Sam,Smith,46,Manager,Toronto,43926,2003-01-29
4154,Lisa,Miller,36,Engineer,Tokyo,93562,2012-04-15
4155,Sara,Jones,60,Designer,London,78380,2005-04-25
4156,Lisa,Davis,26,Analyst,Toronto,97510,2013-06-23
4157,Mike,Smith,27,Engineer,Dubai,32269,2006-07-31
4158,Sara,Miller,49,Manager,Berlin,59170,2008-01-20
4159,Tom,Williams,35,Engineer,Tokyo,113488,2002-04-03
4160,John,Taylor,35,Lead,Toronto,50417,2003-01-15
4161,Emma,Johnson,41,Lead,Berlin,104599,2014-03-16
4162,John,Garcia,60,Analyst,Dubai,35953,2015-09-19
4163,Alex,Smith,31,Architect,Paris,87699,2012-10-22
4164,Sam,Taylor,40,Architect,Berlin,63523,2010-09-28
4165,Sara,Williams,34,Developer,Sydney,59958,2023-04-03
4166,Emma,Taylor,18,Clerk,Singapore,101702,2007-03-12
4167,Alex,Davis,19,Developer,Paris,113666,2001-01-12
4168,Emma,Williams,56,Manager,Tokyo,40865,2013-09-05
4169,Emma,Johnson,46,Designer,Toronto,97205,2006-12-22
4170,Tom,Miller,23,Analyst,Paris,41926,2006-02-17
4171,Sara,Taylor,45,Designer,Delhi,99304,2012-04-04
4172,Jane,Johnson,35,Lead,Delhi,48093,2012-09-03
4173,Paul,Johnson,55,Lead,Sydney,73937,2003-04-18
4174,Lisa,Johnson,37,Lead,Dubai,35987,2001-06-11
4175,Tom,Brown,28,Manager,Berlin,104271,2023-04-26
4176,Lisa,Garcia,28,Architect,Sydney,55613,2018-07-25
4177,Mike,Taylor,27,Clerk,Singapore,85597,2001-12-11
4178,Mike,Wilson,26,Developer,Delhi,68974,2001-03-13
4179,Jane,Davis,58,Manager,London,44124,2018-07-24
4180,Tom,Taylor,32,Engineer,Sydney,97578,2007-02-15
4181,Sam,Davis,34,Clerk,Singapore,95410,2011-06-05
4182,Emma,Jones,19,Architect,Tokyo,39034,2019-05-02
4183,Emma,Taylor,58,Engineer,London,25236,2003-05-08
4184,Jane,Brown,51,Developer,New York,,2023-11-08
4185,Lisa,Davis,27,Consultant,Toronto,37838,2014-01-09
4186,Tom,Williams,24,Clerk,Dubai,49329,2017-04-16
4187,Sam,Jones,49,Developer,Delhi,60678,2007-05-03
4188,John,Miller,54,Designer,Singapore,106304,2017-04-13
4189,Sara,Jones,30,Clerk,Berlin,108072,2015-02-04
4190,Jane,Miller,49,Engineer,Delhi,60447,2001-05-08
4191,Jane,Williams,34,Lead,Sydney,50798,2009-04-15
4192,Tom,Wilson,31,Intern,Tokyo,101751,2006-07-01
4193,Alex,Garcia,52,Lead,New York,103998,2020-07-07
4194,Paul,Brown,58,Clerk,Tokyo,113251,2002-09-15
4195,John,Johnson,19,Developer,Paris,70697,2005-07-09
4196,John,Williams,59,Architect,Dubai,104291,2001-05-08
4197,Paul,Smith,35,Clerk,Toronto,73860,2007-12-23
4198,Lisa,Miller,26,Intern,Berlin,106675,2024-04-22
4199,Sam,Wilson,57,Designer,Berlin,109520,2013-04-02
4200,Lisa,Miller,19,Clerk,Berlin,60181,2020-12-18
4201,Emma,Williams,48,Architect,London,81558,2006-08-16
4202,John,Williams,55,Lead,Sydney,47041,2000-04-03
4203,Jane,Taylor,47,Intern,Sydney,28918,2019-01-27
4204,Emma,Jones,53,Developer,Singapore,66256,2008-08-11
4205,Paul,Johnson,52,Architect,New York,55119,2018-12-04
4206,Jane,Taylor,42,Lead,Paris,67360,2010-08-22
4207,Paul,Taylor,26,Engineer,London,75710,2024-05-01
4208,Emma,Miller,27,Intern,London,43134,2012-09-09
4209,Sara,Miller,48,Developer,Toronto,37668,2018-07-14
4210,Alex,Brown,42,Manager,Toronto,119079,2012-01-05
4211,Sam,Williams,47,Clerk,New York,97401,2011-07-24
4212,Jane,Wilson,32,Designer,Paris,54076,2015-04-21
4213,Emma,Wilson,28,Consultant,Tokyo,54571,2020-01-02
4214,Jane,Garcia,24,Intern,Paris,116535,2007-09-05
4215,Mike,Wilson,58,Manager,Tokyo,108570,2004-02-02
4216,Alex,Miller,59,Engineer,London,75552,2019-10-26
4217,Sam,Johnson,44,Analyst,Singapore,110798,2009-05-04
4218,Lisa,Miller,39,Consultant,Paris,82529,2000-06-02
4219,Jane,Smith,34,Intern,Sydney,56652,2000-03-16
4220,Sara,Wilson,44,Consultant,New York,46846,2004-05-24
4221,Sam,Miller,25,Clerk,Paris,59848,2009-07-10
4222,Sara,Brown,39,Developer,Paris,41165,2002-08-12
4223,Jane,Smith,46,Intern,New York,94508,2016-07-24
4224,Paul,Williams,40,Engineer,Paris,49422,2022-06-13
4225,Paul,Smith,30,Clerk,Toronto,61570,2019-08-01
4226,Alex,Brown,55,Manager,Tokyo,111116,2000-09-24
4227,John,Williams,19,Clerk,Dubai,52895,2024-09-26
4228,Paul,Jones,40,Developer,Dubai,25697,2012-03-06
4229,Jane,Smith,39,Manager,London,57944,2000-03-01
4230,Mike,Wilson,23,Engineer,Sydney,118896,2004-03-23
4231,Sam,Taylor,25,Analyst,Dubai,27959,2023-08-31
4232,Alex,Garcia,40,Engineer,Paris,47885,2009-12-25
4233,Sam,Brown,44,Intern,New York,76804,2023-08-13
4234,Alex,Jones,33,Consultant,Delhi,77330,2012-03-13
4235,Sam,Johnson,59,Clerk,Tokyo,38339,2021-05-15
4236,Sam,Wilson,48,Intern,New York,30520,2005-11-30
4237,John,Taylor,57,Clerk,London,50957,2021-10-31
4238,Paul,Wilson,20,Developer,Toronto,118489,2017-12-27
4239,Alex,Taylor,55,Designer,Tokyo,99137,2020-04-02
4240,Lisa,Garcia,37,Developer,Toronto,33174,2017-11-04
4241,Sam,Williams,33,Analyst,Delhi,66404,2023-02-22
4242,Mike,Taylor,23,Designer,Sydney,54676,2010-02-15
4243,Jane,Johnson,46,Consultant,Dubai,112061,2024-08-09
4244,Paul,Johnson,32,Designer,Toronto,44682,2012-10-16
4245,Sam,Wilson,18,Engineer,Sydney,117633,2024-10-23
4246,Mike,Jones,42,Developer,New York,78088,2024-01-30
4247,John,Miller,60,Manager,London,88131,2002-09-28
4248,Sara,Miller,46,Lead,London,37836,2017-08-19
4249,Alex,Garcia,37,Manager,Paris,57051,2003-12-18
4250,Tom,Davis,41,Lead,Sydney,56057,2013-11-17
4251,Sara,Brown,56,Architect,Sydney,68117,2021-04-08
4252,Sara,Smith,57,Engineer,Paris,68466,2007-10-05
4253,Alex,Brown,57,Manager,Delhi,29627,2009-09-29
4254,John,Jones,41,Analyst,Sydney,40915,2005-08-27
4255,Paul,Miller,30,Consultant,Sydney,116739,2000-08-06
4256,Emma,Garcia,51,Lead,Paris,93476,2006-07-22
4257,Tom,Wilson,26,Clerk,Paris,30975,2005-02-14
4258,John,Williams,38,Analyst,Berlin,105332,2006-06-30
4259,Sam,Garcia,39,Lead,New York,68551,2007-06-28
4260,Tom,Jones,45,Designer,Tokyo,43392,2011-05-29
4261,Paul,Wilson,23,Clerk,Sydney,80420,2023-08-25
4262,Lisa,Miller,56,Clerk,Dubai,63475,2008-04-05
4263,Alex,Wilson,53,Manager,Delhi,38662,2008-05-12
4264,Jane,Garcia,43,Consultant,Paris,57847,2003-02-21
4265,Sara,Wilson,47,Designer,Berlin,38713,2008-04-02
4266,Tom,Wilson,47,Architect,Dubai,46717,2020-02-17
4267,Mike,Williams,46,Designer,Tokyo,99115,2000-01-07
4268,Sam,Taylor,39,Manager,Dubai,104234,2016-06-04
4269,Tom,Smith,51,Lead,Berlin,70941,2006-11-19
4270,Paul,Miller,49,Architect,London,55302,2007-06-27
4271,Emma,Smith,42,Intern,Tokyo,46120,2001-07-28
4272,John,Williams,37,Intern,Toronto,44939,2001-02-10
4273,Paul,Williams,38,Designer,Tokyo,57009,2022-07-19
4274,Paul,Davis,60,Developer,New York,52374,2018-06-11
4275,Lisa,Garcia,28,Lead,Dubai,37022,2009-03-15
4276,John,Garcia,25,Intern,Toronto,53016,2006-02-27
4277,Jane,Taylor,28,Manager,Sydney,105638,2009-09-30
4278,Sara,Williams,55,Architect,New York,25374,2000-02-29
4279,Mike,Brown,32,Lead,Berlin,45398,2005-10-03
4280,Emma,Brown,32,Consultant,Paris,N/A,2012-05-12
4281,Tom,Smith,33,Manager,New York,32297,2004-05-16
4282,Tom,Brown,18,Intern,Paris,29418,2008-05-29
4283,Sam,Davis,31,Engineer,Sydney,27389,2016-12-11
4284,Alex,Miller,39,Analyst,Paris,32536,2020-02-04
4285,Mike,Taylor,50,Architect,Sydney,73464,2017-11-12
4286,Sam,Jones,31,Designer,Paris,60525,2014-11-23
4287,Paul,Davis,35,Developer,Delhi,95478,2007-12-16
4288,Tom,Taylor,21,Consultant,Delhi,39607,2000-01-03
4289,Tom,Wilson,34,Analyst,Dubai,66783,2022-12-21
4290,John,Williams,46,Designer,Delhi,100900,2007-06-19
4291,Alex,Davis,58,Clerk,London,84315,2011-06-21
4292,John,Miller,27,Lead,Singapore,36111,2023-11-21
4293,Paul,Wilson,22,Engineer,Singapore,29407,2000-03-22
4294,John,Wilson,29,Designer,Toronto,47024,2015-09-14
4295,Jane,Johnson,52,Lead,Singapore,100823,2012-01-17
4296,Alex,Garcia,57,Analyst,New York,116363,2017-04-15
4297,Paul,Davis,54,Intern,Toronto,117384,2018-05-06
4298,John,Wilson,33,Lead,Delhi,57265,2015-11-03
4299,Emma,Jones,55,Designer,Paris,59874,2017-07-19
4300,Paul,Miller,51,Clerk,New York,105027,2000-11-23
4301,Alex,Davis,18,Architect,London,103096,2003-11-10
4302,John,Johnson,60,Engineer,London,69775,2003-04-16
4303,Paul,Williams,22,Consultant,New York,65236,2000-03-14
4304,Paul,Jones,26,Intern,Sydney,74031,2007-09-18
4305,Emma,Miller,50,Architect,New York,102612,2020-04-08
4306,Sam,Wilson,25,Designer,Tokyo,27961,2009-12-07
4307,Paul,Brown,51,Analyst,Paris,111808,2012-07-26
4308,Jane,Smith,26,Lead,Paris,86538,2021-02-21
4309,Paul,Williams,37,Intern,Tokyo,80037,2012-01-04
4310,John,Taylor,24,Lead,Tokyo,53927,2021-07-06
4311,Alex,Taylor,24,Clerk,Dubai,61942,2014-05-04
4312,Lisa,Miller,49,Engineer,Tokyo,97167,2004-01-20
4313,Jane,Williams,32,Engineer,Singapore,100413,2014-07-17
4314,Emma,Taylor,36,Developer,Berlin,63634,2017-01-21
4315,Mike,Smith,59,Intern,New York,36463,2003-10-10
4316,Sara,Jones,36,Developer,New York,58009,2006-04-16
4317,Mike,Brown,45,Architect,Toronto,78995,2006-02-28
4318,Jane,Johnson,60,Clerk,Toronto,77393,2007-11-20
4319,Sara,Miller,24,Manager,Dubai,117050,2024-10-07
4320,Sam,Davis,36,Developer,Paris,48003,2020-01-08
4321,Sara,Brown,24,Developer,New York,105710,2013-04-05
4322,Lisa,Williams,30,Lead,Berlin,81375,2016-12-24
4323,Tom,Miller,41,Designer,Sydney,42974,2009-03-27
4324,Paul,Brown,43,Manager,Toronto,70774,2021-04-15
4325,John,Wilson,50,Clerk,Tokyo,93878,2000-07-24
4326,Alex,Miller,40,Engineer,Berlin,60236,2007-11-18
4327,Sara,Miller,60,Clerk,Toronto,108686,2012-05-25
4328,Sam,Miller,40,Clerk,New York,26929,2021-11-01
4329,Sara,Garcia,34,Analyst,Toronto,107186,2016-08-17
4330,Jane,Smith,29,Architect,Delhi,58870,2001-07-08
4331,Sam,Williams,47,Analyst,London,61058,2017-05-17
4332,John,Brown,46,Designer,Singapore,102109,2018-01-03
4333,Jane,Wilson,46,Developer,Paris,115912,2023-04-11
4334,Mike,Williams,49,Manager,Delhi,97783,2008-09-16
4335,Tom,Taylor,45,Intern,Tokyo,58846,2020-06-12
4336,Sara,Jones,22,Manager,Dubai,36573,2017-05-17
4337,Paul,Johnson,22,Manager,Tokyo,119592,2014-08-29
4338,Lisa,Brown,53,Intern,Singapore,112026,2010-05-30
4339,Tom,Smith,20,Engineer,Berlin,118087,2000-02-14
4340,Mike,Miller,59,Architect,Berlin,108412,2020-12-31
4341,Paul,Brown,20,Designer,Tokyo,105145,2001-06-16
4342,Emma,Taylor,41,Analyst,New York,27956,2000-11-22
4343,John,Wilson,20,Consultant,Toronto,34149,2002-10-26
4344,Sara,Brown,37,Manager,Dubai,60621,2001-09-19
4345,Paul,Garcia,28,Designer,Delhi,63891,2005-03-19
4346,Sam,Smith,47,Intern,London,101751,2019-09-04
4347,Paul,Smith,18,Engineer,Paris,34942,2010-12-16
4348,Tom,Garcia,41,Consultant,New York,82434,2017-07-05
4349,Alex,Davis,32,Architect,Berlin,39962,2011-09-02
4350,Alex,Johnson,45,Architect,Paris,28925,2020-03-02
4351,Emma,Jones,20,Architect,London,48528,2018-10-20
4352,Paul,Williams,44,Developer,Toronto,80296,2009-02-17
4353,Sara,Smith,48,Engineer,Dubai,97822,2021-08-03
4354,John,Williams,23,Developer,Singapore,104400,2006-08-06
4355,Jane,Smith,59,Clerk,Toronto,87736,2015-05-22
4356,Lisa,Brown,56,Engineer,Dubai,117610,2016-07-17
4357,John,Garcia,55,Developer,Tokyo,41629,2004-07-14
4358,Alex,Johnson,25,Consultant,Sydney,27588,2013-03-10
4359,Emma,Johnson,20,Lead,London,50121,2003-01-02
4360,Emma,Johnson,51,Developer,Tokyo,57798,2008-10-11
4361,Emma,Williams,37,Manager,Singapore,33210,2012-11-24
4362,Jane,Jones,48,Engineer,Toronto,64129,2014-11-18
4363,Paul,Johnson,53,Architect,Dubai,38621,2005-05-15
4364,Sam,Jones,41,Lead,London,94638,2007-05-19
4365,Lisa,Miller,35,Developer,London,50413,2004-06-08
4366,Emma,Miller,51,Consultant,Delhi,71652,2009-07-12
4367,Emma,Johnson,38,Engineer,Berlin,82866,2021-09-22
4368,Sara,Jones,25,Designer,Sydney,100993,2006-12-21
4369,Paul,Jones,22,Consultant,New York,102987,2009-12-17
4370,Lisa,Davis,40,Analyst,Berlin,66439,2003-03-27
4371,Tom,Davis,49,Intern,Delhi,96638,2013-12-02
4372,Paul,Taylor,33,Manager,Delhi,46320,2021-09-06
4373,Sam,Johnson,52,Manager,London,36068,2022-08-07
4374,Jane,Jones,59,Engineer,New York,101173,2016-03-24
4375,Alex,Smith,49,Engineer,Toronto,110873,2010-06-08
4376,Sara,Taylor,23,Clerk,Toronto,31993,2020-01-19
4377,Mike,Johnson,21,Architect,Dubai,50178,2023-05-08
4378,Sam,Smith,49,Developer,Singapore,102625,2018-11-29
4379,Jane,Taylor,58,Engineer,Berlin,100337,2017-11-06
4380,Alex,Taylor,58,Consultant,Sydney,87468,2012-05-21
4381,Jane,Miller,46,Lead,Singapore,50277,2021-08-04
4382,Tom,Garcia,52,Manager,London,74800,2009-11-22
4383,Alex,Wilson,33,Designer,Tokyo,63853,2023-09-29
4384,Paul,Johnson,28,Developer,Toronto,105950,2006-07-29
4385,Paul,Wilson,43,Lead,Delhi,116095,2009-07-27
4386,Jane,Smith,50,Designer,Singapore,80274,2015-05-27
4387,Alex,Miller,60,Consultant,Delhi,111175,2004-05-03
4388,John,Brown,42,Consultant,London,87710,2014-08-05
4389,Lisa,Garcia,38,Architect,Berlin,96430,2000-03-09
4390,John,Johnson,25,Consultant,New York,67832,2012-01-02
4391,Tom,Davis,31,Lead,Paris,93354,2022-06-10
4392,Jane,Garcia,35,Designer,Tokyo,32370,2010-03-08
4393,Emma,Taylor,18,Engineer,Sydney,111027,2022-10-25
4394,Tom,Garcia,55,Designer,Paris,56284,2019-10-31
4395,Emma,Johnson,24,Manager,London,39849,2003-03-01
4396,Sara,Miller,57,Manager,Berlin,117319,2004-11-10
4397,Sam,Smith,35,Designer,Dubai,84517,2001-03-08
4398,Jane,Miller,22,Clerk,New York,80081,2014-06-04
4399,Lisa,Taylor,29,Lead,New York,46852,2024-01-29
4400,Tom,Williams,51,Intern,London,55337,2016-11-11
4401,Paul,Jones,45,Architect,New York,99193,2011-06-28
4402,Sam,Williams,24,Developer,Singapore,82795,2018-11-18
4403,Emma,Miller,37,Analyst,Paris,69102,2010-02-13
4404,Alex,Jones,47,Lead,New York,95267,2018-06-29
4405,John,Davis,48,Architect,Sydney,64808,2000-07-19
4406,Emma,Taylor,44,Architect,Dubai,38112,2007-07-26
4407,Paul,Jones,45,Analyst,New York,59159,2004-11-13
4408,Mike,Brown,59,Architect,Toronto,35044,2016-06-27
4409,Alex,Miller,27,Developer,Dubai,93161,2000-04-17
4410,Sam,Williams,60,Consultant,Berlin,56479,2009-04-03
4411,Sam,Garcia,38,Clerk,Berlin,53199,2017-02-03
4412,Mike,Davis,25,Architect,Toronto,38105,2023-07-05
4413,Alex,Davis,44,Manager,Sydney,59787,2018-01-16
4414,Sara,Williams,37,Intern,Paris,25878,2012-02-16
4415,John,Smith,47,Analyst,Tokyo,80657,2021-10-25
4416,Lisa,Brown,42,Clerk,Sydney,34039,2002-05-09
4417,Mike,Taylor,33,Manager,Tokyo,51155,2009-08-31
4418,Sara,Brown,42,Consultant,Sydney,96527,2020-11-27
4419,Sara,Davis,26,Manager,Dubai,N/A,2018-01-08
4420,Lisa,Wilson,58,Manager,Singapore,112887,2000-04-29
4421,Lisa,Wilson,34,Designer,Tokyo,43326,2017-05-05
4422,Jane,Davis,55,Manager,Paris,87573,2004-10-22
4423,Sam,Johnson,23,Engineer,Singapore,38041,2011-11-09
4424,Emma,Jones,19,Engineer,Tokyo,94928,2004-06-15
4425,Sam,Brown,46,Intern,Berlin,34139,2007-07-23
4426,Alex,Brown,56,Consultant,Sydney,27108,2009-10-17
4427,Emma,Williams,37,Designer,New York,102565,2022-04-10
4428,Lisa,Davis,34,Clerk,Toronto,34852,2020-02-01
4429,Alex,Taylor,43,Architect,Berlin,37378,2012-03-13
4430,Sara,Miller,44,Lead,Sydney,61465,2002-05-27
4431,Paul,Garcia,51,Designer,Delhi,45028,2017-10-17
4432,Emma,Garcia,55,Analyst,Singapore,42636,2006-08-26
4433,Alex,Miller,26,Developer,Delhi,72917,2003-07-21
4434,Alex,Smith,55,Intern,Delhi,53128,2019-05-04
4435,Emma,Taylor,43,Lead,Toronto,66461,2012-12-27
4436,Paul,Taylor,42,Developer,Paris,42390,2008-03-08
4437,Mike,Davis,35,Consultant,Delhi,40399,2019-10-27
4438,Lisa,Garcia,47,Architect,Berlin,59727,2000-08-12
4439,Sam,Brown,39,Manager,London,41903,2002-04-22
4440,Jane,Brown,50,Manager,Toronto,81764,2024-03-11
4441,Emma,Johnson,44,Engineer,Singapore,55186,2016-12-03
4442,Emma,Taylor,24,Analyst,Toronto,97259,2006-08-05
4443,Lisa,Davis,44,Architect,Tokyo,63395,2023-09-17
4444,Jane,Garcia,22,Analyst,Singapore,36175,2012-03-19
4445,Tom,Miller,21,Clerk,Paris,49273,32-13-2025
4446,Tom,Davis,26,Manager,New York,32532,2012-04-05
4447,Alex,Davis,48,Manager,New York,46978,2009-03-27
4448,Jane,Brown,34,Intern,London,74224,2005-02-18
4449,Sam,Miller,32,Lead,Paris,78787,2000-02-02
4450,Emma,Miller,39,Developer,Berlin,106869,2018-08-24
4451,John,Miller,36,Developer,Tokyo,92330,2018-12-21
4452,Alex,Davis,19,Analyst,Toronto,36880,2011-12-27
4453,Tom,Davis,52,Engineer,Berlin,82248,2017-11-23
4454,Sam,Brown,45,Analyst,Toronto,80165,2006-07-17
4455,Lisa,Davis,43,Manager,Toronto,107279,2008-02-24
4456,Jane,Wilson,43,Designer,Tokyo,117176,2005-11-03
4457,Sara,Davis,36,Analyst,London,49450,2001-01-31
4458,John,Davis,47,Designer,London,94742,2016-05-21
4459,Emma,Jones,34,Lead,Dubai,94724,2016-02-18
4460,Lisa,Garcia,25,Intern,Dubai,116329,2020-02-29
4461,Tom,Smith,45,Architect,London,69103,2004-03-13
4462,Sara,Jones,40,Lead,Paris,27283,2002-08-29
4463,Sam,Taylor,41,Analyst,Singapore,47849,2004-05-23
4464,Sam,Williams,42,Developer,New York,25282,2008-01-14
4465,Lisa,Williams,25,Consultant,Berlin,29254,2005-09-30
4466,Jane,Davis,47,Analyst,Tokyo,82364,2021-05-28
4467,Emma,Johnson,33,Architect,Toronto,99516,2013-05-14
4468,John,Smith,43,Engineer,London,37690,2002-03-29
4469,Jane,Davis,44,Designer,Toronto,112120,2012-11-17
4470,John,Johnson,51,Architect,London,102051,2004-01-09
4471,Emma,Smith,57,Engineer,Dubai,99326,2023-03-02
4472,Lisa,Smith,29,Developer,Tokyo,66629,2003-02-20
4473,Tom,Davis,28,Developer,Delhi,42789,2000-01-31
4474,John,Wilson,60,Consultant,Dubai,58729,2006-05-11
4475,Lisa,Miller,25,Consultant,Singapore,85420,2011-12-14
4476,Emma,Miller,52,Engineer,Tokyo,37210,2001-06-25
4477,Sara,Miller,29,Intern,Sydney,75952,2022-04-07
4478,Mike,Brown,23,Manager,Berlin,56734,2022-08-01
4479,John,Jones,32,Architect,Tokyo,56229,2002-04-13
4480,Tom,Wilson,57,Manager,New York,75469,2024-06-15
4481,Jane,Davis,18,Architect,Toronto,32479,2004-02-22
4482,Tom,Smith,48,Engineer,Delhi,38253,2015-06-14
4483,Alex,Smith,42,Consultant,Singapore,100420,2022-02-13
4484,Mike,Taylor,22,Architect,Singapore,46211,2020-10-13
4485,Tom,Jones,22,Consultant,Tokyo,86804,2009-08-06
4486,John,Davis,59,Clerk,Toronto,99826,2001-10-22
4487,Emma,Brown,31,Lead,London,66260,2020-04-06
4488,Sam,Brown,54,Consultant,Paris,44593,2017-05-01
4489,Lisa,Miller,41,Manager,Singapore,49606,2005-08-15
4490,Alex,Williams,53,Engineer,Singapore,81422,2019-04-04
4491,Emma,Brown,24,Clerk,Paris,65223,2022-10-11
4492,Mike,Smith,38,Lead,Delhi,49548,2021-06-14
4493,Paul,Garcia,45,Intern,Tokyo,36201,2003-07-21
4494,Sara,Brown,43,Intern,New York,105607,2021-01-08
4495,John,Williams,26,Manager,Singapore,74399,2000-07-11
4496,Alex,Taylor,25,Developer,Paris,47331,2019-10-24
4497,Mike,Miller,24,Designer,New York,103544,2014-12-15
4498,Sam,Johnson,43,Designer,Tokyo,86504,2014-03-07
4499,Mike,Taylor,28,Intern,Singapore,74449,2018-02-16
4500,Tom,Taylor,40,Consultant,Dubai,66703,2007-06-03
4501,Sam,Garcia,30,Engineer,Singapore,61687,2014-02-15
4502,Sara,Johnson,38,Analyst,Tokyo,54794,2018-01-11
4503,Tom,Jones,22,Manager,Sydney,111592,2015-12-23
4504,Sara,Brown,50,Developer,Singapore,51651,2009-10-12
4505,Paul,Garcia,49,Designer,Sydney,35444,2020-10-28
4506,Alex,Brown,53,Architect,Paris,35090,2001-01-24
4507,Sam,Williams,37,Intern,Toronto,95906,2004-07-02
4508,Emma,Garcia,55,Designer,London,87182,2011-09-24
4509,Tom,Davis,20,Developer,London,86144,2000-10-03
4510,Lisa,Taylor,39,Engineer,Tokyo,70097,2015-05-02
4511,Emma,Smith,33,Designer,Berlin,57360,2023-02-15
4512,Emma,Wilson,30,Developer,Sydney,36837,2002-05-05
4513,Emma,Taylor,49,Intern,Paris,79801,2018-05-13
4514,Mike,Smith,22,Intern,Paris,108082,2001-07-01
4515,Sara,Smith,49,Lead,Singapore,33825,2024-09-29
4516,Lisa,Garcia,44,Analyst,Sydney,108227,2017-07-11
4517,Alex,Smith,39,Lead,London,75809,2014-08-17
4518,Tom,Jones,58,Developer,Sydney,110191,2009-08-04
4519,Mike,Taylor,53,Architect,New York,36399,2018-10-22
4520,Sara,Taylor,58,Intern,Paris,112878,2015-02-18
4521,Tom,Williams,41,Consultant,Dubai,69815,2002-12-14
4522,Sam,Brown,53,Lead,Dubai,48307,2022-08-09
4523,Alex,Williams,27,Architect,Paris,112839,2016-09-17
4524,Alex,Garcia,54,Clerk,Dubai,115398,2004-12-25
4525,Emma,Davis,51,Consultant,Toronto,89347,2002-06-02
4526,Emma,Johnson,36,Clerk,Delhi,103497,2012-02-21
4527,Sam,Davis,25,Engineer,New York,48979,2018-08-15
4528,Emma,Wilson,54,Manager,Tokyo,96212,2000-12-17
4529,Sam,Taylor,32,Consultant,Singapore,45248,2023-05-13
4530,Alex,Taylor,41,Architect,London,96697,2011-07-11
4531,Emma,Taylor,22,Engineer,Toronto,83023,2017-06-01
4532,Paul,Davis,51,Clerk,Singapore,30196,2011-01-12
4533,Lisa,Miller,32,Consultant,Toronto,66033,2001-07-22
4534,Sam,Johnson,23,Clerk,London,103844,2004-04-03
4535,Mike,Brown,60,Analyst,Berlin,61524,2002-03-18
4536,Sara,Garcia,50,Designer,Delhi,105907,2020-09-28
4537,Mike,Jones,31,Lead,Berlin,74791,2012-07-30
4538,Sara,Wilson,23,Developer,Berlin,62719,2017-02-22
4539,Alex,Jones,30,Designer,Berlin,34227,2002-02-19
4540,Tom,Taylor,39,Clerk,New York,116354,2007-12-12
4541,Alex,Jones,20,Intern,Paris,86409,2000-07-02
4542,Alex,Johnson,19,Engineer,Dubai,34296,2001-01-02
4543,Jane,Wilson,26,Consultant,New York,56031,2016-11-11
4544,Jane,Brown,59,Analyst,Singapore,26511,2008-06-20
4545,Paul,Brown,51,Architect,Paris,58989,2006-05-18
4546,Jane,Miller,22,Intern,Berlin,49769,2022-04-01
4547,Sam,Davis,20,Designer,Berlin,42151,2005-01-26
4548,Sam,Brown,57,Manager,New York,95513,2001-05-25
4549,Mike,Brown,60,Manager,Sydney,29458,2021-03-08
4550,Paul,Garcia,27,Architect,Toronto,33815,2002-07-02
4551,Jane,Jones,59,Engineer,London,91236,2017-10-21
4552,Lisa,Taylor,26,Manager,Sydney,50749,2024-01-26
4553,John,Williams,24,Designer,Sydney,89816,2021-02-05
4554,Mike,Garcia,47,Intern,Berlin,34771,2006-08-31
4555,Tom,Smith,58,Lead,Paris,44488,2020-03-31
4556,Sam,Johnson,26,Architect,Singapore,75166,2017-06-03
4557,Emma,Jones,33,Engineer,Berlin,51726,2016-06-18
4558,Alex,Taylor,52,Lead,Berlin,45850,2010-09-24
4559,Sara,Jones,37,Lead,Singapore,51829,2019-06-25
4560,John,Miller,60,Analyst,Paris,29387,2019-01-31
4561,Paul,Garcia,32,Consultant,Berlin,47591,2002-01-12
4562,John,Smith,41,Manager,Paris,85981,2019-09-19
4563,Tom,Taylor,26,Designer,Delhi,89657,2006-09-11
4564,Tom,Davis,29,Lead,Toronto,66993,2022-04-27
4565,Emma,Brown,58,Manager,Dubai,37389,2007-12-18
4566,Mike,Johnson,18,Manager,Tokyo,112269,2021-06-07
4567,Tom,Taylor,48,Lead,Paris,84431,2011-11-16
4568,Sara,Miller,37,Analyst,Berlin,26566,2017-07-29
4569,Emma,Garcia,25,Developer,Singapore,30227,2021-03-18
4570,Jane,Garcia,40,Engineer,Toronto,39656,2013-10-05
4571,Paul,Williams,24,Intern,Dubai,33387,2018-12-04
4572,Sara,Wilson,30,Engineer,Paris,57154,2008-09-26
4573,Paul,Wilson,23,Clerk,Tokyo,103633,2022-08-11
4574,John,Taylor,30,Analyst,Dubai,72833,2020-01-04
4575,Sam,Taylor,27,Analyst,Sydney,46565,2002-06-28
4576,John,Miller,37,Manager,Toronto,73122,2012-11-25
4577,Lisa,Wilson,37,Clerk,Tokyo,67598,2005-10-24
4578,Alex,Wilson,40,Consultant,Tokyo,59516,2017-10-25
4579,Jane,Wilson,24,Architect,Dubai,100475,2024-06-20
4580,Alex,Smith,39,Clerk,London,99257,2011-05-16
4581,Mike,Taylor,54,Consultant,Singapore,97697,2000-07-18
4582,Jane,Smith,49,Lead,New York,61400,2016-09-21
4583,Jane,Davis,33,Analyst,New York,71557,2012-10-22
4584,Lisa,Brown,21,Consultant,New York,63072,2003-05-10
4585,Emma,Taylor,29,Developer,Toronto,98159,2005-10-24
4586,Emma,Davis,56,Architect,Sydney,93997,2012-02-20
4587,Emma,Jones,42,Clerk,Dubai,77007,2008-05-11
4588,Mike,Williams,55,Intern,London,83204,2006-06-23
4589,Mike,Garcia,47,Engineer,Tokyo,82569,2012-01-16
4590,Emma,Jones,23,Architect,Singapore,110328,2014-07-05
4591,Emma,Garcia,45,Analyst,London,68944,2010-03-17
4592,Sara,Taylor,18,Clerk,Dubai,73281,2018-11-23
4593,Lisa,Smith,39,Consultant,Tokyo,32049,2021-11-23
4594,Jane,Miller,37,Designer,Tokyo,26758,2009-03-13
4595,Jane,Davis,32,Consultant,Berlin,116181,2014-12-25
4596,John,Davis,52,Intern,Berlin,37596,2007-10-04
4597,Sam,Miller,50,Lead,New York,108508,2008-12-20
4598,Sam,Brown,55,Consultant,Sydney,50514,2020-10-04
4599,Sam,Williams,32,Clerk,New York,71292,2020-06-17
4600,Alex,Smith,52,Analyst,Toronto,108795,2014-05-24
4601,Jane,Taylor,48,Clerk,New York,100500,2003-09-07
4602,Jane,Smith,41,Consultant,Singapore,34574,2016-11-27
4603,Mike,Johnson,31,Engineer,Delhi,33531,2006-01-14
4604,Mike,Miller,22,Designer,New York,51442,2016-04-15
4605,Paul,Johnson,31,Analyst,London,33430,2021-10-19
4606,Alex,Garcia,18,Analyst,Toronto,64853,2021-11-11
4607,Emma,Jones,59,Analyst,Singapore,27519,2007-08-15
4608,Paul,Wilson,39,Consultant,New York,102826,2014-08-18
4609,Emma,Brown,57,Lead,Singapore,35124,2011-08-10
4610,Alex,Garcia,27,Developer,New York,96181,2023-02-07
4611,Jane,Brown,46,Manager,Toronto,46344,2022-12-08
4612,Lisa,Johnson,58,Intern,London,41779,2017-08-03
4613,Alex,Brown,28,Consultant,New York,87479,2012-01-10
4614,Paul,Miller,60,Intern,Singapore,105586,2009-12-16
4615,Jane,Wilson,33,Intern,Berlin,89603,2004-06-12
4616,Jane,Taylor,20,Engineer,Dubai,67737,2002-11-11
4617,John,Miller,50,Clerk,Dubai,41670,2023-07-06
4618,Tom,Taylor,29,Clerk,Berlin,68738,2019-12-26
4619,Tom,Wilson,19,Developer,Tokyo,46579,2004-10-27
4620,Alex,Brown,53,Consultant,New York,51581,2000-08-26
4621,Alex,Davis,49,Developer,London,30381,2002-10-22
4622,Sara,Miller,25,Clerk,Sydney,79947,2003-06-04
4623,Lisa,Williams,34,Analyst,Toronto,93232,2018-07-29
4624,Emma,Taylor,46,Intern,Paris,102166,2009-11-30
4625,Tom,Smith,53,Engineer,Sydney,70354,2001-08-08
4626,Jane,Wilson,23,Clerk,Singapore,33482,2007-03-10
4627,John,Brown,39,Designer,Sydney,54666,2013-01-14
4628,Jane,Johnson,38,Manager,Dubai,72448,2000-04-02
4629,Mike,Brown,32,Developer,London,101894,2018-11-12
4630,Jane,Garcia,22,Developer,Tokyo,31803,2020-02-29
4631,Tom,Wilson,42,Clerk,Berlin,98561,2022-11-21
4632,John,Davis,23,Lead,New York,74108,2018-11-07
4633,Mike,Miller,26,Lead,Sydney,70069,2007-10-04
4634,Alex,Davis,43,Intern,Toronto,43759,2022-10-28
4635,Jane,Brown,60,Architect,Tokyo,59709,2005-06-12
4636,Tom,Taylor,39,Analyst,Toronto,81542,2024-12-04
4637,Alex,Davis,42,Analyst,London,65778,2004-11-23
4638,Lisa,Wilson,52,Manager,Paris,81837,2001-08-02
4639,Tom,Taylor,28,Designer,Sydney,83689,2003-10-10
4640,Sara,Williams,39,Architect,Sydney,54696,2019-06-19
4641,Emma,Garcia,48,Engineer,Berlin,79724,2000-05-04
4642,Jane,Brown,47,Consultant,Delhi,101059,2008-10-30
4643,Sara,Davis,32,Clerk,London,26166,2007-02-15
4644,Mike,Brown,20,Designer,New York,48790,2008-10-15
4645,Emma,Wilson,18,Designer,Singapore,55048,2007-05-07
4646,Sam,Wilson,25,Designer,New York,68334,2012-12-03
4647,Sam,Johnson,26,Developer,Delhi,90972,2004-09-19
4648,Tom,Davis,35,Manager,Tokyo,92718,2017-06-13
4649,Sara,Brown,34,Designer,Singapore,72069,2007-09-25
4650,Mike,Miller,54,Analyst,Dubai,101039,2024-08-04
4651,Sara,Brown,57,Engineer,New York,114275,2023-03-04
4652,Lisa,Taylor,25,Developer,Delhi,26690,2001-12-11
4653,Jane,Johnson,47,Consultant,New York,75685,2017-03-28
4654,Emma,Garcia,41,Intern,Tokyo,108038,2021-02-16
4655,Emma,Davis,21,Engineer,Toronto,47831,2018-06-26
4656,Mike,Garcia,23,Consultant,Dubai,28429,2002-12-23
4657,John,Williams,27,Engineer,New York,104858,2019-10-23
4658,Sara,Johnson,26,Intern,London,80585,2024-11-11
4659,Tom,Johnson,52,Lead,New York,85205,2011-08-28
4660,Paul,Davis,18,Designer,Singapore,28958,2010-07-16
4661,Jane,Williams,35,Analyst,Berlin,90226,2022-04-04
4662,Sam,Garcia,31,Manager,London,69143,2018-08-25
4663,Paul,Garcia,52,Intern,Berlin,87274,2011-01-07
4664,Paul,Jones,58,Consultant,Sydney,106715,2001-07-13
4665,Sara,Jones,27,Consultant,London,28258,2004-10-28
4666,Lisa,Smith,56,Manager,Sydney,84547,2013-05-17
4667,Sara,Williams,24,Manager,Singapore,28597,2013-05-14
4668,John,Williams,53,Clerk,London,91186,2016-12-30
4669,Paul,Jones,39,Clerk,Sydney,74585,2022-09-27
4670,Tom,Davis,41,Architect,Tokyo,35026,2001-04-20
4671,Alex,Garcia,37,Intern,Dubai,108262,2012-10-10
4672,Jane,Garcia,42,Architect,Delhi,44010,2023-04-23
4673,Emma,Taylor,27,Designer,Toronto,119117,2015-10-24
4674,Tom,Brown,18,Clerk,Tokyo,76592,2004-05-26
4675,Lisa,Garcia,26,Intern,Berlin,109045,2006-12-19
4676,Mike,Taylor,22,Analyst,Delhi,116264,2005-08-17
4677,Emma,Miller,33,Analyst,Tokyo,111557,2022-01-04
4678,Sara,Davis,40,Clerk,Singapore,80835,2017-09-06
4679,Sara,Wilson,52,Consultant,Singapore,27313,2020-10-24
4680,John,Davis,35,Consultant,Delhi,66717,2005-05-14
4681,Alex,Wilson,57,Intern,Dubai,62901,2009-01-22
4682,Paul,Garcia,27,Consultant,Singapore,72191,2015-08-27
4683,Lisa,Garcia,45,Intern,Toronto,68783,2004-08-15
4684,Sara,Brown,52,Lead,Sydney,108408,2021-02-24
4685,Lisa,Miller,54,Developer,London,28298,2018-03-25
4686,Emma,Taylor,50,Developer,Singapore,80157,2023-01-21
4687,Emma,Johnson,48,Engineer,Singapore,69660,2024-06-17
4688,Emma,Garcia,25,Manager,Dubai,91784,2001-08-25
4689,John,Miller,19,Manager,Delhi,117357,2020-01-18
4690,John,Smith,51,Intern,Paris,53515,2018-11-29
4691,Tom,Taylor,28,Engineer,Toronto,85026,2017-01-31
4692,Tom,Taylor,45,Designer,Dubai,86365,2006-04-02
4693,Tom,Garcia,40,Clerk,Delhi,78847,2024-07-21
4694,Lisa,Jones,55,Architect,Toronto,30841,2007-04-10
4695,Mike,Davis,47,Engineer,Paris,48336,2012-07-27
4696,Sara,Garcia,41,Designer,London,52961,2022-09-29
4697,Tom,Wilson,37,Lead,Tokyo,117966,2023-10-29
4698,Lisa,Smith,57,Analyst,Singapore,45288,2017-09-19,extra_field
4699,Paul,Brown,36,Designer,Berlin,107513,2012-11-03
4700,Mike,Jones,23,Designer,Delhi,28051,2022-01-18
4701,Alex,Williams,38,Developer,Sydney,69435,2001-02-22
4702,Sam,Miller,54,Intern,Singapore,88301,2023-11-16
4703,Tom,Wilson,53,Developer,Sydney,47083,2013-12-17
4704,Tom,Davis,38,Consultant,Sydney,75211,2005-02-01
4705,John,Garcia,46,Developer,Tokyo,95343,2020-01-05
4706,Tom,Smith,42,Consultant,Berlin,111767,2008-08-19
4707,Alex,Wilson,36,Consultant,London,114890,2024-10-12
4708,Sara,Brown,59,Consultant,Toronto,72853,2018-12-20
4709,Jane,Wilson,59,Developer,Delhi,101104,2018-10-10
4710,Lisa,Davis,60,Engineer,London,58850,2022-10-11
4711,Alex,Johnson,20,Engineer,New York,74204,2019-03-30
4712,Alex,Davis,34,Developer,Delhi,45790,2005-01-12
4713,Lisa,Smith,51,Designer,Tokyo,87717,2004-09-27
4714,Mike,Johnson,21,Architect,Singapore,29679,2013-02-06
4715,Jane,Davis,58,Engineer,Paris,112559,2009-12-01
4716,Sam,Garcia,24,Developer,Sydney,28550,2022-05-16
4717,Sam,Smith,20,Engineer,Singapore,84408,2013-10-01
4718,Alex,Johnson,46,Architect,New York,106089,2009-10-25
4719,Alex,Brown,21,Developer,Dubai,65366,2009-10-07
4720,Paul,Johnson,57,Engineer,Sydney,116992,2009-01-15
4721,Jane,Jones,27,Developer,Delhi,90860,2024-02-04
4722,Sam,Williams,55,Developer,New York,38746,2017-09-27
4723,Sara,Garcia,51,Developer,Dubai,53462,2000-08-30
4724,Sara,Miller,39,Designer,Singapore,116213,2017-09-01
4725,Alex,Garcia,37,Lead,Tokyo,25843,2005-01-06
4726,Emma,Garcia,30,,Tokyo,66119,2015-05-06
4727,Alex,Williams,24,Architect,Paris,56343,2006-06-26
4728,John,Wilson,38,Intern,Singapore,114805,2018-04-01
4729,Sara,Taylor,42,Architect,Delhi,87395,2015-09-08
4730,Tom,Smith,55,Intern,Berlin,92288,2023-11-14
4731,Alex,Johnson,43,Clerk,Toronto,117680,2009-04-17
4732,Tom,Williams,46,Designer,Dubai,85699,2024-05-05
4733,Jane,Johnson,34,Clerk,Tokyo,89007,2019-11-21
4734,Lisa,Garcia,23,Lead,Berlin,104485,2020-09-14
4735,John,Williams,18,Intern,Tokyo,66703,2011-11-09
4736,Sam,Brown,58,Consultant,London,40421,2015-07-26
4737,Mike,Garcia,54,Engineer,Tokyo,94381,2002-04-25
4738,Mike,Brown,31,Intern,Dubai,82831,2019-11-12
4739,Emma,Williams,55,Manager,Singapore,37858,2007-07-23
4740,Tom,Miller,29,Analyst,New York,46838,2021-12-08
4741,Sam,Miller,45,Clerk,Dubai,34208,2016-05-05
4742,Emma,Jones,37,Clerk,Dubai,53086,2012-02-07
4743,Sam,Johnson,27,Designer,New York,92515,2004-10-28
4744,Sam,Wilson,60,Lead,Toronto,90709,2007-10-15
4745,Sam,Smith,55,Developer,Sydney,36838,2006-01-15
4746,Sara,Brown,26,Clerk,Delhi,99969,2002-01-19
4747,Lisa,Brown,50,Manager,Singapore,62199,2015-10-04
4748,Sam,Davis,50,Clerk,Sydney,71324,2019-02-07
4749,Lisa,Smith,52,Analyst,Paris,92463,2004-10-19
4750,Sam,Wilson,56,Lead,Singapore,82315,2004-04-24
4751,Tom,Taylor,35,Consultant,Berlin,53507,2019-08-11
4752,John,Miller,43,Architect,Singapore,42105,2017-02-18
4753,Sam,Jones,54,Lead,Singapore,48273,2015-01-24
4754,John,Wilson,49,Lead,Tokyo,101710,2009-01-03
4755,Mike,Jones,45,Developer,Berlin,42541,2014-03-10
4756,Lisa,Smith,20,Analyst,New York,44154,2020-07-12
4757,Mike,Williams,35,Intern,Delhi,62487,2019-12-31
4758,Jane,Garcia,22,Manager,Paris,81834,2007-06-12
4759,Paul,Williams,28,Architect,Dubai,66035,2013-06-20
4760,Lisa,Taylor,24,Architect,London,97825,2011-03-14
4761,Sam,Jones,34,Clerk,Paris,113686,2009-04-24
4762,Lisa,Johnson,44,Manager,London,29570,2021-09-14
4763,Sara,Taylor,47,Lead,Toronto,56382,2021-05-09
4764,Emma,Johnson,28,Manager,Delhi,114188,2024-08-24
4765,Paul,Brown,19,Intern,London,26912,2010-02-19
4766,Lisa,Jones,18,Engineer,Delhi,57885,2005-07-22
4767,Alex,Smith,51,Analyst,London,118115,32-13-2025
4768,John,Taylor,54,Developer,Sydney,42276,2019-04-05
4769,John,Williams,24,Lead,Tokyo,44396,2005-08-30
4770,Jane,Brown,55,Analyst,Berlin,97658,2006-07-16
4771,Sara,Davis,20,Manager,New York,79944,2001-10-17
4772,Sam,Williams,38,Engineer,Tokyo,104195,2004-04-16
4773,Sam,Davis,21,Consultant,New York,81718,2007-02-28
4774,Jane,Johnson,44,Designer,Paris,81655,2021-09-14
4775,Alex,Jones,60,Clerk,Sydney,40482,2017-09-02
4776,Paul,Wilson,31,Clerk,Toronto,29614,2011-06-20
4777,Tom,Johnson,42,Manager,Sydney,106764,2013-03-19
4778,Jane,Smith,39,Consultant,Toronto,94198,2000-11-19
4779,John,Miller,50,Architect,Paris,88851,2004-06-22
4780,Mike,Smith,25,Analyst,Paris,114729,2003-03-25
4781,Paul,Brown,31,Engineer,Paris,105684,2021-09-26
4782,Jane,Smith,23,Developer,Paris,43008,2012-06-06
4783,Sam,Smith,26,Analyst,London,58197,2016-03-01
4784,Emma,Miller,42,Architect,Dubai,56976,2021-10-25
4785,Lisa,Taylor,40,Lead,Sydney,71849,2001-03-05
4786,Sara,Williams,24,Consultant,New York,30558,2000-08-23
4787,Jane,Brown,18,Consultant,Berlin,67011,2014-02-09
4788,John,Taylor,32,Architect,Singapore,50082,2005-01-24
4789,Lisa,Smith,56,Intern,London,113675,2023-01-26
4790,Jane,Williams,31,Lead,New York,114230,2010-07-22
4791,Mike,Taylor,53,Developer,New York,104819,2000-03-26
4792,Lisa,Johnson,44,Manager,New York,59616,2007-04-24
4793,Paul,Williams,42,Designer,Paris,64748,2003-07-16
4794,Alex,Williams,30,Architect,Singapore,92526,2004-04-02
4795,Alex,Smith,52,Engineer,Singapore,69336,2003-07-07
4796,Sam,Johnson,40,Clerk,London,113679,2014-09-09
4797,Emma,Brown,42,Architect,Singapore,89051,2018-08-23
4798,John,Jones,40,Consultant,Singapore,94461,2020-09-14
4799,Emma,Davis,40,Architect,Dubai,85352,2013-09-11
4800,Paul,Garcia,45,Lead,Sydney,47491,2011-10-11
4801,Tom,Jones,38,Engineer,Toronto,41036,2011-07-29
4802,Paul,Williams,38,Engineer,Toronto,102957,2005-11-19
4803,Emma,Taylor,28,Designer,Dubai,92513,2021-02-08
4804,Paul,Davis,30,Consultant,Sydney,51046,2014-04-19
4805,Sara,Smith,21,Intern,Tokyo,119522,2018-10-09
4806,Sara,Williams,28,Developer,Paris,46893,2003-01-19
4807,Tom,Johnson,60,Developer,Dubai,58212,2008-03-18
4808,Alex,Garcia,20,Architect,Tokyo,25486,2003-12-09
4809,Sam,Johnson,38,Analyst,Singapore,53771,2013-08-14
4810,Tom,Williams,47,Analyst,Tokyo,63695,2011-02-26
4811,Sam,Jones,27,Architect,Delhi,36461,2007-04-13
4812,Sam,Jones,51,Developer,London,98777,2013-01-21
4813,John,Jones,42,Engineer,Paris,90269,2016-02-17
4814,Sam,Williams,25,Clerk,Dubai,58000,2010-08-16
4815,Lisa,Jones,46,Intern,Tokyo,69541,2022-11-04
4816,Alex,Taylor,49,Consultant,London,72275,2021-02-15
4817,Jane,Brown,60,Consultant,Sydney,95191,2003-11-08
4818,Lisa,Wilson,48,Intern,New York,28912,2002-04-15
4819,Alex,Jones,57,Engineer,Tokyo,87123,2002-12-01
4820,Mike,Brown,51,Designer,London,51101,2000-09-03
4821,Tom,Johnson,42,Intern,Tokyo,31852,2000-07-07
4822,Tom,Davis,20,Manager,Sydney,35805,2018-10-07
4823,Mike,Smith,48,Developer,Tokyo,34956,2012-06-15
4824,Sam,Taylor,45,Clerk,Delhi,70476,2017-03-16
4825,Emma,Brown,53,Intern,New York,95238,2001-08-01
4826,Lisa,Davis,58,Designer,Paris,100828,2014-06-06
4827,John,Wilson,52,Engineer,New York,68988,2018-09-18
4828,Emma,Wilson,56,Architect,Tokyo,55994,2007-06-01
4829,Emma,Garcia,18,Intern,Berlin,61708,2004-02-10
4830,Tom,Smith,52,Clerk,Sydney,81159,2022-06-25
4831,Sara,Davis,44,Engineer,Delhi,86551,2014-02-22
4832,Lisa,Taylor,59,Designer,Delhi,39711,2018-02-20
4833,Lisa,Miller,32,Clerk,Singapore,111357,2006-01-09
4834,Sam,Smith,23,Developer,New York,35257,2020-01-30
4835,Sara,Miller,48,Developer,New York,86939,2018-05-16
4836,John,Jones,38,Architect,Paris,52085,2024-02-03
4837,Lisa,Johnson,48,Analyst,Tokyo,96262,2021-05-27
4838,Alex,Wilson,51,Lead,Delhi,114833,2018-04-09
4839,Mike,Wilson,23,Clerk,Sydney,113774,2019-05-07
4840,Lisa,Jones,23,Developer,London,33825,2008-03-30
4841,Jane,Garcia,18,Manager,London,114056,2015-06-01
4842,Lisa,Jones,50,Clerk,Berlin,67224,2018-09-22
4843,Sam,Wilson,38,Lead,Berlin,47639,2000-03-18
4844,Lisa,Brown,26,Analyst,London,28666,2005-04-15
4845,John,Brown,46,Lead,New York,113496,2022-02-17
4846,Paul,Jones,56,Engineer,Sydney,31678,2017-07-19
4847,Lisa,Wilson,39,Analyst,Tokyo,108322,2003-10-30
4848,John,Miller,55,Intern,Toronto,49412,2001-11-29
4849,Alex,Davis,54,Clerk,Dubai,108221,2007-01-24
4850,Emma,Johnson,55,Intern,London,43064,2011-11-25
4851,Sara,Smith,34,Engineer,Delhi,47018,2023-01-08
4852,Alex,Davis,52,Developer,Paris,73531,2022-10-07
4853,John,Johnson,30,Consultant,Toronto,102075,2008-10-12
4854,Paul,Miller,31,Lead,Toronto,37445,2005-08-27
4855,John,Brown,44,Intern,Paris,85384,2011-02-05
4856,Paul,Miller,46,Designer,Berlin,27894,2011-07-19
4857,Lisa,Wilson,52,Designer,London,106161,2009-08-18
4858,Sam,Garcia,58,Manager,Berlin,95627,2001-10-15
4859,Tom,Smith,29,Lead,London,40700,2013-02-18
4860,Emma,Smith,39,Intern,Dubai,87382,2024-07-12
4861,Emma,Miller,51,Intern,London,89318,2019-02-09
4862,Emma,Williams,40,Designer,Dubai,31538,2011-04-25
4863,Alex,Garcia,31,Architect,Dubai,99611,2022-01-31
4864,Jane,Brown,37,Clerk,Paris,98415,2024-09-15
4865,Paul,Smith,30,Designer,Berlin,37654,2001-11-24
4866,Jane,Davis,38,Intern,Dubai,38132,2008-10-28
4867,John,Johnson,19,Lead,New York,44730,2021-04-15
4868,Mike,Johnson,24,Manager,Delhi,41729,2005-02-27
4869,John,Miller,47,Lead,London,34340,2008-10-31
4870,John,Williams,51,Manager,Toronto,104355,2004-08-19
4871,Sam,Johnson,32,Manager,Singapore,37285,2002-08-22
4872,John,Johnson,39,Lead,Paris,100486,2024-01-18
4873,Paul,Davis,32,Analyst,Singapore,54126,2002-03-14
4874,Jane,Johnson,37,Analyst,Berlin,65890,2001-09-20
4875,Jane,Wilson,19,Engineer,Singapore,84470,2014-01-27
4876,John,Garcia,34,Designer,Singapore,45746,2000-04-20
4877,Lisa,Davis,54,Analyst,Toronto,104103,2016-01-07
4878,Mike,Williams,58,Manager,Sydney,119384,2006-09-15
4879,Lisa,Davis,58,Intern,Tokyo,50214,2003-12-19
4880,Paul,Davis,52,Architect,Dubai,47212,2020-07-04
4881,Mike,Jones,41,Clerk,Dubai,63866,2004-11-21
4882,Jane,Miller,31,Developer,Singapore,32766,2003-05-03
4883,Alex,Smith,36,Architect,Dubai,52473,2015-03-04
4884,Tom,Johnson,41,Developer,Singapore,106202,2005-08-06
4885,Lisa,Jones,30,Engineer,Dubai,81370,2005-03-20
4886,Emma,Williams,50,Engineer,Tokyo,60802,2007-10-03
4887,Emma,Garcia,53,Lead,Dubai,81107,2000-09-29
4888,Sara,Smith,22,Designer,Sydney,47793,2012-08-26
4889,John,Davis,50,Clerk,Sydney,60869,2004-03-22
4890,Sara,Wilson,45,Designer,Sydney,81907,2022-07-16
4891,John,Garcia,58,Engineer,London,110836,2016-07-28
4892,Alex,Johnson,45,Lead,London,36388,2000-08-17
4893,Sara,Wilson,57,Architect,Tokyo,89087,2010-01-29
4894,Paul,Davis,50,Architect,Tokyo,105929,2000-05-19
4895,Tom,Johnson,57,Analyst,Sydney,73795,2020-01-24
4896,Jane,Taylor,41,Designer,Singapore,52836,2011-11-05
4897,Sara,Johnson,55,Developer,Berlin,41898,2020-07-28
4898,John,Jones,35,Intern,New York,106711,2017-11-20
4899,Emma,Davis,38,Intern,Toronto,87957,2020-03-10
4900,Jane,Garcia,28,Designer,Tokyo,115781,2002-05-09
4901,Jane,Brown,59,Clerk,Tokyo,93406,2021-10-24
4902,Jane,Taylor,45,Clerk,Dubai,90586,2012-10-20
4903,Lisa,Williams,57,Developer,Dubai,88670,2011-10-10
4904,Mike,Johnson,26,Intern,London,108080,2005-12-29
4905,John,Smith,41,Developer,Sydney,72604,2015-09-22
4906,Tom,Brown,36,Architect,Tokyo,27704,2013-08-27
4907,Sara,Garcia,57,Intern,Paris,29584,2015-08-22
4908,Lisa,Brown,32,Manager,Berlin,52769,2019-02-18
4909,Mike,Smith,35,Manager,Singapore,115462,2024-11-09
4910,Alex,Smith,18,Architect,Berlin,112259,2000-04-09
4911,John,Jones,58,Lead,Singapore,47578,2024-08-31
4912,John,Williams,34,Clerk,Delhi,29039,2001-03-19
4913,Sara,Johnson,28,Intern,Tokyo,88685,2002-03-18
4914,Mike,Taylor,36,Architect,Dubai,40785,2012-05-16
4915,Emma,Brown,18,Analyst,New York,113158,2008-11-27
4916,Mike,Williams,60,Lead,Toronto,106167,2009-02-22
4917,Jane,Johnson,28,Consultant,Delhi,46937,2011-12-17
4918,John,Garcia,58,Designer,New York,113498,2004-11-16
4919,Sam,Davis,47,Engineer,Tokyo,31209,2019-03-30
4920,Sara,Taylor,37,Manager,Dubai,86315,2020-02-24
4921,Emma,Miller,32,Intern,New York,105086,2015-11-09
4922,Tom,Williams,51,Intern,Toronto,71969,2008-05-11
4923,Sam,Wilson,59,Intern,Tokyo,63819,2017-12-27
4924,Sam,Jones,59,Architect,Berlin,75041,2021-01-12
4925,John,Garcia,18,Architect,Singapore,119992,2015-10-04
4926,Mike,Williams,52,Architect,Paris,115345,2007-05-23
4927,Emma,Smith,44,Manager,Toronto,101999,2005-07-20
4928,Lisa,Williams,53,Intern,Toronto,51896,2022-10-03
4929,Paul,Williams,56,Engineer,Toronto,102823,2013-09-30
4930,Alex,Williams,40,Designer,Tokyo,34870,2023-09-06
4931,Alex,Jones,34,Developer,Toronto,49648,2011-09-16
4932,Sara,Johnson,27,Consultant,New York,109272,2001-04-13
4933,Paul,Johnson,28,Consultant,Paris,57421,2002-05-15
4934,Jane,Williams,19,Developer,Singapore,115725,2013-04-03
4935,Tom,Jones,52,Intern,Berlin,117713,2014-03-06
4936,Mike,Jones,57,Intern,Toronto,109431,2020-09-06
4937,Sara,Miller,52,Architect,Delhi,117961,2005-02-27
4938,Jane,Jones,57,Designer,Sydney,108036,2011-01-02
4939,Tom,Garcia,52,Engineer,Berlin,111584,2009-01-03
4940,Mike,Smith,34,Consultant,Toronto,110351,2010-04-08
4941,Sara,Smith,37,Intern,London,101970,2004-08-04
4942,Jane,Smith,32,Designer,New York,91076,2018-12-22
4943,Lisa,Brown,35,Analyst,Berlin,36124,2006-12-03
4944,Lisa,Williams,38,Consultant,Singapore,82452,2002-04-14
4945,Sara,Brown,24,Manager,Berlin,96978,2020-02-11
4946,Jane,Miller,55,Engineer,London,47657,2004-09-26
4947,Lisa,Miller,40,Consultant,Sydney,119988,2008-11-13
4948,Sam,Johnson,47,Developer,Singapore,90633,2023-08-15
4949,John,Taylor,22,Intern,Berlin,85333,2002-01-10
4950,Emma,Brown,35,Analyst,Paris,91166,2009-12-02
4951,Alex,Smith,49,Manager,New York,97548,2001-12-20
4952,Tom,Garcia,44,Engineer,Tokyo,94846,2018-11-18
4953,Alex,Taylor,46,Engineer,Dubai,88217,2008-08-03
4954,Alex,Wilson,46,Developer,Dubai,44230,2004-01-26
4955,Sara,Smith,38,Intern,Tokyo,70103,2003-11-25
4956,John,Smith,20,Analyst,Sydney,116120,2015-01-31
4957,Mike,Johnson,28,Designer,Paris,25662,2021-10-26
4958,Alex,Johnson,31,Architect,Toronto,28586,2009-05-16
4959,Jane,Smith,53,Developer,Berlin,64654,2018-01-23
4960,Sara,Smith,34,Designer,Dubai,87426,2005-07-07
4961,Lisa,Garcia,44,Designer,Toronto,27398,2000-02-01
4962,Paul,Johnson,60,Architect,Sydney,82619,2007-07-24
4963,Alex,Brown,53,Manager,Dubai,48090,2014-08-17
4964,Sam,Jones,33,Engineer,Delhi,68934,2017-07-16
4965,Emma,Miller,23,Designer,Singapore,56954,2007-03-06
4966,Sara,Jones,19,Engineer,Dubai,55406,2012-03-25
4967,Jane,Davis,50,Architect,Dubai,35348,2016-09-21
4968,Mike,Brown,60,Architect,Tokyo,42045,2013-12-04
4969,Sam,Garcia,33,Developer,London,76090,2014-05-11
4970,Emma,Garcia,60,Clerk,Tokyo,101175,2017-11-07
4971,Sam,Johnson,55,Intern,London,57841,2020-01-21
4972,Lisa,Jones,52,Analyst,Sydney,53976,2011-11-10
4973,Paul,Smith,54,Developer,Delhi,101391,2001-03-16
4974,Jane,Williams,29,Architect,Dubai,46485,2008-02-03
4975,John,Wilson,19,Intern,Toronto,69166,2018-10-01
4976,Lisa,Williams,52,Intern,Tokyo,88420,2016-01-21
4977,Mike,Johnson,29,Consultant,Tokyo,39474,2020-05-22
4978,Mike,Smith,18,Clerk,Tokyo,91544,2017-02-04
4979,Sara,Brown,23,Analyst,Paris,116241,2019-11-07
4980,Sara,Wilson,53,Consultant,Dubai,40320,2015-11-12
4981,Alex,Williams,50,Manager,Toronto,44468,2022-03-15
4982,Emma,Taylor,46,Consultant,Berlin,89289,2020-02-05
4983,Paul,Garcia,56,Developer,Dubai,113046,2022-05-01
4984,Jane,Wilson,36,Developer,Toronto,117992,2018-07-24
4985,John,Brown,58,Designer,Berlin,83460,2009-04-27
4986,Tom,Wilson,22,Consultant,Paris,116547,2006-03-14
4987,Alex,Garcia,47,Designer,New York,60436,2005-03-29
4988,Paul,Taylor,24,Designer,Delhi,73579,2017-02-28
4989,Emma,Davis,43,Developer,Berlin,97179,2007-09-06
4990,Tom,Johnson,50,Designer,Singapore,114317,2000-01-21
4991,Emma,Jones,53,Developer,Singapore,29368,2006-11-11
4992,John,Davis,36,Manager,New York,90776,2007-09-10
4993,Emma,Williams,37,Designer,London,46417,2009-12-02
4994,Tom,Taylor,25,Analyst,Tokyo,31107,2020-02-20
4995,Sara,Davis,52,Architect,Sydney,73179,2010-09-28
4996,Paul,Jones,50,Lead,Tokyo,65493,2011-03-25
4997,Emma,Miller,24,Manager,Tokyo,40720,2010-10-23
4998,Sara,Johnson,23,Intern,Delhi,91293,2021-09-06
4999,John,Miller,36,Architect,London,39711,2016-09-29
5000,Paul,Williams,50,Clerk,Paris,63379,2017-08-29
5001,Emma,Davis,23,Manager,Singapore,83684,2024-11-24
5002,Sam,Garcia,27,Lead,New York,25711,2001-01-06
5003,Tom,Brown,27,Intern,London,34322,2009-12-03
5004,Sara,Jones,26,Intern,Singapore,33012,2018-08-18
5005,Paul,Brown,58,Intern,Singapore,72038,2006-06-24
5006,Sam,Miller,54,Developer,Singapore,100669,2005-01-09
5007,Sam,Williams,41,Intern,Singapore,42471,2016-01-18
5008,Sam,Garcia,42,Intern,Delhi,36643,2009-12-12
5009,Lisa,Smith,42,Lead,Berlin,110973,2011-08-13
5010,Sam,Jones,26,Architect,London,49386,2000-01-11
5011,John,Williams,40,Analyst,London,100874,2003-06-23
5012,John,Jones,54,Analyst,Paris,107728,2006-09-14
5013,John,Brown,44,Clerk,Singapore,118663,2016-11-29
5014,Sam,Jones,46,Manager,Dubai,90807,2022-05-17
5015,Mike,Davis,47,Manager,Paris,83185,2001-08-14
5016,Sam,Johnson,47,Clerk,London,60049,2003-08-02
5017,Sara,Garcia,20,Intern,New York,62268,2002-05-11
5018,Tom,Brown,40,Manager,Toronto,27852,2003-12-12
5019,Lisa,Miller,24,Consultant,Paris,95475,2005-04-18
5020,Sam,Garcia,53,Developer,New York,118536,2022-05-08
5021,Paul,Garcia,60,Lead,Berlin,94888,2013-08-17
5022,Jane,Davis,37,Designer,Berlin,97098,2024-07-11
5023,Sara,Taylor,52,Engineer,Berlin,105134,2020-04-13
5024,Mike,Brown,33,Intern,Singapore,70836,2003-05-07
5025,Mike,Williams,53,Analyst,Paris,69783,2019-08-27
5026,Tom,Taylor,32,Intern,New York,63101,2014-11-21
5027,Paul,Taylor,57,Designer,New York,76177,2022-08-22
5028,Lisa,Smith,50,Consultant,Dubai,98355,2014-03-02
5029,Paul,Wilson,55,Analyst,Dubai,103111,2000-08-23
5030,Sara,Miller,52,Architect,Berlin,101565,2000-05-27
5031,Sam,Davis,49,Designer,Berlin,64920,2013-09-19
5032,Emma,Miller,27,Analyst,New York,45933,2006-05-09
5033,Mike,Wilson,38,Consultant,Berlin,58653,2009-12-21
5034,Emma,Wilson,48,Clerk,London,49328,2013-07-22
5035,Lisa,Wilson,38,Lead,Berlin,113900,2009-05-08
5036,Jane,Williams,28,Clerk,Berlin,106939,2003-10-28
5037,Alex,Miller,39,Developer,Singapore,29226,2021-11-09
5038,Paul,Smith,25,Clerk,Sydney,32849,2013-02-19
5039,Tom,Wilson,24,Lead,Delhi,57796,2010-05-28
5040,Lisa,Williams,31,Developer,Toronto,68716,2002-10-07
5041,Mike,Garcia,59,Intern,New York,86172,2007-04-23
5042,Tom,Williams,59,Designer,Sydney,105615,2022-11-12
5043,Jane,Johnson,19,Lead,Paris,115361,2001-10-12
5044,Jane,Johnson,46,Manager,Dubai,98412,2020-06-07
5045,Emma,Smith,57,Manager,Dubai,53321,2021-08-15
5046,Sam,Taylor,34,Analyst,Paris,48630,2014-05-27
5047,Paul,Davis,34,Intern,London,57690,2005-09-22
5048,Jane,Wilson,26,Consultant,Singapore,114241,2005-03-02
5049,Mike,Jones,37,Intern,Paris,96057,2010-01-02
5050,Alex,Davis,34,Lead,Dubai,98021,2015-03-19
5051,Sam,Smith,46,Engineer,Tokyo,100917,2015-07-11
5052,Lisa,Jones,29,Developer,Toronto,,2012-10-16
5053,Alex,Garcia,58,Analyst,London,119905,2010-08-15
5054,Sam,Jones,24,Developer,Berlin,108178,2014-03-12
5055,Mike,Wilson,48,Clerk,New York,93116,2009-11-14
5056,Paul,Brown,28,Engineer,Berlin,81559,2001-10-15
5057,Lisa,Garcia,37,Architect,Sydney,76718,2014-01-20
5058,Emma,Smith,25,Engineer,Sydney,106283,2024-09-21
5059,Sara,Miller,25,Developer,Delhi,33394,2021-02-22
5060,Mike,Wilson,51,Manager,New York,78877,2011-08-31
5061,Sam,Williams,48,Consultant,Toronto,101574,2015-07-25
5062,Sam,Garcia,25,Consultant,Tokyo,88157,2009-05-03
5063,John,Garcia,30,Designer,Sydney,65720,2006-12-06
5064,Sara,Brown,51,Intern,Berlin,39676,2011-01-05
5065,Tom,Garcia,54,Clerk,Tokyo,101467,2013-05-09
5066,Sara,Smith,42,Analyst,New York,31674,2017-12-30
5067,John,Jones,34,Developer,Delhi,50353,2013-01-12
5068,Sara,Miller,37,Developer,Dubai,70610,2004-07-29
5069,Jane,Williams,23,Developer,Toronto,77876,2000-07-26
5070,Tom,Wilson,28,Developer,New York,52000,2008-08-17
5071,Tom,Garcia,42,Designer,Sydney,80620,2020-11-19
5072,Paul,Wilson,18,Architect,Singapore,48496,2005-03-01
5073,Alex,Jones,18,Analyst,London,30658,2024-07-07
5074,Tom,Wilson,22,Lead,New York,89650,2004-05-02
5075,Tom,Wilson,58,Lead,Tokyo,70528,2001-09-25
5076,John,Wilson,56,Consultant,Paris,71051,2007-09-15
5077,Paul,Wilson,54,Manager,Berlin,36818,2018-01-09
5078,Sam,Wilson,18,Lead,Berlin,92951,2022-02-17
5079,Jane,Jones,37,Manager,Dubai,76728,2007-03-24
5080,Lisa,Taylor,19,Analyst,London,48720,2017-05-26
5081,John,Garcia,58,Designer,Dubai,74514,2016-03-21
5082,Alex,Taylor,57,Developer,Singapore,85538,2024-04-26
5083,Emma,Davis,33,Analyst,Sydney,68806,2000-10-14
5084,Sara,Johnson,30,Clerk,London,67702,2009-02-06
5085,Tom,Garcia,60,Clerk,London,97350,2015-11-21
5086,Mike,Taylor,47,Clerk,London,113380,2010-07-12
5087,Tom,Miller,39,Designer,Tokyo,115020,2019-11-21
5088,Alex,Wilson,34,Intern,Tokyo,31665,2004-12-15
5089,Alex,Smith,56,Engineer,Toronto,43068,2019-11-28
5090,Sam,Davis,47,Designer,Berlin,72593,2000-01-10
5091,Alex,Williams,39,Developer,Berlin,64414,2003-07-20
5092,Paul,Johnson,37,Developer,Sydney,75839,2007-04-30
5093,Alex,Davis,47,Manager,Toronto,111960,2004-03-02
5094,Alex,Johnson,24,Clerk,Berlin,25883,2004-07-15
5095,Paul,Jones,56,Architect,Delhi,84726,2005-03-08
5096,Alex,Williams,49,Lead,Tokyo,119497,2015-04-22
5097,Sara,Johnson,42,Manager,Singapore,112034,2017-07-07
5098,Alex,Smith,57,Developer,Singapore,61256,2020-12-31
5099,Sam,Johnson,19,Architect,Sydney,108367,2016-03-31
5100,Jane,Taylor,53,Architect,Tokyo,115465,2018-12-14
5101,Mike,Brown,19,Architect,Dubai,46048,2022-11-27,extra_field
5102,Tom,Smith,49,Developer,Tokyo,75018,2002-04-29
5103,Sara,Brown,21,Manager,Sydney,55229,2009-07-24
5104,Tom,Johnson,59,Manager,Dubai,113622,2016-02-04
5105,John,Brown,33,Lead,Berlin,47097,2021-11-29
5106,Mike,Davis,52,Clerk,New York,44558,2024-09-24
5107,Jane,Smith,43,Lead,Dubai,49441,2004-09-08
5108,Paul,Brown,49,Consultant,Singapore,106709,2000-08-20
5109,Jane,Brown,42,Developer,Delhi,62822,2005-07-20
5110,Alex,Miller,59,Intern,Singapore,47300,2003-08-31
5111,Jane,Johnson,21,Clerk,Dubai,52496,2017-10-19
5112,Mike,Brown,50,Analyst,Paris,67303,2002-01-06
5113,Alex,Smith,58,Intern,Paris,52041,2019-11-23
5114,Paul,Taylor,42,Intern,Dubai,88041,2011-11-23
5115,Sam,Davis,60,Architect,London,70594,2008-12-08
5116,Lisa,Williams,52,Architect,London,51379,2002-11-03
5117,Sam,Miller,25,Clerk,Berlin,49791,2017-05-31
5118,Sam,Johnson,38,Designer,Berlin,29256,2000-07-23
5119,Emma,Johnson,48,Intern,Dubai,28011,2020-01-15
5120,Emma,Miller,22,Lead,Paris,42946,2003-10-27
5121,Emma,Taylor,32,Clerk,Tokyo,95371,2022-11-03
5122,John,Smith,25,Intern,Delhi,76590,2010-08-04
5123,Mike,Miller,20,Clerk,New York,43282,2017-05-11
5124,Mike,Williams,25,Designer,Delhi,117650,2019-08-22
5125,John,Brown,60,Developer,Paris,68204,2003-11-30
5126,Sara,Wilson,50,Clerk,Singapore,28593,2017-03-24
5127,Paul,Garcia,28,Analyst,Dubai,46703,2013-09-23
5128,Paul,Taylor,31,Consultant,London,73780,2011-02-22
5129,Mike,Williams,46,Manager,Toronto,96367,2016-11-04
5130,Jane,Davis,41,Manager,New York,118810,2011-09-17
5131,Sam,Wilson,50,Lead,Singapore,55914,2013-01-10
5132,Mike,Johnson,45,Designer,London,54443,2003-07-26
5133,Lisa,Williams,60,Engineer,Tokyo,105548,2016-09-14
5134,Sam,Garcia,32,Architect,Paris,83910,2007-01-17
5135,Lisa,Brown,53,Designer,Paris,114872,2002-11-14
5136,Paul,Wilson,21,Developer,Toronto,101027,2018-01-23
5137,Tom,Garcia,57,Developer,New York,62821,2000-08-22
5138,Emma,Smith,35,Consultant,Delhi,32653,2003-11-01
5139,Mike,Johnson,24,Designer,Tokyo,87288,2022-02-04
5140,Mike,Johnson,23,Engineer,New York,111648,2012-01-14
5141,Mike,Jones,50,Clerk,Berlin,69903,2019-09-24
5142,Jane,Williams,60,Developer,Singapore,58393,2014-06-20
5143,Mike,Garcia,20,Manager,Toronto,91654,2011-03-01
5144,Sam,Smith,29,Clerk,Toronto,64436,2017-04-01
5145,Alex,Brown,20,Lead,Singapore,65386,2018-05-27
5146,Sara,Jones,38,Lead,Delhi,96089,2024-01-11
5147,Sara,Miller,50,Lead,London,52437,2016-03-06
5148,John,Wilson,35,Intern,Delhi,33992,2014-10-17
5149,Sara,Brown,43,Intern,New York,64469,2013-03-11
5150,John,Taylor,37,Developer,New York,83472,2016-08-21
5151,Lisa,Williams,34,Clerk,Sydney,38217,2001-04-28
5152,Mike,Miller,47,Developer,Dubai,27982,2013-07-24
5153,Tom,Jones,31,Analyst,Berlin,92718,2022-02-16
5154,Paul,Garcia,30,Analyst,Singapore,80728,2017-11-02
5155,John,Smith,36,Intern,Paris,36104,2024-03-18
5156,John,Brown,24,Analyst,Tokyo,48720,2000-09-24
5157,Paul,Brown,47,Lead,Paris,83670,2023-12-24
5158,Tom,Johnson,51,Architect,Singapore,43701,2016-05-14
5159,Paul,Brown,48,Consultant,Singapore,116156,2014-09-02
5160,Sara,Garcia,57,Analyst,Paris,96634,2004-05-03
5161,Sara,Johnson,39,Engineer,Sydney,46576,2021-04-14
5162,Tom,Davis,54,Engineer,Delhi,39388,2023-12-20
5163,Lisa,Williams,54,Analyst,Singapore,94072,2009-02-25
5164,Sara,Davis,26,Architect,Sydney,87782,2024-03-11
5165,Sam,Davis,58,Manager,Singapore,62243,2019-02-22
5166,Lisa,Jones,58,Engineer,Delhi,115881,2004-06-17
5167,Mike,Miller,21,Intern,New York,112658,2024-05-19
5168,Tom,Smith,25,Manager,Singapore,82253,2016-03-26
5169,Jane,Davis,40,Designer,Tokyo,81457,2005-06-28
5170,John,Wilson,53,Intern,Paris,64370,2021-09-07
5171,Lisa,Wilson,57,Intern,Berlin,61280,2014-02-12
5172,Paul,Garcia,54,Intern,Berlin,31350,2011-06-30
5173,Emma,Smith,41,Manager,Paris,67186,2016-05-15
5174,Mike,Williams,32,Consultant,Delhi,61469,2015-06-12
5175,Lisa,Brown,60,Manager,Sydney,46472,2015-09-21
5176,Lisa,Miller,44,Analyst,Tokyo,60747,2009-11-25
5177,Emma,Garcia,55,Clerk,Toronto,76606,2000-05-11
5178,Emma,Wilson,45,Consultant,New York,59786,2010-09-09
5179,Lisa,Johnson,45,Manager,Tokyo,50468,2010-10-26
5180,John,Wilson,29,Developer,Sydney,45894,2012-04-25
5181,Paul,Garcia,32,Developer,Tokyo,115590,2007-10-12
5182,Mike,Taylor,44,Analyst,Sydney,33182,2023-12-06
5183,Sara,Wilson,56,Intern,Delhi,55129,2012-06-09
5184,John,Smith,41,Engineer,London,47781,2007-04-13
5185,Lisa,Miller,20,Consultant,Berlin,119844,2018-10-05
5186,Sara,Taylor,43,Engineer,Tokyo,102295,2017-06-08
5187,Paul,Brown,48,Analyst,Tokyo,119486,2021-08-23
5188,Sara,Miller,33,Intern,Sydney,70219,2002-08-18
5189,Emma,Jones,23,Clerk,Paris,105053,2010-10-04
5190,Sam,Miller,39,Consultant,Singapore,70714,2016-01-30
5191,John,Johnson,47,Clerk,Delhi,35696,2024-10-26
5192,Sam,Brown,21,Clerk,Berlin,69734,2012-05-08
5193,Sara,Williams,30,Engineer,London,119750,2018-01-11
5194,Sam,Williams,19,Designer,New York,118884,2017-09-20
5195,Alex,Taylor,52,Architect,Dubai,84174,2013-01-20
5196,John,Brown,53,Consultant,Singapore,77406,2008-05-27
5197,Emma,Garcia,50,Developer,Paris,60474,2017-10-02
5198,Paul,Williams,50,Designer,Delhi,37055,2011-09-18
5199,Jane,Williams,37,Consultant,London,75452,2000-09-03
5200,Mike,Wilson,58,Architect,Singapore,65299,2021-02-13
5201,Emma,Miller,55,Developer,London,28225,2012-08-05
5202,Sara,Wilson,52,Manager,New York,30692,2003-05-05
5203,John,Johnson,20,Clerk,Berlin,88585,2011-06-18
5204,Paul,Williams,39,Manager,Tokyo
5205,Sam,Johnson,47,Consultant,Toronto,105035,2011-11-05
5206,Mike,Brown,39,Engineer,Sydney,72001,2020-02-15
5207,John,Garcia,20,Manager,Berlin,79867,2009-08-14
5208,Paul,Davis,22,Engineer,Dubai,93038,2000-04-13
5209,Sara,Taylor,31,Designer,Sydney,91859,2022-09-05
5210,Sam,Jones,49,Architect,New York,100035,2007-11-05
5211,John,Jones,39,Manager,Tokyo,69525,2016-03-29
5212,Emma,Johnson,24,Engineer,Berlin,38210,2018-09-04
5213,Jane,Taylor,45,Lead,Toronto,119081,2001-12-20
5214,Alex,Smith,55,Intern,Tokyo,117762,2006-03-27
5215,John,Smith,52,Analyst,Dubai,119613,2020-06-30
5216,Sam,Brown,20,Architect,Sydney,66156,2016-08-06
5217,Tom,Miller,54,Designer,Sydney,31432,2005-02-27
5218,Alex,Williams,19,Lead,Toronto,40544,2007-07-11
5219,Lisa,Miller,59,Manager,Paris,92848,2022-08-03
5220,Tom,Johnson,31,Manager,Singapore,74381,2005-04-16
5221,Paul,Smith,36,Clerk,London,38623,2017-09-22
5222,Sara,Williams,59,Manager,Tokyo,67171,2024-01-26
5223,Jane,Williams,38,Architect,Berlin,35728,2004-06-16
5224,Lisa,Williams,41,Engineer,Berlin,111655,2021-02-02
5225,Jane,Garcia,33,Developer,Dubai,87117,2021-12-19
5226,Sara,Miller,27,Consultant,London,90314,2001-09-14
5227,Lisa,Johnson,55,Intern,Berlin,86247,2009-02-12
5228,Lisa,Taylor,21,Clerk,London,53363,2005-05-07
5229,Mike,Smith,48,Designer,Sydney,111396,2002-09-08
5230,Alex,Taylor,29,Lead,Tokyo,73314,2002-01-01
5231,Sam,Davis,45,Clerk,Singapore,55503,2006-02-16
5232,Lisa,Jones,37,Manager,Sydney,93006,2017-04-25
5233,Lisa,Taylor,43,Manager,Delhi,97875,2016-05-28
5234,Paul,Smith,57,Architect,Delhi,56976,2005-06-21
5235,Paul,Garcia,39,Intern,Toronto,56989,2009-10-07
5236,Alex,Wilson,23,Developer,Berlin,80504,2015-04-21
5237,Tom,Johnson,32,Manager,Berlin,52383,2004-12-29
5238,Paul,Jones,52,Architect,Singapore,73594,2018-12-13
5239,Tom,Williams,35,Developer,Singapore,105912,2018-05-14
5240,Paul,Jones,23,Intern,Sydney,32803,2011-01-08
5241,Sara,Taylor,33,Clerk,London,99859,2021-04-24
5242,Sam,Jones,30,Intern,Paris,109295,2013-02-10
5243,Emma,Davis,54,Consultant,Singapore,72728,2007-01-11
5244,Tom,Johnson,27,Lead,Sydney,62687,2004-08-26
5245,Sara,Taylor,35,Intern,Singapore,97687,2004-12-12
5246,Tom,Davis,21,Designer,Sydney,78979,2012-09-14
5247,Sara,Miller,26,Engineer,Dubai,N/A,2021-01-03
5248,Tom,Johnson,37,Analyst,Toronto,103540,2015-03-29
5249,Paul,Brown,41,Developer,Singapore,41319,2017-12-24
5250,John,Davis,37,Engineer,Singapore,68231,2018-04-11
5251,Tom,Brown,24,Developer,Sydney,80176,2022-07-25
5252,Paul,Johnson,58,Analyst,Toronto,66370,2015-12-03
5253,John,Davis,25,Manager,Dubai,78444,2018-11-03
5254,Emma,Brown,28,Manager,New York,28923,2015-10-05
5255,Paul,Miller,28,Clerk,Toronto,83289,2008-11-08
5256,Tom,Wilson,28,Architect,Toronto,81331,2016-06-12
5257,Sara,Jones,53,Intern,Toronto,81954,2009-02-24
5258,Lisa,Garcia,31,Intern,London,83485,2013-02-26
5259,Jane,Taylor,57,Engineer,Sydney,74196,2014-01-22
5260,Mike,Davis,37,Designer,Berlin,69663,2007-11-08
5261,Jane,Brown,38,Intern,Berlin,99393,2012-06-29
5262,Emma,Davis,38,Lead,Berlin,26890,2002-03-04
5263,Jane,Brown,52,Manager,London,88655,2019-03-26
5264,Jane,Miller,25,Designer,Sydney,33854,2011-03-24
5265,John,Wilson,33,Intern,Berlin,99716,2015-02-12
5266,Alex,Johnson,24,Lead,Delhi,80307,2018-10-01
5267,Emma,Williams,21,Manager,New York,57000,2008-06-17
5268,Emma,Taylor,59,Engineer,London,98828,2009-06-27
5269,Emma,Wilson,31,Manager,Tokyo,29762,2003-11-27
5270,Alex,Miller,50,Manager,Paris,93715,2020-04-03
5271,Alex,Smith,29,Clerk,Dubai,45372,2003-12-29
5272,Sara,Garcia,59,Engineer,New York,111124,2007-03-04
5273,Lisa,Wilson,56,Intern,Delhi,101737,2022-02-04
5274,Paul,Smith,41,Developer,London,63399,2009-01-21
5275,John,Garcia,54,Intern,Paris,34605,2009-08-14
5276,Sam,Smith,49,Designer,London,83386,2014-05-18
5277,Emma,Miller,20,Manager,Paris,103383,2010-04-27
5278,Tom,Davis,19,Manager,New York,82278,2015-01-15
5279,Mike,Brown,31,Clerk,Berlin,71907,2006-01-17
5280,Tom,Miller,56,Designer,Singapore,79804,2017-11-14
5281,Emma,Williams,23,Intern,Paris,33820,2008-04-20
5282,Jane,Smith,32,Consultant,Delhi,68931,2004-07-25
5283,Alex,Jones,35,Manager,New York,99759,2019-03-26
5284,Paul,Smith,51,Analyst,Tokyo,67658,2008-02-16
5285,Sam,Garcia,45,Consultant,London,39164,2023-05-06
5286,John,Wilson,56,Developer,Berlin,60375,2013-08-29
5287,Paul,Taylor,59,Lead,Singapore,65252,2012-07-09
5288,Mike,Miller,43,Manager,Singapore,64501,2011-07-26
5289,Paul,Garcia,46,Developer,Paris,59343,2003-06-27
5290,Lisa,Brown,38,Intern,Berlin,67950,2000-02-02
5291,Lisa,Miller,59,Engineer,Berlin,54258,2005-10-02
5292,Jane,Miller,36,Clerk,Singapore,45114,2003-06-21
5293,Tom,Williams,33,Lead,London,117455,2023-09-11
5294,Alex,Smith,59,Consultant,Paris,28683,2017-09-18
5295,Sam,Wilson,40,Analyst,Berlin,44109,2018-06-21
5296,Alex,Taylor,33,Developer,Delhi,49364,2003-08-27
5297,Sam,Miller,30,Architect,Singapore,36766,2002-11-22
5298,Emma,Jones,31,Manager,Paris,49692,2018-02-26
5299,John,Johnson,30,Analyst,Sydney,34109,2000-12-28
5300,Emma,Garcia,56,Consultant,Dubai,35249,2017-12-22
5301,Paul,Jones,21,Consultant,Tokyo,29558,2005-10-06
5302,Sara,Davis,58,Lead,Toronto,25835,2008-10-23
5303,Alex,Miller,19,Designer,Dubai,73972,2006-02-14
5304,Emma,Davis,21,Designer,Paris,43278,2019-02-22
5305,Emma,Brown,29,Developer,Dubai,111105,2010-12-15
5306,Tom,Jones,49,Developer,Sydney,83213,2011-07-09
5307,Tom,Garcia,49,Analyst,New York,42277,2022-01-29
5308,Sara,Jones,49,Designer,Dubai,68846,2009-07-14
5309,Paul,Garcia,55,Analyst,Tokyo,110456,2023-04-03
5310,Sara,Miller,32,Manager,Toronto,95764,2005-05-25
5311,Jane,Miller,31,Developer,Dubai,53095,2013-06-20
5312,Emma,Johnson,52,Architect,Delhi,50176,2016-10-17
5313,Tom,Garcia,56,Lead,New York,62453,2021-07-30
5314,John,Williams,59,Analyst,Toronto,53768,2001-12-23
5315,John,Garcia,45,Consultant,Dubai,89732,2000-03-15
5316,Emma,Taylor,41,Lead,New York,73746,2008-02-21
5317,Lisa,Taylor,39,Lead,Toronto,116688,2024-05-13
5318,Jane,Williams,21,Clerk,London,101950,2023-07-24
5319,Paul,Wilson,48,Intern,Toronto,113548,2002-12-12
5320,Paul,Davis,57,Designer,Singapore,29029,2017-07-24
5321,Mike,Davis,33,Developer,Paris,118112,2012-08-01
5322,Emma,Brown,50,Manager,Toronto,56648,2008-07-10
5323,Mike,Williams,51,Intern,Berlin,28720,2001-09-23
5324,Jane,Johnson,37,Engineer,Paris,74661,2009-02-01
5325,Paul,Davis,46,Analyst,Singapore,75403,2005-05-17
5326,Sara,Taylor,29,Consultant,Dubai,46050,2011-05-14
5327,Paul,Williams,58,Developer,Dubai,44395,2004-06-08
5328,Mike,Garcia,51,Architect,Delhi,27341,2024-04-01
5329,Sara,Davis,29,Manager,Toronto,37692,2023-03-02
5330,Tom,Miller,58,Analyst,Dubai,94048,2014-02-01
5331,Alex,Wilson,36,Engineer,London,57357,2018-09-14
5332,Sara,Brown,55,Clerk,Delhi,54950,2023-02-04
5333,Lisa,Smith,31,Consultant,New York,65844,2002-06-20
5334,Alex,Williams,55,Consultant,Berlin,76297,2015-01-01
5335,Tom,Smith,21,Developer,London,94935,2019-08-31
5336,Sara,Garcia,28,Manager,Dubai,50384,2005-10-22
5337,Alex,Jones,34,Manager,Berlin,42817,2010-02-12
5338,Mike,Williams,59,Developer,Paris,70236,2007-12-07
5339,Sam,Wilson,40,Consultant,Delhi,46039,2009-06-27
5340,Paul,Wilson,18,Analyst,Singapore,113488,2013-10-04
5341,Emma,Johnson,56,Consultant,Dubai,92835,2017-12-06
5342,Sam,Williams,48,Engineer,Berlin,83757,2015-06-11
5343,Lisa,Johnson,39,Analyst,New York,70694,2012-12-27
5344,Sam,Williams,29,Manager,Dubai,39606,2001-05-11
5345,John,Jones,43,Analyst,New York,28001,2022-06-30
5346,Emma,Davis,53,Designer,New York,51681,2015-07-23
5347,Tom,Johnson,39,Designer,Paris,28283,2018-11-06
5348,Paul,Williams,56,Consultant,Berlin,112513,2012-08-21
5349,Tom,Miller,31,Designer,Berlin,113388,2011-05-29
5350,John,Garcia,47,Developer,Sydney,55037,2008-04-13
5351,Mike,Miller,33,Consultant,Toronto,94548,2013-09-09
5352,John,Jones,51,Manager,New York,46483,2014-12-09
5353,Emma,Miller,26,Lead,Toronto,103198,2018-08-07
5354,Tom,Wilson,39,Analyst,Tokyo,65911,2019-03-14
5355,Paul,Brown,23,Consultant,Paris,57588,2011-12-04
5356,John,Jones,45,Manager,London,72655,2011-02-03
5357,Jane,Johnson,46,Clerk,Toronto,95758,2003-02-22
5358,Sam,Williams,52,Lead,London,38986,2002-01-17
5359,Jane,Jones,43,Designer,Delhi,111426,2001-10-21
5360,John,Davis,23,Intern,Dubai,29695,2019-04-19
5361,Mike,Garcia,52,Clerk,Dubai,41982,2019-12-18
5362,Paul,Williams,56,Clerk,Delhi,53395,2024-02-15
5363,John,Smith,46,Analyst,Paris,85919,2014-12-10
5364,John,Taylor,51,Consultant,Dubai,61625,2008-04-24
5365,Tom,Jones,54,Developer,Paris,79581,2009-01-06
5366,Lisa,Johnson,44,Consultant,Toronto,37105,2016-04-29
5367,Paul,Miller,28,Lead,Singapore,65838,2003-12-12
5368,Jane,Garcia,29,Consultant,London,73118,2008-04-08
5369,John,Davis,46,Lead,Delhi,32334,2016-05-01
5370,Sara,Davis,36,Consultant,Singapore,94989,2013-12-25
5371,Lisa,Smith,20,Analyst,London,103178,2021-08-12
5372,Mike,Smith,22,Designer,Sydney,66110,2005-06-26
5373,Emma,Williams,49,Developer,Sydney,28430,2021-11-04
5374,Lisa,Wilson,18,Consultant,New York,69178,2016-02-20
5375,Jane,Williams,28,Analyst,Delhi,105835,2022-04-09
5376,Lisa,Taylor,22,Developer,Toronto,60694,2024-02-23
5377,Paul,Wilson,30,Manager,London,55726,2006-10-02
5378,Alex,Smith,60,Clerk,London,79112,2019-10-28
5379,Mike,Miller,18,Architect,Delhi,104632,2018-12-05
5380,Sam,Smith,54,Clerk,Paris,47926,2024-08-20
5381,Tom,Williams,41,Manager,Sydney,80321,2002-05-22
5382,Tom,Smith,41,Engineer,Tokyo,61926,2012-03-14
5383,Jane,Davis,50,Intern,Delhi,82283,2004-02-25
5384,Mike,Brown,39,Architect,Paris,34602,2021-06-11
5385,Jane,Davis,37,Analyst,New York,28933,2013-12-05
5386,Lisa,Johnson,53,Lead,Singapore,113306,2007-02-22
5387,John,Smith,33,Developer,London,71620,2019-09-15
5388,Sam,Taylor,38,Designer,Berlin,106953,2007-04-30
5389,Emma,Brown,51,Manager,Paris,55239,2017-03-09
5390,John,Wilson,48,Manager,Dubai,40806,2003-02-09
5391,Jane,Miller,56,Developer,Paris,115997,2021-05-28
5392,Alex,Smith,37,Designer,Paris,25329,2018-08-29
5393,Alex,Wilson,60,Designer,Singapore,82669,2010-05-22
5394,Lisa,Garcia,38,Lead,Dubai,71111,2012-05-05
5395,Mike,Miller,53,Engineer,Paris,104222,2020-12-06
5396,Lisa,Williams,18,Consultant,Dubai,79948,2011-01-23
5397,Paul,Brown,24,Architect,Singapore,60773,2023-01-10
5398,Mike,Brown,41,Intern,Dubai,74605,2019-04-18
5399,Tom,Davis,29,Consultant,Berlin,115511,2006-07-23
5400,Jane,Williams,55,Developer,Dubai,102472,2007-02-11
5401,Jane,Taylor,37,Intern,London,48174,2003-12-24
5402,Alex,Jones,29,Lead,Paris,30704,2001-01-17
5403,John,Wilson,39,Developer,Toronto,82258,2024-10-22
5404,Sam,Brown,22,Clerk,Dubai,109589,2010-06-20
5405,Alex,Williams,45,Engineer,Sydney,91429,2000-03-17
5406,Mike,Johnson,27,Manager,Dubai,104686,2022-02-05
5407,Alex,Taylor,28,Engineer,Sydney,68356,2004-01-31
5408,Sara,Brown,53,Manager,Berlin,110270,2023-03-14
5409,Paul,Wilson,20,Designer,Dubai,101679,2007-10-30
5410,John,Brown,53,Clerk,Delhi,39926,2002-01-01
5411,Paul,Johnson,45,Clerk,Toronto,95254,2001-11-29
5412,Lisa,Garcia,47,Clerk,New York,26502,2005-12-27
5413,Jane,Brown,22,Lead,Dubai,107267,2004-03-05
5414,John,Miller,48,Consultant,Delhi,67666,2010-04-30
5415,Emma,Miller,50,Analyst,Dubai,105601,2024-12-18
5416,Tom,Davis,48,Intern,Tokyo,114611,2014-01-12
5417,Mike,Brown,44,Engineer,Toronto,79569,2024-08-24
5418,Mike,Miller,51,Developer,London,47739,2006-03-10
5419,Lisa,Miller,18,Manager,Singapore,70644,2020-03-10
5420,Paul,Taylor,50,Developer,New York,63431,2007-02-28
5421,Tom,Williams,34,Intern,London,70561,2007-07-16
5422,Paul,Smith,24,Manager,New York,29621,2007-11-29
5423,Sam,Williams,42,Intern,London,32802,2012-04-18
5424,John,Garcia,56,Manager,Berlin,42388,2020-05-01
5425,John,Smith,59,Lead,Paris,105063,2001-02-04
5426,Lisa,Miller,23,Lead,Dubai,45535,2005-11-02
5427,Paul,Williams,18,Developer,New York,63480,2024-07-19
5428,Tom,Johnson,51,Lead,Berlin,119072,2003-02-15
5429,Sara,Garcia,45,Engineer,Paris,37683,2009-01-27
5430,John,Miller,26,Designer,Singapore,43635,2010-04-10
5431,Jane,Garcia,54,Lead,Paris,53173,2013-02-07
5432,John,Davis,48,Analyst,Paris,29308,2010-12-09
5433,Sam,Williams,18,Intern,Tokyo,111641,2023-02-23
5434,Emma,Miller,50,Consultant,London,89850,2022-09-09
5435,Tom,Wilson,50,Consultant,Singapore,76590,2002-06-26
5436,John,Smith,42,Developer,Dubai,80248,2007-11-22
5437,Sara,Smith,36,Analyst,Tokyo,106133,2000-10-06
5438,Sam,Smith,53,Designer,Singapore,52639,2009-07-27
5439,Jane,Jones,40,Developer,Delhi,50649,2011-04-12
5440,Sam,Davis,55,Analyst,London,56679,2019-05-17
5441,Sara,Jones,49,Lead,Paris,112394,2005-12-24
5442,John,Williams,58,Intern,New York,52453,2022-02-15
5443,Mike,Taylor,52,Developer,Delhi,117134,2004-02-11
5444,Alex,Johnson,57,Consultant,Berlin,116348,2000-09-30
5445,Paul,Taylor,54,Intern,Singapore,96270,2022-11-30
5446,Sam,Jones,56,Intern,Paris,91232,2008-12-29
5447,Sara,Smith,26,Developer,Singapore,117475,2018-06-28
5448,Emma,Johnson,55,Architect,Berlin,59993,2009-05-21
5449,Tom,Williams,21,Engineer,Sydney,91361,2004-12-27
5450,Mike,Davis,30,Analyst,Paris,28718,2000-10-23
5451,Jane,Smith,54,Manager,Toronto,81731,2015-04-05
5452,Paul,Johnson,57,Engineer,New York,90696,2018-03-11
5453,Alex,Taylor,34,Consultant,London,93583,2020-11-02
5454,Emma,Brown,36,Engineer,New York,107474,2014-12-03
5455,Mike,Smith,57,Consultant,Delhi,112896,2009-11-09
5456,Sara,Wilson,52,Intern,Toronto,87360,2002-02-02
5457,Paul,Taylor,20,Manager,Dubai,51145,2019-05-23
5458,John,Johnson,29,Consultant,Paris,82681,2003-09-07
5459,Sara,Davis,25,Engineer,Tokyo,36206,2007-12-19
5460,Mike,Miller,36,Designer,Tokyo,107671,2014-02-18
5461,Lisa,Miller,44,Engineer,New York,73562,2004-01-31
5462,Sam,Miller,60,Intern,Sydney,86560,2022-04-24
5463,John,Williams,38,Intern,Berlin,45519,2007-10-18
5464,John,Jones,27,Clerk,Berlin,47427,2006-08-04
5465,Sara,Jones,45,Analyst,Paris,53381,2016-05-12
5466,Jane,Brown,28,Lead,Toronto,79394,2016-11-01
5467,Tom,Davis,47,Developer,Berlin,50444,2000-01-27
5468,Lisa,Jones,41,Engineer,Berlin,100057,2017-12-19
5469,John,Garcia,36,Developer,Paris,46995,2018-12-06
5470,Emma,Williams,24,Designer,Dubai,109536,2005-01-11
5471,John,Wilson,51,Analyst,Paris,42941,2018-11-06
5472,Sara,Johnson,23,Developer,New York,63950,2007-03-29
5473,Alex,Brown,53,Clerk,Delhi,53068,2023-02-15
5474,Alex,Smith,46,Intern,Toronto,73481,2023-05-03
5475,Paul,Brown,37,Engineer,Toronto,112256,2016-01-29
5476,Tom,Williams,44,Developer,Toronto,109069,2023-08-17
5477,Mike,Williams,35,Analyst,Sydney,59943,2013-10-06
5478,Lisa,Johnson,53,Consultant,Paris,76789,2001-12-31,extra_field
5479,Tom,Brown,41,Developer,New York,102073,2005-05-30
5480,Sara,Wilson,21,Analyst,Toronto,97212,2015-07-27
5481,Sara,Miller,36,Consultant,Paris,109605,2014-01-18
5482,Alex,Johnson,50,Intern,Berlin,61425,2016-06-22
5483,Paul,Williams,24,Intern,Tokyo,97207,2021-06-19
5484,Lisa,Williams,59,Manager,Berlin,101395,2007-06-07
5485,John,Davis,35,Manager,Tokyo,57119,2003-10-24
5486,Tom,Garcia,40,Architect,Delhi,85321,2023-02-22
5487,John,Williams,40,Architect,Delhi,96187,2011-09-12
5488,Sam,Williams,56,Clerk,Toronto,109474,2017-04-17
5489,Jane,Taylor,37,Designer,Sydney,110400,2013-06-16
5490,Sam,Davis,54,Architect,Singapore,27631,2012-06-05
5491,Emma,Miller,38,Manager,Toronto,77634,2008-08-02
5492,Paul,Miller,51,Designer,Tokyo,118427,2009-08-05
5493,Tom,Garcia,21,Manager,Toronto,30935,2021-01-17
5494,Tom,Garcia,29,Lead,Paris,35137,2017-07-31
5495,Alex,Johnson,27,Consultant,Berlin,77251,2002-02-27
5496,Tom,Smith,52,Clerk,Dubai,46359,2018-04-06
5497,Paul,Johnson,52,Consultant,Tokyo,46532,2014-01-28
5498,Sara,Smith,18,Consultant,Sydney,117195,2011-02-16
5499,Sara,Williams,18,Designer,Sydney,53250,2007-10-01
5500,Paul,Jones,52,Clerk,Berlin,87433,2024-10-26
5501,John,Brown,53,Lead,Toronto,73146,2001-03-27
5502,Jane,Williams,41,Architect,Dubai,71831,2004-08-06
5503,Sam,Williams,32,Analyst,Singapore,114356,2000-04-10
5504,Jane,Davis,27,Architect,Paris,N/A,2020-01-22
5505,Alex,Garcia,50,Consultant,London,52512,2001-03-05
5506,Alex,Smith,59,Engineer,Toronto,85638,2001-02-11
5507,Sam,Garcia,30,Architect,Paris,100016,2004-01-28
5508,Mike,Miller,42,Developer,Berlin,47235,2015-05-28
5509,Tom,Wilson,42,Consultant,New York,84598,2013-08-08
5510,Emma,Garcia,51,Intern,New York,119309,2019-07-06
5511,Emma,Johnson,34,Developer,Singapore,57399,2022-05-05
5512,Mike,Garcia,58,Manager,Paris,40307,2023-09-24
5513,John,Johnson,41,Consultant,Sydney,41780,2007-12-18
5514,John,Taylor,41,Engineer,Tokyo,78942,2024-01-21
5515,Sam,Jones,36,Engineer,London,117147,2008-04-17
5516,Mike,Davis,49,Developer,Singapore,69512,2001-09-20
5517,Sam,Williams,45,Lead,Sydney,114215,2019-12-09
5518,Alex,Jones,23,Analyst,Delhi,64080,2012-12-12
5519,Sara,Taylor,29,Clerk,Toronto,114255,2020-10-23
5520,Tom,Jones,25,Manager,Paris,95118,2003-10-17
5521,Jane,Jones,59,Intern,Berlin,65339,2012-09-24
5522,Mike,Johnson,34,Intern,Dubai,105631,2014-05-20
5523,Jane,Garcia,19,Architect,Singapore,81772,2010-09-07
5524,Alex,Miller,19,Developer,Tokyo,30798,2024-08-02
5525,Tom,Wilson,54,Lead,Delhi,27360,2006-03-31
5526,Jane,Jones,57,Developer,New York,86609,2013-01-10
5527,John,Brown,34,Architect,Delhi,73919,2023-09-04
5528,John,Johnson,25,Developer,Singapore,55233,2001-07-12
5529,Jane,Smith,22,Developer,Toronto,28939,2015-01-31
5530,John,Smith,27,Developer,Delhi,67286,2010-04-22
5531,Emma,Jones,23,Architect,Sydney,51825,2015-04-15
5532,Tom,Taylor,47,Developer,Dubai,105366,2024-05-23
5533,Lisa,Garcia,38,Lead,London,71068,2008-09-03
5534,Mike,Miller,60,Clerk,Paris,33936,2019-01-23
5535,Tom,Wilson,53,Clerk,Toronto,27128,2000-11-10
5536,John,Johnson,24,Analyst,Singapore,90699,2000-04-26
5537,John,Taylor,45,Engineer,Dubai,27716,2014-02-15
5538,Alex,Davis,42,Analyst,London,117382,2014-12-08
5539,Tom,Johnson,42,Intern,Sydney,119894,2022-08-20
5540,Jane,Brown,57,Intern,Tokyo,108343,2012-10-19
5541,Paul,Taylor,19,Analyst,Delhi,118178,2017-12-01
5542,Sara,Miller,44,Lead,Berlin,80115,2019-04-29
5543,Emma,Brown,42,Architect,Dubai,50257,2004-11-18
5544,Lisa,Davis,56,Architect,Delhi,117181,2000-10-07
5545,Sara,Jones,18,Designer,Dubai,72553,2011-06-01
5546,John,Miller,58,Designer,Tokyo,78259,2020-09-25
5547,Jane,Davis,30,Architect,New York,83814,2010-04-05
5548,Mike,Davis,49,Developer,Toronto,106334,2012-12-16
5549,Alex,Williams,36,Clerk,Delhi,40457,2010-03-09
5550,Tom,Miller,33,Designer,New York,73945,2009-01-28
5551,Lisa,Brown,52,Engineer,Sydney,90206,2021-11-21
5552,Lisa,Johnson,43,Intern,Berlin,78811,2022-01-06
5553,Alex,Garcia,40,Engineer,Toronto,80670,2020-11-06
5554,John,Davis,20,Lead,Paris,46244,2006-08-07
5555,Jane,Garcia,21,Clerk,Sydney,89823,2007-08-04
5556,Emma,Williams,33,Lead,Paris,90896,2022-05-09
5557,Mike,Garcia,51,Engineer,Berlin,72778,2019-09-12
5558,Mike,Smith,57,Consultant,New York,55676,2015-07-26
5559,Emma,Wilson,39,Consultant,London,76582,2011-08-27
5560,Alex,Smith,40,Developer,Dubai,44660,2006-09-19
5561,Alex,Wilson,31,Developer,Toronto,52819,2004-02-18
5562,Alex,Brown,22,Developer,Dubai,68325,2009-01-22
5563,Emma,Taylor,49,Lead,Singapore,56818,2021-05-28
5564,Jane,Miller,18,Manager,Berlin,60565,2010-02-21
5565,Tom,Miller,18,Analyst,Paris,59447,2003-08-31
5566,Emma,Taylor,22,Analyst,Tokyo,57910,2020-08-18
5567,John,Wilson,42,Engineer,Tokyo,98018,2008-07-05
5568,John,Brown,60,Developer,Sydney,69507,2009-04-28
5569,Sara,Garcia,60,Intern,Delhi,29651,2023-12-31
5570,John,Garcia,41,Developer,New York,41347,2001-07-21
5571,Sara,Brown,19,Clerk,London,88042,2016-02-23
5572,Paul,Wilson,21,Designer,New York,52285,2015-02-27
5573,Tom,Wilson,24,Analyst,London,48094,2010-01-17
5574,John,Johnson,41,Architect,Sydney,28965,2022-06-20
5575,Sara,Brown,50,Engineer,Dubai,106481,2002-02-27
5576,John,Miller,55,Intern,London,78268,2004-11-11
5577,Alex,Brown,28,Manager,Toronto,63136,2016-07-31
5578,Lisa,Garcia,55,Consultant,London,50157,2013-06-25
5579,Alex,Wilson,18,Consultant,Dubai,88947,2014-07-16
5580,Emma,Smith,28,Developer,Tokyo,78313,2011-03-26
5581,Alex,Jones,25,Lead,Singapore,57116,2003-01-07
5582,John,Davis,38,Clerk,Sydney,71068,2019-10-07
5583,Mike,Wilson,53,Intern,Delhi,83769,2001-10-24
5584,Emma,Garcia,60,Architect,Sydney,101280,2019-10-13
5585,Jane,Miller,37,Analyst,Tokyo,96830,2006-10-27
5586,Alex,Smith,43,Manager,Sydney,36011,2000-12-01
5587,Mike,Garcia,18,Consultant,London,75669,2024-08-03
5588,Jane,Jones,39,Designer,Tokyo,109739,2000-05-03
5589,John,Miller,35,Analyst,Paris,34369,2019-12-11
5590,Jane,Wilson,27,Engineer,Singapore,106585,2018-08-24
5591,Paul,Garcia,44,Analyst,London,59948,2003-07-24
5592,Mike,Williams,37,Engineer,Delhi,26818,2011-03-08
5593,Mike,Jones,31,Consultant,Dubai,80810,2014-02-15
5594,Lisa,Smith,59,Clerk,Berlin,26980,2018-10-04
5595,Sara,Smith,23,Manager,Delhi,97083,2009-06-12
5596,Mike,Brown,29,Manager,Paris,117668,2008-03-04
5597,Mike,Johnson,28,Clerk,Paris,90063,32-13-2025
5598,Lisa,Johnson,33,Analyst,London,73977,2018-10-14
5599,Tom,Miller,48,Designer,Berlin,99392,2013-09-10
5600,Sara,Davis,57,Developer,London,74588,2014-05-16
5601,Jane,Williams,49,Clerk,Paris,77792,2020-03-20
5602,Sara,Jones,42,Architect,London,38276,2010-09-09
5603,Tom,Garcia,40,Engineer,Delhi,105507,2018-11-20
5604,Lisa,Jones,46,Manager,Sydney,64553,2002-04-11
5605,Mike,Wilson,40,Engineer,Berlin,91329,2008-05-28
5606,Sara,Williams,30,Intern,Berlin,63993,2012-11-22
5607,Sam,Taylor,46,Lead,Toronto,27059,2004-01-27
5608,Paul,Smith,44,Developer,Berlin,106182,2001-08-12
5609,John,Smith,23,Clerk,Toronto,35563,2024-08-15
5610,Paul,Miller,20,Engineer,London,95316,2024-05-15
5611,Sara,Jones,58,Intern,Singapore,31498,2003-10-04
5612,Tom,Miller,33,Consultant,Toronto,74805,2014-07-06
5613,Sam,Taylor,53,Analyst,Delhi,60651,2009-12-23
5614,Mike,Smith,20,Manager,London,90560,2003-09-27
5615,Sam,Garcia,41,Analyst,Paris,109957,2001-12-31
5616,Lisa,Garcia,26,Analyst,Singapore,95172,2018-07-11
5617,Sara,Johnson,23,Consultant,New York,64179,2020-11-30
5618,Lisa,Jones,19,Developer,Dubai,43101,2018-01-14
5619,Tom,Williams,52,Intern,Toronto,33347,2006-08-30
5620,Paul,Williams,46,Engineer,Delhi,66182,2010-06-25
5621,Alex,Jones,49,Developer,Paris,119298,2023-11-19
5622,Alex,Garcia,46,Intern,Tokyo,31672,2014-03-23
5623,Lisa,Taylor,59,Clerk,London,90522,2008-10-31
5624,Mike,Garcia,33,Manager,New York,93246,2024-05-05
5625,Tom,Johnson,33,Lead,Paris,86834,2016-02-20
5626,Paul,Brown,58,Developer,Paris,65534,2014-07-26
5627,Lisa,Jones,59,Analyst,Dubai,61361,2012-10-22
5628,Mike,Miller,22,Analyst,Singapore,75618,2014-11-05
5629,Sam,Williams,26,Engineer,Dubai,76516,2024-10-24
5630,Alex,Davis,60,Developer,Berlin,36314,2000-10-22
5631,John,Johnson,42,Clerk,Paris,46830,2023-05-27
5632,Paul,Smith,47,Intern,Paris,65794,2007-12-30
5633,Lisa,Garcia,48,Clerk,Dubai,57165,2019-06-12
5634,Alex,Miller,36,Lead,New York,115231,2003-04-25
5635,Alex,Garcia,46,Architect,Berlin,25078,2019-07-06
5636,John,Wilson,60,Analyst,Dubai,71581,2004-01-29
5637,Tom,Garcia,53,Clerk,Sydney,36524,2001-08-31
5638,Lisa,Taylor,43,Analyst,Toronto,69247,2019-08-02
5639,Tom,Brown,48,Manager,London,31620,2009-09-16
5640,Lisa,Miller,39,Clerk,Tokyo,102357,2003-08-06
5641,Alex,Miller,52,Lead,Dubai,106820,2004-08-10
5642,Jane,Taylor,19,Lead,Delhi,111539,2022-08-12
5643,Sam,Garcia,49,Developer,Singapore,98029,2008-02-16
5644,Mike,Taylor,33,Engineer,New York,63922,2001-03-29
5645,Jane,Williams,52,Engineer,Paris,79746,2020-04-08
5646,Mike,Johnson,57,Analyst,Berlin,115123,2005-12-24
5647,Lisa,Garcia,59,Consultant,Sydney,100366,2000-11-01
5648,Alex,Garcia,39,Manager,Sydney,114001,2022-03-20
5649,Paul,Smith,36,Manager,Toronto,42729,2001-03-13
5650,Sam,Johnson,20,Designer,Singapore,80180,2021-01-01
5651,John,Williams,25,Intern,Delhi,45698,2022-07-27
5652,Paul,Miller,32,Designer,Toronto,70464,2012-04-10
5653,Lisa,Williams,32,Architect,Berlin,25630,2013-11-18
5654,Tom,Johnson,28,Architect,Toronto,117576,2015-09-16
5655,Tom,Wilson,18,Intern,London,47935,2017-10-28
5656,Sara,Jones,18,Consultant,Singapore,64090,2002-05-15
5657,John,Smith,54,Analyst,Toronto,33202,2011-06-29
5658,Jane,Brown,49,Intern,Sydney,41593,2008-03-09
5659,Alex,Garcia,42,Clerk,New York,61358,2013-11-24
5660,Lisa,Garcia,43,Manager,Tokyo,47454,2014-08-14
5661,John,Davis,59,Manager,Tokyo,116649,2013-09-18
5662,Lisa,Johnson,60,Analyst,Delhi,57530,2009-09-01
5663,Sara,Johnson,42,Engineer,Tokyo,96343,2012-05-09
5664,Lisa,Taylor,54,Developer,Tokyo,119789,2010-11-23
5665,Sara,Garcia,28,Clerk,Sydney,84323,2006-11-18
5666,Lisa,Garcia,54,Intern,New York,38248,2003-07-28
5667,Paul,Taylor,53,Analyst,London,51200,2021-03-25
5668,Jane,Williams,53,Engineer,Paris,88705,2012-03-10
5669,Lisa,Garcia,59,Engineer,Tokyo,119412,2014-03-05
5670,Sam,Jones,41,Clerk,Tokyo,38009,2012-06-15
5671,Sam,Miller,55,Architect,Delhi,28904,2007-01-11
5672,Sam,Johnson,37,Analyst,New York,77408,2013-05-01
5673,Alex,Smith,21,Engineer,Paris,114490,2021-11-01
5674,Jane,Garcia,28,Intern,Dubai,27130,2019-02-16
5675,Sam,Miller,18,Analyst,Delhi,88632,2020-09-08
5676,Jane,Smith,45,Manager,London,78106,2020-03-29
5677,Sam,Miller,35,Designer,London,82770,2002-07-03
5678,Sam,Jones,42,Architect,New York,105732,2000-05-01
5679,Mike,Davis,36,Manager,London,40756,2017-01-09
5680,John,Williams,56,Clerk,Toronto,70090,2002-12-13
5681,Tom,Wilson,31,Clerk,Delhi,71844,2017-10-08
5682,Sam,Johnson,32,Lead,Toronto,60654,2008-08-17
5683,Alex,Jones,49,Intern,Tokyo,49583,2005-08-19
5684,Paul,Davis,42,Architect,Toronto,79502,2009-11-27
5685,Mike,Taylor,24,Intern,Singapore,109100,2021-11-08
5686,Lisa,Garcia,32,Consultant,Berlin,82278,2009-07-19
5687,Lisa,Taylor,57,Lead,Tokyo,46117,2011-04-10
5688,Lisa,Taylor,19,Lead,Tokyo,58327,2017-01-14
5689,Alex,Smith,47,Designer,Singapore,106504,2000-08-18
5690,Tom,Williams,53,Designer,Sydney,85512,2022-09-20
5691,Jane,Johnson,48,Engineer,Delhi,104863,2020-03-21
5692,Sara,Brown,58,Consultant,Berlin,51533,2017-12-20
5693,John,Johnson,49,Developer,Berlin,63482,2000-07-05
5694,Lisa,Garcia,46,Intern,Dubai,85164,2012-01-27
5695,Paul,Brown,26,Intern,Paris,40842,2005-01-18
5696,Sara,Williams,38,Analyst,Delhi,77681,2021-08-18
5697,Sara,Smith,19,Clerk,Sydney,60184,2004-07-26
5698,Sam,Williams,25,Consultant,Delhi,73151,2015-04-17
5699,Sara,Johnson,27,Intern,Singapore,49988,2007-09-28
5700,John,Miller,59,Consultant,Dubai,32285,2008-06-04
5701,Tom,Taylor,33,Developer,Dubai,62983,2016-12-04
5702,Sara,Davis,34,Clerk,Delhi,80698,2012-07-24
5703,Sam,Williams,58,Designer,Paris,61518,2018-07-12
5704,Lisa,Miller,56,Developer,Paris,39699,2018-04-15
5705,Jane,Brown,48,Developer,Dubai,111666,2000-02-11
5706,John,Jones,39,Architect,Delhi,29335,2009-05-07
5707,Mike,Wilson,49,Engineer,Paris,113269,2014-01-09
5708,Sara,Jones,27,Intern,Dubai,68685,2019-08-18
5709,John,Williams,30,Architect,Sydney,73620,2001-04-16
5710,Paul,Taylor,28,Designer,Berlin,61535,2003-08-19
5711,Jane,Taylor,39,Consultant,Delhi,35069,2017-10-13
5712,Jane,Taylor,18,Engineer,New York,45090,2006-10-03
5713,Mike,Williams,37,Analyst,Singapore,98059,2011-06-10
5714,Paul,Garcia,24,Analyst,Sydney,98560,2002-09-09
5715,Mike,Brown,27,Designer,Tokyo,102727,2019-12-07
5716,Alex,Johnson,42,Clerk,Delhi,42862,2023-05-26
5717,Sara,Johnson,24,Intern,London,86374,2015-06-16
5718,Emma,Taylor,34,Engineer,Toronto,78116,2002-01-27
5719,Paul,Smith,50,Engineer,Berlin,100944,2021-03-27
5720,Lisa,Davis,24,Manager,Tokyo,107697,2004-12-31
5721,Sam,Davis,23,Intern,New York,105703,2024-08-29
5722,Paul,Jones,54,Clerk,Berlin,33818,2014-11-12
5723,Sara,Davis,48,Consultant,Singapore,85428,2019-06-22
5724,Sam,Johnson,47,Intern,Paris,106100,2012-01-03
5725,Sam,Johnson,24,Intern,Delhi,99465,2020-08-16
5726,Tom,Jones,19,Manager,Sydney,112838,2010-07-23
5727,Sam,Smith,52,Manager,Paris,49051,2005-04-13
5728,Lisa,Brown,56,Engineer,Toronto,63399,2011-05-21
5729,Alex,Jones,41,Developer,Berlin,60446,2010-11-17
5730,Lisa,Jones,29,Intern,New York,101624,2024-05-21
5731,John,Smith,26,Analyst,Singapore,112700,2015-08-19
5732,Mike,Smith,20,Lead,Toronto,39479,2005-09-11
5733,Lisa,Wilson,23,Lead,Paris,108239,2003-11-17
5734,Mike,Jones,56,Architect,Paris,69692,2022-04-12
5735,Emma,Davis,21,Designer,Sydney,106816,2000-10-18
5736,John,Taylor,29,Analyst,Sydney,47452,2012-08-31
5737,Sara,Wilson,22,Consultant,Dubai,108769,2015-03-19
5738,John,Brown,18,Manager,Sydney,104600,2013-10-28
5739,Paul,Johnson,44,Analyst,Paris,72126,2024-09-19
5740,Emma,Davis,50,Manager,Sydney,93784,2006-11-03
5741,Tom,Davis,27,Clerk,Tokyo,119110,2024-05-25
5742,Paul,Smith,55,Developer,Paris,53037,2014-06-29
5743,Mike,Jones,18,Architect,Sydney,87474,2006-02-01
5744,Lisa,Jones,36,Designer,Toronto,54738,2003-08-06
5745,Jane,Smith,47,Engineer,Berlin,109705,2018-05-14
5746,Sara,Davis,50,Engineer,Dubai,49867,2022-10-30
5747,John,Johnson,29,Consultant,Sydney,69400,2017-12-24
5748,Sara,Wilson,47,Manager,Singapore,95591,2004-06-04
5749,Emma,Brown,26,Architect,Paris,89203,2017-11-08,extra_field
5750,Sara,Davis,24,Clerk,Dubai,44276,2008-07-31
5751,Lisa,Wilson,24,Manager,Berlin,96779,2001-08-08
5752,Jane,Miller,60,Intern,Tokyo,42769,2021-02-15
5753,Emma,Davis,30,Consultant,Berlin,55176,2016-01-07
5754,John,Miller,49,Lead,Singapore,102225,2011-04-21
5755,Sara,Johnson,39,Lead,Tokyo,78692,2023-10-08
5756,Emma,Smith,22,Intern,Toronto,25908,2001-04-04
5757,Emma,Johnson,26,Lead,New York,112980,2010-06-12
5758,Sara,Jones,44,Manager,Singapore,56048,2013-02-01
5759,Sara,Smith,55,Manager,Delhi,53124,2023-10-01
5760,Jane,Williams,49,Lead,Dubai,104679,2000-11-04
5761,Sara,Johnson,34,Developer,Delhi,32553,2008-11-18
5762,Mike,Smith,45,Manager,Sydney,102536,2003-08-08
5763,Tom,Garcia,51,Developer,Sydney,56092,2011-10-13
5764,Paul,Williams,23,Designer,Delhi,45324,2012-08-09
5765,Mike,Smith,21,Developer,New York,34623,2021-11-22
5766,Tom,Jones,45,Analyst,Berlin,46313,2020-09-22
5767,Tom,Johnson,46,Developer,Singapore,90033,2021-01-01
5768,Lisa,Williams,57,Architect,Sydney,83049,2018-01-08
5769,Tom,Brown,59,Developer,Sydney,91663,2017-10-02
5770,Sara,Johnson,22,Manager,Delhi,58648,2004-10-09
5771,Sam,Taylor,24,Lead,Delhi,36795,2014-06-26
5772,Tom,Davis,44,Manager,Delhi,44568,2023-06-26
5773,Mike,Wilson,57,Manager,New York,112100,2011-03-13
5774,Emma,Smith,38,Manager,Paris,64818,2003-01-31
5775,Lisa,Garcia,19,Intern,Sydney,53481,2019-03-22
5776,Alex,Garcia,56,Manager,Sydney,28092,2017-11-08
5777,Lisa,Brown,37,Lead,Dubai,82904,2012-02-10
5778,John,Jones,29,Manager,New York,55098,2016-03-28
5779,Paul,Brown,24,Designer,Dubai,86875,2023-08-27
5780,Emma,Williams,20,Developer,Singapore,111951,2010-03-20
5781,John,Taylor,29,Manager,Berlin,45745,2012-12-16
5782,Paul,Williams,32,Intern,Toronto,80039,2018-01-16
5783,Tom,Garcia,28,Intern,Paris,84521,2003-07-25
5784,Sam,Williams,27,Consultant,Berlin,44155,2023-05-12
5785,Lisa,Johnson,19,Designer,Singapore,49129,2017-12-20
5786,Tom,Smith,38,Lead,Paris,116827,2017-04-13
5787,Tom,Johnson,60,Clerk,New York,37016,2013-11-04
5788,Emma,Miller,20,Clerk,Sydney,110473,2023-06-19
5789,Sara,Taylor,27,Designer,Singapore,53349,2016-04-28
5790,Alex,Williams,19,Designer,Berlin,103819,2011-06-15
5791,Jane,Jones,18,Analyst,Singapore,66894,2020-01-07
5792,Alex,Jones,43,Architect,Delhi,74452,2004-07-10
5793,Sam,Brown,45,Analyst,Toronto,109475,2004-10-16
5794,Emma,Johnson,43,Clerk,Toronto,82684,2018-12-25
5795,Mike,Brown,30,Architect,Paris,29432,2023-08-18
5796,Jane,Johnson,32,Designer,Berlin,30448,2008-03-26
5797,John,Jones,57,Consultant,London,56397,2015-11-07
5798,Jane,Wilson,44,Architect,Berlin,69663,2008-12-23
5799,Alex,Jones,37,Manager,London,N/A,2012-01-17
5800,Alex,Taylor,53,Architect,Sydney,41087,2003-10-21
5801,John,Davis,22,Engineer,Paris,28929,2015-08-07
5802,Emma,Wilson,25,Clerk,Dubai,114876,2022-12-27
5803,John,Miller,22,Developer,Berlin,99642,2013-02-23
5804,John,Miller,28,Lead,Tokyo,117412,2008-10-06
5805,Sam,Jones,42,Designer,Singapore,78033,2017-04-15
5806,John,Garcia,53,Lead,Paris,64510,2000-06-17
5807,John,Davis,54,Architect,Tokyo,85034,2002-12-30
5808,Mike,Smith,45,Manager,Delhi,85856,2019-07-20
5809,Alex,Wilson,58,Engineer,Toronto,96557,2006-10-20
5810,Jane,Wilson,26,Developer,Toronto,40265,2009-06-25
5811,Mike,Johnson,41,Consultant,Berlin,101131,2007-05-04
5812,Emma,Wilson,57,Consultant,Singapore,26835,2015-03-12
5813,Sam,Williams,50,Lead,Berlin,106078,2010-12-16
5814,Sam,Jones,52,Architect,Paris,28563,2013-04-18
5815,Sara,Smith,60,Analyst,Delhi,87885,2021-11-24
5816,Emma,Garcia,20,Intern,New York,118042,2010-02-07
5817,Sara,Miller,46,Architect,Berlin,75468,2011-07-28
5818,Alex,Garcia,53,Developer,Dubai,55065,2014-01-23
5819,Sam,Smith,49,Intern,Toronto,49318,2021-05-05
5820,Tom,Johnson,35,Manager,Singapore,26994,2021-07-06
5821,Alex,Garcia,33,Clerk,Singapore,108740,2013-07-15
5822,Mike,Wilson,57,Architect,Berlin,112436,2013-07-01
5823,Mike,Johnson,23,Manager,Berlin,99275,2011-11-13
5824,Lisa,Taylor,49,Engineer,Tokyo,100816,2013-04-18
5825,John,Brown,30,Manager,Sydney,91930,2014-02-19
5826,Jane,Taylor,20,Consultant,Singapore,65430,2005-04-14
5827,Sara,Miller,30,Engineer,Toronto,41622,2015-01-02
5828,John,Garcia,50,Lead,Singapore,50122,2021-11-28
5829,Sam,Garcia,58,Consultant,Sydney,109673,2014-03-03
5830,Paul,Brown,21,Developer,Tokyo,33300,2002-05-22
5831,Tom,Davis,48,Analyst,London,67693,2003-12-24
5832,Sam,Smith,20,Intern,Sydney,34022,2009-03-04
5833,Paul,Jones,36,Engineer,Sydney,81766,2017-07-14
5834,Tom,Wilson,55,Architect,Singapore,61881,2014-11-19
5835,Jane,Brown,37,Analyst,Delhi,74035,2005-08-11
5836,Sara,Johnson,20,Manager,New York,68283,2005-12-11
5837,John,Davis,52,Designer,Sydney,105506,2016-12-09
5838,Lisa,Miller,57,Lead,Tokyo,72664,2023-07-04
5839,Paul,Wilson,60,Architect,Toronto,28629,2024-12-11
5840,Jane,Johnson,30,Engineer,Toronto,36136,2019-04-01
5841,Sara,Williams,18,Engineer,New York,42264,2024-09-20
5842,Lisa,Brown,45,Architect,Tokyo,79895,2021-03-13
5843,Alex,Wilson,56,Analyst,Sydney,39364,2004-03-12
5844,Paul,Wilson,40,Clerk,Dubai,83907,2024-01-25
5845,Emma,Wilson,50,Designer,Singapore,99086,2009-02-21
5846,Lisa,Williams,38,Analyst,New York,107448,2007-02-08
5847,Tom,Miller,41,Developer,Toronto,67798,2013-01-01
5848,Lisa,Johnson,57,Intern,Delhi,95031,2004-07-19
5849,Sam,Garcia,45,Clerk,New York,72210,2019-11-30
5850,Alex,Williams,29,Clerk,London,66672,2019-03-01
5851,Sara,Jones,48,Analyst,Berlin,32252,2002-07-09
5852,Lisa,Wilson,36,Clerk,Sydney
5853,Emma,Davis,34,Developer,Toronto,44607,2024-07-09
5854,John,Brown,39,Designer,New York,54736,2024-07-02
5855,Sara,Davis,55,Architect,Delhi,47696,2003-10-28
5856,Jane,Jones,52,Intern,Singapore,103636,2010-12-17
5857,Alex,Miller,18,Manager,Dubai,29543,2003-06-01
5858,Tom,Miller,46,Developer,Toronto,95594,2022-11-29
5859,Paul,Wilson,43,Engineer,Toronto,116460,2006-12-18
5860,Sam,Williams,44,Analyst,Delhi,61287,2003-07-30
5861,Alex,Miller,25,Intern,Toronto,77945,2007-03-18
5862,Sam,Miller,25,Clerk,Toronto,44457,2010-03-14
5863,Lisa,Davis,45,Intern,London,93449,2019-02-09
5864,Lisa,Wilson,41,Architect,Tokyo,49945,2019-05-12
5865,Alex,Smith,52,Analyst,Berlin,54192,2014-10-20
5866,Mike,Williams,21,Engineer,Berlin,91336,2007-02-11
5867,Lisa,Williams,38,Manager,Toronto,113287,2005-03-29
5868,Paul,Jones,53,Consultant,Toronto,114713,2011-02-11
5869,Lisa,Williams,57,Manager,Delhi,111827,2005-12-24
5870,Sara,Miller,60,Manager,New York,26285,2011-06-23
5871,Sara,Miller,33,Developer,Berlin,113674,2014-02-02
5872,Emma,Davis,40,Designer,London,87374,2014-05-22
5873,Emma,Smith,18,Architect,Delhi,95198,2009-03-01
5874,Lisa,Garcia,57,Developer,Toronto,54222,2004-03-23
5875,Emma,Williams,28,Architect,Berlin,111011,2012-04-11
5876,Mike,Davis,29,Manager,Berlin,56452,2011-02-23
5877,Emma,Wilson,49,Engineer,London,43975,2008-07-23
5878,Lisa,Davis,18,Designer,London,114628,2012-12-09
5879,Jane,Taylor,35,Designer,Dubai,108129,2003-09-28
5880,Tom,Johnson,54,Intern,Toronto,50936,2010-03-16
5881,John,Garcia,30,Designer,Berlin,49804,2015-02-28
5882,Alex,Taylor,46,Designer,New York,57950,2018-11-11
5883,Sam,Taylor,48,Architect,New York,119244,2017-05-14
5884,Alex,Jones,19,Designer,Delhi,27559,2022-08-14
5885,Emma,Miller,20,Designer,Toronto,101283,2001-05-31
5886,Tom,Johnson,19,Intern,Toronto,60912,2022-07-06
5887,Alex,Taylor,26,Consultant,Berlin,51937,2007-05-13
5888,Tom,Garcia,40,Designer,Dubai,57496,2019-09-25
5889,Jane,Jones,26,Architect,Berlin,N/A,2018-11-01
5890,Tom,Brown,53,Analyst,Sydney,92454,2015-07-27
5891,Sara,Johnson,48,Designer,New York,77934,2002-09-09
5892,Emma,Garcia,20,Consultant,New York,55549,2002-03-21
5893,Sam,Williams,50,Architect,Delhi,113262,2016-12-02
5894,Tom,Miller,41,Architect,Dubai,64958,2002-01-26
5895,Tom,Garcia,26,Clerk,Paris,48059,2006-09-07
5896,Alex,Brown,54,Analyst,New York,55776,2009-11-05
5897,Alex,Jones,51,Intern,Sydney,90667,2004-02-16
5898,Mike,Wilson,43,Designer,Singapore,42840,2015-10-09
5899,Mike,Smith,55,Clerk,Toronto,78650,2017-06-21
5900,Emma,Wilson,32,Clerk,London,114344,2015-05-02
5901,Mike,Johnson,48,Manager,Dubai,31320,2022-08-05
5902,Tom,Garcia,58,Designer,Tokyo,107482,2017-01-10
5903,Tom,Garcia,34,Intern,Delhi,33858,2008-05-05
5904,John,Smith,59,Developer,Sydney,81046,2000-05-11
5905,Sara,Johnson,23,Clerk,Toronto,108275,2022-10-14
5906,Jane,Brown,59,Engineer,Sydney,63703,2002-01-09
5907,Paul,Garcia,42,Intern,Berlin,105609,2000-07-26
5908,John,Garcia,26,Architect,Toronto,71923,2003-12-26
5909,Sam,Wilson,23,Clerk,New York,91206,2022-03-21
5910,Sara,Smith,20,Clerk,London,99442,2020-10-26
5911,Emma,Garcia,58,Developer,Dubai,105596,2015-02-08
5912,Paul,Davis,52,Clerk,Delhi,68969,2010-10-07
5913,Jane,Garcia,34,Consultant,Paris,61238,2018-08-26
5914,Tom,Smith,32,Analyst,Berlin,34751,2013-05-22
5915,Mike,Jones,39,Designer,Delhi,82751,2005-12-11
5916,Emma,Miller,22,Manager,New York,44674,2018-01-15
5917,Paul,Miller,60,Designer,Tokyo,63576,2006-11-30
5918,Paul,Wilson,26,Developer,Paris,69981,2019-05-20
5919,Sam,Smith,51,Intern,Tokyo,110192,2017-01-10
5920,Jane,Williams,38,Clerk,Delhi,118044,2011-09-12
5921,Sam,Jones,30,Developer,Sydney,107128,2011-12-25
5922,Lisa,Miller,58,Intern,Dubai,59931,2010-06-15
5923,Mike,Miller,37,Designer,London,37093,2006-01-26
5924,Mike,Brown,44,Manager,Berlin,98038,2024-03-08
5925,Alex,Williams,20,Consultant,London,31776,2018-10-30
5926,Jane,Jones,22,Lead,Berlin,108051,2007-08-07
5927,Tom,Davis,57,Consultant,New York,74311,2010-08-27
5928,Paul,Jones,54,Consultant,Toronto,77228,2013-12-25
5929,John,Miller,54,Analyst,Toronto,63737,2001-05-22
5930,Paul,Williams,36,Analyst,Berlin,64272,2018-12-13
5931,Mike,Brown,43,Architect,Dubai,115194,2006-02-27
5932,Paul,Taylor,29,Analyst,Toronto,114107,2017-12-28
5933,Tom,Williams,40,Architect,New York,116147,2022-04-17
5934,John,Johnson,20,Engineer,Delhi,108562,2018-12-26
5935,Emma,Davis,26,Analyst,London,84082,2013-10-16
5936,Lisa,Smith,59,Architect,Berlin,64848,2008-05-25
5937,Paul,Williams,51,Consultant,Sydney,106794,2021-07-30
5938,Emma,Davis,18,Architect,Singapore,77192,2013-12-22
5939,Lisa,Jones,20,Developer,New York,61909,2005-09-13
5940,Sara,Garcia,42,Intern,New York,48354,2018-10-25
5941,Mike,Williams,56,Lead,Toronto,46998,2021-10-16
5942,Mike,Wilson,50,Lead,Berlin,77249,2003-12-02
5943,Jane,Brown,24,Analyst,Dubai,76379,2004-01-13
5944,Jane,Brown,25,Designer,Paris,64739,2023-08-30
5945,Lisa,Garcia,35,Lead,Singapore,47501,2010-06-30
5946,Jane,Davis,52,Analyst,Toronto,56311,2003-04-03
5947,Jane,Miller,22,Lead,Sydney,68639,2005-10-28
5948,Alex,Wilson,21,Clerk,Berlin,87337,2007-07-17
5949,John,Smith,37,Manager,Dubai,42790,2006-01-04
5950,Sam,Smith,43,Lead,Dubai,82405,2009-11-23
5951,Mike,Taylor,24,Engineer,Toronto,79272,2017-08-31
5952,Paul,Miller,60,Designer,Toronto,74475,2013-09-11
5953,Sam,Taylor,56,Designer,Paris,44375,2022-10-29
5954,Tom,Jones,41,Engineer,Berlin,61338,2018-11-09
5955,Jane,Smith,24,Architect,Paris,107823,2020-01-30
5956,Lisa,Miller,36,Lead,Paris,118438,2014-09-09
5957,Alex,Jones,56,Developer,Tokyo,64409,2013-12-13
5958,Jane,Taylor,21,Manager,Dubai,35195,2013-03-06
5959,Emma,Taylor,52,Architect,New York,86471,2017-01-26
5960,Mike,Davis,32,Analyst,Delhi,33511,2006-07-11
5961,John,Miller,52,Consultant,Sydney,35948,2008-08-10
5962,Mike,Brown,53,Developer,London,54924,2005-10-08
5963,Emma,Johnson,30,Architect,Sydney,65409,2010-07-07
5964,Lisa,Williams,51,Designer,Berlin,77469,2009-02-19
5965,Lisa,Brown,47,Manager,Paris,43784,2023-05-22
5966,Tom,Wilson,47,Developer,Toronto,54617,2019-09-11
5967,Mike,Wilson,27,Lead,New York,72060,2011-12-20
5968,Mike,Johnson,41,Architect,Delhi,95507,2007-05-16
5969,John,Johnson,25,Designer,New York,50930,2018-10-06
5970,John,Smith,60,Intern,Dubai,83677,2019-11-11
5971,Alex,Miller,59,Consultant,London,60500,2008-08-07
5972,Sam,Johnson,57,Intern,Singapore,82268,2004-09-05
5973,Lisa,Wilson,41,Intern,Toronto,51813,2000-07-08
5974,Paul,Miller,51,Designer,Paris,118437,2000-10-22
5975,Jane,Jones,18,Developer,Tokyo,40206,2014-11-05
5976,Mike,Taylor,28,Engineer,Tokyo,59390,2002-06-10
5977,Sam,Williams,56,Consultant,Sydney,82155,2002-10-22
5978,Alex,Miller,40,Clerk,London,78645,2024-03-28
5979,Alex,Wilson,34,Lead,Toronto,29272,2014-03-20
5980,Alex,Johnson,20,Engineer,New York,68516,2015-08-28
5981,Lisa,Smith,27,Manager,Paris,80875,2006-07-15
5982,John,Williams,35,Developer,Tokyo,34530,32-13-2025
5983,Tom,Garcia,59,Consultant,Tokyo,44980,2019-08-19
5984,Emma,Davis,48,Analyst,Tokyo,74268,2011-06-25
5985,Tom,Garcia,58,Designer,Tokyo,97392,2018-10-08
5986,Alex,Wilson,44,Analyst,New York,44715,2009-10-06
5987,Sam,Davis,18,Clerk,Delhi,81783,2017-09-28
5988,John,Taylor,33,Engineer,Sydney,103504,2013-01-07
5989,Sam,Johnson,43,Engineer,Paris,47126,2020-07-15
5990,Sam,Garcia,51,Clerk,Sydney,94151,2010-08-18
5991,Lisa,Smith,26,Consultant,Paris,37071,2006-12-01
5992,Jane,Smith,51,Clerk,Paris,82120,2012-08-03
5993,Emma,Jones,18,Consultant,New York,54764,2002-05-24
5994,Alex,Taylor,59,Manager,Delhi,105202,2009-01-24
5995,John,Garcia,37,Lead,Dubai,107583,2017-06-30
5996,Alex,Wilson,46,Developer,Singapore,30217,2017-11-14
5997,Jane,Taylor,35,Consultant,Toronto,54495,2000-05-14
5998,John,Jones,29,Lead,New York,96091,2005-07-26
5999,Tom,Smith,57,Lead,Toronto,31577,2017-01-14
6000,John,Miller,32,Manager,Berlin,50807,2004-10-23
6001,Lisa,Miller,26,Engineer,London,36187,2007-08-18
6002,Lisa,Davis,30,Consultant,Singapore,107226,2016-02-05
6003,Tom,Garcia,21,Analyst,Paris,104222,2006-03-20
6004,Lisa,Jones,57,Manager,Tokyo,85070,2005-11-27
6005,Paul,Miller,39,Analyst,Singapore,40145,2007-11-18
6006,Paul,Johnson,35,Manager,London,45927,2017-07-08
6007,Alex,Smith,31,Engineer,Berlin,58085,2009-06-14
6008,John,Davis,60,Developer,Paris,59605,2012-03-26
6009,Emma,Garcia,23,Clerk,Tokyo,73645,2011-03-30
6010,Emma,Jones,57,Lead,Delhi,109015,2015-02-11
6011,Jane,Brown,21,Lead,Toronto,117387,2006-11-19
6012,Sara,Williams,35,Developer,Delhi,34779,2011-03-23
6013,Sam,Miller,30,Intern,Berlin,60547,2010-11-06
6014,Emma,Miller,19,Engineer,Sydney,91971,2023-09-14
6015,Mike,Brown,20,Designer,Delhi,70281,2005-02-09
6016,Lisa,Williams,44,Designer,Toronto,31077,2004-11-22
6017,Lisa,Miller,18,Intern,Sydney,81603,2000-01-04
6018,Lisa,Davis,22,Lead,New York,36724,2021-04-04
6019,Mike,Johnson,50,Lead,Sydney,31805,2015-08-30
6020,Sam,Brown,51,Designer,Toronto,71643,2018-07-04
6021,John,Garcia,54,Designer,Tokyo,88700,2019-10-20
6022,Alex,Davis,39,Lead,Dubai,55813,2022-02-18
6023,Mike,Taylor,49,Architect,Toronto,96247,2015-02-02
6024,Alex,Jones,26,Manager,London,38742,2022-04-17
6025,Alex,Garcia,48,Manager,Sydney,106327,2024-02-01
6026,Jane,Williams,37,Manager,London,83351,2014-03-06
6027,Jane,Johnson,20,Clerk,New York,45106,2019-11-01
6028,Sara,Miller,39,Lead,London,64392,2009-02-12
6029,Mike,Miller,27,Developer,Toronto,40559,2022-01-07
6030,Lisa,Miller,46,Lead,New York,112637,2019-04-03
6031,Alex,Williams,18,Engineer,Singapore,53501,2024-01-22
6032,Paul,Garcia,36,Architect,London,39351,2010-11-01
6033,Mike,Wilson,40,Analyst,New York,53055,2023-02-26
6034,Tom,Jones,47,Developer,Dubai,110378,2016-10-28
6035,Mike,Brown,36,Developer,New York,103328,2016-07-03
6036,Paul,Brown,60,Designer,Berlin,31730,2006-09-29
6037,Paul,Miller,24,Designer,New York,35725,2004-04-01
6038,Paul,Johnson,48,Designer,Tokyo,74510,2018-08-03
6039,John,Wilson,42,Analyst,Delhi,43667,2005-11-11
6040,Jane,Smith,41,Lead,Dubai,106541,2013-05-25
6041,Lisa,Johnson,48,Manager,Singapore,89929,2024-01-05
6042,John,Williams,59,Clerk,London,71918,2020-04-07
6043,Sam,Williams,57,Consultant,Paris,48497,2011-09-14
6044,Sara,Wilson,24,Lead,London,54884,2016-05-27
6045,Mike,Brown,52,Intern,Berlin,61662,2020-11-28
6046,Jane,Garcia,29,Clerk,Toronto,109828,2022-06-12
6047,Alex,Johnson,25,Analyst,London,60608,2024-08-01
6048,Sam,Miller,44,Developer,Toronto,57168,2008-10-31
6049,Sara,Brown,56,Engineer,Singapore,47164,2008-01-18
6050,Sam,Smith,49,Engineer,Singapore,84219,2009-04-06
6051,Tom,Johnson,54,Analyst,Delhi,77604,2006-01-27
6052,Emma,Jones,41,Designer,Dubai,37319,2009-02-21
6053,Mike,Jones,52,Architect,Sydney,108555,2011-05-28
6054,John,Davis,38,Manager,Sydney,116529,2004-07-13
6055,Emma,Miller,44,Developer,Singapore,68340,2007-06-06
6056,Paul,Garcia,60,Lead,London,80654,2009-10-12
6057,Jane,Jones,46,Lead,Dubai,93834,2001-09-08
6058,Emma,Brown,58,Architect,Paris,42838,2009-01-14
6059,John,Jones,33,Manager,Dubai,33113,2019-08-23
6060,John,Brown,33,Engineer,London,27727,2017-09-07
6061,Lisa,Brown,39,Analyst,Delhi,54172,2018-10-17
6062,Emma,Wilson,18,Designer,Toronto,114215,2017-02-12
6063,Paul,Davis,39,Clerk,Tokyo,41400,2013-12-04
6064,Sam,Johnson,20,Developer,Singapore,25795,2005-07-10
6065,Emma,Williams,55,Lead,Berlin,110887,2017-01-17
6066,Tom,Johnson,58,Designer,Tokyo,30605,2001-09-01
6067,Jane,Williams,43,Lead,Singapore,33332,2022-06-20
6068,John,Johnson,43,Analyst,Singapore,91566,2001-10-27
6069,Alex,Williams,58,Manager,Tokyo,117353,2009-03-09
6070,Paul,Jones,39,Consultant,Berlin,71357,2007-07-15
6071,Tom,Taylor,32,Manager,London,117074,2018-03-30
6072,Jane,Smith,39,Designer,Tokyo,50253,2012-01-02
6073,Alex,Brown,32,Designer,London,77776,2002-07-05
6074,Mike,Smith,46,Architect,Dubai,118195,2006-01-29
6075,Tom,Miller,43,Intern,Paris,56074,2015-04-02
6076,John,Taylor,45,Manager,Delhi,87938,2017-05-29
6077,Tom,Johnson,59,Manager,Paris,83566,2005-12-17
6078,Sam,Taylor,47,Clerk,Toronto,90804,2010-07-29
6079,Jane,Johnson,19,Intern,London,82244,2008-04-09
6080,Mike,Davis,48,Clerk,Tokyo,76892,2011-10-16
6081,Paul,Davis,51,Developer,Berlin,90114,2016-06-21
6082,Sara,Wilson,53,Clerk,Sydney,91178,2021-05-21
6083,John,Miller,33,Analyst,Berlin,83919,2008-06-28
6084,Emma,Smith,50,Analyst,Paris,55698,2017-01-01
6085,Jane,Taylor,38,Consultant,Delhi,44018,2022-06-05
6086,Sara,Brown,49,Consultant,New York,48422,2024-01-02
6087,Tom,Taylor,35,Designer,Delhi,94559,2023-10-17
6088,Emma,Williams,42,Engineer,Toronto,95575,2022-01-21
6089,Sara,Brown,55,Analyst,London,45291,2009-07-26
6090,Emma,Miller,22,Manager,Berlin,87944,2015-07-04
6091,Sara,Davis,32,Architect,Paris,106977,2006-10-02
6092,John,Jones,54,Engineer,Tokyo,42997,2022-05-08
6093,Sara,Williams,60,Intern,Sydney,91270,2024-10-25
6094,Jane,Smith,53,Analyst,Delhi,54057,2008-12-01
6095,John,Taylor,60,Consultant,Berlin,42637,2021-12-01
6096,Mike,Brown,44,Analyst,Delhi,119437,2014-04-25
6097,Jane,Davis,47,Analyst,Delhi,74214,2002-04-01
6098,Jane,Davis,23,Clerk,New York,81674,2018-04-20
6099,Emma,Garcia,37,Engineer,Tokyo,110955,2016-11-12
6100,Mike,Wilson,45,Consultant,Sydney,33112,2010-08-23
6101,Tom,Williams,20,Manager,Delhi,61980,2015-12-18
6102,Sara,Davis,49,Developer,New York,97149,2003-05-31
6103,Emma,Garcia,48,Developer,Dubai,34111,2014-05-23
6104,Alex,Davis,40,Intern,London,72570,2017-02-13
6105,Emma,Taylor,19,Architect,Paris,74256,2024-02-14
6106,Lisa,Williams,45,Architect,Tokyo,56127,2018-05-05
6107,Lisa,Miller,51,Engineer,Dubai,60911,2022-09-24
6108,John,Jones,59,Intern,London,35600,2014-07-24
6109,Sam,Davis,35,Lead,Sydney,112313,2004-07-02
6110,Mike,Davis,37,Engineer,Sydney,105578,2014-08-06
6111,Emma,Jones,29,Clerk,Berlin,77786,2009-03-10
6112,Paul,Smith,54,Clerk,Dubai,89011,2018-04-27
6113,Alex,Smith,31,Engineer,London,45863,2014-06-05
6114,Lisa,Wilson,52,Developer,Tokyo,94874,2023-05-30
6115,Sara,Williams,51,Architect,Tokyo,78549,2012-04-24
6116,Sara,Brown,18,Clerk,London,89312,2024-05-13
6117,Emma,Garcia,44,Clerk,Tokyo,75016,2003-01-29
6118,Sam,Davis,40,Clerk,Singapore,62739,2005-10-16
6119,Jane,Brown,30,Consultant,Tokyo,38542,2020-12-25
6120,John,Johnson,42,Analyst,Tokyo,38294,2021-05-29
6121,Mike,Williams,37,Engineer,Berlin,40866,2018-03-30
6122,Jane,Jones,60,Engineer,Sydney,107192,2009-09-28
6123,Jane,Miller,24,Intern,Paris,71383,2001-02-04
6124,Mike,Johnson,27,Lead,Tokyo,118298,2000-05-15
6125,Lisa,Smith,28,Intern,New York,72926,2005-01-19
6126,Jane,Williams,51,Designer,Berlin,114150,2020-02-16
6127,Lisa,Garcia,20,Designer,Berlin,84871,2021-12-02
6128,Sam,Johnson,40,Intern,Dubai,96352,2006-05-21
6129,John,Miller,36,Analyst,Sydney,56074,2009-05-04
6130,Mike,Taylor,39,Developer,Tokyo,94478,2018-01-19
6131,Alex,Brown,53,Developer,Berlin,30253,2012-04-23
6132,Tom,Garcia,22,Designer,Sydney,58481,2008-07-10
6133,Tom,Johnson,42,Lead,Singapore,60148,2007-02-25
6134,Tom,Johnson,36,Analyst,Singapore,57591,2015-11-12
6135,Mike,Johnson,37,Intern,London,116602,2023-04-29
6136,Sam,Smith,32,Intern,New York,103841,2005-04-03
6137,Alex,Taylor,29,Intern,New York,103051,2000-06-21
6138,Sam,Wilson,60,Engineer,Tokyo,76411,2009-10-04
6139,Tom,Jones,36,Engineer,Paris,68678,2021-02-12
6140,Emma,Brown,50,Clerk,Sydney,27211,2019-05-18
6141,John,Garcia,35,Designer,New York,102171,2009-06-02
6142,Jane,Davis,46,Designer,London,26220,2021-08-29
6143,Emma,Garcia,60,Intern,Tokyo,69054,2003-04-19
6144,Paul,Davis,35,Clerk,Toronto,108718,2005-09-27
6145,Tom,Garcia,29,Analyst,New York,53147,2003-05-30
6146,Lisa,Williams,53,Manager,Toronto,51086,2011-11-13
6147,Jane,Davis,25,Lead,Toronto,29742,2012-10-13
6148,Tom,Taylor,27,Developer,Sydney,85100,2009-06-06
6149,Emma,Wilson,20,Lead,Sydney,103916,2014-11-16
6150,John,Johnson,25,Designer,Toronto,57575,2023-12-08
6151,Alex,Williams,50,Lead,Tokyo,111247,2017-08-30
6152,Sam,Williams,29,Designer,Sydney,36695,2013-01-07
6153,Mike,Garcia,40,Intern,Delhi,93914,2015-10-05
6154,Jane,Wilson,27,Developer,London,44201,2021-02-08
6155,Mike,Garcia,25,Clerk,Singapore,53711,2024-09-13
6156,Sara,Wilson,59,Lead,Toronto,97836,2009-06-01
6157,John,Davis,60,Architect,Berlin,97360,2014-08-10
6158,Tom,Williams,54,Intern,Paris,84403,2024-06-30
6159,Alex,Williams,25,Engineer,New York,74751,2013-01-10
6160,Mike,Johnson,56,Analyst,Paris,28626,2001-06-10
6161,Sam,Williams,26,Consultant,Berlin,27033,2019-02-14
6162,Jane,Brown,20,Consultant,Dubai
6163,John,Smith,22,Engineer,Berlin,76882,2021-11-27
6164,Tom,Williams,43,Architect,Berlin,42632,2006-01-23
6165,Mike,Davis,22,Consultant,Toronto,46986,2014-07-06
6166,Paul,Jones,59,Intern,New York,30912,2015-12-17
6167,John,Wilson,40,Consultant,London,47429,2024-02-06
6168,Jane,Miller,58,Designer,Berlin,115897,2022-05-11
6169,Tom,Miller,20,Developer,Berlin,118762,2005-06-19
6170,Sara,Smith,53,Architect,London,105502,2006-07-14
6171,Mike,Jones,59,Consultant,Singapore,113897,2019-02-01
6172,Paul,Williams,46,Consultant,Sydney,32471,2007-04-01
6173,Sara,Smith,57,Engineer,Berlin,70006,2014-06-25
6174,Emma,Brown,43,Manager,New York,91624,2012-10-18
6175,Alex,Taylor,47,Developer,Berlin,42242,2014-09-24
6176,Jane,Williams,46,Engineer,Berlin,73271,2023-07-26
6177,Sam,Taylor,42,Designer,Toronto,39513,2008-01-14
6178,Alex,Davis,56,Designer,Toronto,81143,2002-01-07
6179,Jane,Taylor,18,Designer,New York,84564,2007-11-15
6180,Jane,Wilson,38,Clerk,Delhi,73817,2012-04-25
6181,John,Jones,22,Architect,New York,105706,2011-08-31
6182,Mike,Smith,57,Engineer,Paris,63679,2014-09-23
6183,Tom,Smith,23,Lead,Singapore,46512,2019-01-17
6184,Lisa,Davis,40,Manager,London,108223,2014-03-23
6185,John,Garcia,56,Clerk,Berlin,45742,2024-03-04
6186,Mike,Williams,20,Architect,New York,73452,2010-03-06
6187,Sam,Garcia,50,Analyst,Tokyo,85035,2018-06-06
6188,John,Johnson,41,Lead,London,78943,2008-05-21
6189,Mike,Williams,25,Architect,London,98574,2013-10-26
6190,Lisa,Garcia,39,Designer,Toronto,60275,2015-08-25
6191,Alex,Taylor,27,Developer,Delhi,67152,2004-02-10
6192,Sam,Williams,26,Designer,Dubai,64165,2010-12-05
6193,Jane,Garcia,49,Consultant,Berlin,110246,2020-01-19
6194,Jane,Garcia,32,Manager,Toronto,61671,2021-12-23
6195,Paul,Williams,43,Clerk,Sydney,89706,2020-11-02
6196,Sam,Taylor,31,Architect,London,76490,2007-06-15
6197,Alex,Wilson,48,Designer,New York,99351,2013-10-30
6198,John,Wilson,44,Analyst,Dubai,70903,2023-09-03
6199,Sam,Davis,29,Analyst,Tokyo,32761,2004-03-27
6200,Alex,Brown,40,Designer,London,110330,2012-11-24
6201,Paul,Williams,57,Manager,Singapore,77679,2006-08-05
6202,John,Jones,27,Lead,Singapore,108225,2021-01-08
6203,Alex,Johnson,46,Engineer,Delhi,52415,2009-03-13
6204,Alex,Davis,21,Clerk,Sydney,111333,2000-06-19
6205,Tom,Smith,20,Clerk,New York,98034,2020-02-06
6206,Sam,Wilson,48,Developer,London,89788,2020-10-02
6207,Emma,Jones,46,Consultant,Singapore,63277,2005-12-26
6208,Jane,Smith,36,Developer,Singapore,77838,2014-03-07
6209,Alex,Brown,54,Analyst,Sydney,83554,2004-02-07
6210,Tom,Wilson,37,Manager,Toronto,87638,2004-06-26
6211,Lisa,Taylor,25,Designer,London,104659,2015-10-06
6212,Tom,Wilson,57,Analyst,Tokyo,43967,2006-05-10
6213,Alex,Davis,47,Analyst,Paris,89023,2023-02-25
6214,Alex,Jones,29,Clerk,Toronto,104809,2014-09-15
6215,Mike,Garcia,52,Analyst,Toronto,61797,2015-04-22
6216,Alex,Davis,36,Designer,Toronto,44038,2016-07-13
6217,Alex,Taylor,48,Designer,Berlin,87950,2022-10-21
6218,John,Miller,59,Lead,London,84049,2018-08-08
6219,Lisa,Smith,19,Clerk,London,57336,2001-12-18
6220,Jane,Davis,30,Manager,Berlin,59693,2002-08-03
6221,Tom,Davis,35,Engineer,Sydney,86777,2017-09-13
6222,Paul,Wilson,58,Analyst,Tokyo,49163,2018-01-25
6223,Mike,Smith,18,Analyst,Dubai,116656,2011-02-28
6224,Jane,Smith,26,Consultant,Toronto,58433,2016-04-07
6225,Tom,Brown,21,Analyst,London,77249,2007-12-02
6226,Lisa,Wilson,58,Clerk,Dubai,87222,2020-09-04
6227,Tom,Davis,59,Consultant,Singapore,89621,2014-04-18
6228,Mike,Miller,21,Manager,Tokyo,35649,2019-05-06
6229,John,Garcia,25,Engineer,London,114794,2011-05-15
6230,Sara,Miller,47,Developer,Delhi,33474,2013-11-05
6231,Tom,Taylor,60,Clerk,New York,57087,2009-01-09
6232,Tom,Wilson,51,Analyst,New York,106680,2022-04-18
6233,Jane,Jones,51,Intern,London,53614,2012-10-11
6234,Paul,Miller,28,Intern,Sydney,72824,2021-11-28
6235,Sara,Davis,56,Engineer,New York,72701,2011-04-08
6236,Jane,Wilson,18,Consultant,New York,39554,2019-05-30
6237,Paul,Miller,35,Developer,Delhi,88703,2005-08-15
6238,Alex,Miller,47,Consultant,Berlin,86365,2018-07-11
6239,Sara,Williams,28,Designer,Toronto,82244,2018-10-30
6240,Mike,Davis,36,Architect,Paris,38721,2002-08-11
6241,John,Davis,50,Designer,Toronto,112689,2023-09-15
6242,Alex,Wilson,46,Designer,Singapore,57184,2015-03-24
6243,Sara,Williams,22,Consultant,New York,86463,2002-11-07
6244,Lisa,Jones,25,Intern,Delhi,77930,2018-08-18
6245,Alex,Davis,47,Developer,Dubai,119623,2007-03-18
6246,Emma,Jones,37,Clerk,Berlin,75869,2020-09-02
6247,Lisa,Brown,45,Intern,Dubai,81303,2024-10-11
6248,Sara,Jones,23,Consultant,New York,50340,2014-02-18
6249,Jane,Miller,30,Engineer,Sydney,74083,2002-10-31
6250,Alex,Taylor,55,Manager,Berlin,69872,2012-04-18
6251,Paul,Johnson,44,Intern,Toronto,102432,2020-03-05
6252,Lisa,Wilson,23,Consultant,Singapore,37231,2004-02-10
6253,Alex,Jones,22,Consultant,London,106890,2024-08-11
6254,Sam,Smith,30,Engineer,London,94515,2001-03-11
6255,Sara,Smith,19,Engineer,Paris,82074,2018-04-07
6256,Lisa,Taylor,59,Consultant,Delhi,90351,2003-12-06
6257,Emma,Davis,57,Intern,Dubai,110998,2013-01-11
6258,Lisa,Miller,32,Analyst,Singapore,76111,2023-11-13
6259,Sara,Jones,59,Consultant,New York,51769,2010-11-19
6260,Lisa,Miller,60,Lead,Toronto,91723,2011-07-30
6261,Sara,Garcia,47,Engineer,New York,27970,2017-02-15
6262,Mike,Davis,27,Engineer,Dubai,117545,2017-11-12
6263,Mike,Davis,41,Intern,Delhi,26828,2009-11-06
6264,Jane,Wilson,20,Developer,Paris,26742,2018-03-31
6265,Tom,Johnson,28,Lead,Berlin,34242,2009-10-03
6266,Mike,Smith,24,Intern,London,45427,2012-12-22
6267,Sara,Williams,54,Designer,Toronto,27504,2002-06-07
6268,Alex,Johnson,34,Developer,Dubai,82798,2003-12-24
6269,Emma,Johnson,47,Architect,Delhi,98356,2000-09-23
6270,Mike,Taylor,50,Consultant,Dubai,70980,2017-06-19
6271,Sam,Taylor,45,Architect,New York,98283,2020-09-29
6272,Jane,Wilson,20,Clerk,Tokyo,51310,2008-04-02
6273,Paul,Jones,50,Developer,Paris,69919,2011-11-14
6274,Sam,Garcia,36,Clerk,Singapore,78293,2007-06-13
6275,John,Jones,60,Intern,Tokyo,39832,2021-01-23
6276,Emma,Miller,42,Manager,Toronto,43825,2012-10-14
6277,Jane,Taylor,51,Architect,Tokyo,37241,2004-05-21
6278,Paul,Williams,24,Clerk,Sydney,90137,2003-01-27
6279,Jane,Wilson,60,Clerk,New York,90503,2002-01-18
6280,Alex,Williams,19,Architect,Toronto,34026,2005-06-03
6281,Paul,Smith,56,Designer,Sydney,48883,2023-10-27
6282,Sara,Wilson,30,Analyst,Sydney,34762,2022-11-20
6283,Jane,Wilson,48,Developer,New York,90221,2014-03-09
6284,Mike,Williams,30,Architect,Delhi,94858,2018-04-08
6285,John,Brown,19,Analyst,Paris,34427,2011-12-21
6286,Emma,Wilson,55,Developer,London,91238,2002-05-20
6287,Mike,Miller,47,Consultant,London,91208,2010-03-02
6288,Tom,Wilson,24,Engineer,New York,102377,2011-04-16
6289,Sara,Jones,52,Intern,Delhi,35370,2004-10-17
6290,Emma,Miller,44,Consultant,New York,95612,2003-12-09
6291,Sam,Miller,47,Lead,Tokyo,84948,2005-09-26
6292,Alex,Smith,37,Architect,London,117824,2005-11-15
6293,Sam,Williams,37,Manager,Dubai,86805,2022-07-31
6294,Lisa,Brown,41,Intern,Toronto,117740,2015-10-06
6295,Alex,Taylor,49,Intern,Delhi,44731,2014-02-07
6296,Sara,Davis,18,Analyst,Tokyo,111096,2014-07-14
6297,Sara,Wilson,29,Developer,Sydney,37480,2008-06-28
6298,Lisa,Johnson,23,Engineer,Delhi,84382,2021-06-09
6299,John,Brown,29,Intern,Paris,92031,2009-02-06
6300,Jane,Johnson,18,Analyst,Berlin,64714,2002-12-06
6301,Lisa,Miller,51,Consultant,Paris,118528,2024-05-27
6302,Lisa,Johnson,19,Intern,Sydney,29798,32-13-2025
6303,Sara,Davis,25,Architect,Paris,32720,2013-07-15
6304,Paul,Miller,59,Consultant,Berlin,34627,2012-06-05
6305,Sara,Johnson,25,Developer,Toronto,105548,2020-10-05
6306,Mike,Davis,26,Analyst,Paris,36697,2003-08-11
6307,Lisa,Johnson,23,Developer,Toronto,55412,2008-10-20
6308,Sam,Smith,40,Manager,New York,41225,2020-09-19
6309,Jane,Miller,41,Clerk,London,39635,2006-01-16
6310,Sara,Miller,36,Architect,Sydney,88097,2022-10-26
6311,Emma,Jones,30,Developer,Sydney,84315,2012-06-24
6312,Sam,Miller,52,Developer,Tokyo,56831,2003-07-15
6313,Jane,Garcia,47,Architect,Delhi,74776,2019-10-17
6314,Emma,Taylor,50,Lead,London,86953,2016-08-04
6315,John,Williams,26,Intern,Delhi,49522,2018-07-05
6316,Jane,Brown,31,Consultant,Toronto,39053,2022-04-08
6317,Alex,Johnson,60,Engineer,Berlin,63576,2022-01-25
6318,Jane,Garcia,57,Developer,London,103692,2010-01-19
6319,Sara,Brown,54,Engineer,Delhi,96052,2001-12-14
6320,Lisa,Wilson,19,Engineer,Singapore,51564,2008-04-19
6321,Lisa,Miller,26,Manager,Paris,51476,2001-06-30
6322,Mike,Taylor,60,Developer,Berlin,45882,2001-05-21
6323,Sara,Jones,28,Architect,London,74956,2019-10-07
6324,Emma,Garcia,40,Lead,Sydney,64609,2003-12-20
6325,John,Jones,48,Analyst,Tokyo,66061,2021-11-24
6326,Sara,Jones,22,Consultant,London,77228,2003-12-27
6327,Mike,Brown,34,Manager,Singapore,58334,2002-02-17
6328,Sam,Jones,40,Architect,Paris,31063,2013-01-31
6329,John,Wilson,52,Consultant,Berlin,85456,2015-03-26
6330,Emma,Jones,43,Analyst,Delhi,34421,2018-11-02
6331,Tom,Garcia,31,Consultant,Berlin,33087,2021-10-14
6332,Mike,Johnson,41,Developer,Singapore,27204,2004-03-18
6333,John,Brown,44,Manager,Singapore,38682,2010-07-06
6334,Lisa,Johnson,50,Clerk,Toronto,65279,2006-04-24
6335,Sara,Brown,56,Developer,Berlin,50339,2020-10-08
6336,Emma,Smith,57,Lead,Dubai,77890,2011-11-22
6337,Mike,Davis,39,Manager,Berlin,84649,2019-10-20
6338,Paul,Williams,48,Designer,Toronto,90734,2005-05-26
6339,Sam,Wilson,36,Lead,Sydney,26159,2013-06-18
6340,Sam,Davis,56,Analyst,Toronto,57141,2017-08-16
6341,Sam,Brown,21,Analyst,Toronto,52414,2007-06-03
6342,Mike,Smith,26,Architect,Dubai,64681,2021-05-20
6343,Jane,Smith,43,Developer,Singapore,62751,2002-12-26
6344,John,Garcia,47,Architect,Tokyo,94165,2010-01-17
6345,John,Smith,18,Intern,Berlin,88163,2003-07-05
6346,Mike,Brown,22,Developer,Dubai,54442,2001-08-08
6347,Sam,Garcia,34,Engineer,London,101075,2006-02-15
6348,Sam,Miller,56,Intern,Berlin,37850,2017-01-13
6349,Jane,Miller,25,Manager,Singapore,25363,2024-06-14
6350,Paul,Smith,31,Lead,New York,93738,2019-05-12
6351,Sara,Jones,20,Consultant,Tokyo,72795,2021-07-23
6352,Paul,Miller,49,Consultant,Dubai,49799,2015-12-24
6353,Sam,Miller,56,Consultant,Delhi,102588,2020-10-18
6354,Paul,Jones,43,Engineer,Dubai,90501,2009-07-19
6355,John,Brown,29,Lead,Sydney,34164,2012-10-11
6356,Sam,Garcia,34,Analyst,Berlin,59015,2019-09-06
6357,Sam,Brown,49,Developer,Sydney,25876,2001-08-04
6358,Jane,Davis,38,Clerk,Delhi,35193,2016-02-26
6359,Emma,Johnson,48,Analyst,London,59695,2016-10-13
6360,Sara,Brown,48,Developer,London,110761,2024-03-13
6361,John,Williams,51,Developer,London,48476,2001-05-04
6362,Alex,Brown,46,Architect,New York,111962,2008-05-13
6363,Mike,Jones,51,Architect,Singapore,103430,2015-09-24
6364,Tom,Davis,27,Developer,Dubai,62986,2016-07-07
6365,Paul,Garcia,58,Lead,Sydney,72019,2004-04-01
6366,Tom,Smith,28,Developer,New York,119074,2019-10-12
6367,Lisa,Wilson,26,Designer,Tokyo,107140,2015-08-23
6368,Paul,Brown,35,Analyst,Delhi,73596,2016-08-26
6369,Lisa,Smith,26,Developer,Berlin,57453,2016-05-10
6370,Lisa,Garcia,30,Developer,Toronto,88158,2021-04-27
6371,John,Miller,33,Manager,Singapore,101728,2022-09-03
6372,Tom,Williams,46,Developer,Berlin,37661,2018-12-19
6373,Alex,Johnson,46,Developer,Sydney,91774,2002-04-28
6374,Jane,Davis,20,Manager,Sydney,41514,2006-02-07
6375,Sara,Jones,18,Clerk,London,41253,2023-07-31
6376,Tom,Brown,26,Analyst,Toronto,56963,2024-02-15
6377,Paul,Miller,36,Manager,Dubai,74945,2024-01-19
6378,Paul,Johnson,46,Architect,Dubai,88942,2004-01-16
6379,Tom,Garcia,19,Intern,Berlin,31933,2012-01-13
6380,Mike,Smith,21,Analyst,Toronto,111818,2005-05-21
6381,Mike,Brown,38,Architect,Singapore,110669,2015-11-17
6382,Alex,Jones,27,Lead,Paris,29974,2023-08-10
6383,Jane,Garcia,28,Clerk,Berlin,44074,2006-01-18
6384,Emma,Taylor,60,Lead,Berlin,71289,2022-11-03
6385,Mike,Brown,20,Analyst,Paris,53916,2012-07-30
6386,Emma,Miller,32,Manager,Singapore,87029,2009-05-22
6387,Lisa,Smith,58,Manager,Delhi,76312,2012-04-18
6388,John,Jones,55,Consultant,Delhi,63213,2015-03-10
6389,Tom,Brown,59,Consultant,Berlin,59472,2006-09-11
6390,Alex,Jones,19,Engineer,Berlin,53459,2006-04-07
6391,Mike,Wilson,50,Architect,Sydney,68964,2009-10-24
6392,Emma,Johnson,57,Engineer,Singapore,26425,2019-11-02
6393,Emma,Wilson,50,Consultant,Sydney,73725,2009-02-26
6394,Alex,Jones,39,Architect,Dubai,71270,2020-01-03
6395,Mike,Garcia,28,Lead,Sydney,36464,2009-07-06
6396,Lisa,Garcia,19,Intern,Tokyo,79067,2022-09-05
6397,Sam,Taylor,25,Intern,Berlin,39567,2009-10-27
6398,Emma,Jones,27,Developer,Tokyo,44682,2012-11-20
6399,Sam,Davis,50,Developer,Singapore,87504,2019-04-21
6400,Paul,Johnson,26,Consultant,Sydney,35864,2003-09-14
6401,Sam,Garcia,24,Analyst,Dubai,84637,2017-10-14
6402,John,Johnson,54,Architect,Berlin,37918,2009-03-01
6403,Lisa,Jones,30,Manager,London,N/A,2003-11-01
6404,Paul,Williams,51,Analyst,Dubai,37241,2000-12-03
6405,Sam,Taylor,27,Intern,Toronto,98667,2017-09-24
6406,Lisa,Miller,49,Manager,Singapore,45821,2015-05-03
6407,Sam,Johnson,51,Analyst,Singapore,44552,2007-08-26
6408,Paul,Williams,38,Engineer,Toronto,81825,2004-06-13
6409,Sara,Garcia,52,Clerk,New York,86362,2004-07-08
6410,Mike,Johnson,20,Designer,Singapore,50823,2014-03-06
6411,Tom,Davis,51,Analyst,Sydney,104552,2009-09-11
6412,Mike,Johnson,52,Intern,Toronto,26848,2011-09-25
6413,Jane,Miller,36,Designer,Delhi,72520,2021-03-06
6414,Jane,Jones,37,Manager,New York,110528,2008-06-18
6415,Jane,Davis,21,Lead,Berlin,100964,2019-05-31
6416,Alex,Brown,57,Analyst,Delhi,103287,2009-02-01
6417,Sara,Miller,24,Architect,Tokyo,77847,2009-03-29
6418,Emma,Miller,47,Designer,Sydney,111843,2004-12-09
6419,Paul,Brown,31,Analyst,Toronto,43140,2005-04-12
6420,Emma,Taylor,43,Consultant,Dubai,81298,2024-02-27
6421,John,Smith,33,Developer,Paris,63316,2004-01-15
6422,Emma,Brown,18,Engineer,London,39188,2008-04-03
6423,Jane,Jones,35,Manager,Sydney,103991,2018-03-24
6424,Sara,Davis,26,Architect,New York,109424,2012-10-04
6425,Jane,Garcia,28,Lead,Tokyo,34889,2016-06-19
6426,Mike,Brown,42,Engineer,Sydney,88684,2012-10-17
6427,Emma,Taylor,25,Lead,Toronto,66045,2020-04-03
6428,Lisa,Williams,37,Manager,Tokyo,49208,2006-11-28
6429,Emma,Jones,45,Lead,Toronto,100239,2009-11-25
6430,Sam,Garcia,32,Architect,Paris,44342,2002-04-17
6431,Jane,Wilson,33,Consultant,New York,35678,2006-01-10
6432,Tom,Williams,22,Designer,London,47298,2015-03-20
6433,Lisa,Johnson,45,Architect,New York,92020,2011-09-10
6434,Sam,Garcia,30,Clerk,Tokyo,32768,2010-07-31
6435,Tom,Jones,30,Analyst,Singapore,33468,2021-10-12
6436,Alex,Miller,41,Designer,Dubai,59291,2010-12-04
6437,Jane,Miller,30,Analyst,Singapore,43113,2004-12-30
6438,Paul,Jones,27,Consultant,Sydney,83437,2022-08-14
6439,Tom,Garcia,41,Manager,Delhi,114953,2021-05-16
6440,Alex,Wilson,48,Analyst,New York,93316,2014-02-10
6441,John,Wilson,59,Architect,Toronto,28156,2017-12-01
6442,Sara,Wilson,54,Clerk,Dubai,88966,2014-03-11
6443,Tom,Brown,28,Architect,Singapore,53517,2005-10-23
6444,Paul,Jones,49,Lead,Delhi,119452,2007-11-06
6445,Sam,Brown,51,Lead,Paris,53547,2015-02-22
6446,John,Brown,44,Lead,Berlin,53333,2021-11-13
6447,Jane,Brown,42,Lead,Paris,89143,2003-12-27
6448,Sara,Wilson,33,Developer,Tokyo,57564,2014-09-30
6449,Paul,Miller,45,Manager,Tokyo,55649,2004-07-12
6450,Sam,Miller,22,Manager,Toronto,110246,2009-04-17
6451,Tom,Miller,39,Analyst,Delhi,61529,2002-09-19
6452,Sam,Wilson,38,Lead,Paris,39519,2014-02-06
6453,Sam,Johnson,25,Architect,Tokyo,70693,2023-08-12
6454,Mike,Wilson,28,Lead,Singapore,105007,2003-07-20
6455,Tom,Garcia,25,Intern,Sydney,68965,2023-07-19
6456,Lisa,Smith,30,Architect,Dubai,101453,2022-08-04
6457,John,Smith,54,Engineer,Dubai,30693,2019-09-26
6458,Mike,Smith,51,Analyst,Toronto,98803,2007-08-15
6459,Jane,Brown,55,Manager,Paris,102078,2006-09-17
6460,Jane,Taylor,23,Manager,Tokyo,96184,2022-09-10
6461,Emma,Johnson,53,Lead,Dubai,104370,2014-01-15
6462,Mike,Wilson,22,Clerk,Sydney,113491,2008-01-22
6463,Sara,Williams,27,Lead,Singapore
6464,Lisa,Wilson,39,Consultant,Sydney,29311,2006-10-29
6465,Alex,Williams,34,Intern,Delhi,55246,2005-05-27
6466,Alex,Johnson,44,Engineer,Toronto,52793,2015-03-09
6467,Mike,Jones,53,Manager,Toronto,77179,2001-07-21
6468,Lisa,Brown,44,Architect,Delhi,28293,2003-07-11
6469,Lisa,Wilson,53,Architect,Berlin,109581,2008-11-10
6470,John,Taylor,40,Architect,Sydney,79599,2011-05-21
6471,John,Wilson,60,Lead,Dubai,117890,2014-02-02
6472,Jane,Miller,38,Consultant,Berlin,104291,2022-09-21
6473,Jane,Williams,21,Consultant,Toronto,45997,2015-06-19
6474,Emma,Garcia,19,Consultant,Delhi,95684,2014-10-18
6475,Sam,Johnson,43,Engineer,Delhi,101437,2001-05-14
6476,Alex,Jones,41,Consultant,Toronto,26313,2012-06-07
6477,Emma,Miller,35,Architect,Dubai,62997,2007-01-27
6478,Jane,Davis,23,Manager,Dubai,32323,2001-06-20
6479,John,Miller,27,Consultant,Singapore,106374,2009-10-28
6480,John,Brown,50,Architect,Delhi,96761,2018-10-18
6481,Emma,Garcia,42,Architect,Delhi,28770,2005-01-22
6482,Sara,Jones,26,Developer,Sydney,62370,2005-07-15
6483,Jane,Jones,56,Analyst,Dubai,51299,2023-07-03
6484,Emma,Smith,38,Intern,Tokyo,117122,2008-01-18
6485,John,Johnson,40,Developer,Singapore,36603,2005-06-05
6486,Mike,Wilson,22,Lead,Singapore,85332,2010-05-23
6487,Emma,Miller,22,Consultant,Toronto,88999,2007-09-23
6488,Mike,Miller,53,Intern,Delhi,35178,2004-02-20
6489,John,Garcia,46,Clerk,Berlin,66788,2000-12-06
6490,Sam,Taylor,32,Lead,London,107141,2012-07-03
6491,Tom,Johnson,47,Engineer,London,74909,2020-10-08
6492,Jane,Wilson,32,Consultant,Berlin,60756,2020-11-19
6493,Alex,Davis,24,Intern,New York,67600,2007-05-26
6494,Mike,Jones,39,Engineer,Sydney,99231,2004-01-05
6495,Paul,Davis,31,Developer,Tokyo,60787,2016-06-22
6496,Sara,Miller,39,Developer,Berlin,79275,2007-05-04
6497,Jane,Miller,33,Designer,Toronto,50942,2013-11-10
6498,Sam,Williams,24,Analyst,Dubai,35416,2018-06-29
6499,Alex,Taylor,49,Designer,Toronto,92442,2023-08-20
6500,Sara,Brown,22,Consultant,Sydney,46309,2024-07-05
6501,Tom,Brown,20,Manager,Sydney,65129,2011-10-04
6502,Lisa,Wilson,24,Clerk,Berlin,115293,2000-10-28
6503,Paul,Taylor,53,Designer,Dubai,40346,2006-01-20
6504,Paul,Miller,60,Manager,Delhi,74157,2013-01-19
6505,Tom,Williams,40,Lead,Tokyo,49599,2003-03-12
6506,Lisa,Jones,37,Engineer,London,47303,2002-11-06
6507,Mike,Williams,29,Clerk,Sydney,50448,2012-07-20
6508,Mike,Williams,56,Lead,Toronto,33715,2015-12-27
6509,Lisa,Jones,24,Clerk,New York,80212,2012-11-22
6510,Tom,Garcia,53,Designer,Singapore,55581,2013-05-31
6511,Tom,Garcia,50,Engineer,Toronto,94734,2004-10-17
6512,Emma,Miller,23,Developer,London,78131,2019-11-18
6513,John,Garcia,34,Developer,Toronto,93383,2012-11-08
6514,Sam,Johnson,46,Consultant,Sydney,81780,2011-02-14
6515,Sam,Williams,60,Consultant,Toronto,79107,2002-05-22
6516,Sara,Williams,44,Engineer,Sydney,84097,2008-02-15
6517,John,Smith,44,Intern,New York,70976,2002-01-01
6518,Mike,Smith,52,Lead,Singapore,50936,2014-04-03
6519,Paul,Miller,54,Engineer,Berlin,99180,2005-03-11
6520,Emma,Smith,25,Intern,Dubai,104517,2012-02-12
6521,Jane,Brown,22,Architect,New York,87238,2005-06-14
6522,Paul,Taylor,34,Engineer,Berlin,32809,2009-10-02
6523,Sara,Williams,44,Designer,Tokyo,114871,2024-04-09
6524,Mike,Garcia,40,Analyst,Sydney,93786,2014-09-25
6525,Emma,Garcia,60,Engineer,London,40771,2013-01-01
6526,Jane,Williams,50,Clerk,London,38541,2011-04-01
6527,Paul,Jones,34,Designer,Delhi,92314,2006-07-09
6528,Sara,Miller,44,Architect,Berlin,102731,2019-03-06
6529,Tom,Williams,50,Manager,Delhi,66764,2001-08-12
6530,Lisa,Wilson,48,Consultant,Dubai,71662,2007-12-31
6531,Emma,Johnson,26,Consultant,Delhi,102633,2013-05-23
6532,Paul,Williams,29,Clerk,London,100978,2011-11-25
6533,Paul,Jones,44,Architect,Tokyo,87223,2003-02-18
6534,Sam,Williams,37,Analyst,Berlin,77976,2010-01-19
6535,Alex,Johnson,38,Designer,Berlin,105443,2020-11-01
6536,Paul,Garcia,43,Architect,New York,65212,2000-03-04
6537,Sara,Smith,53,Architect,New York,78178,2012-01-28
6538,Emma,Taylor,28,Lead,Sydney,48651,2011-01-27
6539,Emma,Davis,60,Designer,Paris,91121,2023-09-11
6540,Sam,Johnson,25,Intern,Sydney,104912,2018-06-02
6541,Paul,Wilson,51,Developer,Singapore,58429,2004-07-14
6542,John,Davis,30,Intern,New York,25424,2023-04-18
6543,Paul,Taylor,43,Consultant,Singapore,109826,2018-05-16
6544,Jane,Wilson,40,Designer,Delhi,51889,2024-12-11
6545,Sara,Davis,51,Developer,Tokyo,66430,2023-11-14
6546,Mike,Davis,28,Designer,Paris,67022,2010-08-14
6547,Lisa,Taylor,21,Lead,Delhi,27087,2013-01-18
6548,Alex,Johnson,43,Engineer,Delhi,112922,32-13-2025
6549,Lisa,Williams,33,Clerk,Delhi,62947,2013-05-20
6550,Jane,Williams,31,Analyst,New York,36861,2013-08-19
6551,Paul,Brown,24,Consultant,Singapore,119153,2006-07-30
6552,Alex,Davis,54,Developer,Dubai,118284,2023-06-06
6553,Mike,Garcia,51,Manager,Dubai,98599,2021-05-23
6554,John,Davis,18,Engineer,New York,88315,2013-06-23
6555,Emma,Wilson,35,Clerk,Tokyo,49554,2007-04-14
6556,Paul,Wilson,53,Clerk,Delhi,37904,2005-02-26
6557,Lisa,Jones,45,Analyst,New York,33329,2020-03-23
6558,Lisa,Davis,38,Designer,Delhi,47392,2011-05-02
6559,Tom,Garcia,23,Lead,Singapore,57603,2017-01-04
6560,Jane,Davis,58,Designer,Delhi,87043,2019-11-11
6561,Mike,Williams,48,Engineer,Sydney,27243,2018-08-20
6562,Lisa,Williams,46,Consultant,Delhi,115993,2005-03-19
6563,Lisa,Miller,28,Developer,Berlin,65992,2017-02-22
6564,Jane,Brown,46,Architect,London,45221,2001-09-08
6565,Paul,Miller,18,Designer,New York,72007,2000-08-25
6566,Lisa,Jones,31,Consultant,Delhi,114483,2007-12-14
6567,Jane,Jones,57,Intern,Delhi,81086,2013-07-30
6568,Sam,Brown,20,Developer,Berlin,72168,2014-06-18
6569,Paul,Garcia,37,Lead,Singapore,90207,2008-04-12
6570,Tom,Johnson,35,Clerk,Toronto,56741,2004-07-06
6571,Paul,Garcia,31,Clerk,Singapore,70643,2001-06-02
6572,John,Garcia,40,Architect,Toronto,77140,2022-05-31
6573,Emma,Miller,52,Clerk,Tokyo,42234,2013-08-21
6574,Sam,Smith,51,Manager,Toronto,109643,2003-02-22
6575,Mike,Jones,50,Intern,Paris,29738,2015-11-27
6576,Emma,Taylor,36,Architect,Paris,116146,2015-06-06
6577,Sara,Williams,29,Engineer,Paris,68523,2018-07-07
6578,Mike,Williams,41,Analyst,Toronto,61644,2010-07-29
6579,Mike,Jones,31,Designer,Paris,115682,2014-10-04
6580,Jane,Smith,31,Intern,Berlin,71658,2008-10-19
6581,Sam,Williams,32,Intern,Singapore,104391,2011-07-24
6582,Sam,Garcia,28,Analyst,Paris,96022,2011-07-23
6583,Sam,Smith,35,Lead,Singapore,112556,2004-01-10
6584,John,Taylor,37,Analyst,Delhi,90561,2022-03-23
6585,Sam,Johnson,25,Developer,Sydney,105066,2008-08-03
6586,Paul,Williams,57,Engineer,Berlin,98804,2009-09-05
6587,Paul,Smith,41,Engineer,Dubai,63096,2005-02-03
6588,John,Smith,31,Consultant,London,93810,2012-07-07
6589,Sam,Smith,56,Developer,Tokyo,80659,2018-07-14
6590,Alex,Garcia,49,Manager,Berlin,91456,2016-06-24
6591,Paul,Johnson,58,Clerk,Paris,51113,2019-03-04
6592,Sam,Smith,51,Consultant,Delhi,106782,2005-06-07
6593,Mike,Davis,46,Consultant,New York,56958,2010-10-14
6594,Paul,Taylor,52,Consultant,Singapore,67738,2017-04-24
6595,Jane,Johnson,25,Clerk,Delhi,69668,2014-05-16
6596,Sara,Garcia,52,Clerk,Berlin,35358,2023-11-26
6597,Jane,Johnson,33,Analyst,Singapore,82541,2010-10-21
6598,Tom,Davis,30,Consultant,Tokyo,90992,2006-09-27
6599,Sara,Johnson,33,Analyst,Berlin,45886,2000-12-05
6600,Sam,Taylor,23,Intern,London,100227,2002-03-08
6601,Paul,Wilson,23,Intern,Toronto,82953,2013-05-19
6602,Lisa,Davis,38,Designer,Delhi,53855,2004-08-13
6603,John,Davis,60,Manager,Singapore,38599,2021-06-26
6604,Emma,Williams,21,Manager,Singapore,116190,2020-07-31
6605,Tom,Brown,43,Engineer,London,97452,2023-11-06
6606,Sam,Smith,41,Intern,New York,52079,2021-03-29
6607,John,Wilson,57,Manager,New York,110185,2012-03-04
6608,Tom,Johnson,39,Engineer,New York,57639,2018-08-01
6609,Sara,Davis,27,Analyst,Dubai,51131,2023-08-26
6610,Jane,Smith,50,Manager,Tokyo,36552,2004-03-08
6611,Sara,Smith,19,Engineer,Sydney,100761,2009-07-26
6612,Sam,Jones,51,Architect,Delhi,96233,2017-09-08
6613,Mike,Miller,46,Designer,Delhi,56019,2007-08-22
6614,Mike,Jones,20,Intern,Toronto,114845,2003-09-21
6615,Paul,Miller,37,Engineer,Paris,58155,2020-03-14
6616,John,Williams,60,Intern,London,88244,2000-11-05
6617,Sam,Johnson,55,Lead,Dubai,30164,2015-12-08
6618,Mike,Jones,25,Developer,Delhi,103343,2005-03-17
6619,Alex,Smith,28,Lead,London,82080,2022-10-07
6620,Lisa,Smith,54,Engineer,Sydney,48736,2014-10-26
6621,Mike,Smith,53,Clerk,London,34097,2014-03-13
6622,Sam,Jones,56,Consultant,Paris,94956,2005-07-17
6623,Sam,Garcia,53,Clerk,London,83372,2009-04-18
6624,Jane,Miller,55,Engineer,Paris,100042,2015-08-06
6625,Alex,Brown,54,Developer,Paris,60032,2008-01-16
6626,Alex,Smith,32,Intern,Berlin,108054,2017-08-04
6627,Mike,Williams,53,Clerk,Toronto,107434,2003-06-24
6628,Mike,Miller,26,Developer,Tokyo,63320,2024-08-11
6629,Jane,Williams,51,Intern,Dubai,107567,2015-08-10
6630,Lisa,Smith,30,Analyst,Singapore,115371,2012-08-29
6631,Alex,Smith,46,Designer,Dubai,74868,2001-01-17
6632,Emma,Wilson,32,Architect,Paris,105496,2009-07-09
6633,Lisa,Garcia,44,Intern,Delhi,106529,2003-01-09
6634,John,Williams,28,Consultant,New York,62743,2006-03-10
6635,Alex,Wilson,45,Intern,Delhi,40994,2012-02-18
6636,Mike,Wilson,41,Consultant,Toronto,89489,2014-12-05
6637,Tom,Davis,33,Clerk,Singapore,100002,2019-07-30
6638,Sam,Williams,27,Lead,Paris,112534,2021-01-16
6639,Sam,Davis,28,Developer,Berlin,111106,2006-06-03
6640,Lisa,Davis,30,Analyst,Dubai,85298,2014-05-20
6641,Paul,Brown,30,Manager,Berlin,29558,2019-04-15
6642,Emma,Smith,31,Developer,London,75352,2013-07-01
6643,Jane,Garcia,21,Intern,Dubai,31150,2004-03-10
6644,Mike,Williams,26,Developer,Dubai,28463,2023-01-14
6645,Sam,Smith,18,Architect,Paris,71616,2019-04-02
6646,Mike,Davis,55,Developer,Singapore,57102,2021-02-15
6647,Sara,Johnson,55,Designer,London,114413,2002-01-23
6648,Sara,Miller,32,Clerk,Sydney,28687,2015-01-07
6649,Alex,Davis,51,Clerk,Tokyo,77332,2011-07-03
6650,Tom,Brown,35,Intern,London,57808,2002-10-24
6651,Alex,Garcia,36,Designer,Sydney,90686,2013-01-06
6652,Sara,Wilson,21,Manager,London,35910,2016-04-30
6653,Sam,Davis,46,Developer,Singapore,103100,2001-04-18
6654,Sara,Smith,58,Designer,Delhi,116433,2018-12-31
6655,Mike,Garcia,29,Manager,Tokyo,117434,2003-07-25
6656,John,Johnson,46,Analyst,Paris,40311,2007-04-29
6657,Jane,Jones,21,Clerk,Toronto,99829,2010-11-28
6658,Mike,Smith,18,Analyst,Dubai,104181,2018-02-20
6659,Tom,Davis,35,Clerk,Paris,82398,2007-08-09
6660,Lisa,Davis,45,Designer,London,50964,2012-07-06
6661,Tom,Garcia,44,Lead,Dubai,115384,2022-12-30
6662,Emma,Davis,24,Architect,Dubai,25398,2023-03-30
6663,Tom,Johnson,35,Analyst,Delhi,112081,2013-12-06
6664,Paul,Smith,42,Lead,Paris,44006,2001-04-09
6665,John,Wilson,46,Analyst,New York,55732,2013-05-03
6666,John,Wilson,38,Analyst,Delhi,65254,2020-06-09
6667,Alex,Garcia,37,Architect,Paris,103864,2009-08-11
6668,Sam,Taylor,32,Lead,Sydney,108718,2023-02-06
6669,Sara,Wilson,57,Manager,Delhi,102881,2021-09-22
6670,Tom,Miller,60,Manager,Singapore,69740,2016-11-20
6671,Sam,Wilson,51,Manager,New York,100545,2023-08-11
6672,Mike,Brown,37,Lead,Singapore,68724,2013-07-09
6673,Sara,Davis,53,Consultant,Sydney,100011,2008-02-29
6674,Sam,Davis,60,Analyst,Singapore,76924,2013-11-28
6675,Sam,Johnson,32,Architect,Sydney,116286,2020-12-20
6676,John,Davis,52,Consultant,Paris,54105,2008-02-25
6677,John,Smith,22,Designer,London,115777,2024-02-15
6678,Sara,Davis,37,Lead,London,94955,2020-01-11
6679,Mike,Johnson,50,Intern,London,93836,2002-06-10
6680,Lisa,Smith,47,Manager,Tokyo,68637,2018-07-10
6681,Paul,Wilson,55,Manager,Paris,48007,2022-03-10
6682,Tom,Jones,20,Developer,Tokyo,46736,2004-01-23
6683,Emma,Jones,28,Designer,Toronto,33161,2014-11-29
6684,Lisa,Wilson,40,Clerk,Paris,59767,2020-02-22
6685,Alex,Johnson,40,Clerk,Paris,111434,2001-04-17
6686,Sara,Davis,38,Lead,Sydney,60111,2017-10-07
6687,Jane,Jones,27,Intern,Singapore,32270,2014-10-02
6688,Alex,Miller,24,Designer,London,61003,2020-12-22
6689,Paul,Jones,27,Clerk,Tokyo,87279,2015-09-20
6690,Jane,Johnson,35,Clerk,Tokyo,43617,2000-09-10
6691,Sam,Taylor,20,Lead,Delhi,47096,2004-01-10
6692,Mike,Jones,20,Designer,Dubai,42771,2014-07-12
6693,Alex,Williams,50,Engineer,Toronto,69972,2000-03-21
6694,Alex,Williams,20,Clerk,Paris,43758,2008-03-29
6695,John,Jones,57,Manager,Tokyo,48867,2005-11-14
6696,Tom,Taylor,39,Clerk,Delhi,118725,2004-02-02
6697,Mike,Williams,43,Manager,Toronto,52818,2002-05-25
6698,Lisa,Smith,52,Clerk,Berlin,75236,2008-03-26
6699,Tom,Williams,22,Developer,Sydney,73472,2006-02-14
6700,Jane,Brown,29,Developer,Tokyo,108341,2000-07-27
6701,Sam,Johnson,47,Consultant,Singapore,106034,2010-12-19
6702,Paul,Smith,47,Manager,Delhi,86177,2007-10-24
6703,Emma,Smith,23,Designer,New York,110920,2011-10-10
6704,Jane,Williams,60,Analyst,Toronto,80053,2015-01-24
6705,Mike,Williams,54,Lead,Tokyo,72309,2021-05-05
6706,John,Williams,56,Manager,Paris,110525,2011-06-28
6707,Tom,Davis,54,Analyst,Delhi,63114,2015-05-14
6708,Alex,Miller,38,Clerk,Berlin,44055,2006-07-31
6709,Lisa,Miller,29,Engineer,Tokyo,78070,2013-01-15
6710,Mike,Taylor,30,Designer,Sydney,59968,2014-09-20
6711,Sam,Garcia,54,Developer,Tokyo,27987,2021-05-02
6712,Paul,Smith,43,Engineer,Delhi,37725,2012-01-16
6713,Tom,Davis,18,Architect,Dubai,104352,2011-12-22
6714,Sam,Jones,36,Designer,Tokyo,107255,2021-05-03
6715,Sara,Williams,57,Lead,Dubai,46731,2015-10-21
6716,Paul,Smith,18,Engineer,New York,25025,2010-07-03
6717,Sara,Johnson,27,Engineer,Toronto,29594,2004-06-21
6718,Sam,Johnson,46,Designer,Singapore,52986,2018-05-19
6719,Jane,Jones,50,Lead,Sydney,51925,2017-01-20
6720,Alex,Williams,19,Lead,Delhi,83386,2005-09-15
6721,Jane,Smith,42,Engineer,Berlin,77560,2002-05-14
6722,Emma,Johnson,28,Consultant,New York,26107,2021-08-22
6723,Alex,Miller,46,Manager,Dubai,86834,2017-06-30
6724,Paul,Davis,27,Lead,Delhi,74554,2005-07-16
6725,John,Taylor,59,Clerk,Singapore,98139,
6726,Sara,Williams,24,Engineer,Sydney,38850,2016-11-21
6727,Mike,Taylor,22,Consultant,Paris,57545,2008-01-04
6728,Mike,Williams,52,Engineer,Sydney,84655,32-13-2025
6729,Jane,Taylor,31,Engineer,Dubai,54773,2011-10-07
6730,Lisa,Davis,59,Intern,Sydney,102946,2022-07-23
6731,Lisa,Jones,35,Lead,New York,53868,32-13-2025
6732,Alex,Smith,44,Lead,Berlin,34325,2022-02-08
6733,Sara,Wilson,42,Manager,Toronto,48281,2020-08-13
6734,Paul,Wilson,24,Intern,London,77143,2007-03-10
6735,Paul,Davis,49,Intern,Berlin,91904,2001-10-19
6736,Lisa,Wilson,39,Designer,Tokyo,69914,2023-10-04
6737,Jane,Davis,23,Lead,New York,95782,2007-03-31
6738,Alex,Taylor,31,Manager,London,98065,2011-09-29
6739,Mike,Jones,54,Engineer,Toronto,51570,2014-11-18
6740,Sara,Miller,19,Lead,Sydney,91709,2013-12-24
6741,Lisa,Wilson,36,Developer,Tokyo,80772,2019-10-20
6742,Sara,Jones,29,Lead,Sydney,95517,2017-02-05
6743,Mike,Jones,26,Architect,Sydney,29592,2024-03-04
6744,Emma,Taylor,50,Engineer,Toronto,65548,2015-12-09
6745,Emma,Davis,21,Consultant,Tokyo,47357,2012-01-23
6746,Sam,Williams,24,Engineer,Delhi,68881,2009-12-24
6747,John,Jones,53,Architect,New York,27962,2007-05-12
6748,Sam,Taylor,38,Developer,Paris,109656,2024-10-01
6749,John,Wilson,32,Manager,Toronto,97933,2004-01-19
6750,John,Garcia,60,Analyst,Toronto,92105,2020-12-17
6751,Mike,Garcia,39,Intern,Delhi,64307,2024-03-29
6752,Alex,Wilson,27,Consultant,Singapore,105442,2013-02-10
6753,Sam,Smith,51,Architect,Delhi,78100,2003-02-16
6754,Lisa,Brown,54,Developer,Sydney,116684,2008-05-06
6755,Mike,Brown,59,Analyst,Toronto,41261,2011-12-11
6756,Mike,Wilson,37,Intern,Singapore,92826,2015-01-21
6757,Tom,Smith,52,Clerk,Tokyo,32193,2011-03-07
6758,Alex,Garcia,20,Designer,Berlin,59706,2013-04-24
6759,Sam,Garcia,48,Consultant,London,95137,2011-08-06
6760,Alex,Brown,49,Designer,Dubai,96206,2017-03-28
6761,Sara,Smith,18,Developer,New York,89106,2009-09-01
6762,Mike,Smith,54,Clerk,Dubai,98786,2001-04-13
6763,Emma,Smith,37,Manager,Toronto,30443,2010-05-05
6764,Paul,Taylor,20,Architect,London,63122,2000-09-16
6765,Sara,Davis,50,Engineer,Tokyo,43783,2024-12-28
6766,Paul,Davis,43,Engineer,Delhi,108521,2011-10-13
6767,Mike,Jones,57,Lead,Tokyo,39202,2024-02-27
6768,Lisa,Davis,35,Analyst,Tokyo,79635,2017-05-10
6769,Alex,Jones,43,Clerk,Paris,55147,2008-08-06
6770,Paul,Taylor,31,Clerk,Singapore,97162,2018-07-06
6771,Jane,Davis,33,Lead,Paris,31673,2008-04-10
6772,Sam,Davis,38,Developer,Singapore,108606,2012-12-22
6773,Mike,Miller,42,Analyst,New York,70374,2005-12-13
6774,Tom,Smith,19,Developer,Berlin,103365,2009-01-11
6775,Tom,Miller,45,Clerk,Singapore,72944,2007-11-16
6776,Alex,Taylor,36,Analyst,London,98723,2006-12-25
6777,Sara,Davis,28,Analyst,Singapore,74820,2011-10-13
6778,Tom,Miller,38,Engineer,London,35382,2006-03-18
6779,Tom,Davis,56,Developer,London,51582,2003-04-06
6780,John,Garcia,37,Analyst,Singapore,102394,2024-01-24
6781,Sara,Taylor,48,Manager,Sydney,114382,2023-01-30
6782,Sara,Brown,42,Intern,London,71143,2018-06-14
6783,Tom,Williams,60,Analyst,Toronto,64778,2003-06-22
6784,Mike,Williams,30,Analyst,Paris,58746,2010-10-19
6785,Sara,Williams,29,Analyst,Singapore,36412,2016-09-11
6786,Lisa,Smith,25,Architect,Toronto,83762,2021-03-06
6787,Alex,Johnson,20,Lead,New York,29629,2021-06-26
6788,Emma,Taylor,49,Analyst,Paris,107337,2021-02-04
6789,Sam,Johnson,18,Analyst,Sydney,67336,2024-03-04
6790,Jane,Taylor,34,Lead,Delhi,32191,2012-04-06
6791,John,Jones,51,Consultant,Berlin,76489,2014-06-18
6792,Alex,Davis,37,Intern,New York,83757,2000-01-23
6793,Sam,Garcia,35,Analyst,Berlin,94211,2020-02-21
6794,Sam,Wilson,58,Engineer,London,112382,2003-01-02
6795,Paul,Smith,19,Designer,London,32221,2020-05-11
6796,Paul,Williams,43,Consultant,Berlin,104608,2014-01-15
6797,Emma,Smith,30,Lead,New York,28242,2017-09-11
6798,Tom,Wilson,46,Engineer,London,94941,2024-02-07
6799,Paul,Brown,57,Consultant,Singapore,71318,2010-03-06
6800,Sam,Smith,40,Analyst,Tokyo,109772,2023-02-03
6801,Mike,Davis,18,Analyst,New York,35509,2020-06-21
6802,Tom,Smith,31,Developer,London,119027,2015-01-01
6803,Alex,Jones,50,Architect,New York,29937,2003-09-21
6804,Emma,Jones,23,Intern,Delhi,27142,2024-04-24
6805,Emma,Miller,33,Consultant,New York,64152,2009-04-28
6806,Sara,Taylor,25,Manager,Sydney,32005,2010-02-03
6807,Alex,Johnson,19,Manager,Tokyo,30776,2023-10-27
6808,Lisa,Johnson,23,Manager,Delhi,33540,2014-07-31
6809,Tom,Garcia,60,Designer,Delhi,86481,2003-09-06
6810,Mike,Williams,32,Designer,Tokyo,29692,2020-10-28
6811,Jane,Smith,56,Consultant,Dubai,94134,2002-10-14
6812,Sam,Wilson,54,Consultant,Berlin,41642,2010-03-04
6813,Emma,Miller,50,Lead,Berlin,28860,2006-03-27
6814,Emma,Miller,18,Architect,Toronto,63917,2005-03-22
6815,Lisa,Garcia,33,Analyst,Paris,86400,2016-07-29
6816,Tom,Taylor,56,Architect,Paris,86019,2006-10-27
6817,Tom,Smith,25,Designer,Sydney,48577,2000-04-29
6818,Emma,Garcia,22,Developer,Tokyo,56321,2015-03-30
6819,John,Smith,20,Analyst,Singapore,35549,2003-12-16
6820,Mike,Williams,47,Consultant,Toronto,39007,2013-05-06
6821,Tom,Davis,37,Designer,Paris,36722,2009-01-04
6822,Alex,Miller,35,Consultant,New York,84016,2014-04-19
6823,Lisa,Garcia,54,Manager,London,71430,2019-12-21
6824,John,Williams,49,Designer,Delhi,25302,2013-04-22
6825,Mike,Garcia,19,Consultant,Berlin,26664,2017-11-01
6826,Emma,Miller,40,Intern,Singapore,102523,2013-02-02
6827,John,Miller,34,Developer,Delhi,95122,2017-03-27
6828,Paul,Miller,47,Intern,Tokyo,33475,2000-10-01
6829,Lisa,Williams,32,Manager,London,37630,2005-05-06
6830,Sam,Smith,43,Engineer,London,91909,2022-09-30
6831,John,Brown,27,Engineer,Delhi,61232,2001-12-06
6832,Sam,Johnson,49,Developer,Sydney,66273,2018-06-10
6833,Mike,Smith,47,Analyst,Tokyo,99185,2020-05-14
6834,Sam,Taylor,41,Architect,London,60751,2008-03-01
6835,Tom,Brown,19,Manager,Toronto,70973,2024-11-08
6836,Sam,Garcia,51,Engineer,Dubai,40952,2019-10-04
6837,Sara,Davis,21,Engineer,Berlin,74655,2021-04-23
6838,Mike,Johnson,33,Clerk,Paris,54151,2024-05-04
6839,Emma,Smith,41,Clerk,Tokyo,58382,2001-05-02
6840,John,Brown,59,Intern,Dubai,118321,2015-08-22
6841,John,Brown,45,Developer,New York,92364,2023-02-13
6842,Mike,Garcia,23,Designer,Berlin,51822,2020-04-20
6843,Sara,Jones,24,Consultant,Delhi,28954,2003-12-01
6844,Alex,Jones,24,Lead,Delhi,82537,2019-06-08
6845,Alex,Taylor,33,Designer,Paris,44059,2014-07-29
6846,Tom,Brown,53,Clerk,Toronto,73642,2016-09-14
6847,Jane,Wilson,45,Analyst,London,62626,2015-09-06
6848,Lisa,Taylor,53,Intern,Tokyo,29740,2023-10-24
6849,Tom,Garcia,25,Manager,Toronto,37070,2009-03-22
6850,Sara,Johnson,51,Lead,Toronto,78032,2023-06-04
6851,Tom,Taylor,58,Lead,Paris,109224,2023-08-26
6852,Lisa,Smith,53,Lead,Toronto,49502,2014-05-31
6853,Emma,Smith,27,Clerk,Sydney,93517,2017-09-09
6854,Emma,Davis,19,Intern,Dubai,73789,2009-02-19
6855,Tom,Johnson,24,Engineer,Delhi,119085,2013-06-22
6856,Lisa,Johnson,39,Engineer,Paris,53433,2019-08-23
6857,Paul,Johnson,59,Intern,Berlin,76162,2018-10-26
6858,Mike,Smith,53,Analyst,Delhi,55309,2017-06-21
6859,Jane,Taylor,44,Clerk,London,25372,2021-03-21
6860,Tom,Brown,49,Architect,New York,66801,2013-05-15
6861,Alex,Miller,35,Consultant,Berlin,46218,2011-11-10
6862,Tom,Garcia,50,Engineer,Singapore,82084,2009-06-15
6863,Alex,Smith,27,Engineer,Delhi,95573,2012-03-26
6864,Alex,Wilson,46,Designer,Berlin,68183,2004-05-12
6865,John,Garcia,48,Designer,Sydney,100247,2015-06-09
6866,Emma,Jones,26,Lead,Paris,76937,2023-01-03
6867,Alex,Miller,60,Intern,Berlin,27117,2015-01-10
6868,Sam,Garcia,36,Lead,Dubai,31746,2013-01-07
6869,Emma,Williams,59,Consultant,Tokyo,106987,2013-05-28
6870,Mike,Jones,46,Developer,Sydney,64416,2002-08-21
6871,Tom,Garcia,45,Clerk,Berlin,99214,2005-01-16
6872,Paul,Smith,49,Analyst,London,71047,2006-08-15
6873,Lisa,Wilson,29,Designer,London,64611,2008-02-17
6874,Emma,Williams,53,Engineer,Toronto,106029,2015-09-11
6875,Emma,Smith,21,Analyst,London,85132,2013-11-05
6876,Tom,Jones,18,Clerk,Dubai,100839,2019-05-10
6877,Lisa,Taylor,46,Lead,Tokyo,76539,2000-12-21
6878,Tom,Miller,52,Architect,Berlin,39141,2008-12-27
6879,Paul,Taylor,31,Lead,Delhi,66384,2024-04-11
6880,Paul,Garcia,43,Clerk,Tokyo,72159,2021-10-05
6881,John,Garcia,24,Architect,Paris,29011,2002-05-30
6882,Lisa,Johnson,27,Analyst,Dubai,53397,2010-12-30
6883,Lisa,Smith,33,Analyst,Toronto,56865,2022-11-03
6884,Jane,Garcia,57,Consultant,Toronto,109942,2021-06-20
6885,Sara,Wilson,46,Engineer,Singapore,69480,2012-12-04
6886,Paul,Jones,26,Engineer,Sydney,117604,2018-12-19
6887,Sam,Garcia,23,Consultant,Toronto,67819,2019-07-30
6888,Mike,Johnson,56,Architect,Singapore,56605,2001-04-28
6889,Alex,Jones,52,Manager,Berlin,27016,2008-09-02
6890,Sara,Brown,55,Consultant,Toronto,107722,2014-05-15
6891,Sara,Johnson,59,Developer,Toronto,25284,2008-04-20
6892,Alex,Smith,49,Designer,New York,105138,2013-09-07
6893,Mike,Brown,40,Intern,Sydney,59592,2012-03-23
6894,Emma,Johnson,19,Engineer,Sydney,44793,2010-12-25
6895,Sara,Smith,40,Designer,Paris,112045,2015-06-06
6896,Sara,Taylor,39,Lead,Toronto,33229,2008-06-30
6897,Paul,Davis,33,Manager,Tokyo,72246,2003-07-12
6898,John,Smith,45,Consultant,Toronto,114568,2014-05-01
6899,Lisa,Miller,26,Designer,New York,61765,2018-09-19
6900,Emma,Johnson,32,Lead,New York,92546,2024-06-17
6901,Jane,Garcia,46,Designer,Tokyo,108252,2012-10-29
6902,John,Miller,28,Architect,Tokyo,59294,2010-01-28
6903,Emma,Taylor,57,Lead,Toronto,45799,2012-01-13
6904,Mike,Williams,28,Designer,Paris,32442,2019-04-21
6905,Paul,Williams,56,Lead,Singapore,53246,2011-10-22
6906,Tom,Taylor,27,Lead,Toronto,117360,2012-07-04
6907,Paul,Williams,47,Manager,Toronto,94683,2015-01-28
6908,Lisa,Taylor,44,Engineer,New York,73016,2002-12-14
6909,Mike,Brown,19,Clerk,Berlin,97819,2002-04-30
6910,Tom,Garcia,50,Designer,London,42501,2017-08-04
6911,Emma,Davis,42,Designer,Tokyo,74034,2014-06-07
6912,Mike,Davis,35,Architect,London,54911,2012-07-30
6913,Jane,Brown,18,Clerk,Sydney,30916,2021-06-26
6914,Jane,Johnson,37,Consultant,Tokyo,63876,2019-03-23
6915,Sam,Smith,45,Engineer,Dubai,76172,2020-10-31
6916,Paul,Miller,25,Consultant,Delhi,113327,2006-03-26
6917,John,Davis,38,Developer,Toronto,111338,2002-11-18
6918,Lisa,Garcia,59,Consultant,London,35827,2009-07-08
6919,John,Wilson,33,Consultant,Delhi,65530,2013-08-29
6920,Sara,Smith,50,Designer,Dubai,48117,2000-04-05
6921,Tom,Taylor,59,Intern,London,73333,2019-04-06
6922,Tom,Taylor,49,Architect,Toronto,66033,2020-08-25
6923,Sam,Davis,32,Analyst,Sydney,72675,2011-11-01
6924,Sara,Garcia,39,Consultant,Paris,84817,2003-02-16
6925,John,Davis,54,Designer,Sydney,47688,2001-03-23
6926,Sam,Brown,35,Designer,Tokyo,112984,2013-04-04
6927,Paul,Smith,40,Designer,Sydney,71068,2016-08-09
6928,John,Davis,54,Analyst,New York,73925,2021-03-24
6929,Sam,Davis,26,Architect,London,78135,2020-04-05
6930,Alex,Davis,42,Developer,New York,91214,2001-05-03
6931,Sara,Smith,46,Designer,Toronto,33110,2006-08-28
6932,Jane,Johnson,50,Clerk,Dubai,97679,2022-02-22
6933,Tom,Jones,57,Manager,Paris,90841,2017-11-21
6934,Alex,Johnson,19,Lead,Sydney,108764,2017-02-19
6935,Alex,Johnson,25,Analyst,Berlin,55163,2012-12-05
6936,Lisa,Taylor,30,Consultant,Toronto,28634,2022-04-21
6937,Jane,Johnson,59,Consultant,London,78241,2005-05-06
6938,Mike,Johnson,40,Developer,Berlin,72747,2011-07-23
6939,Emma,Wilson,26,Intern,Dubai,63388,2003-06-09
6940,Sara,Brown,43,Architect,New York,72101,2004-07-18
6941,John,Davis,55,Analyst,Singapore,105112,2015-09-04
6942,Jane,Taylor,42,Engineer,Singapore,46799,2018-11-19
6943,Tom,Garcia,25,Architect,Tokyo,42416,2023-05-14
6944,Alex,Garcia,49,Architect,Berlin,85657,2021-08-27
6945,Sara,Wilson,56,Designer,Berlin,25035,2008-10-03
6946,Alex,Williams,32,Manager,Toronto,78385,2024-10-18
6947,John,Williams,42,Engineer,Sydney,103964,2023-09-29
6948,Paul,Garcia,24,Manager,Sydney,53340,2016-03-06
6949,Alex,Garcia,26,Architect,Berlin,107367,2018-06-28
6950,Emma,Wilson,35,Clerk,New York,33413,2016-08-06
6951,Alex,Taylor,22,Analyst,Singapore,79384,2015-02-25
6952,Paul,Jones,36,Designer,Toronto,N/A,2007-02-26
6953,Paul,Miller,25,Clerk,Tokyo,100843,2011-05-18
6954,Mike,Jones,55,Intern,Berlin,106095,2022-11-30
6955,Emma,Brown,57,Analyst,Tokyo,84106,2011-03-21
6956,Alex,Jones,54,Architect,Dubai,67996,2019-04-21
6957,Jane,Johnson,48,Designer,Berlin,119318,2002-01-28
6958,Alex,Brown,31,Manager,Toronto,80690,2019-11-20
6959,Alex,Johnson,25,Lead,Dubai,31174,2021-04-28
6960,Lisa,Brown,49,Analyst,Paris,103454,2010-05-11
6961,Sam,Wilson,29,Lead,Delhi,59047,2024-03-04
6962,Paul,Wilson,50,Engineer,Paris,40075,2006-02-23
6963,Alex,Johnson,41,Consultant,Tokyo,76441,2009-11-26
6964,Sam,Taylor,49,Intern,London,74773,2014-05-05
6965,Emma,Johnson,38,Designer,Tokyo,90124,2015-01-13
6966,Sam,Garcia,52,Architect,Berlin,27875,2021-09-24
6967,Emma,Johnson,33,Analyst,Tokyo,92390,2007-10-25
6968,Paul,Williams,48,Analyst,Toronto,62734,2011-10-02
6969,Jane,Garcia,21,Architect,Berlin,96210,2011-07-31
6970,Tom,Davis,34,Analyst,Singapore,84435,2017-09-06
6971,Alex,Johnson,20,Intern,Paris,102956,2017-12-04
6972,Mike,Davis,34,Manager,London,100372,2015-11-10
6973,John,Miller,60,Clerk,New York,118796,2012-01-19
6974,Emma,Wilson,54,Analyst,Sydney,104607,2003-02-06
6975,Jane,Wilson,26,Engineer,Sydney,29252,2012-04-10
6976,Jane,Miller,59,Clerk,Paris,93032,2016-02-12
6977,Sara,Taylor,42,Engineer,Tokyo,111284,2014-03-03
6978,Paul,Smith,19,Engineer,New York,40039,2019-07-25
6979,Paul,Johnson,50,Lead,Tokyo,75740,2007-02-26
6980,Mike,Miller,47,Developer,New York,37455,2022-01-28
6981,Emma,Miller,32,Clerk,Tokyo,90007,2000-10-12
6982,Mike,Miller,54,Engineer,Dubai,114274,2002-09-18
6983,Emma,Brown,51,Intern,Tokyo,87644,2017-04-16
6984,Paul,Jones,60,Engineer,Sydney,94191,2005-11-22
6985,Emma,Wilson,48,Engineer,London,65035,2018-11-05
6986,Jane,Brown,29,Analyst,Singapore,80892,2020-09-23
6987,Emma,Brown,22,Analyst,Sydney,45716,2023-09-16
6988,Mike,Jones,48,Intern,Tokyo,117410,2011-12-31
6989,Sara,Davis,29,Clerk,New York,116424,2008-04-11
6990,Tom,Davis,54,Clerk,Sydney,51562,2000-12-26
6991,Sam,Brown,28,Consultant,Sydney,83315,2015-08-06
6992,Emma,Williams,50,Architect,Tokyo,93947,2015-03-30
6993,Alex,Garcia,51,Intern,New York,77184,2024-04-07
6994,Tom,Miller,18,Designer,Paris,58064,2014-01-01
6995,Mike,Miller,60,Intern,Paris,45409,2021-02-16
6996,John,Brown,35,Lead,Sydney,31314,2022-04-16
6997,John,Johnson,46,Developer,Sydney,70208,2021-02-20
6998,Paul,Davis,21,Engineer,Toronto,74951,2017-06-14
6999,John,Jones,51,Architect,Singapore,72959,2011-02-26
7000,Sara,Brown,46,Lead,Sydney,113506,2012-02-01
7001,Paul,Miller,37,Clerk,Berlin,69283,2014-09-30
7002,Paul,Williams,60,Lead,London,100660,2005-05-08
7003,Lisa,Wilson,18,Analyst,Sydney,92072,2017-08-16
7004,Sam,Miller,34,Consultant,Sydney,73996,2002-01-09
7005,Jane,Jones,49,Engineer,Paris,36452,2003-06-02
7006,Mike,Johnson,44,Consultant,Paris,26390,2002-07-15
7007,Mike,Wilson,20,Engineer,New York,43867,2009-08-02
7008,Alex,Davis,31,Developer,Paris,36686,2000-06-11
7009,Sara,Jones,58,Designer,London,81124,2004-05-10
7010,John,Jones,28,Engineer,Tokyo,100050,2004-05-18
7011,Sam,Davis,26,Manager,New York,105262,2011-02-07
7012,Tom,Smith,20,Consultant,Sydney,67574,2024-03-02
7013,Mike,Smith,44,Designer,Sydney,81476,2019-12-17
7014,Emma,Garcia,22,Developer,Delhi,53532,2019-03-26
7015,Tom,Johnson,35,Clerk,Delhi,85720,2024-07-09
7016,John,Miller,37,Consultant,Sydney,30716,2019-03-16
7017,Sara,Williams,39,Clerk,Paris,91543,2023-03-11
7018,Lisa,Taylor,38,Engineer,New York,88929,2001-10-18
7019,Jane,Johnson,25,Analyst,New York,90876,2009-03-29
7020,Tom,Wilson,49,Lead,Paris,82257,2012-07-28
7021,Sara,Smith,42,Analyst,Toronto,111648,2010-04-27
7022,Lisa,Miller,37,Consultant,Singapore,94283,2017-06-26
7023,Sam,Taylor,49,Clerk,Paris,41075,2002-05-12
7024,Sara,Johnson,58,Architect,London,49334,2013-05-13
7025,Sara,Brown,59,Architect,Sydney,89560,2006-10-21
7026,Sara,Johnson,42,Analyst,Toronto,46665,2009-04-26
7027,Sam,Brown,38,Lead,Toronto,58880,2015-06-07
7028,Sara,Williams,41,Architect,London,96722,2006-08-23
7029,Alex,Garcia,34,Analyst,London
7030,Lisa,Williams,20,Architect,Tokyo,117905,2011-02-22
7031,Sara,Jones,45,Clerk,Singapore,105625,2014-08-02
7032,Sara,Davis,22,Manager,Berlin,103569,2019-06-22
7033,Tom,Smith,30,Manager,London,72706,2023-05-03
7034,Mike,Smith,35,Consultant,New York,78505,2020-11-23
7035,Sara,Johnson,59,Intern,Paris,77903,2009-12-27
7036,Jane,Jones,29,Lead,Berlin,97460,2013-05-04
7037,Tom,Davis,42,Architect,Delhi,64324,2015-10-30
7038,Sam,Smith,58,Consultant,Berlin,56368,2020-11-02
7039,Sara,Wilson,21,Lead,Delhi,117098,2002-10-29
7040,Emma,Jones,29,Designer,Delhi,61670,2012-02-10
7041,Jane,Jones,40,Lead,Delhi,71703,2015-12-21
7042,Sara,Taylor,55,Designer,Singapore,69946,2000-04-17
7043,Jane,Miller,28,Manager,Singapore,62126,2003-01-05
7044,Lisa,Wilson,35,Intern,Singapore,117360,2006-11-11
7045,Jane,Garcia,18,Analyst,Delhi,88004,2007-06-10
7046,Tom,Brown,54,Consultant,Singapore,91161,2017-09-12
7047,Mike,Brown,36,Engineer,Toronto,35957,2014-08-21
7048,Lisa,Wilson,26,Designer,Toronto,31265,2002-07-11
7049,Paul,Smith,49,Designer,London,69174,2002-07-07
7050,Jane,Brown,44,Consultant,Sydney,88050,2018-05-23
7051,Tom,Smith,18,Consultant,Sydney,35014,2021-11-15
7052,Sam,Johnson,23,Engineer,Tokyo,107047,2006-01-03
7053,Sara,Williams,22,Analyst,Singapore,52733,2003-10-24
7054,Jane,Johnson,48,Lead,Singapore,96811,2012-05-22
7055,Sara,Jones,18,Clerk,New York,112595,2001-10-25
7056,Sara,Jones,35,Designer,Dubai,78574,2018-01-23
7057,Alex,Johnson,59,Clerk,New York,27099,2015-04-14
7058,John,Wilson,38,Analyst,Dubai,37257,2009-06-10
7059,Paul,Miller,52,Consultant,Delhi,69717,2013-02-19
7060,Jane,Jones,51,Manager,Paris,90923,2003-06-02
7061,Lisa,Williams,26,Architect,Dubai,57534,2012-02-14
7062,Alex,Williams,35,Engineer,Delhi,86001,2004-11-02
7063,Sam,Johnson,52,Lead,Singapore,33491,2010-09-02
7064,Tom,Taylor,34,Architect,Tokyo,76276,2007-03-01
7065,Alex,Brown,43,Designer,Berlin,47135,2024-12-13
7066,John,Davis,35,Developer,Toronto,28215,2011-07-22
7067,Tom,Johnson,36,Analyst,Sydney,83526,2011-12-12
7068,Mike,Wilson,39,Analyst,Berlin,111366,2004-10-01
7069,John,Brown,60,Engineer,New York,74630,2015-08-18
7070,John,Taylor,53,Designer,New York,76654,2007-12-20
7071,Tom,Garcia,46,Architect,London,115632,2007-06-05
7072,Jane,Miller,49,Engineer,Delhi,88779,2008-12-17
7073,Sam,Smith,53,Lead,Singapore,39989,2023-11-18
7074,Alex,Davis,22,Manager,Toronto,99915,2014-03-09
7075,Alex,Johnson,43,Manager,Singapore,119063,2009-07-05
7076,John,Davis,42,Developer,London,64517,2011-11-02
7077,Sara,Brown,57,Intern,Tokyo,99499,2007-07-15
7078,Lisa,Garcia,47,Engineer,London,80595,2023-10-16
7079,Sam,Johnson,52,Designer,Dubai,103238,2023-07-15
7080,Alex,Wilson,59,Architect,Berlin,76581,2021-08-09
7081,Alex,Brown,48,Developer,Paris,36135,2013-11-01
7082,Alex,Johnson,25,Manager,Berlin,43387,2003-07-31
7083,Emma,Wilson,39,Clerk,Toronto,116135,2008-09-29
7084,Sara,Taylor,48,Architect,Tokyo,97753,2012-03-27
7085,Mike,Taylor,24,Architect,Tokyo,77004,2020-11-29
7086,Jane,Miller,18,Analyst,Tokyo,80990,2001-10-31
7087,John,Garcia,39,Engineer,Dubai,105537,2008-05-05
7088,Tom,Brown,37,Clerk,Singapore,40719,2002-12-14
7089,Jane,Taylor,34,Clerk,Singapore,42356,2011-04-20
7090,Sam,Taylor,49,Intern,Sydney,98874,2007-11-26
7091,Sam,Smith,56,Manager,Tokyo,116153,2010-11-30
7092,Paul,Taylor,35,Clerk,Dubai,89981,2006-07-11
7093,Alex,Taylor,35,Consultant,London,59251,2017-05-28
7094,Mike,Brown,30,Analyst,Singapore,101495,2006-10-20
7095,Jane,Wilson,31,Analyst,Dubai,90607,2016-01-23
7096,Paul,Miller,36,Architect,Singapore,108524,2008-04-21
7097,Emma,Miller,18,Intern,Toronto,101452,2016-04-24
7098,Emma,Jones,40,Designer,Toronto,27001,2013-09-19
7099,Sara,Taylor,55,Manager,Paris,77009,2015-06-06
7100,John,Johnson,20,Lead,Toronto,100043,2024-11-29
7101,John,Williams,28,Clerk,London,104334,2004-08-08
7102,Paul,Wilson,44,Developer,Sydney,49117,2022-08-01
7103,Paul,Davis,47,Lead,Singapore,50242,2016-01-04
7104,Tom,Davis,37,Architect,Paris,75941,2014-01-29
7105,Sara,Johnson,40,Designer,Tokyo,90591,2006-03-02
7106,Sara,Jones,53,Consultant,Paris,104636,2017-06-07
7107,Alex,Garcia,18,Analyst,Paris,94501,2015-12-09
7108,Paul,Miller,49,Architect,Tokyo,96865,2010-03-06
7109,Tom,Williams,34,Lead,Delhi,73579,2000-11-14
7110,Lisa,Davis,45,Developer,Dubai,71962,2000-03-27
7111,Sam,Wilson,20,Engineer,Toronto,35415,2003-09-22
7112,Sara,Johnson,24,Engineer,Dubai,72650,2019-12-03
7113,Lisa,Jones,35,Clerk,New York,37457,2021-06-06
7114,Sara,Davis,34,Lead,Berlin,77883,2019-07-04
7115,Lisa,Jones,33,Engineer,London,81795,2021-08-14
7116,Emma,Garcia,28,Manager,Singapore,109660,2006-03-06
7117,Paul,Williams,44,Clerk,Toronto,46117,2016-06-11
7118,Jane,Johnson,49,Clerk,London,77379,2011-03-23
7119,Emma,Garcia,37,Manager,Tokyo,105440,2010-10-08
7120,Lisa,Smith,56,Designer,Singapore,110144,2024-12-06
7121,Sam,Garcia,48,Engineer,Berlin,33751,2018-02-26
7122,John,Wilson,60,Engineer,Berlin,94300,2012-05-11
7123,John,Taylor,46,Designer,Dubai,46604,2011-11-20
7124,John,Jones,21,Lead,Tokyo,94140,2009-04-03
7125,John,Brown,47,Clerk,Berlin,73830,2003-07-14
7126,Sara,Garcia,23,Lead,Paris,99203,2011-08-31
7127,Tom,Johnson,47,Consultant,Tokyo,26825,2018-04-16
7128,Paul,Johnson,21,Lead,New York,40776,2022-06-12
7129,Alex,Williams,55,Lead,New York,115604,2024-05-19
7130,Sara,Garcia,33,Engineer,Berlin,37246,2024-12-30
7131,Emma,Brown,41,Clerk,Dubai,38085,2008-05-17
7132,John,Garcia,34,Engineer,Sydney,109183,2017-10-01
7133,John,Garcia,25,Manager,London,81023,2007-09-19
7134,Mike,Smith,35,Analyst,Berlin,85522,2018-02-01
7135,Sara,Taylor,22,Engineer,Singapore,61283,2012-08-08
7136,Paul,Smith,42,Consultant,Dubai,97201,2001-06-16
7137,Mike,Williams,40,Clerk,Toronto,109420,2000-09-01
7138,Jane,Smith,23,Engineer,Toronto,84226,2024-04-06
7139,Alex,Jones,31,Intern,Delhi,28718,2005-05-04
7140,Sam,Miller,52,Analyst,Toronto,64751,2001-09-10
7141,Mike,Miller,42,Analyst,Sydney,63286,2017-08-16
7142,Jane,Smith,35,Developer,Dubai,29344,2018-12-05
7143,Sam,Jones,60,Engineer,Berlin,70599,2005-04-02
7144,Emma,Brown,52,Lead,Dubai,92060,2011-07-17
7145,Alex,Smith,46,Architect,Dubai,41311,2015-08-23
7146,Emma,Miller,52,Clerk,Toronto,31826,2023-12-02
7147,Mike,Garcia,48,Architect,Tokyo,44691,2023-12-09
7148,Paul,Garcia,24,Intern,Paris,89653,2018-02-28
7149,Mike,Williams,43,Intern,Dubai,91414,2017-09-28
7150,Mike,Jones,57,Manager,Tokyo,91886,2013-11-03
7151,Tom,Jones,46,Designer,Dubai,36729,2003-08-11
7152,Sara,Brown,42,Analyst,Singapore,107199,2016-09-06
7153,Alex,Garcia,60,Clerk,Berlin,43351,2024-09-25
7154,Tom,Smith,53,Consultant,Delhi,63144,2007-04-25
7155,Paul,Garcia,30,Developer,London,114967,2004-11-16
7156,Sam,Wilson,45,Architect,Singapore,46491,2010-05-15
7157,Lisa,Brown,58,Designer,Berlin,63763,2013-04-23
7158,Sam,Smith,23,Engineer,Dubai,41740,2006-05-05
7159,Emma,Johnson,56,Engineer,Singapore,52349,2023-06-13
7160,Sam,Davis,47,Intern,Berlin,84798,2014-08-01
7161,Emma,Smith,23,Intern,Berlin,34348,2019-10-26
7162,Alex,Garcia,51,Consultant,Dubai,25249,2010-02-25
7163,John,Jones,47,Manager,Sydney,52363,2015-05-06
7164,Lisa,Miller,38,Designer,Dubai,52134,2006-04-22
7165,Alex,Brown,37,Consultant,Berlin,97402,2001-01-26
7166,Paul,Davis,52,Analyst,London,31177,2006-12-13
7167,John,Davis,46,Designer,Tokyo,84459,2005-05-05
7168,Emma,Williams,24,Lead,New York,63107,2022-07-23
7169,Mike,Johnson,45,Engineer,Delhi,105830,2015-08-30
7170,Alex,Johnson,44,Architect,Toronto,75074,2008-11-19
7171,John,Miller,40,Architect,New York,97749,2011-11-04
7172,Alex,Johnson,49,Lead,Paris,96866,2007-04-21
7173,Mike,Williams,31,Designer,Dubai,51788,2021-06-27
7174,Tom,Garcia,24,Designer,Toronto,106886,2008-11-30
7175,Emma,Garcia,50,Analyst,Singapore,48325,2012-04-28
7176,John,Davis,28,Designer,Singapore,94197,2005-03-05
7177,Jane,Smith,37,Clerk,Singapore,94845,2020-10-22
7178,Sam,Miller,48,Architect,Berlin,108223,2002-08-11
7179,Lisa,Brown,26,Clerk,London,52128,2004-03-05
7180,John,Wilson,52,Intern,Paris,44250,2019-01-28
7181,Jane,Jones,31,Developer,New York,92988,2002-11-29
7182,Lisa,Brown,54,Clerk,Paris,97908,2017-08-18
7183,Jane,Miller,46,Developer,Paris,47395,2017-10-20
7184,Sara,Smith,47,Manager,Singapore,55743,2009-04-26
7185,John,Jones,42,Designer,Dubai,59910,2003-02-15
7186,Sara,Williams,38,Analyst,Dubai,38900,2006-07-14
7187,Sam,Wilson,35,Developer,New York,88525,2006-10-16
7188,Mike,Brown,44,Consultant,Singapore,70890,2020-01-03
7189,Sara,Jones,42,Developer,Singapore,49864,2012-04-15
7190,Tom,Davis,44,Analyst,Berlin,99861,2022-09-09
7191,Sam,Garcia,18,Consultant,Toronto,49212,2012-12-08
7192,Alex,Davis,35,Analyst,Sydney,106206,2013-10-01
7193,Sara,Garcia,49,Clerk,Delhi,41314,2012-06-23
7194,Paul,Brown,49,Manager,New York,34499,2017-03-10
7195,Tom,Brown,33,Designer,Berlin,98459,2005-12-27
7196,Tom,Garcia,53,Lead,Paris,91940,2006-02-07
7197,Lisa,Garcia,29,Designer,Berlin,49913,2018-12-15
7198,Emma,Brown,46,Architect,Singapore,30263,2007-02-25
7199,Mike,Taylor,47,Analyst,Sydney,56941,2021-04-18
7200,Sam,Brown,52,Manager,Delhi,77817,2003-03-28
7201,Mike,Johnson,40,Designer,New York,95379,2015-08-15
7202,Tom,Johnson,23,Developer,Paris,28690,2006-08-18
7203,Sam,Garcia,23,Intern,Berlin,98658,2010-12-17
7204,Sara,Johnson,21,Developer,Berlin,57251,2007-10-29
7205,Sara,Johnson,29,Developer,New York,113321,2010-01-13
7206,Lisa,Johnson,57,Clerk,Delhi,77542,2001-07-31
7207,Paul,Williams,35,Designer,Singapore,57177,2010-08-10
7208,Alex,Davis,31,Engineer,Tokyo,105550,2017-02-18
7209,Sam,Davis,22,Lead,Singapore,45754,2015-08-24
7210,John,Miller,28,Manager,Tokyo,44690,2019-03-05
7211,Jane,Smith,57,Intern,Dubai,33417,2013-02-23
7212,Tom,Jones,53,Intern,Toronto,68098,2007-03-22
7213,Paul,Taylor,49,Analyst,London,57560,2001-12-28
7214,Sam,Davis,38,Analyst,Dubai,66298,2009-02-26
7215,Emma,Davis,43,Engineer,London,53579,2002-03-12
7216,Emma,Garcia,48,Consultant,Sydney,74458,2014-05-08
7217,Alex,Davis,57,Architect,Dubai,112972,2008-05-16
7218,Alex,Brown,18,Clerk,Delhi,82603,2008-01-26
7219,Sara,Smith,22,Consultant,Berlin,99464,2002-01-02
7220,Tom,Williams,46,Designer,Delhi,117703,2011-06-15
7221,Sara,Taylor,30,Lead,Berlin,102473,2005-09-16
7222,Jane,Taylor,20,Designer,Singapore,89439,2013-06-03
7223,Tom,Johnson,40,Intern,Berlin,104214,2001-11-12
7224,John,Williams,39,Lead,Delhi,99206,2005-09-12
7225,Sara,Williams,54,Manager,Paris,56373,2018-11-05
7226,Lisa,Johnson,33,Lead,Singapore,83825,2009-08-07
7227,Tom,Jones,57,Consultant,Tokyo,44832,2009-08-21
7228,Jane,Davis,56,Designer,Delhi,88625,2003-04-21
7229,Emma,Smith,55,Manager,Sydney,50453,2013-01-07
7230,Sam,Garcia,44,Engineer,Sydney,69405,2015-11-20
7231,Tom,Wilson,22,Designer,London,51151,2008-09-13
7232,Mike,Smith,52,Designer,Toronto,66726,2010-02-20
7233,John,Johnson,30,Intern,Delhi,110954,2019-12-16
7234,Alex,Jones,22,Lead,Paris,30817,2019-03-04
7235,Sara,Davis,37,Architect,London,31492,2012-08-26
7236,Jane,Brown,52,Manager,Toronto,33856,2018-08-02
7237,Sara,Wilson,45,Architect,London,87551,2012-05-11
7238,Mike,Davis,60,Lead,London,37233,2024-11-13
7239,Sam,Smith,23,Developer,Dubai,80376,2007-05-03
7240,Sara,Davis,47,Intern,Singapore,29205,2019-11-10
7241,Sara,Miller,57,Architect,Sydney,118381,2023-09-05
7242,John,Taylor,58,Developer,Paris,119083,2007-04-29
7243,Mike,Davis,36,Architect,Singapore,112577,2020-07-14
7244,Sara,Jones,18,Clerk,Berlin,50949,2015-07-19
7245,Sam,Brown,25,Analyst,Delhi,53425,2011-06-28
7246,Jane,Johnson,53,Lead,Singapore,94235,2000-07-21
7247,Mike,Smith,29,Clerk,Toronto,42713,2011-10-18
7248,Emma,Smith,54,Clerk,Tokyo,56578,2020-07-09
7249,Sara,Johnson,20,Engineer,Paris,72062,2018-11-24
7250,Tom,Williams,22,Analyst,Toronto,46877,2016-04-06
7251,Paul,Davis,42,Clerk,Sydney,58726,2007-02-14
7252,Sam,Williams,19,Designer,Delhi,61005,2017-12-22
7253,Sara,Johnson,48,Architect,Tokyo,59692,2012-05-27
7254,Tom,Johnson,25,Clerk,Paris,76540,2003-11-02
7255,Sam,Smith,48,Engineer,Delhi,68626,2022-02-08
7256,Sara,Taylor,34,Architect,Singapore,52280,2013-03-28
7257,Alex,Taylor,30,Intern,Berlin,105937,2018-10-30
7258,Paul,Wilson,24,Developer,Singapore,46977,2016-12-18
7259,Alex,Williams,19,Lead,Singapore,77365,2009-01-13
7260,Alex,Wilson,26,Lead,Berlin,53963,2024-09-16
7261,Sam,Miller,36,Designer,New York,65138,2021-09-09
7262,Tom,Wilson,48,Consultant,Paris,48351,2024-09-27
7263,Alex,Miller,55,Analyst,Sydney,103080,2024-05-12
7264,Lisa,Jones,26,Clerk,Berlin,54661,2001-10-15
7265,Alex,Miller,36,Designer,Sydney,39505,2012-05-27
7266,John,Wilson,22,Lead,Toronto,68269,2014-07-19
7267,Paul,Garcia,41,Lead,New York,74723,2010-04-23
7268,John,Davis,18,Analyst,Toronto,112454,2020-05-02
7269,Alex,Miller,33,Clerk,Singapore,119626,2016-09-28
7270,Paul,Williams,50,Designer,Berlin,108021,2022-05-02
7271,Jane,Jones,43,Clerk,Dubai,35370,2005-03-07
7272,Jane,Brown,31,Architect,Singapore,103585,2001-12-28
7273,Sam,Johnson,30,Manager,Tokyo,75500,2012-08-06
7274,Paul,Johnson,47,Consultant,Paris,100406,2015-05-26
7275,Emma,Taylor,50,Manager,Sydney,28585,2024-03-07
7276,Tom,Davis,25,Developer,Toronto,69440,2002-08-25
7277,Tom,Brown,33,Intern,Delhi,101693,2012-10-15
7278,Paul,Brown,23,Intern,Toronto,79648,2016-10-27
7279,Mike,Davis,43,Lead,Sydney,97133,2008-04-17
7280,Alex,Johnson,54,Designer,Sydney,52763,2024-05-16
7281,Alex,Miller,21,Developer,Berlin,61835,2016-09-06
7282,Alex,Taylor,54,Designer,Dubai,84327,2009-12-25
7283,Paul,Smith,22,Clerk,Paris,90491,2002-08-29
7284,Emma,Wilson,20,Clerk,Tokyo,106217,2013-01-17
7285,Lisa,Jones,39,Consultant,Singapore,33298,2016-09-12
7286,Paul,Garcia,20,Architect,Sydney,62164,2018-12-03
7287,Jane,Smith,53,Consultant,Delhi,95738,2000-04-03
7288,Lisa,Jones,18,Analyst,Sydney,56880,2005-05-31
7289,Tom,Garcia,21,Designer,Toronto,54331,2016-12-23
7290,Jane,Garcia,28,Engineer,Paris,95936,2007-07-28
7291,Sara,Jones,52,Manager,Delhi,89281,2007-05-10
7292,John,Miller,49,Architect,London,68620,2014-03-24
7293,Sam,Williams,42,Designer,Sydney,61416,2016-12-03
7294,Sara,Brown,21,Architect,Toronto,73236,2003-05-28
7295,Tom,Smith,34,Analyst,Tokyo,110939,2002-12-11
7296,Sara,Taylor,60,Developer,London,63498,2010-08-21
7297,Sara,Wilson,39,Lead,Delhi,92891,2003-03-07
7298,Mike,Smith,31,Consultant,Tokyo,99099,2006-05-02
7299,Paul,Williams,39,Clerk,Tokyo,66580,2008-05-13
7300,John,Taylor,46,Consultant,Paris,64448,2007-05-28
7301,Alex,Miller,19,Engineer,New York,79116,2013-11-19
7302,John,Garcia,52,Intern,Paris,100766,2022-01-20
7303,Sam,Wilson,41,Architect,Berlin,103050,2010-09-05
7304,Mike,Wilson,51,Consultant,Dubai,55093,2011-05-25
7305,Jane,Smith,36,Designer,Paris,39074,2011-10-08
7306,Paul,Johnson,25,Consultant,Sydney,99849,2016-03-15
7307,Lisa,Miller,53,Manager,Singapore,117278,2007-09-09
7308,Sara,Smith,30,Consultant,Berlin,49791,2021-10-03
7309,Jane,Taylor,32,Engineer,Singapore,114334,2006-06-24
7310,Sam,Garcia,51,Lead,Sydney,104447,2001-12-14
7311,Mike,Taylor,60,Lead,Dubai,83304,2004-05-16
7312,Sam,Garcia,23,Developer,Toronto,36130,2017-02-14
7313,Alex,Davis,24,Intern,Toronto,63405,2021-07-18
7314,Emma,Davis,29,Developer,Paris,70917,2023-11-06
7315,Lisa,Miller,52,Manager,Tokyo,100321,2020-02-11
7316,Jane,Miller,40,Analyst,Paris,39640,2005-06-12
7317,John,Brown,40,Manager,Berlin,90601,2012-08-04
7318,Sara,Williams,52,Consultant,Toronto,59074,2001-10-05
7319,Sara,Taylor,37,Clerk,London,35523,2017-01-06
7320,Mike,Miller,58,Designer,Toronto,93173,2001-10-20
7321,John,Smith,21,Engineer,Dubai,69563,2024-02-01
7322,Mike,Wilson,23,Intern,Sydney,95950,2010-06-19
7323,Mike,Miller,52,Manager,Sydney,56238,2019-12-27
7324,Paul,Jones,19,Engineer,Toronto,103387,2020-07-22
7325,Lisa,Brown,47,Architect,London,31806,2019-02-13
7326,Tom,Wilson,44,Analyst,New York,49883,2012-09-07
7327,Sam,Brown,30,Engineer,New York,43637,2024-07-22
7328,Mike,Taylor,54,Consultant,Sydney,62498,2013-02-27
7329,John,Miller,46,Consultant,Singapore,81398,2017-10-10
7330,Emma,Garcia,48,Lead,Sydney,113324,2010-09-22
7331,Tom,Garcia,35,Designer,Delhi,86484,2008-08-16
7332,Jane,Brown,30,Developer,London,61083,2002-04-01
7333,Paul,Johnson,54,Clerk,Sydney,101029,2006-12-17
7334,Mike,Taylor,35,Developer,Delhi,45398,2023-06-22
7335,Sara,Garcia,19,Lead,Tokyo,109663,2003-11-04
7336,Paul,Brown,30,Designer,Paris,58585,2014-09-30
7337,Lisa,Davis,48,Lead,London,98446,2018-03-10
7338,Jane,Garcia,59,Designer,Toronto,36952,2020-10-04
7339,Mike,Williams,36,Engineer,Berlin,45421,2001-10-27
7340,John,Brown,32,Consultant,Toronto,106181,2015-02-12
7341,Paul,Williams,55,Analyst,Berlin,51593,2016-11-16
7342,John,Wilson,55,Clerk,Sydney,36544,2021-08-14
7343,Alex,Miller,49,Architect,New York,117424,2007-06-06
7344,Sam,Johnson,23,Architect,London,44541,2020-11-29
7345,Alex,Williams,27,Intern,Paris,25127,2006-02-24
7346,Tom,Smith,59,Manager,Singapore,106230,2006-11-28
7347,Emma,Garcia,49,Engineer,Berlin,33916,2022-02-23
7348,John,Wilson,21,Lead,Delhi,80930,2010-07-18
7349,Tom,Miller,35,Manager,Dubai,95659,2005-08-06
7350,Sam,Jones,54,Developer,Singapore,61450,2013-12-08
7351,Paul,Taylor,35,Architect,Tokyo,42346,2014-10-10
7352,Sara,Wilson,51,Consultant,Singapore,96763,2018-03-24
7353,Mike,Miller,35,Consultant,Toronto,119406,2008-12-29
7354,Tom,Brown,46,Developer,New York,62547,2000-08-26
7355,Sara,Garcia,42,Clerk,Tokyo,41854,2023-06-30
7356,Emma,Garcia,46,Analyst,New York,95986,2019-01-29
7357,Tom,Smith,41,Manager,Toronto,81887,2001-06-18
7358,John,Smith,41,Engineer,Berlin,41436,2016-01-22
7359,Sara,Garcia,42,Clerk,Paris,34712,2019-02-05
7360,Sam,Davis,52,Manager,Paris,86588,2004-06-07
7361,Mike,Johnson,34,Manager,Dubai,106925,2013-04-23
7362,Paul,Williams,24,Intern,Dubai,43566,2015-07-18
7363,Emma,Wilson,60,Consultant,London,56882,2019-05-30
7364,John,Williams,50,Consultant,Toronto,57205,2003-01-12
7365,Sam,Jones,51,Lead,Tokyo,40158,2004-08-13
7366,Lisa,Williams,27,Developer,Paris,73172,2007-12-29
7367,Jane,Miller,37,Architect,Delhi,44153,2003-02-23
7368,Alex,Davis,36,Engineer,London,71988,2007-06-01
7369,Sara,Johnson,34,Developer,Toronto,109854,2017-01-10
7370,Mike,Johnson,34,Architect,Toronto,70605,2017-03-02
7371,Lisa,Wilson,37,Consultant,Sydney,47045,2002-10-10
7372,Paul,Smith,39,Engineer,Toronto,84313,2016-02-17
7373,Mike,Brown,32,Engineer,Toronto,27642,2006-02-11
7374,Lisa,Jones,28,Consultant,Berlin,79799,2005-09-01
7375,Sam,Smith,46,Manager,Dubai,25839,2003-08-26
7376,Lisa,Garcia,28,Analyst,Paris,26840,2014-12-02
7377,Alex,Brown,18,Developer,Paris,116486,2004-01-09
7378,Jane,Williams,53,Developer,Delhi,25933,2005-01-13
7379,Jane,Taylor,24,Manager,New York,85430,2012-03-13
7380,Lisa,Johnson,24,Designer,Tokyo,100468,2003-03-14
7381,Sam,Wilson,36,Intern,New York,80416,2024-08-10
7382,Alex,Brown,28,Engineer,London,48494,2007-04-08
7383,John,Brown,53,Intern,Delhi,45302,2006-01-15
7384,Mike,Jones,42,Clerk,Delhi,83199,2023-07-06
7385,Alex,Wilson,36,Designer,Dubai,44082,2005-01-25
7386,John,Smith,32,Lead,Berlin,104876,2023-09-15
7387,Jane,Brown,37,Intern,New York,115437,2001-03-19
7388,Emma,Wilson,46,Clerk,Delhi,79824,2013-04-27
7389,Emma,Miller,59,Intern,Sydney,49918,2020-06-21
7390,Emma,Miller,58,Consultant,Toronto,36904,2010-07-18
7391,Emma,Johnson,47,Analyst,Berlin,47809,2016-08-31
7392,Lisa,Miller,51,Clerk,Sydney,80007,2013-02-27
7393,Jane,Brown,29,Analyst,Toronto,29895,2018-01-14
7394,Lisa,Johnson,34,Developer,Paris,25228,2008-01-17
7395,Mike,Davis,50,Manager,Dubai,108083,2007-09-09
7396,Jane,Davis,40,Consultant,Singapore,89448,2018-07-16
7397,Sam,Davis,53,Manager,New York,60782,2005-12-27
7398,Sara,Miller,39,Designer,Sydney,107559,2023-05-14
7399,Alex,Davis,44,Designer,New York,86124,2010-01-04
7400,Alex,Johnson,51,Engineer,Paris,58364,2005-06-21
7401,Mike,Johnson,26,Analyst,Singapore,72277,2003-03-24
7402,Paul,Smith,22,Designer,Dubai,60939,2021-11-09
7403,Alex,Smith,40,Manager,New York,92184,2011-12-30
7404,Alex,Garcia,48,Manager,Delhi,119520,2022-04-02
7405,Jane,Brown,36,Engineer,Berlin,25997,2022-06-04
7406,Jane,Brown,32,Designer,Tokyo,55212,2017-07-04
7407,Jane,Garcia,25,Consultant,Tokyo,83324,2018-06-17
7408,Lisa,Smith,56,Lead,Delhi,92954,2017-12-20
7409,Emma,Smith,25,Designer,New York,119613,2005-04-03
7410,Mike,Miller,45,Intern,Berlin,25269,2017-07-17
7411,Paul,Miller,31,Developer,Paris,82093,2000-07-28
7412,Tom,Smith,38,Lead,Delhi,66134,2018-01-31
7413,Sara,Smith,60,Consultant,Delhi,98751,2002-03-29
7414,Alex,Taylor,22,Manager,Tokyo,96836,2006-04-01
7415,Lisa,Wilson,56,Lead,Singapore,116076,2008-06-02
7416,Mike,Johnson,29,Engineer,Berlin,29084,2021-09-04
7417,Sam,Brown,22,Engineer,Berlin,73843,2003-09-24
7418,Paul,Miller,25,Engineer,Dubai,46767,2023-04-17
7419,Tom,Smith,28,Manager,Singapore,88446,2008-04-16
7420,Sara,Miller,50,Engineer,Singapore,82162,2015-05-21
7421,Sam,Williams,25,Intern,Dubai,65426,2023-10-19
7422,Paul,Taylor,32,Clerk,Paris,98034,2003-01-01
7423,Tom,Jones,59,Clerk,Berlin,117998,2014-06-21
7424,Sam,Wilson,31,Architect,Toronto,103010,2022-06-12
7425,Alex,Wilson,19,Analyst,Sydney,80740,2010-09-18
7426,John,Taylor,39,Manager,New York,69673,2004-12-27
7427,Emma,Johnson,50,Intern,Delhi,73578,2022-01-06
7428,Sam,Miller,19,Manager,Toronto,38710,2006-03-26
7429,John,Smith,57,Intern,Delhi,30816,2013-08-02
7430,Alex,Davis,20,Consultant,London,47577,2009-01-20
7431,Tom,Taylor,60,Consultant,New York,51137,2024-08-18
7432,Emma,Taylor,51,Lead,Tokyo,53137,2014-12-21
7433,Sam,Johnson,31,Consultant,Tokyo,75088,2013-08-15
7434,Sara,Garcia,55,Lead,Dubai,57477,2000-09-17
7435,Sam,Garcia,24,Designer,Delhi,63391,2005-07-31
7436,Lisa,Smith,51,Engineer,Paris,77727,2008-06-06
7437,Emma,Smith,19,Manager,Delhi,91121,2017-03-13
7438,Emma,Smith,30,Developer,Tokyo,77268,2008-03-11
7439,Lisa,Garcia,18,Analyst,London,44507,2019-12-21
7440,Paul,Johnson,39,Consultant,Singapore,67706,2024-09-07
7441,Sara,Garcia,30,Manager,Paris,101889,2015-11-05
7442,Sam,Wilson,43,Consultant,London,83817,2024-06-05
7443,Paul,Williams,25,Intern,Berlin,115747,2018-10-21
7444,John,Miller,26,Developer,Delhi,62357,2009-09-04
7445,John,Smith,32,Manager,Dubai,106780,2001-10-26
7446,Jane,Taylor,44,Clerk,Toronto,49314,2014-03-29
7447,Tom,Wilson,44,Lead,Dubai,78854,2008-09-30
7448,Lisa,Brown,33,Architect,Dubai,114051,2019-11-10
7449,Sam,Jones,58,Intern,Sydney,106362,2010-08-06
7450,Emma,Garcia,22,Architect,London,73533,2024-05-10
7451,Alex,Wilson,25,Designer,Dubai,119754,2011-03-10
7452,Sam,Davis,51,Manager,Singapore,65845,2020-06-19
7453,John,Taylor,29,Analyst,Tokyo,41624,2020-02-14
7454,Jane,Jones,58,Intern,Delhi,38523,2013-09-10
7455,Sara,Miller,20,Lead,Sydney,68049,2018-01-04
7456,John,Smith,58,Consultant,New York,59557,2020-05-24
7457,Alex,Williams,32,Architect,Paris,58592,2005-01-16
7458,Jane,Smith,38,Engineer,London,57406,2013-02-12
7459,Tom,Wilson,22,Engineer,Delhi,58850,2001-02-08
7460,Emma,Williams,44,Analyst,London,33900,2012-08-23
7461,Paul,Wilson,56,Intern,Toronto,88683,2006-03-20
7462,Lisa,Davis,30,Architect,Tokyo,57304,2005-09-05
7463,John,Taylor,37,Analyst,Toronto,66349,2005-05-10
7464,Lisa,Brown,47,Consultant,Delhi,65877,2002-04-20
7465,Sara,Miller,47,Developer,Dubai,57441,2004-08-30
7466,Alex,Jones,25,Lead,Singapore,49849,2019-06-08
7467,Emma,Williams,45,Clerk,Singapore,74948,2002-11-27
7468,Paul,Miller,30,Intern,Sydney,93168,2009-04-10
7469,Emma,Johnson,23,Engineer,Paris,49640,2002-11-18
7470,John,Jones,30,Engineer,London,71903,2024-03-30
7471,Mike,Johnson,36,Consultant,Delhi,84612,2001-12-10
7472,Sara,Taylor,53,Intern,Dubai,68046,2018-02-28
7473,Lisa,Smith,26,Clerk,London,43243,2021-01-06
7474,Paul,Smith,40,Analyst,New York,73693,2014-08-04
7475,Jane,Williams,46,Designer,Singapore,45959,2006-02-18
7476,Paul,Brown,37,Lead,Delhi,97642,2012-02-14
7477,Alex,Jones,25,Intern,Toronto,35983,2019-08-27
7478,Sam,Jones,43,Lead,London,67114,2003-10-24
7479,Lisa,Jones,54,Architect,Berlin,40375,2001-12-14
7480,Mike,Miller,55,Engineer,Dubai,91593,2000-12-22
7481,Tom,Williams,20,Intern,Berlin,100252,2024-12-17
7482,John,Davis,42,Developer,Paris,51228,2013-06-28
7483,Mike,Davis,21,Architect,Tokyo,77579,2005-09-12
7484,Sara,Williams,29,Intern,Toronto,96821,2004-09-04
7485,Emma,Davis,18,Engineer,Sydney,36185,2017-08-09
7486,Jane,Smith,57,Developer,Singapore,30990,2009-08-28
7487,Sara,Smith,37,Lead,Delhi,119912,2017-04-01
7488,Emma,Miller,32,Architect,Singapore,50511,2014-11-07
7489,Jane,Garcia,35,Intern,Delhi,25813,2011-08-09
7490,Sam,Wilson,25,Intern,Toronto,66192,2018-06-17
7491,Sam,Williams,31,Clerk,Toronto,89287,2024-04-04
7492,Jane,Jones,38,Manager,London,114752,2004-08-15
7493,Paul,Smith,53,Analyst,Singapore,107942,2001-08-29
7494,Sam,Taylor,43,Consultant,New York,72133,2023-06-13
7495,Sam,Smith,56,Consultant,Delhi,69526,2023-12-16
7496,Jane,Jones,29,Engineer,Dubai,47368,2008-07-19
7497,Mike,Miller,55,Manager,Sydney,38882,2011-10-20
7498,Jane,Miller,34,Manager,Paris,84528,2019-08-03
7499,Sam,Brown,19,Developer,London,25890,2024-08-11
7500,Tom,Williams,26,Consultant,Sydney,44118,2010-12-20
7501,Emma,Miller,51,Architect,Paris,108710,2016-06-15
7502,Sara,Williams,57,Clerk,New York,107643,2006-03-18
7503,Tom,Johnson,27,Clerk,Toronto,36364,2003-07-18
7504,Paul,Johnson,49,Engineer,London,31360,2011-10-14
7505,Paul,Brown,59,Clerk,London,34962,2016-04-29
7506,Jane,Miller,48,Clerk,Delhi,65421,2011-03-09
7507,Sara,Taylor,56,Lead,Dubai,68139,2011-08-21
7508,Lisa,Garcia,54,Designer,London,72914,2007-06-23
7509,Mike,Williams,53,Intern,Dubai,79064,2003-08-03
7510,John,Davis,57,Analyst,Sydney,99755,2000-05-10
7511,Paul,Johnson,23,Architect,Singapore,107765,2003-09-25
7512,Sara,Wilson,19,Designer,Tokyo,53117,2011-07-15
7513,John,Johnson,29,Intern,New York,49732,2013-06-23
7514,Paul,Johnson,50,Lead,London,94257,2001-09-28
7515,Emma,Davis,42,Lead,Toronto,80798,2019-06-28
7516,Paul,Taylor,34,Clerk,Berlin,40614,2007-11-25
7517,Sam,Brown,40,Architect,Singapore,39974,2018-08-04
7518,Emma,Smith,39,Intern,Sydney,113155,2009-03-19
7519,Paul,Smith,35,Consultant,London,89867,2002-11-15
7520,Sara,Jones,60,Clerk,Tokyo,64643,2011-01-11
7521,Jane,Davis,26,Developer,London,49941,2012-07-22
7522,Alex,Johnson,51,Manager,Delhi,102095,2012-08-03
7523,Sam,Wilson,45,Analyst,Paris,81284,2020-03-16
7524,Mike,Davis,32,Intern,Dubai,84181,2016-11-08
7525,Sam,Smith,39,Intern,Tokyo,47451,2008-11-23
7526,Paul,Johnson,48,Intern,Delhi,78585,2023-10-13
7527,John,Williams,55,Architect,Delhi,76921,2023-10-12
7528,Sam,Brown,53,Architect,Sydney,74429,2024-02-11
7529,Tom,Wilson,40,Consultant,London,84590,2012-12-08
7530,Alex,Garcia,29,Consultant,Delhi,31025,2003-02-05
7531,Tom,Johnson,33,Analyst,Singapore,103901,2001-12-10
7532,Mike,Garcia,51,Consultant,New York,31920,2004-12-26
7533,Paul,Jones,26,Architect,Delhi,82541,2010-10-13
7534,Lisa,Williams,35,Architect,Singapore,57883,2008-11-27
7535,Sam,Miller,60,Designer,Tokyo,78397,2012-01-13
7536,Tom,Jones,55,Architect,Toronto,89714,2018-06-09
7537,Jane,Davis,20,Developer,Toronto,72131,2007-05-02
7538,Jane,Smith,19,Clerk,Singapore,83755,2006-11-12
7539,Mike,Brown,35,Intern,Singapore,117901,2011-05-06
7540,Alex,Miller,54,Manager,Paris,106921,2007-07-04
7541,Lisa,Miller,26,Developer,Toronto,56172,2007-06-05
7542,Paul,Garcia,31,Manager,Paris,115673,2016-10-31
7543,Lisa,Garcia,20,Intern,Dubai,72318,2014-11-05
7544,Tom,Brown,18,Intern,Berlin,32464,2015-01-24
7545,John,Miller,38,Clerk,Berlin,34397,2024-01-19
7546,Jane,Johnson,33,Consultant,Singapore,56235,2011-04-11
7547,Sara,Williams,59,Clerk,Berlin,57305,2008-10-26
7548,Emma,Williams,49,Intern,Dubai,101122,2015-04-10
7549,Sara,Johnson,46,Designer,Tokyo,70622,2023-10-02
7550,Jane,Miller,60,Designer,Sydney,108954,2009-08-29
7551,Emma,Garcia,38,Architect,Delhi,36863,2005-06-08
7552,Lisa,Davis,26,Lead,Paris,71549,2005-09-20
7553,Alex,Taylor,43,Lead,Dubai,62647,2011-08-31
7554,Mike,Williams,36,Developer,Tokyo,34316,2022-08-02
7555,John,Johnson,21,Analyst,London,25822,2024-11-16
7556,Sam,Williams,40,Analyst,Dubai,63508,2017-04-22
7557,Sara,Smith,20,Architect,Berlin,61110,2016-06-19
7558,John,Johnson,24,Consultant,Singapore,110743,2005-06-18
7559,Mike,Smith,28,Consultant,Paris,107369,2016-05-11
7560,Lisa,Taylor,47,Developer,New York,43166,2012-01-23
7561,Sara,Taylor,42,Manager,New York,72696,2024-11-23
7562,Tom,Jones,54,Analyst,Toronto,51070,2013-04-27
7563,Sara,Jones,53,Consultant,London,52092,2023-10-21
7564,Lisa,Garcia,35,Designer,Toronto,90235,2017-07-04
7565,John,Brown,46,Lead,Toronto,30514,2011-04-05
7566,Emma,Taylor,25,Designer,Berlin,95072,2011-04-01
7567,Sam,Garcia,32,Analyst,New York,61018,2011-09-09
7568,John,Taylor,22,Lead,Berlin,89090,2006-06-23
7569,Sara,Davis,44,Architect,Dubai,62921,2009-12-27
7570,John,Smith,42,Manager,Berlin,36100,2002-04-20
7571,John,Williams,41,Intern,Berlin,60223,2011-02-04
7572,Tom,Jones,53,Developer,Dubai,119509,2000-10-11
7573,Lisa,Jones,21,Clerk,Paris,28623,2016-08-26
7574,Tom,Brown,60,Intern,New York,99186,2008-01-17
7575,Alex,Brown,28,Manager,New York,97230,2013-08-01
7576,Sam,Brown,34,Consultant,Dubai,115826,2016-03-08
7577,Sara,Smith,55,Developer,London,85420,2002-07-17
7578,Lisa,Brown,35,Consultant,Delhi,88756,2020-12-17
7579,Tom,Smith,51,Developer,Delhi,57171,2004-11-03
7580,Paul,Johnson,34,Designer,Sydney,30066,2001-09-08
7581,Paul,Davis,55,Lead,New York,44107,2005-08-10
7582,Sara,Brown,60,Engineer,Sydney,69703,2013-03-12
7583,John,Wilson,34,Engineer,Delhi,98104,2001-06-22
7584,Sam,Wilson,44,Architect,Toronto,61436,2020-07-16
7585,Jane,Williams,38,Developer,Sydney,39044,2018-04-11
7586,Jane,Williams,58,Consultant,Sydney,28430,2010-05-19
7587,Jane,Garcia,43,Lead,Toronto,115400,2019-09-04
7588,Sara,Miller,21,Engineer,Sydney,35385,2019-09-02
7589,Sam,Davis,52,Manager,New York,96182,2002-12-13
7590,Sam,Miller,51,Architect,London,111692,2017-06-09
7591,Tom,Taylor,48,Clerk,Sydney,94379,2020-05-11
7592,Jane,Jones,56,Lead,Tokyo,108951,2008-08-26
7593,Jane,Smith,20,Manager,Sydney,43755,2003-12-15
7594,Sam,Wilson,59,Engineer,Dubai,44528,2005-02-05
7595,Paul,Davis,58,Developer,London,69358,2005-02-09
7596,Alex,Johnson,58,Developer,London,106969,2012-06-14
7597,Lisa,Davis,38,Clerk,Sydney,81774,2011-10-02
7598,Sam,Jones,23,Clerk,Tokyo,113346,2020-01-07
7599,Emma,Brown,40,Intern,Delhi,74844,2023-04-10
7600,Sara,Jones,41,Consultant,Toronto,85428,2012-04-06
7601,Lisa,Garcia,31,Architect,Dubai,118081,2005-07-02
7602,Sara,Johnson,50,Intern,Toronto,39101,2015-02-08
7603,Alex,Jones,47,Architect,Tokyo,48766,2006-07-05
7604,Sam,Miller,23,Clerk,Toronto,74267,2000-02-08
7605,Paul,Wilson,23,Architect,Dubai,26618,2020-09-26
7606,Alex,Smith,46,Intern,London,75747,2010-10-12
7607,Sam,Brown,47,Engineer,London,116947,2022-09-17
7608,Mike,Williams,23,Clerk,Delhi,71754,2000-03-13
7609,Sam,Taylor,27,Intern,Singapore,105992,2002-08-29
7610,Jane,Smith,30,Engineer,New York,33830,2014-09-11
7611,John,Taylor,29,Clerk,Delhi,79252,2021-03-04
7612,Paul,Williams,22,Clerk,Singapore,69326,2024-05-20
7613,Emma,Williams,27,Architect,London,80753,2005-07-17
7614,Mike,Miller,18,Architect,New York,28745,2017-07-17
7615,John,Davis,56,Engineer,New York,66359,2008-06-19
7616,Alex,Smith,55,Designer,Paris,87610,2004-10-16
7617,Paul,Miller,35,Clerk,New York,62768,2000-02-23
7618,Sam,Taylor,22,Analyst,London,37794,2013-12-01
7619,Tom,Brown,28,Designer,Berlin,27678,2022-09-23
7620,Mike,Williams,26,Manager,London,103763,2003-09-26
7621,Sam,Garcia,39,Clerk,Sydney,31069,2000-01-23
7622,John,Brown,44,Designer,Delhi,35390,2005-07-17
7623,Emma,Williams,32,Architect,Singapore,83688,2013-07-19
7624,John,Davis,52,Engineer,Dubai,39802,2014-01-03
7625,Sara,Davis,19,Lead,Toronto,33924,2006-04-09
7626,Paul,Smith,44,Engineer,Toronto,113615,2006-06-08
7627,Lisa,Davis,59,Consultant,Delhi,119866,2023-10-23
7628,Paul,Johnson,22,Manager,Tokyo,110903,2007-06-12
7629,Sara,Miller,18,Clerk,Paris,63343,2003-02-20
7630,Mike,Taylor,32,Engineer,Toronto,117986,2018-02-10
7631,Jane,Johnson,26,Clerk,New York,99300,2017-01-22
7632,Mike,Davis,59,Lead,London,71401,2010-05-21
7633,John,Davis,47,Engineer,London,34512,2018-09-28
7634,Tom,Smith,47,Lead,Paris,114103,2023-10-19
7635,Sara,Wilson,45,Lead,New York,29704,2011-04-28
7636,Sam,Jones,54,Analyst,Toronto,55859,2016-12-02
7637,Alex,Davis,33,Lead,Sydney,60815,2005-03-29
7638,Emma,Wilson,29,Lead,Berlin,51387,2007-08-25
7639,Sara,Davis,59,Intern,Delhi,65969,2004-12-14
7640,Emma,Miller,51,Architect,Sydney,65228,2010-10-19
7641,Mike,Davis,41,Intern,Tokyo,40224,2007-11-03
7642,Emma,Davis,53,Consultant,Paris,89549,2002-08-27
7643,Emma,Jones,41,Consultant,London,40537,2014-02-21
7644,John,Garcia,22,Consultant,Dubai,70402,32-13-2025
7645,Sara,Davis,19,Consultant,Sydney,56522,2010-08-25
7646,Alex,Jones,60,Architect,London,77713,2024-08-12
7647,Jane,Jones,47,Consultant,Berlin,70740,2000-07-08
7648,Sara,Wilson,57,Lead,Singapore,51512,2001-07-21
7649,Jane,Taylor,36,Engineer,Delhi,63944,2011-07-05
7650,Sara,Smith,57,Intern,Delhi,59958,2007-12-24
7651,Sara,Smith,59,Clerk,Sydney,33713,2016-12-20
7652,Emma,Taylor,32,Clerk,Toronto,102769,2005-04-24
7653,Emma,Garcia,38,Intern,Berlin,69727,2022-10-01
7654,Jane,Jones,59,Consultant,Sydney,85442,2017-06-26
7655,Lisa,Smith,43,Lead,Singapore,110130,2007-03-05
7656,Emma,Garcia,52,Clerk,Berlin,67350,2002-01-02
7657,Jane,Taylor,40,Consultant,Sydney,39251,2001-02-23
7658,Emma,Johnson,22,Engineer,Sydney,38537,2003-11-25
7659,John,Brown,44,Clerk,Sydney,101320,2009-11-15
7660,Jane,Garcia,47,Lead,Paris,63127,2023-07-02
7661,Lisa,Davis,30,Engineer,Tokyo,81839,2001-06-15
7662,Tom,Williams,29,Intern,Berlin,48528,2015-04-21
7663,Mike,Miller,28,Developer,New York,89861,2018-03-03
7664,Tom,Davis,48,Designer,New York,60168,2009-04-22
7665,Tom,Miller,51,Architect,Dubai,77411,2009-02-14
7666,Alex,Davis,49,Developer,New York,105704,2018-06-24
7667,Alex,Johnson,43,Intern,Tokyo,47824,2004-04-20
7668,John,Brown,26,Engineer,Tokyo,113169,2011-01-01
7669,Sam,Brown,57,Lead,Toronto,60685,2012-03-20
7670,Sara,Davis,36,Clerk,Toronto,46538,2001-08-15
7671,Jane,Smith,19,Designer,Paris,83288,2006-03-06
7672,Tom,Garcia,43,Clerk,Berlin,103584,2001-12-13
7673,Jane,Miller,44,Developer,Sydney,84058,2021-10-09
7674,Lisa,Johnson,55,Lead,Berlin,75120,2004-02-13
7675,John,Wilson,20,Lead,Sydney,118834,2010-11-06
7676,Paul,Taylor,49,Developer,Paris,58262,2008-01-18
7677,Sara,Johnson,42,Analyst,New York,101986,2006-10-26
7678,Alex,Wilson,24,Clerk,London,25678,2011-02-21
7679,Tom,Johnson,24,Clerk,Singapore,31389,2018-10-13
7680,Emma,Davis,33,Consultant,Toronto,28623,2000-02-02
7681,Emma,Miller,41,Manager,Delhi,60842,2003-07-11
7682,Lisa,Jones,54,Consultant,Delhi,85212,2014-05-27
7683,Sara,Johnson,45,Intern,New York,34960,32-13-2025
7684,Emma,Miller,52,Engineer,Tokyo,50626,2005-02-03
7685,Mike,Jones,49,Intern,London,62606,2013-10-21
7686,Sara,Johnson,25,Engineer,New York,103206,2023-08-26
7687,Sara,Jones,22,Engineer,Sydney,91879,2021-01-07
7688,Emma,Brown,52,Intern,Sydney,82869,2019-06-25
7689,John,Smith,49,Clerk,Dubai,64786,2005-05-06
7690,Jane,Brown,23,Designer,Paris,73525,2004-05-30
7691,Sam,Garcia,19,Lead,Sydney,93853,2008-10-26
7692,Tom,Jones,37,Intern,New York,68976,2012-06-09
7693,Jane,Smith,24,Consultant,Sydney,49577,2012-01-26
7694,Sam,Smith,44,Consultant,Tokyo,93407,2011-07-16
7695,Mike,Wilson,50,Manager,Tokyo,45155,2023-11-07
7696,Jane,Miller,40,Engineer,Paris,56228,2001-10-13
7697,Mike,Wilson,53,Lead,Singapore,25170,2001-04-01
7698,Tom,Taylor,60,Engineer,New York,108722,2004-05-12
7699,Tom,Wilson,37,Clerk,New York,50017,2023-01-20
7700,Lisa,Miller,38,Engineer,Berlin,95954,2010-04-08
7701,Sara,Brown,22,Developer,London,95839,2007-11-09
7702,Emma,Taylor,51,Designer,London,25235,2018-08-08
7703,Sara,Wilson,44,Manager,London,103614,2002-01-04
7704,Tom,Taylor,30,Architect,Sydney,69297,2004-08-26
7705,Lisa,Garcia,40,Consultant,Sydney,59483,2023-11-12
7706,Mike,Wilson,60,Consultant,Singapore,102330,2017-10-01
7707,Mike,Garcia,43,Manager,Sydney,101909,2002-11-12
7708,John,Jones,55,Designer,Paris,105597,2005-05-30
7709,Sam,Brown,35,Lead,London,100722,2001-09-27
7710,Mike,Miller,44,Intern,London,77304,2017-01-14
7711,Lisa,Davis,53,Developer,Dubai,114601,2020-03-19
7712,Sam,Smith,29,Engineer,Berlin,110749,2018-07-31
7713,Jane,Wilson,57,Engineer,Paris,108478,2009-10-24
7714,Alex,Johnson,40,Architect,Dubai,74017,2022-05-04
7715,Lisa,Smith,26,Clerk,Delhi,88979,2014-08-25
7716,Sara,Taylor,58,Developer,New York,101184,2009-04-13
7717,Jane,Taylor,40,Developer,Singapore,84381,2024-12-19
7718,Tom,Taylor,32,Analyst,Toronto,37128,2013-07-16
7719,Jane,Wilson,43,Designer,Singapore,111548,2006-08-11
7720,Emma,Brown,29,Intern,Sydney,95853,2007-07-30
7721,Paul,Williams,19,Manager,Delhi,98647,2019-06-06
7722,Paul,Johnson,56,Lead,Berlin,41455,2000-02-17
7723,Sara,Williams,51,Manager,Delhi,103702,2018-09-10
7724,Sara,Davis,50,Analyst,London,59448,2024-01-06
7725,Mike,Johnson,58,Developer,Sydney,115825,2022-10-18
7726,Mike,Taylor,27,Manager,Toronto,36104,2000-06-22
7727,Paul,Miller,19,Developer,New York,31130,2003-06-04
7728,Tom,Miller,49,Intern,Toronto,N/A,2018-05-15
7729,Sara,Smith,27,Manager,Sydney,30105,2020-11-19
7730,John,Jones,34,Lead,Dubai,87589,2022-08-22
7731,Lisa,Johnson,19,Consultant,Sydney,113430,2018-06-14
7732,Sam,Miller,26,Analyst,Sydney,83115,2012-05-28
7733,Jane,Smith,24,Engineer,Tokyo,56564,2002-03-14
7734,Tom,Johnson,60,Engineer,Delhi,104903,2016-05-05
7735,Sara,Johnson,21,Designer,Paris,35990,2006-03-31
7736,Emma,Brown,24,Engineer,Sydney,31700,2003-12-01
7737,Tom,Smith,42,Manager,Tokyo,97270,32-13-2025
7738,Alex,Miller,40,Intern,Singapore,78092,2022-12-26
7739,Lisa,Johnson,52,Manager,Tokyo,91606,2001-12-04
7740,Alex,Garcia,57,Clerk,London,91544,2019-05-20
7741,Jane,Wilson,58,Architect,Delhi,36329,2019-11-14
7742,John,Miller,44,Consultant,Toronto,111358,2014-07-09
7743,Jane,Smith,40,Designer,Sydney,75264,2017-11-15
7744,Emma,Smith,31,Architect,Delhi,66373,2016-08-29
7745,Paul,Jones,59,Architect,Sydney,38109,2000-01-21
7746,Jane,Garcia,23,Designer,Dubai,87199,2004-06-15
7747,Tom,Brown,18,Consultant,New York,116864,2017-09-09
7748,Alex,Garcia,39,Designer,New York,82702,2000-11-21
7749,Paul,Davis,18,Architect,Singapore,119654,2022-09-04
7750,Alex,Wilson,34,Architect,Dubai,64646,2016-05-15
7751,Sam,Smith,44,Architect,Dubai,87308,2012-07-31
7752,Alex,Williams,51,Manager,London,80218,2007-12-28
7753,Alex,Jones,42,Designer,Singapore,30680,2023-09-16
7754,Sara,Johnson,51,Engineer,Dubai,63007,2006-02-01
7755,Sara,Wilson,58,Architect,Dubai,74150,2009-09-12
7756,Sara,Smith,55,Clerk,New York,33584,2005-11-05
7757,Paul,Jones,31,Intern,Dubai,60876,2004-11-04
7758,Lisa,Wilson,50,Analyst,Singapore,108949,2021-06-20
7759,Mike,Miller,41,Designer,Paris,111716,2002-10-05
7760,Sam,Garcia,21,Developer,Tokyo,49753,2018-09-13
7761,Mike,Garcia,48,Intern,London,59627,2000-01-18
7762,Mike,Johnson,24,Lead,Singapore,86508,2019-12-05
7763,Sam,Garcia,55,Engineer,Dubai,101305,2004-03-28
7764,Mike,Wilson,50,Manager,Delhi,78220,2022-08-02
7765,Paul,Smith,42,Designer,Paris,110864,2007-01-22
7766,Emma,Jones,53,Lead,Singapore,38585,2012-01-27
7767,Paul,Jones,45,Developer,Delhi,112046,2011-12-11
7768,Lisa,Johnson,44,Intern,Tokyo,49939,2021-04-18
7769,Lisa,Smith,33,Intern,Tokyo,54470,2008-03-16
7770,Sara,Johnson,50,Designer,Tokyo,89485,2016-10-17
7771,Sara,Williams,31,Analyst,Paris,41450,2013-05-29
7772,Lisa,Miller,37,Architect,Delhi,54317,2019-04-18
7773,Sam,Wilson,22,Designer,Paris,92366,2015-01-01
7774,Alex,Miller,45,Clerk,Tokyo,104325,2008-01-25
7775,Sam,Williams,43,Clerk,Berlin,118148,2014-04-21
7776,Mike,Taylor,25,Designer,New York,29191,2010-06-30
7777,Emma,Williams,27,Lead,Delhi,89086,2024-04-23
7778,Tom,Davis,50,Intern,Sydney,116775,2024-05-27
7779,Mike,Jones,44,Analyst,New York,33179,2022-03-26
7780,Mike,Davis,54,Engineer,Sydney,60795,2011-04-14
7781,John,Jones,39,Engineer,Singapore,118971,2014-05-27
7782,Jane,Brown,22,Manager,Sydney,77002,2019-06-11
7783,Sam,Johnson,33,Manager,Berlin,114227,2011-02-17
7784,John,Williams,35,Lead,New York,102305,2023-02-10
7785,Sam,Garcia,53,Intern,Berlin,108101,2009-10-20
7786,John,Wilson,21,Developer,New York,65420,2013-05-20
7787,Emma,Williams,27,Architect,New York,26382,2000-06-04
7788,Emma,Taylor,51,Manager,Paris,58628,2008-08-24
7789,Emma,Smith,21,Architect,Tokyo,104753,2021-03-05
7790,John,Miller,39,Analyst,Delhi,36003,2011-06-15
7791,Mike,Davis,50,Consultant,New York,62611,2019-06-25
7792,Jane,Johnson,41,Consultant,Dubai,52859,2022-03-27
7793,Tom,Davis,42,Consultant,Paris,70036,2003-11-10
7794,Mike,Brown,31,Engineer,Delhi,109103,2006-12-30
7795,Lisa,Garcia,60,Developer,Tokyo,87721,2011-05-01
7796,Mike,Miller,27,Analyst,Tokyo,76327,2022-03-12
7797,Sara,Taylor,29,Consultant,London,39458,2019-07-21
7798,Sam,Taylor,41,Manager,New York,38815,2003-12-06
7799,Jane,Brown,38,Designer,Tokyo,29393,2017-10-11
7800,Sara,Johnson,47,Lead,Dubai,26275,2024-03-17
7801,Tom,Wilson,23,Lead,Paris,63736,2024-10-11
7802,Alex,Brown,56,Engineer,Delhi,89582,2017-02-22
7803,Tom,Garcia,51,Architect,Singapore,64068,2010-01-03
7804,Paul,Smith,31,Designer,Toronto,60183,2007-01-22
7805,John,Taylor,55,Analyst,Sydney,71880,2012-07-26
7806,John,Miller,40,Consultant,Sydney,110945,2016-05-17
7807,Mike,Garcia,33,Analyst,Dubai,114600,2013-03-20
7808,Tom,Miller,39,Lead,Dubai,62947,2023-05-06
7809,Emma,Garcia,41,Analyst,Tokyo,93319,2009-10-24
7810,Mike,Smith,46,Engineer,Paris,112466,2023-09-16
7811,John,Wilson,50,Lead,Sydney,62962,2021-04-07
7812,Paul,Smith,42,Developer,New York,31110,2022-07-31
7813,Sam,Garcia,58,Manager,Delhi,103931,2002-04-18
7814,Sara,Taylor,53,Analyst,Sydney,64319,2003-12-06
7815,John,Davis,29,Clerk,Sydney,,2018-12-08
7816,Sam,Smith,33,Consultant,Berlin,101078,2011-07-30
7817,Emma,Williams,20,Engineer,Dubai,53053,2005-07-24
7818,John,Wilson,37,Developer,Berlin,43920,2019-07-15
7819,Mike,Davis,59,Developer,New York,79031,2021-12-31
7820,Sara,Wilson,23,Architect,Sydney,95846,2001-12-20
7821,John,Davis,26,Designer,Toronto,79638,2006-10-31
7822,Alex,Smith,44,Clerk,Toronto,62481,2021-06-21
7823,Sara,Wilson,55,Architect,Paris,25203,2015-07-14
7824,Tom,Smith,52,Architect,Dubai,64262,2015-10-14
7825,Paul,Taylor,46,Lead,Toronto,64159,2016-08-06
7826,John,Jones,46,Lead,London,119329,2016-01-10
7827,Tom,Garcia,54,Consultant,Toronto,81617,2003-03-03
7828,Jane,Davis,28,Designer,Toronto,83287,2022-12-31
7829,Mike,Miller,36,Architect,Berlin,29720,2013-06-13
7830,Paul,Williams,33,Clerk,London,60478,2000-12-29
7831,Sara,Smith,35,Intern,Dubai,52368,2008-07-05
7832,Jane,Jones,39,Designer,Delhi,39011,2023-10-20
7833,Sam,Taylor,51,Analyst,Delhi,28587,2023-07-31
7834,Emma,Jones,27,Consultant,Sydney,88367,2022-04-01
7835,Paul,Davis,20,Lead,London,105859,2015-04-06
7836,Sam,Johnson,40,Engineer,Paris,72260,2011-04-02
7837,Jane,Davis,35,Designer,Delhi,93335,2008-11-18
7838,John,Smith,41,Architect,Singapore,59517,2001-01-16
7839,Lisa,Smith,53,Clerk,Toronto,75208,2012-02-18
7840,Mike,Smith,45,Engineer,Paris,44707,2021-12-04
7841,Paul,Garcia,58,Intern,Tokyo,77993,2018-03-24
7842,Alex,Johnson,27,Intern,Sydney,115713,2002-11-01
7843,John,Taylor,42,Intern,Singapore,109244,2000-12-25
7844,Mike,Garcia,24,Intern,London,41304,2001-03-07
7845,John,Smith,49,Lead,Dubai,77091,2007-05-11
7846,Lisa,Brown,27,Intern,Tokyo,32252,2023-12-30
7847,Emma,Smith,45,Manager,London,36565,2012-11-06
7848,Alex,Jones,58,Developer,Sydney,107021,2016-03-22
7849,Lisa,Johnson,49,Lead,Berlin,34211,2022-11-02
7850,Sara,Smith,54,Engineer,Dubai,75025,2014-05-02
7851,Paul,Wilson,26,Engineer,New York,76899,2014-09-18
7852,Paul,Jones,43,Intern,Singapore,40276,2017-10-11
7853,John,Davis,41,Lead,Singapore,49473,2006-05-05
7854,Alex,Taylor,53,Engineer,Paris,108025,2014-04-06
7855,Emma,Jones,35,Consultant,Berlin,46847,2000-09-30
7856,Alex,Davis,19,Developer,Sydney,50487,2001-09-06
7857,Mike,Williams,32,Lead,Berlin,25651,2011-07-09
7858,Jane,Jones,35,Developer,Delhi,53984,2006-04-11
7859,Tom,Davis,56,Architect,London,39606,2007-08-29
7860,Alex,Wilson,21,Consultant,Sydney,71662,2016-05-12
7861,Lisa,Smith,28,Architect,Sydney,83156,2008-06-11
7862,John,Brown,56,Analyst,London,115345,2023-07-27
7863,Lisa,Taylor,21,Designer,Singapore,75120,2002-10-01
7864,Sara,Davis,60,Clerk,London,89757,2015-08-10
7865,John,Wilson,20,Intern,Paris,77087,2006-10-02
7866,Mike,Davis,59,Architect,Paris,111678,2016-10-16
7867,Paul,Williams,45,Intern,Berlin,28801,2022-08-22
7868,Jane,Johnson,,Lead,Berlin,116811,2017-12-06
7869,Emma,Johnson,58,Engineer,Berlin,84561,2002-11-16
7870,Tom,Taylor,32,Lead,Dubai,85135,2019-04-19
7871,Paul,Williams,58,Clerk,Paris,116610,2008-05-27
7872,Alex,Williams,24,Lead,Tokyo,83802,2014-07-05
7873,Paul,Smith,32,Manager,Dubai,89147,2013-07-02
7874,John,Garcia,47,Analyst,Dubai,33764,2024-02-17
7875,Sara,Johnson,57,Engineer,Singapore,65601,2001-04-08
7876,Tom,Taylor,45,Engineer,New York,50289,2016-10-18
7877,Lisa,Jones,30,Manager,Dubai,43777,2003-05-15
7878,Sara,Miller,20,Developer,Paris,67575,2019-12-06
7879,Emma,Wilson,31,Engineer,Singapore,90938,2005-02-28
7880,Sara,Johnson,47,Manager,Berlin,80398,2015-12-30
7881,John,Johnson,27,Architect,London,53005,2022-10-18
7882,John,Smith,19,Engineer,New York,107599,2012-02-02
7883,Emma,Miller,30,Developer,Paris,102422,2016-12-15
7884,Sam,Johnson,38,Clerk,Sydney,115671,2024-12-18
7885,Lisa,Brown,41,Intern,Berlin,83126,2007-01-06
7886,Jane,Miller,19,Clerk,Delhi,32508,2014-09-06
7887,Tom,Johnson,42,Consultant,Tokyo,69942,2000-08-08
7888,Jane,Taylor,32,Clerk,Toronto,116771,2024-04-06
7889,Sam,Garcia,43,Intern,Toronto,47314,2016-04-20
7890,Emma,Taylor,43,Engineer,Berlin,114601,2019-05-08
7891,Jane,Williams,45,Analyst,London,41468,2020-07-23
7892,Sara,Jones,59,Analyst,Paris,87070,2005-02-10
7893,John,Williams,21,Analyst,Toronto,79413,2021-03-25
7894,Sam,Williams,56,Engineer,Delhi,53593,2016-04-12
7895,Alex,Wilson,48,Analyst,Toronto,31597,2012-08-27
7896,Paul,Jones,37,Designer,Berlin,89996,2001-06-24
7897,Lisa,Smith,36,Intern,London,42248,2013-12-02
7898,Jane,Jones,55,Architect,Singapore,41640,2011-04-15
7899,Sam,Garcia,26,Lead,Dubai,32154,2023-05-26
7900,Sam,Williams,18,Lead,Delhi,71306,2009-02-19
7901,Sara,Johnson,59,Analyst,Singapore,105951,2022-02-25
7902,Lisa,Garcia,35,Consultant,Tokyo,112215,2008-08-09
7903,Jane,Williams,44,Architect,New York,40365,2004-06-29
7904,Sam,Brown,49,Manager,Toronto,31826,2004-03-21
7905,Jane,Smith,22,Consultant,Delhi,119962,2009-08-21
7906,Alex,Williams,30,Consultant,Berlin,64692,2020-01-21
7907,Jane,Taylor,53,Clerk,Sydney,27958,2011-01-19
7908,Alex,Williams,19,Developer,London,34258,2001-12-31
7909,Jane,Brown,21,Architect,Toronto,77837,2000-02-28
7910,Sara,Taylor,49,Manager,Berlin,93331,2023-04-24
7911,Mike,Miller,37,Architect,Delhi,39259,2008-02-20
7912,John,Brown,26,Analyst,Berlin,40441,2002-11-28
7913,Sam,Garcia,21,Consultant,Sydney,95135,2016-04-02
7914,Jane,Smith,32,Architect,Delhi,84444,2014-08-08
7915,Emma,Smith,18,Designer,Singapore,49938,2011-01-12
7916,Mike,Davis,41,Manager,Dubai,52897,2021-06-26
7917,Paul,Brown,23,Lead,London,62682,2017-01-24
7918,Alex,Davis,47,Consultant,Berlin,97755,2010-02-23
7919,Emma,Davis,43,Engineer,Dubai,112314,2008-08-26
7920,Emma,Taylor,47,Manager,Tokyo,100376,2017-02-10
7921,Mike,Taylor,52,Developer,Paris,88755,2017-08-03
7922,John,Taylor,23,Designer,Paris,64257,2020-02-20
7923,Lisa,Wilson,32,Lead,Tokyo,52200,2009-11-20
7924,Sara,Brown,50,Engineer,New York,57432,2011-01-05
7925,John,Jones,31,Developer,Dubai,96275,2007-01-11
7926,Mike,Taylor,37,Consultant,Sydney,88541,2004-08-22
7927,Mike,Smith,33,Designer,Dubai,107276,2007-04-10
7928,Sara,Jones,29,Analyst,Tokyo,58113,2010-11-07
7929,Jane,Wilson,53,Intern,Singapore,111587,2007-08-05
7930,Paul,Miller,22,Designer,Sydney,59786,2019-12-14
7931,Sara,Davis,21,Clerk,Tokyo,67920,2013-07-05
7932,Sara,Miller,32,Intern,Tokyo,28320,2012-11-19
7933,Alex,Jones,40,Engineer,Delhi,27133,2011-11-28
7934,Jane,Jones,47,Engineer,Paris,67014,2002-10-07
7935,Alex,Smith,50,Analyst,Sydney,96315,2005-02-17
7936,Jane,Davis,41,Developer,Singapore,101507,2011-04-03
7937,Lisa,Williams,44,Manager,Singapore,93473,2004-11-20
7938,Tom,Williams,40,Clerk,New York,59874,2006-03-29
7939,Jane,Wilson,23,Engineer,Delhi,114134,2023-03-08
7940,Tom,Jones,33,Consultant,Dubai,99176,2023-02-16
7941,Alex,Jones,49,Designer,Tokyo,56097,2022-02-24
7942,Lisa,Davis,55,Lead,Singapore,64673,2001-06-01
7943,John,Jones,40,Intern,Berlin,74610,2020-11-23
7944,Mike,Garcia,24,Designer,Sydney,76073,2020-11-30
7945,Alex,Smith,50,Designer,Dubai,116859,2014-06-19
7946,John,Williams,27,Intern,Delhi,44963,2005-09-04
7947,Mike,Jones,20,Clerk,Delhi,42071,2009-10-22
7948,Tom,Wilson,35,Clerk,Singapore,80415,2015-02-18
7949,Lisa,Jones,40,Manager,Tokyo,102493,2006-02-06
7950,Lisa,Miller,32,Lead,Sydney,45938,2024-07-19
7951,Mike,Miller,33,Intern,Berlin,81623,2000-04-08
7952,Mike,Taylor,45,Intern,Delhi,43376,2018-04-13
7953,Sara,Brown,48,Designer,Paris,34323,2023-05-12
7954,Paul,Miller,60,Clerk,Singapore,85498,2001-10-02
7955,Sara,Williams,50,Intern,New York,54162,2004-08-21
7956,Sam,Brown,38,Architect,New York,104418,2019-08-18
7957,John,Smith,24,Manager,Delhi,117795,2013-06-08
7958,John,Taylor,43,Designer,Singapore,108922,2000-06-14
7959,Sam,Johnson,53,Clerk,Toronto,118617,2023-06-23
7960,Tom,Davis,32,Engineer,Dubai,85205,2016-07-09
7961,Lisa,Wilson,27,Lead,Toronto,71910,2024-06-17
7962,Lisa,Jones,23,Clerk,Sydney,99401,2023-06-14
7963,John,Garcia,20,Manager,Paris,37558,2021-05-12
7964,Lisa,Johnson,31,Intern,Paris,47961,2012-10-08
7965,Mike,Brown,45,Developer,Berlin,87868,2015-06-12
7966,Lisa,Jones,32,Engineer,Singapore,87840,2019-01-01
7967,Sara,Wilson,54,Lead,Paris,39873,2011-12-03
7968,Tom,Jones,38,Analyst,Singapore,80758,2019-10-12
7969,Emma,Jones,52,Developer,Delhi,37899,2016-06-04
7970,Tom,Johnson,36,Developer,London,105064,2012-07-25
7971,Sam,Miller,30,Clerk,Toronto,89070,2016-01-16
7972,Sam,Taylor,24,Developer,Paris,87857,2021-01-03
7973,Sam,Williams,32,Developer,Paris,105417,2023-09-15
7974,Emma,Williams,54,Lead,New York,111553,2004-05-29
7975,Tom,Brown,59,Intern,Singapore,27138,2011-07-01
7976,Sara,Johnson,52,Designer,Toronto,114418,2018-06-28
7977,Alex,Smith,28,Designer,Delhi,66403,2016-06-11
7978,Sara,Davis,27,Architect,Sydney,29332,2008-12-24
7979,Mike,Brown,55,Architect,Delhi,94017,2014-06-05
7980,Sam,Brown,51,Engineer,Tokyo,84150,2003-11-01
7981,John,Miller,49,Manager,Singapore,70604,2007-10-30
7982,Emma,Brown,48,Lead,New York,77474,2001-11-28
7983,Alex,Garcia,30,Consultant,Dubai,51276,2011-12-20
7984,Jane,Garcia,27,Engineer,Singapore,70785,2019-08-01
7985,Alex,Davis,43,Intern,London,106846,2023-12-25
7986,Lisa,Brown,27,Developer,Singapore,45183,2010-06-22
7987,Mike,Williams,32,Lead,Berlin,31418,2006-12-13
7988,Alex,Jones,31,Architect,London,115285,2002-04-15
7989,Lisa,Williams,42,Architect,Dubai,60091,2000-04-17
7990,Jane,Miller,52,Consultant,Sydney,86566,2021-12-10
7991,John,Miller,50,Consultant,Singapore,109899,2003-10-22
7992,Alex,Smith,50,Analyst,Paris,34297,2000-01-05
7993,Mike,Miller,35,Lead,London,83338,2010-10-31
7994,Sara,Davis,31,Designer,Tokyo,52378,2024-08-06
7995,Jane,Wilson,35,Designer,London,55275,2001-09-27
7996,Jane,Taylor,25,Architect,Paris,98463,32-13-2025
7997,Lisa,Wilson,32,Analyst,Toronto,34380,2017-04-04
7998,Tom,Smith,59,Lead,New York,74169,2015-12-23
7999,Alex,Wilson,28,Designer,Singapore,25552,2003-04-13
8000,Sam,Taylor,32,Clerk,Dubai,26723,2005-11-22
8001,Tom,Williams,24,Intern,New York,108976,2017-10-26
8002,Alex,Miller,26,Intern,Singapore,78799,2001-10-12
8003,Emma,Williams,33,Lead,Toronto,115425,2005-12-21
8004,Emma,Miller,21,Engineer,Sydney,97982,2017-09-08
8005,Alex,Brown,46,Consultant,Tokyo,58347,2004-07-26
8006,Mike,Garcia,57,Developer,Berlin,68499,2009-11-05
8007,Mike,Davis,29,Intern,Paris,37509,2022-06-06
8008,Mike,Smith,52,Designer,Toronto,91820,2001-10-08
8009,Tom,Jones,46,Architect,London,68178,2016-06-28
8010,Jane,Miller,21,Lead,Toronto,52571,2010-08-13
,Tom,Johnson,40,Consultant,Toronto,58514,2003-08-12
8012,John,Taylor,24,Consultant,New York,35508,2005-03-22
8013,Paul,Garcia,18,Manager,Sydney,96269,2023-07-08
8014,Alex,Jones,27,Clerk,New York,108258,2019-06-18
8015,Jane,Miller,36,Lead,Singapore,68155,32-13-2025
8016,Alex,Miller,43,Developer,Berlin,117968,2010-03-22
8017,Paul,Jones,59,Clerk,Sydney,N/A,2001-02-16
8018,Mike,Davis,57,Consultant,Toronto,69148,2007-05-01
8019,Paul,Johnson,59,Developer,Sydney,61038,2006-10-14
8020,Sam,Wilson,53,Designer,Paris,31363,2019-12-07
8021,Lisa,Davis,45,Developer,Delhi,43307,2010-08-08
8022,Paul,Garcia,25,Architect,Toronto,99262,2002-11-04
8023,Sara,Wilson,24,Consultant,Berlin,74351,2002-08-10
8024,Sara,Johnson,42,Architect,London,27181,2008-06-20
8025,Alex,Miller,40,Developer,Sydney,99359,2016-12-28
8026,Emma,Wilson,43,Designer,London,117475,2003-08-31
8027,Mike,Miller,26,Intern,Paris,114828,2022-03-21
8028,Tom,Brown,23,Intern,Sydney,80367,2001-11-22
8029,Sara,Williams,58,Analyst,Paris,44723,2020-03-04
8030,Paul,Brown,44,Lead,London,73453,2001-05-27
8031,Emma,Smith,38,Clerk,New York,63139,2012-04-16
8032,Lisa,Taylor,53,Lead,Paris,47556,2011-04-11
8033,John,Jones,46,Lead,Singapore,70746,2002-09-23
8034,Tom,Williams,20,Clerk,Sydney,99058,2003-06-19
8035,Mike,Jones,41,Developer,Tokyo,91198,2005-01-25
8036,Tom,Brown,37,Engineer,Sydney,60025,2015-03-28
8037,Alex,Smith,54,Manager,Paris,113859,2015-04-29
8038,Sam,Williams,25,Engineer,Sydney,68913,2019-12-08
8039,Tom,Garcia,33,Architect,Sydney,96839,2015-05-10
8040,Sam,Johnson,34,Architect,New York,79092,2002-01-28
8041,Mike,Jones,49,Analyst,Tokyo,28070,2005-01-04
8042,Jane,Davis,38,Clerk,Dubai,37744,2011-08-19
8043,Jane,Garcia,41,Lead,Tokyo,31020,2012-11-09
8044,Sam,Garcia,21,Analyst,Sydney,77032,2006-08-10
8045,Lisa,Garcia,32,Engineer,Berlin,33041,2001-02-05
8046,Tom,Johnson,25,Developer,Delhi,96153,2021-01-26
8047,John,Johnson,48,Clerk,Toronto,35704,2010-12-08
8048,Paul,Davis,48,Manager,Paris,79502,2000-05-20
8049,Paul,Wilson,52,Architect,London,61938,2018-09-04
8050,Jane,Wilson,26,Architect,New York,65926,2004-09-15
8051,John,Brown,22,Intern,Toronto,36089,2019-02-22
8052,Emma,Wilson,18,Manager,Berlin,81417,2006-06-24
8053,Emma,Taylor,51,Consultant,Toronto,31396,2003-02-12
8054,Mike,Taylor,31,Engineer,Dubai,38578,2020-03-01
8055,Sam,Davis,50,Manager,Toronto,98008,2018-09-26
8056,Alex,Johnson,57,Consultant,London,103093,2012-02-25
8057,Emma,Williams,34,Consultant,Tokyo,45706,2000-01-08
8058,Paul,Brown,59,Designer,Sydney,48576,2004-08-16
8059,Emma,Miller,54,Analyst,Sydney,37424,2024-10-25
8060,Sam,Davis,40,Engineer,Toronto,91503,2001-05-31
8061,Emma,Brown,49,Clerk,London,109419,2006-06-06
8062,Mike,Brown,38,Intern,Singapore,34952,2002-02-18
8063,John,Garcia,54,Clerk,Dubai,77554,2022-11-16
8064,John,Jones,20,Manager,Singapore,88089,2001-10-29
8065,Alex,Brown,19,Intern,Berlin,108212,2023-08-10
8066,John,Williams,48,Architect,Berlin,71205,2023-07-18
8067,Mike,Brown,35,Designer,Tokyo,100412,2007-09-09
8068,Tom,Williams,24,Analyst,New York,109156,2005-02-18
8069,Sara,Taylor,32,Developer,Delhi,96235,2004-03-19
8070,Jane,Smith,30,Developer,Dubai,46945,32-13-2025
8071,Sam,Smith,32,Lead,London,84216,2018-10-20
8072,Sam,Williams,19,Designer,New York,103082,2012-11-16
8073,Sam,Johnson,54,Clerk,London,60156,2015-07-24
8074,Emma,Miller,18,Analyst,Sydney,31808,2015-10-10
8075,Mike,Williams,60,Architect,Sydney,94426,2010-10-06
8076,Tom,Wilson,42,Architect,Delhi,36591,2020-01-31
8077,Jane,Johnson,58,Manager,Delhi,25624,2000-01-21
8078,Lisa,Jones,43,Engineer,London,102967,2003-10-08
8079,Sam,Jones,28,Intern,London,92419,2002-10-14
8080,Lisa,Davis,30,Lead,Toronto,36350,2018-08-28
8081,John,Garcia,60,Engineer,Sydney,25695,2013-10-30
8082,Alex,Brown,44,Manager,Sydney,47184,2002-04-12
8083,Sara,Jones,48,Lead,Paris,69662,2015-07-20
8084,Sara,Davis,40,Intern,Berlin,110346,2004-08-25
8085,Mike,Taylor,21,Consultant,Toronto,41498,2022-11-25
8086,John,Smith,35,Architect,Paris,95865,2007-11-23
8087,Sara,Johnson,35,Manager,Paris,92685,2024-04-14
8088,Lisa,Johnson,20,Lead,Dubai,53668,2024-11-16
8089,Lisa,Taylor,52,Clerk,Berlin,28167,2021-07-04
8090,Alex,Williams,52,Analyst,Delhi,100284,2007-08-30
8091,Alex,Smith,36,Lead,Singapore,90435,2006-02-14
8092,Alex,Wilson,48,Manager,Berlin,85246,2000-10-20
8093,Lisa,Davis,56,Lead,Sydney,91307,2021-06-02
8094,Jane,Brown,56,Architect,London,38126,2016-04-12
8095,Jane,Jones,55,Intern,New York,80560,2000-07-06
8096,Alex,Wilson,49,Lead,Dubai,56928,2016-07-12
8097,Tom,Brown,32,Architect,Toronto,85687,2013-09-27
8098,Sara,Davis,54,Architect,Singapore,96447,2013-01-29
8099,Paul,Miller,49,Designer,New York,61177,2007-01-03
8100,Jane,Johnson,57,Engineer,New York,56561,2012-10-25
8101,Alex,Wilson,39,Manager,Dubai,29637,2004-08-29
8102,Paul,Johnson,43,Analyst,Singapore,98548,2002-04-20
8103,Sara,Jones,18,Consultant,Singapore,76405,2017-08-22
8104,Tom,Johnson,50,Designer,Dubai,113052,2003-11-03
8105,Sam,Taylor,32,Analyst,Toronto,28184,2022-02-28
8106,Mike,Miller,54,Architect,London,28655,2002-07-23
8107,Sam,Davis,41,Analyst,Paris,32990,2016-01-24
8108,Emma,Williams,33,Clerk,Delhi,52968,2007-08-23
8109,Paul,Williams,45,Consultant,Berlin,51920,2012-02-06
8110,Paul,Brown,27,Engineer,Singapore,107013,2005-08-01
8111,Alex,Taylor,41,Clerk,Dubai,63214,2007-07-29
8112,Alex,Smith,26,Analyst,Berlin,29787,2006-06-07
8113,Alex,Smith,20,Analyst,Singapore,76110,2020-06-11
8114,John,Wilson,27,Consultant,Tokyo,36225,2007-02-19
8115,John,Williams,41,Intern,Berlin,95603,2012-10-24
8116,Lisa,Smith,36,Analyst,New York,41590,2020-02-05
8117,John,Smith,54,Designer,Toronto,100451,2002-08-02
8118,Lisa,Smith,29,Developer,Berlin,74607,2012-01-17
8119,Sam,Williams,51,Intern,Dubai,114082,2014-10-28
8120,Jane,Williams,26,Engineer,New York,31608,2012-10-02
8121,Emma,Williams,44,Analyst,Toronto,105226,2010-06-25
8122,Tom,Garcia,54,Clerk,New York,114982,2002-04-19
8123,Jane,Jones,52,Clerk,Dubai,30722,2013-09-20
8124,Tom,Williams,56,Clerk,London,69411,2013-05-02
8125,Mike,Taylor,36,Consultant,Delhi,81647,2016-02-04
8126,Tom,Miller,39,Lead,New York,38175,2015-04-04
8127,Lisa,Wilson,39,Lead,Sydney,108989,2005-02-27
8128,Tom,Wilson,24,Lead,New York,54001,2001-01-10
8129,Mike,Jones,26,Designer,London,89713,2003-02-07
8130,Sam,Jones,36,Developer,Berlin,66338,2021-11-30
8131,Mike,Williams,33,Analyst,Berlin,66340,2024-08-30
8132,Sam,Smith,54,Developer,London,116719,2003-08-10
8133,Paul,Smith,22,Intern,Singapore
8134,Mike,Taylor,25,Manager,Delhi,92739,2002-12-28
8135,Emma,Davis,43,Intern,Paris,52368,2010-02-02
8136,Lisa,Williams,35,Clerk,New York,51329,2023-07-19
8137,Mike,Wilson,55,Analyst,Toronto,80268,2009-03-16
8138,Alex,Williams,53,Lead,Dubai,74377,2014-07-12
8139,Emma,Williams,51,Lead,Toronto,82377,2002-11-07
8140,Sara,Davis,30,Developer,Sydney,81999,2009-03-08
8141,Paul,Davis,24,Intern,New York,75657,2023-11-06
8142,John,Jones,26,Clerk,Singapore,49987,2020-03-10
8143,John,Brown,46,Intern,Berlin,79562,2017-07-13
8144,Sam,Williams,53,Designer,Berlin,119464,2004-02-14
8145,Sara,Taylor,54,Analyst,Singapore,61566,2000-06-13
8146,Lisa,Smith,30,Designer,New York,95054,2010-12-13
8147,Jane,Garcia,44,Intern,Sydney,41912,2024-08-18
8148,Lisa,Taylor,45,Manager,Sydney,63352,2020-09-13
8149,Tom,Jones,39,Analyst,Berlin,45035,2015-01-17
8150,Jane,Taylor,34,Intern,Toronto,25580,2000-08-09
8151,Paul,Wilson,21,Developer,Tokyo,98975,2024-02-24
8152,Paul,Brown,36,Engineer,Toronto,62798,2012-01-09
8153,John,Davis,26,Designer,London,81841,2021-08-25
8154,Sam,Davis,50,Designer,Tokyo,105665,2009-08-14
8155,John,Williams,51,Architect,Dubai,78987,2004-12-29
8156,Mike,Williams,46,Analyst,Paris,113866,2016-11-05
8157,Tom,Williams,31,Developer,Dubai,41091,2006-11-02
8158,Alex,Jones,56,Architect,Paris,46415,2020-01-03
8159,Sam,Davis,30,Consultant,Paris,66851,2002-05-05
8160,Alex,Miller,44,Clerk,London,85227,2016-03-13
8161,Tom,Taylor,36,Intern,Delhi,32717,2017-02-19
8162,Emma,Williams,24,Developer,Sydney,109279,2011-07-03
8163,Tom,Smith,43,Clerk,Paris,37152,2010-01-05
8164,Paul,Brown,42,Analyst,Toronto,41506,2019-03-12
8165,Sam,Miller,38,Clerk,New York,65124,2013-03-02
8166,Alex,Brown,48,Intern,Dubai,114951,2008-10-12
8167,Lisa,Davis,29,Clerk,Berlin,70491,2009-04-18
8168,Mike,Jones,28,Consultant,Berlin,107351,2016-07-23
8169,Sara,Wilson,44,Analyst,Berlin,100346,2007-08-25
8170,Paul,Garcia,40,Lead,Paris,79300,2009-07-13
8171,Mike,Brown,25,Developer,Delhi,47499,2012-06-23
8172,Lisa,Taylor,60,Developer,New York,47390,2013-06-25
8173,Paul,Davis,52,Analyst,Dubai,118716,2010-09-01
8174,Lisa,Miller,23,Designer,Sydney,94636,2005-03-02
8175,Sara,Taylor,57,Intern,Delhi,76786,2003-01-10
8176,Alex,Smith,48,Lead,Sydney,104270,2011-05-29
8177,Emma,Taylor,26,Manager,New York,28636,2006-03-03
8178,Jane,Miller,23,Manager,New York,106250,2013-01-14
8179,Mike,Taylor,52,Architect,Singapore,27392,2014-05-01
8180,Lisa,Jones,50,Manager,Delhi,84325,2007-04-18
8181,Paul,Garcia,30,Architect,Berlin,89665,2018-05-06
8182,Sara,Brown,60,Developer,Tokyo,64920,2000-09-26
8183,Mike,Jones,43,Developer,Sydney,100467,2001-04-03
8184,Sara,Brown,23,Manager,Delhi,34140,2016-11-15
8185,Sara,Smith,22,Architect,Paris,76663,2019-12-02
8186,John,Jones,30,Architect,New York,25335,2006-08-04
8187,Jane,Johnson,47,Developer,Delhi,45748,2006-11-17
8188,Emma,Garcia,29,Lead,New York,114200,2019-04-16
8189,Sam,Davis,31,Engineer,London,33169,2024-11-15
8190,Sam,Smith,20,Architect,Singapore,33485,2010-04-25
8191,Lisa,Johnson,34,Intern,Sydney,49099,2005-11-18
8192,Emma,Garcia,56,Analyst,Toronto,117238,2003-02-18
8193,Paul,Johnson,50,Analyst,Dubai,70296,2009-07-26
8194,Jane,Davis,24,Manager,Singapore,63166,2013-02-15
8195,Sam,Taylor,59,Analyst,Delhi,116866,2001-07-30
8196,Alex,Garcia,46,Designer,Singapore,34096,2018-03-15
8197,Paul,Wilson,57,Analyst,Delhi,42564,2008-11-28
8198,Sara,Jones,48,Lead,Delhi,53577,2001-07-26
8199,Sara,Brown,37,Consultant,London,58221,2007-03-21
8200,Tom,Jones,34,Consultant,Singapore,119943,2017-12-05
8201,Paul,Johnson,34,Manager,New York,27134,2012-06-02
8202,Jane,Johnson,24,Consultant,Toronto,66858,2009-12-18
8203,Emma,Taylor,42,Intern,Dubai,74313,2017-10-31
8204,Paul,Brown,27,Consultant,Delhi,80866,2012-03-20
8205,Jane,Williams,18,Manager,Paris,54763,2002-06-19
8206,Alex,Johnson,35,Designer,Dubai,27259,2018-02-17
8207,Jane,Jones,39,Intern,Sydney,44339,2023-07-09
8208,John,Taylor,20,Architect,Tokyo,62456,2004-08-09
8209,Sara,Taylor,22,Engineer,Toronto,78490,2024-04-05
8210,Sam,Taylor,21,Lead,Dubai,111251,2000-03-31
8211,Tom,Taylor,40,Designer,Berlin,26525,2015-08-29
8212,John,Smith,47,Consultant,Sydney,28249,2016-03-03
8213,Emma,Jones,41,Analyst,Toronto,95642,2006-12-13
8214,Jane,Davis,58,Engineer,Delhi,63448,2024-05-30
8215,Sam,Smith,59,Lead,Tokyo,31886,2021-04-17
8216,Lisa,Miller,25,Clerk,Delhi,54267,2007-03-27
8217,Alex,Wilson,40,Analyst,London,97999,2017-11-19
8218,Alex,Jones,56,Lead,Paris,29535,2003-07-25
8219,Sara,Johnson,41,Lead,New York,98223,2017-05-17
8220,Sara,Garcia,21,Consultant,Sydney,83313,2003-12-30
8221,Alex,Johnson,29,Engineer,London,53738,2003-08-04
8222,Alex,Davis,42,Designer,Delhi,98325,2009-02-09
8223,Jane,Wilson,31,Clerk,Berlin,113869,2016-08-03
8224,Alex,Johnson,22,Architect,Berlin,27874,2003-09-14
8225,Sam,Davis,45,Intern,Dubai,109688,2013-07-31
8226,John,Miller,48,Intern,Toronto,99479,2011-09-18
8227,Jane,Smith,18,Analyst,Toronto,30925,2015-10-01
8228,Emma,Davis,48,Designer,Delhi,91258,2005-03-24
8229,Lisa,Taylor,29,Analyst,Tokyo,59189,2007-02-05
8230,Sara,Wilson,34,Designer,Sydney,117303,2022-05-18
8231,Alex,Miller,48,Developer,New York,27650,2013-12-11
8232,John,Taylor,54,Engineer,Singapore,56408,2020-11-16
8233,Lisa,Johnson,57,Designer,London,104039,2018-12-19
8234,Jane,Garcia,34,Developer,Toronto,37477,2001-03-30
8235,Mike,Brown,42,Engineer,Dubai,68887,2016-07-13
8236,Jane,Brown,50,Analyst,Dubai,97172,2020-01-16
8237,Sam,Taylor,40,Designer,Berlin,48941,2021-10-20
8238,Lisa,Williams,27,Clerk,Paris,105245,2013-02-13
8239,Sam,Jones,29,Developer,Dubai,39825,2019-02-01
8240,Alex,Miller,45,Manager,Sydney,42136,2005-11-05
8241,John,Jones,47,Manager,Delhi,102396,2022-07-01
8242,Tom,Jones,47,Architect,Berlin,87885,2023-05-31
8243,Alex,Miller,58,Architect,Sydney,39894,2020-06-01
8244,Sam,Wilson,36,Lead,Toronto,76723,2013-02-01
8245,Paul,Taylor,47,Consultant,Singapore,105668,2002-01-26
8246,Lisa,Johnson,41,Clerk,London,37987,2007-06-20
8247,John,Smith,46,Consultant,London,97658,2009-02-01
8248,Lisa,Wilson,53,Consultant,New York,97949,2017-08-26
8249,Jane,Garcia,33,Manager,Tokyo,77238,2008-05-18
8250,John,Garcia,18,Engineer,Delhi,69844,2015-10-08
8251,Lisa,Smith,60,Architect,Singapore,27017,2013-11-27
8252,Sam,Brown,23,Analyst,Tokyo,39023,2005-10-27
8253,Mike,Smith,31,Developer,Dubai,71916,2014-03-27
8254,Emma,Williams,51,Lead,London,36567,2007-06-26
8255,Sara,Miller,56,Consultant,London,56774,2009-03-24
8256,Jane,Johnson,50,Lead,Toronto,78281,2004-06-16
8257,Sara,Miller,31,Consultant,Paris,67562,2002-04-14
8258,John,Garcia,37,Designer,Sydney,108691,2021-10-04
8259,Sara,Jones,24,Consultant,Berlin,83905,2024-12-08
8260,Jane,Jones,30,Analyst,Delhi,39836,2002-05-23
8261,Lisa,Miller,26,Manager,Singapore,48814,2024-07-03
8262,Paul,Garcia,18,Lead,Toronto,35318,2021-07-29
8263,John,Jones,45,Lead,Tokyo,37662,2004-02-01
8264,Alex,Johnson,51,Designer,Paris,56346,2003-07-11
8265,Mike,Johnson,35,Designer,Sydney,87807,2007-06-27
8266,Sam,Jones,41,Analyst,Dubai,25707,2010-06-01
8267,Sam,Jones,21,Designer,Toronto,79840,2001-03-25
8268,Mike,Williams,26,Intern,Delhi,54076,2000-02-01
8269,Alex,Davis,51,Designer,Dubai,64618,2020-08-03
8270,Jane,Jones,27,Engineer,Dubai
8271,Jane,Davis,43,Consultant,Paris,47285,2020-08-26
8272,Lisa,Smith,43,Developer,Toronto,66731,2004-04-05
8273,John,Taylor,46,Clerk,Paris,60173,2002-12-18
8274,John,Taylor,47,Engineer,Tokyo,118505,2000-01-07
8275,Mike,Brown,47,Analyst,Berlin,66924,2001-04-20
8276,Lisa,Garcia,36,Consultant,Paris,63892,2022-05-23
8277,Lisa,Brown,57,Clerk,Sydney,117679,2011-07-21
8278,Sam,Garcia,35,Manager,Berlin,86706,2004-03-05
8279,Lisa,Williams,55,Designer,Paris,28755,2010-01-01
8280,Jane,Davis,57,Architect,Tokyo,85562,2017-04-17
8281,John,Garcia,38,Lead,New York,56667,2006-10-07
8282,John,Brown,18,Intern,Sydney,63721,2010-04-03
8283,Emma,Garcia,59,Architect,Sydney,102752,2018-08-26
8284,Emma,Miller,33,Designer,Delhi,108687,2024-01-01
8285,Jane,Jones,47,Designer,London,25053,2019-11-27
8286,Tom,Jones,43,Designer,Paris,43298,2014-10-11
8287,Emma,Miller,29,Manager,Tokyo,104625,2011-07-27
8288,Emma,Taylor,39,Clerk,Tokyo,36753,2012-03-25
8289,Sara,Davis,38,Analyst,London,52577,2022-03-22
8290,Lisa,Davis,30,Manager,Berlin,53768,2020-11-23
8291,Tom,Jones,35,Clerk,Delhi,59574,2019-10-08
8292,Sam,Davis,39,Consultant,Paris,25573,2013-10-05
8293,Sara,Johnson,46,Developer,Toronto,67580,2008-10-26
8294,Mike,Davis,46,Manager,Sydney,34534,2018-05-28
8295,Emma,Garcia,56,Consultant,Toronto,79283,2005-06-11
8296,Jane,Jones,25,Clerk,Sydney,88868,2017-04-16
8297,Jane,Williams,47,Designer,Dubai,109211,2009-03-15
8298,Jane,Wilson,45,Consultant,Tokyo,44327,2005-11-20
8299,Sara,Smith,56,Clerk,Tokyo,49782,2015-11-29
8300,Alex,Garcia,21,Manager,Tokyo,51464,2008-02-27
8301,Sam,Brown,49,Clerk,Paris,61250,2010-02-03
8302,Lisa,Miller,32,Consultant,Dubai,87726,2001-07-25
8303,Emma,Johnson,29,Clerk,Delhi,37736,2004-05-26
8304,Tom,Wilson,33,Clerk,Sydney,114101,2013-07-31
8305,Emma,Johnson,30,Designer,Delhi,96120,2003-10-14
8306,Mike,Wilson,26,Intern,London,66524,2022-06-07
8307,Lisa,Smith,46,Clerk,Berlin,38956,2023-02-08
8308,Alex,Taylor,19,Lead,Sydney,61842,2012-02-17
8309,John,Davis,36,Intern,London,39058,2021-02-09
8310,Tom,Garcia,50,Analyst,Delhi,30843,2014-02-14
8311,Jane,Garcia,54,Developer,Tokyo,54990,2010-01-22
8312,John,Jones,38,Lead,Singapore,111600,2010-08-02
8313,Jane,Smith,49,Analyst,Tokyo,50168,2016-08-11
8314,Sara,Miller,24,Consultant,Tokyo,88750,2010-11-09
8315,Tom,Johnson,42,Lead,Berlin,114253,2007-07-18
8316,Alex,Wilson,27,Architect,Sydney,65596,2023-09-19
8317,John,Smith,56,Designer,Sydney,80238,2007-11-23
8318,Lisa,Smith,35,Clerk,London,60837,2007-05-09
8319,Alex,Smith,60,Manager,New York,27944,2019-08-19
8320,Tom,Johnson,22,Lead,New York,98143,2023-01-15
8321,Lisa,Davis,26,Engineer,Toronto,85243,2000-09-26
8322,John,Jones,33,Consultant,Paris,91992,2010-08-09
8323,Alex,Taylor,54,Developer,Dubai,27409,2012-08-17
8324,Lisa,Taylor,39,Manager,Toronto,32421,2004-03-26
8325,Alex,Johnson,38,Engineer,Toronto,74473,2016-08-20
8326,Alex,Jones,38,Architect,Toronto,43025,2012-12-13
8327,Mike,Taylor,26,Lead,Dubai,86192,2004-03-05
8328,Alex,Taylor,40,Intern,Toronto,79424,2011-01-06
8329,Sam,Garcia,47,Intern,Paris,44832,2011-07-12
8330,Emma,Jones,60,Architect,New York,94797,2022-09-19
8331,Sara,Garcia,39,Manager,Toronto,53654,2015-04-07
8332,Lisa,Brown,29,Designer,New York,52976,2003-03-22
8333,Sara,Davis,58,Lead,Dubai,108540,2004-10-05
8334,Tom,Johnson,38,Manager,London,63863,2004-09-24
8335,Mike,Johnson,27,Consultant,Dubai,76643,2014-02-25
8336,Tom,Wilson,38,Designer,New York,35184,2000-03-09
8337,Lisa,Miller,30,Lead,Berlin,50224,2009-12-30
8338,Paul,Wilson,50,Architect,Delhi,54733,2008-03-29
8339,John,Williams,26,Architect,Delhi,99941,2018-02-12
8340,Jane,Taylor,56,Manager,Singapore,77132,2020-09-09
8341,Jane,Taylor,37,Clerk,Singapore,113144,2013-03-17
8342,Jane,Williams,58,Architect,New York,103409,2006-01-06
8343,Emma,Williams,49,Designer,London,48788,2005-12-13
8344,Sara,Miller,32,Intern,Sydney,27726,2020-09-20
8345,Jane,Brown,25,Engineer,Toronto,37097,2001-11-12
8346,Emma,Smith,60,Analyst,Delhi,59740,2015-04-19
8347,Tom,Smith,59,Clerk,Dubai,78095,2010-05-13
8348,John,Brown,52,Consultant,New York,75376,2014-07-20
8349,Emma,Jones,33,Manager,New York,73558,2016-06-24
8350,Lisa,Garcia,18,Architect,New York,34468,2005-11-24
8351,Paul,Garcia,26,Clerk,Singapore,102116,2012-03-06
8352,Mike,Taylor,27,Developer,Delhi,35300,2018-03-30
8353,Mike,Miller,57,Engineer,Toronto,111167,2008-10-24
8354,Sam,Taylor,54,Engineer,London,27827,2012-06-26
8355,John,Smith,43,Lead,Singapore,103662,2003-05-11
8356,John,Taylor,39,Lead,London,82153,2024-07-02
8357,Lisa,Johnson,20,Clerk,Berlin,106390,2010-03-19
8358,Paul,Williams,47,Developer,Toronto,39646,2018-01-19
8359,Jane,Johnson,54,Analyst,Paris,66579,2008-04-27
8360,Mike,Smith,23,Engineer,Dubai,32886,2016-01-18
8361,Sam,Miller,55,Lead,New York,43132,2015-02-11
8362,Paul,Taylor,54,Manager,New York,85130,2001-01-13
8363,John,Jones,34,Consultant,London,94814,2019-11-23
8364,Sara,Jones,27,Consultant,Delhi,38163,2006-02-01
8365,Jane,Jones,21,Manager,Sydney,60286,2000-07-18
8366,Alex,Wilson,21,Manager,Delhi,65904,2021-03-19
8367,Tom,Davis,36,Engineer,Berlin,97633,2020-08-18
8368,Paul,Brown,54,Engineer,Sydney,25434,2012-03-10
8369,Tom,Davis,54,Lead,Tokyo,41819,2013-03-12
8370,Jane,Davis,33,Lead,Paris,49090,2003-02-27
8371,Sam,Garcia,33,Consultant,London,88488,2008-08-11
8372,Emma,Davis,53,Lead,Dubai,49553,2008-01-24
8373,Mike,Wilson,36,Consultant,Berlin,68893,2019-03-07
8374,Emma,Miller,51,Designer,Dubai,92898,2015-05-13
8375,Paul,Garcia,54,Lead,Singapore,108336,2008-10-12
8376,Mike,Garcia,28,Analyst,Toronto,66442,2019-07-03
8377,Jane,Garcia,29,Developer,Paris,80367,2021-05-25
8378,Tom,Taylor,39,Designer,Toronto,105740,2012-01-23
8379,Emma,Miller,57,Architect,Delhi,96738,2020-04-06
8380,Mike,Taylor,27,Intern,London,25464,2016-09-19
8381,Jane,Garcia,31,Engineer,London,38723,2007-07-11
8382,Tom,Johnson,55,Designer,Delhi,108825,2001-08-16
8383,John,Davis,40,Manager,Sydney,30046,2001-02-26
8384,Tom,Smith,56,Developer,Dubai,66647,2013-03-25
8385,Jane,Johnson,53,Developer,New York,32416,2020-03-15
8386,Lisa,Wilson,25,Intern,Paris,58272,2019-12-13
8387,Jane,Taylor,36,Manager,New York,95614,2000-05-04
8388,Emma,Johnson,44,Consultant,Berlin,77860,2000-01-24
8389,Jane,Johnson,59,Intern,London,95473,2000-04-24
8390,Paul,Davis,35,Clerk,Berlin,29761,2005-09-16
8391,Mike,Garcia,56,Engineer,Berlin,35021,2019-11-22
8392,Paul,Williams,27,Analyst,Toronto,27290,2016-09-15
8393,Lisa,Taylor,55,Consultant,Tokyo,27064,2020-01-23
8394,Tom,Jones,23,Developer,London,94454,2014-02-08
8395,Sam,Davis,27,Consultant,Tokyo,35689,2007-06-15
8396,John,Davis,60,Developer,London,52235,2024-11-11
8397,Mike,Williams,38,Architect,Singapore,73633,2013-10-31
8398,Paul,Jones,59,Developer,Toronto,34682,2014-04-08
8399,Sara,Garcia,59,Clerk,Tokyo,45327,2022-10-26
8400,Alex,Johnson,36,Manager,Delhi,27014,2013-04-27
8401,Lisa,Johnson,47,Intern,Tokyo,112632,2013-04-19
8402,Tom,Taylor,34,Lead,Sydney,28156,2009-05-09
8403,Alex,Brown,28,Manager,Paris,118859,2022-08-08
8404,Alex,Johnson,38,Architect,Paris,97453,2006-11-13
8405,Sara,Williams,21,Clerk,New York,119315,2006-02-28
8406,Sara,Garcia,44,Clerk,Paris,27238,2003-10-23
8407,Lisa,Jones,22,Consultant,Dubai,97432,2007-09-26
8408,Alex,Garcia,34,Architect,London,118753,2022-09-21
8409,Mike,Johnson,48,Lead,New York,48059,2006-09-10
8410,Sara,Taylor,37,Manager,Berlin,45758,2010-10-15
8411,Emma,Garcia,39,Analyst,Sydney,65057,2010-01-24
8412,Paul,Taylor,39,Analyst,Delhi,75635,2008-02-10
8413,Sara,Smith,55,Lead,New York,118133,2009-10-21
8414,Paul,Taylor,59,Lead,Paris,74857,2008-07-16
8415,Lisa,Williams,23,Engineer,Singapore,86345,2010-08-23
8416,Sara,Jones,22,Engineer,Toronto,114458,2014-04-23
8417,Sam,Brown,29,Intern,Toronto,55572,2001-06-20
8418,Lisa,Taylor,43,Manager,Tokyo,85902,2018-10-07
8419,Sam,Jones,46,Developer,Toronto,64502,2001-11-21
8420,Lisa,Jones,37,Developer,New York,36382,2005-10-24
8421,Jane,Taylor,50,Lead,London,110039,2002-11-07
8422,John,Miller,28,Designer,Dubai,111659,2003-09-28
8423,Sam,Davis,21,Manager,Berlin,80943,2021-11-26
8424,Tom,Garcia,55,Consultant,Berlin,26495,2020-03-31
8425,Lisa,Davis,38,Consultant,Tokyo,54603,2007-07-02
8426,Emma,Johnson,60,Developer,Toronto,56775,2004-10-25
8427,Emma,Davis,60,Consultant,Singapore,25368,2000-02-14
8428,John,Garcia,51,Intern,Toronto,115760,2022-12-11
8429,Alex,Johnson,60,Intern,Delhi,30840,2016-09-24
8430,Jane,Brown,24,Intern,Toronto,46750,2012-11-14
8431,John,Davis,44,Architect,New York,69808,2003-08-10
8432,Jane,Garcia,19,Manager,Singapore,47529,2016-03-27
8433,Sam,Miller,57,Architect,Berlin,59393,2022-04-30
8434,John,Johnson,19,Designer,Toronto,43955,2007-08-27
8435,John,Williams,37,Manager,Singapore,116307,2005-02-18
8436,Sam,Wilson,29,Engineer,Berlin,49926,2022-11-14
8437,Sam,Miller,24,Engineer,Berlin,64745,2012-04-12
8438,John,Davis,39,Designer,Berlin,65599,2011-02-17
8439,Emma,Smith,22,Lead,Delhi,57415,2005-11-13
8440,Emma,Johnson,55,Manager,New York,64038,2022-06-21
8441,Sara,Johnson,27,Clerk,Sydney,87561,2009-02-05
8442,Tom,Miller,22,Lead,Toronto,90350,32-13-2025
8443,Paul,Wilson,44,Manager,Tokyo,88570,2016-04-02
8444,Jane,Smith,52,Developer,Singapore,112933,2012-03-07
8445,Mike,Wilson,29,Consultant,Tokyo,113334,2005-03-23
8446,Sam,Smith,36,Engineer,Singapore,54781,2018-12-21
8447,Sam,Wilson,55,Manager,New York,107261,2014-11-06
8448,Sara,Smith,42,Lead,Singapore,115155,2018-02-05
8449,Sam,Garcia,45,Manager,Berlin,46241,2022-01-05
8450,Jane,Brown,26,Analyst,New York,69404,2003-10-25
8451,Lisa,Taylor,37,Clerk,Toronto,71263,2014-05-18
8452,John,Taylor,52,Engineer,Sydney,48468,2000-09-10
8453,Mike,Brown,52,Consultant,Toronto,55044,2011-05-13
8454,Mike,Brown,44,Engineer,Sydney,35518,2007-03-17
8455,Paul,Johnson,23,Clerk,Dubai,62061,2015-04-22
8456,Sara,Johnson,26,Intern,Toronto,105067,2006-03-17
8457,Paul,Smith,43,Consultant,Toronto,66906,2015-05-23
8458,Sara,Miller,50,Consultant,Paris,50060,2004-03-19
8459,Mike,Smith,45,Intern,Delhi,54391,2011-08-20
8460,Alex,Smith,34,Clerk,Paris,41981,2013-05-21
8461,Emma,Taylor,23,Intern,Tokyo,45212,2011-05-09
8462,Lisa,Taylor,24,Engineer,Toronto,82483,2018-07-16
8463,John,Davis,37,Analyst,London,48715,2013-01-08
8464,Emma,Miller,18,Analyst,New York,63164,2022-04-02
8465,Sam,Miller,47,Lead,Berlin,91242,2003-08-20
8466,Lisa,Miller,59,Consultant,Singapore,30945,2020-07-11
8467,Paul,Davis,37,Developer,Toronto,87250,2011-04-26
8468,Sara,Taylor,57,Developer,London,29765,2015-03-23
8469,Mike,Taylor,34,Lead,Sydney,72665,2005-10-14
8470,Sam,Wilson,60,Intern,Paris,25921,2011-12-25
8471,Paul,Davis,41,Designer,Berlin,79812,2012-12-21
8472,John,Johnson,54,Consultant,Berlin,33650,2012-08-13
8473,Lisa,Smith,29,Intern,Dubai,27157,2013-09-10
8474,Sam,Davis,18,Clerk,Toronto,47812,2024-03-31
8475,Sam,Miller,26,Engineer,Toronto,30489,2005-07-16
8476,Mike,Davis,60,Architect,Singapore,65657,2013-05-29
8477,Mike,Brown,50,Designer,Toronto,106082,2018-06-30
8478,Sara,Wilson,56,Designer,Berlin,31511,2008-12-15
8479,Tom,Taylor,22,Clerk,Sydney,87210,2023-11-25
8480,Sam,Jones,41,Clerk,Dubai,74447,2010-04-11
8481,Emma,Johnson,18,Intern,Sydney,49283,2021-12-03
8482,Jane,Smith,42,Engineer,London,30376,2000-10-08
8483,Mike,Johnson,37,Architect,Sydney,35428,2003-03-11
8484,John,Davis,55,Intern,Dubai,111490,2004-09-07
8485,Mike,Johnson,34,Manager,Berlin,90019,2011-06-24
8486,Mike,Smith,50,Engineer,Singapore,95839,2013-06-03
8487,Lisa,Miller,53,Lead,Berlin,100122,2000-07-19
8488,Paul,Miller,23,Developer,Berlin,40747,2000-03-26
8489,Tom,Jones,30,Consultant,Sydney,68616,2018-03-10
8490,Jane,Johnson,48,Developer,Sydney,55058,2000-07-18
8491,John,Jones,49,Analyst,Berlin,74081,2010-03-16
8492,Emma,Garcia,22,Analyst,Toronto,35974,2024-04-25
8493,Alex,Taylor,40,Manager,Toronto,42425,2018-03-23
8494,Jane,Wilson,53,Clerk,Sydney,65764,2021-06-20
8495,Sam,Brown,43,Consultant,Toronto
8496,Jane,Garcia,59,Manager,London,71795,2021-02-19
8497,Tom,Wilson,21,Engineer,New York,112972,2011-01-25
8498,Lisa,Jones,36,Consultant,London,97847,2007-01-07
8499,Alex,Johnson,25,Engineer,Berlin,62779,2023-05-20
8500,Alex,Wilson,19,Designer,Singapore,62762,2007-04-14
8501,Sara,Smith,59,Architect,Berlin,26014,2011-12-28
8502,Alex,Brown,18,Manager,Tokyo,45868,2014-01-16
8503,Tom,Smith,47,Intern,Delhi,111017,2018-06-05
8504,Emma,Wilson,49,Architect,Dubai,30624,2009-04-26
8505,Sara,Davis,29,Lead,Dubai,57685,2004-08-07
8506,Lisa,Brown,52,Architect,Paris,62673,2008-11-24
8507,John,Johnson,35,Consultant,Singapore,71634,2003-09-16
8508,Sam,Davis,42,Clerk,New York,77327,2016-03-19
8509,John,Wilson,23,Manager,London,39253,2010-07-01
8510,Jane,Davis,30,Manager,Paris,61510,2023-11-12
8511,Alex,Garcia,51,Clerk,New York,26600,2018-04-02
8512,Mike,Taylor,19,Architect,Dubai,94705,2022-01-12
8513,Mike,Smith,43,Lead,Sydney,69159,2005-03-26
8514,Alex,Wilson,24,Architect,Berlin,35667,2024-09-27
8515,Alex,Jones,23,Analyst,Berlin,97847,2019-11-12
8516,Lisa,Jones,48,Clerk,Berlin,52155,2019-03-28
8517,Sara,Brown,42,Clerk,London,118206,2021-10-11
8518,Sara,Williams,48,Engineer,Dubai,26230,2000-07-08
8519,Jane,Johnson,56,Manager,Paris,89320,2008-07-05
8520,Paul,Williams,32,Manager,Dubai,90614,2006-02-19
8521,Lisa,Taylor,42,Lead,London,96443,2010-07-02
8522,Jane,Taylor,24,Manager,Toronto,75869,2020-08-19
8523,Sam,Davis,27,Developer,Paris,28185,2020-11-22
8524,Jane,Davis,25,Consultant,Delhi,114736,2000-08-22
8525,Paul,Williams,28,Developer,Sydney,100985,2005-09-27
8526,Tom,Jones,53,Intern,New York,116755,2005-05-06
8527,Lisa,Jones,54,Consultant,Paris,34323,2008-02-08
8528,Sara,Smith,46,Engineer,Berlin,76973,2011-10-05
8529,Sam,Garcia,46,Clerk,Tokyo,83893,2010-02-15
8530,Alex,Smith,44,Designer,Toronto,106439,2012-03-09
8531,Sam,Smith,24,Developer,Berlin,49966,2004-01-18
8532,Alex,Smith,25,Developer,Singapore,44324,2004-04-23
8533,Jane,Brown,42,Intern,Delhi,70186,2019-08-28
8534,Mike,Smith,34,Lead,New York,104110,2013-10-03
8535,Emma,Wilson,53,Consultant,New York,59315,2000-12-10
8536,John,Brown,53,Engineer,Delhi,112905,2024-10-15
8537,Emma,Wilson,30,Engineer,Delhi,83873,2013-01-01
8538,John,Taylor,59,Intern,Dubai,29530,2013-04-07
8539,Jane,Taylor,30,Developer,Dubai,87942,2005-02-06
8540,John,Miller,29,Architect,Singapore,87426,2002-08-25
8541,Emma,Smith,41,Consultant,Paris,64969,2023-02-10
8542,Alex,Garcia,33,Consultant,Delhi,81898,2014-10-15
8543,Mike,Miller,48,Architect,London,59316,2003-05-04
8544,Lisa,Taylor,43,Architect,Berlin,52281,2016-08-27
8545,Alex,Garcia,26,Developer,Toronto,42879,2002-11-27
8546,Alex,Williams,42,Developer,Paris,46664,2001-02-03
8547,Lisa,Brown,36,Manager,London,67040,2006-11-19
8548,Paul,Smith,44,Engineer,Singapore,83142,2024-02-19
8549,Jane,Brown,39,Engineer,Dubai,26038,2021-09-28
8550,Sara,Garcia,33,Manager,Delhi,70380,2006-04-17
8551,Sam,Jones,22,Intern,Dubai,81203,2024-10-01
8552,Tom,Taylor,26,Intern,Toronto,75943,2016-05-25
8553,Paul,Davis,23,Analyst,Tokyo,47281,2006-04-24
8554,Lisa,Jones,46,Architect,Berlin,63345,2014-08-02
8555,Paul,Jones,49,Lead,London,66985,2000-09-07
8556,John,Brown,27,Analyst,Sydney,44546,2003-10-16
8557,Alex,Garcia,46,Manager,Paris,85109,2002-12-30
8558,Mike,Williams,45,Engineer,Delhi,73279,2004-10-19
8559,Jane,Johnson,34,Manager,Berlin,81948,2022-09-06
8560,Tom,Williams,22,Clerk,Singapore,85473,2016-08-07
8561,John,Brown,51,Consultant,Tokyo,36315,2016-11-10
8562,Alex,Brown,19,Consultant,Sydney,62150,2014-06-06
8563,John,Miller,23,Manager,Tokyo,59853,2000-12-31
8564,Sam,Miller,31,Intern,New York,89036,2023-09-26
8565,Alex,Jones,24,Engineer,Delhi,108646,2003-09-30
8566,Sam,Williams,38,Intern,Tokyo,51469,2023-03-16
8567,Tom,Davis,28,Designer,Paris,84310,2019-11-15
8568,Sara,Smith,35,Consultant,Singapore,105650,2013-09-11
8569,Jane,Williams,47,Clerk,Singapore,59182,2013-04-07
8570,Alex,Johnson,34,Intern,Dubai,107297,2021-06-21
8571,Lisa,Wilson,24,Developer,Toronto,100811,2009-06-18
8572,Sam,Brown,34,Engineer,Sydney,56090,2017-08-02
8573,Tom,Wilson,47,Architect,New York,40080,2000-05-03
8574,Mike,Wilson,26,Engineer,Delhi,36655,2023-08-27
8575,Tom,Jones,46,Designer,Delhi,112724,2002-07-10
8576,Lisa,Jones,40,Lead,Toronto,26688,2016-07-29
8577,Emma,Brown,26,Designer,Delhi,51191,2008-06-02
8578,Mike,Brown,59,Engineer,Dubai,104658,2020-07-11
8579,Lisa,Johnson,60,Engineer,Dubai,91696,2022-10-07
8580,John,Miller,24,Engineer,Toronto,48766,2011-06-24
8581,Sam,Johnson,47,Lead,Tokyo,60390,2023-02-04
8582,Emma,Garcia,43,Lead,Singapore,95651,2003-11-06
8583,Alex,Miller,57,Analyst,New York,71036,2022-03-18
8584,Paul,Johnson,38,Intern,Paris,46397,2010-10-19
8585,Alex,Garcia,23,Designer,New York,50551,2016-04-17
8586,Mike,Garcia,33,Manager,Toronto,75257,2010-01-31
8587,Jane,Brown,60,Intern,New York,93299,2019-07-21
8588,Emma,Johnson,58,Manager,Dubai,112543,2022-06-23
8589,Alex,Brown,47,Clerk,Dubai,61108,2012-10-21
8590,Alex,Miller,37,Lead,Toronto,103158,2007-03-04
8591,Mike,Brown,51,Analyst,Delhi,73653,2017-08-15
8592,Tom,Davis,55,Engineer,Paris,55173,2000-01-22
8593,John,Jones,52,Consultant,Sydney,62512,2006-05-23
8594,Lisa,Garcia,38,Consultant,Tokyo,79201,2013-06-18
8595,Alex,Garcia,27,Intern,Sydney,25341,2011-09-04
8596,Jane,Miller,24,Analyst,London,41420,2005-11-19
8597,Mike,Wilson,19,Architect,Delhi,33404,2007-05-16
8598,Tom,Johnson,52,Designer,Tokyo,42280,2020-03-19
8599,Lisa,Miller,32,Architect,Delhi,99398,2020-01-16
8600,Emma,Miller,23,Developer,Singapore,116975,2013-09-29
8601,Emma,Wilson,20,Consultant,London,77324,2022-06-02
8602,Sara,Wilson,56,Designer,Delhi,63341,2001-04-01
8603,Paul,Brown,59,Designer,Toronto,48194,2012-10-28
8604,Tom,Brown,31,Engineer,New York,60359,2006-11-08
8605,Sam,Davis,55,Lead,Toronto,78286,2024-01-29
8606,Mike,Garcia,27,Consultant,Toronto,107472,2019-09-24
8607,Jane,Jones,53,Intern,Sydney,96632,2024-09-30
8608,Tom,Davis,42,Analyst,London,72460,2024-09-28
8609,Tom,Johnson,39,Consultant,Singapore,25510,2004-09-13
8610,Sam,Garcia,21,Consultant,Singapore,46159,2008-03-14
8611,Lisa,Taylor,52,Analyst,Berlin,49484,2014-03-10
8612,Lisa,Smith,25,Clerk,London,110383,2024-01-29
8613,Paul,Taylor,34,Designer,London,68515,2023-07-14
8614,Sam,Brown,32,Developer,Dubai,118091,2004-10-08
8615,Jane,Williams,29,Developer,London,101403,2008-10-22
8616,Tom,Wilson,45,Consultant,Delhi,76286,2010-08-09
8617,Alex,Brown,56,Designer,Toronto,106902,2006-01-06
8618,Tom,Smith,40,Lead,Sydney,46911,2018-07-21
8619,Sara,Brown,47,Clerk,Delhi,33479,2009-11-26
8620,Lisa,Miller,58,Consultant,Sydney,41060,2014-03-05
8621,Sam,Smith,45,Intern,Sydney,56613,2010-10-01
8622,John,Brown,24,Clerk,Singapore,90781,2015-02-08
8623,Paul,Williams,59,Developer,Toronto,71928,2001-06-17
8624,Lisa,Jones,23,Clerk,London,36111,2010-12-21
8625,John,Johnson,46,Analyst,London,48448,2013-02-07
8626,Alex,Taylor,56,Designer,Singapore,36932,2010-08-12
8627,Jane,Garcia,53,Engineer,Paris,118151,2013-03-31
8628,Jane,Taylor,47,Manager,Dubai,92500,2007-06-01
8629,Paul,Davis,51,Consultant,Paris,76495,2014-10-08
8630,Emma,Davis,56,Architect,Delhi,60933,2024-11-28
8631,Paul,Brown,45,Intern,New York,118144,2008-07-20
8632,Alex,Miller,31,Developer,Tokyo,68394,2015-01-28
8633,Mike,Wilson,47,Designer,Tokyo,55091,2010-01-16
8634,Tom,Williams,26,Intern,Delhi,84906,2005-05-18
8635,Mike,Brown,34,Engineer,Toronto,95527,2008-10-22
8636,Paul,Johnson,30,Clerk,Dubai,115831,2002-01-04
8637,John,Davis,53,Consultant,Berlin,81040,2023-08-22
8638,Tom,Miller,32,Architect,Toronto,86137,2006-07-26
8639,Emma,Brown,49,Manager,Berlin,72761,2020-03-03
8640,Mike,Davis,32,Architect,New York,56811,2018-07-22
8641,John,Smith,54,Intern,Singapore,108429,2021-04-17
8642,Sara,Miller,53,Architect,Paris,82290,2002-11-20
8643,Mike,Taylor,20,Designer,Delhi,67946,2017-03-29
8644,Alex,Johnson,31,Developer,Paris,52177,2021-07-04
8645,Jane,Smith,57,Architect,Tokyo,61372,2018-07-20
8646,Sara,Taylor,51,Lead,London,117824,2001-06-30
8647,John,Johnson,50,Architect,Sydney,81013,2017-10-16
8648,Alex,Garcia,41,Clerk,Paris,86613,2000-02-16
8649,Sam,Miller,23,Consultant,Dubai,88133,2008-01-10
8650,Emma,Wilson,37,Manager,London,112459,2012-07-18
8651,Paul,Jones,26,Engineer,Sydney,68283,2017-01-02
8652,Mike,Wilson,60,Intern,Tokyo,74629,2022-03-24
8653,Jane,Taylor,24,Developer,New York,69173,2014-05-12
8654,Sam,Brown,18,Architect,Berlin,111154,2021-02-25
8655,John,Davis,41,Analyst,Dubai,90507,2005-05-02
8656,Tom,Taylor,26,Intern,Delhi,34925,2011-01-25
8657,Paul,Garcia,22,Consultant,London,114604,2005-03-12
8658,Sam,Wilson,19,Engineer,Singapore,93060,2013-05-14
8659,Sara,Smith,36,Lead,Tokyo,26262,2010-02-02
8660,Sara,Johnson,46,Engineer,Toronto,55120,2018-03-18
8661,Jane,Williams,26,Developer,Delhi,72210,2002-04-15
8662,Emma,Taylor,55,Engineer,New York,30900,2023-07-07
8663,Alex,Johnson,39,Engineer,Tokyo,40901,2002-08-09
8664,Sam,Taylor,33,Clerk,Paris,80563,2001-03-31
8665,Mike,Williams,45,Analyst,Sydney,92364,2007-11-11
8666,John,Garcia,36,Engineer,Paris,39310,2011-10-03
8667,Mike,Williams,26,Consultant,Delhi,61078,2009-10-06
8668,Alex,Johnson,48,Intern,Berlin,68717,2010-06-12
8669,Lisa,Williams,48,Manager,Tokyo,39449,2020-04-09
8670,Emma,Johnson,26,Clerk,London,78277,2014-11-14
8671,Sam,Brown,18,Consultant,Sydney,35534,2003-08-18
8672,Lisa,Brown,45,Architect,Sydney,41171,2019-05-02
8673,Sara,Williams,30,Clerk,Delhi,52878,2002-06-03
8674,Lisa,Smith,19,Consultant,Paris,50170,2003-10-05
8675,John,Taylor,55,Manager,Tokyo,50710,2020-12-30
8676,Jane,Williams,60,Analyst,Berlin,72580,2010-02-18
8677,Jane,Jones,53,Architect,Paris,112915,2008-11-11
8678,Sara,Smith,44,Intern,Berlin,113243,2002-12-11
8679,Jane,Wilson,25,Architect,Sydney,61615,2002-05-07
8680,Emma,Brown,18,Designer,Paris,76624,2000-01-25
8681,Emma,Jones,46,Manager,Singapore,33973,2019-12-25
8682,Sam,Williams,56,Clerk,Dubai,36938,2011-04-20
8683,Mike,Smith,54,Lead,Berlin,72247,2009-01-25
8684,Mike,Jones,60,Manager,Singapore,116996,2014-01-15
8685,Mike,Williams,31,Designer,Tokyo,58145,2019-05-31
8686,Mike,Brown,46,Analyst,Dubai,74065,2013-01-29
8687,Sam,Davis,59,Manager,Sydney,116097,2020-10-13
8688,Sara,Johnson,28,Intern,Delhi,64638,2008-01-05
8689,Paul,Davis,59,Analyst,London,33545,2009-11-26
8690,Emma,Brown,46,Consultant,Sydney,116212,2018-07-12
8691,Lisa,Smith,20,Designer,Dubai,36309,2023-05-04
8692,Mike,Garcia,47,Engineer,London,34714,2021-07-19
8693,Sara,Wilson,48,Engineer,Sydney,77645,2006-02-26
8694,Mike,Brown,44,Manager,Delhi,52625,32-13-2025
8695,John,Jones,21,Developer,Paris,65591,2002-05-04
8696,Mike,Jones,46,Architect,Singapore,31332,32-13-2025
8697,John,Davis,34,Clerk,New York,47760,2006-11-24
8698,Emma,Johnson,40,Intern,Dubai,103162,2000-12-10
8699,Sara,Brown,53,Clerk,Sydney,83252,2019-07-23
8700,Jane,Williams,21,Developer,Dubai,81111,2000-10-28
8701,Tom,Taylor,52,Designer,Sydney,90305,2014-03-25
8702,Mike,Jones,42,Designer,New York,73861,2002-02-11
8703,Paul,Miller,59,Architect,Paris,91252,2010-04-23
8704,Tom,Jones,18,Architect,Tokyo,35543,2023-12-17
8705,Mike,Taylor,20,Analyst,Dubai,101670,2021-06-23
8706,Emma,Wilson,44,Architect,New York,101349,2004-03-16
8707,John,Johnson,36,Consultant,Delhi,80608,2002-04-10
8708,Sara,Jones,40,Architect,New York,61647,2010-01-27
8709,John,Garcia,27,Analyst,Delhi,96217,2014-12-11
8710,John,Brown,27,Developer,Sydney,98730,2011-05-28
8711,Emma,Wilson,19,Analyst,London,109391,2010-11-07
8712,Emma,Williams,19,Intern,Berlin,29861,2013-07-13
8713,Mike,Johnson,32,Intern,Sydney,46552,2012-12-23
8714,Sam,Williams,31,Consultant,Delhi,56626,2018-06-03
8715,Sam,Williams,55,Manager,Toronto,110012,2007-08-25
8716,Alex,Wilson,37,Consultant,Toronto,47619,2002-12-22
8717,Sara,Brown,22,Analyst,Paris,115540,2005-11-29
8718,Jane,Taylor,31,Analyst,Singapore,65429,2005-05-21
8719,Alex,Taylor,26,Engineer,London,116978,2009-01-02
8720,Jane,Jones,51,Engineer,Paris,103350,2004-04-29
8721,Tom,Taylor,21,Clerk,New York,29172,2010-06-05
8722,Emma,Miller,46,Architect,London,72666,2008-01-01
8723,Mike,Davis,58,Manager,Toronto,83753,2010-04-24
8724,Tom,Brown,49,Manager,Toronto,92965,2016-07-29
8725,Paul,Johnson,44,Architect,Dubai,46007,2018-01-17
8726,Sara,Wilson,24,Engineer,Sydney,43199,2005-04-14
8727,John,Brown,18,Designer,Dubai,64255,2023-09-09
8728,Jane,Jones,44,Clerk,London,102833,2021-08-10
8729,Lisa,Brown,38,Analyst,Toronto,70875,2022-07-20
8730,Sara,Davis,55,Developer,Tokyo,38761,2023-12-15
8731,Lisa,Garcia,43,Clerk,Delhi,63522,2008-10-31
8732,Emma,Johnson,26,Manager,Tokyo,52826,2005-12-07
8733,Emma,Johnson,29,Designer,Delhi,33578,2012-12-03
8734,Jane,Brown,48,Clerk,Singapore,74912,2002-02-20
8735,Emma,Brown,47,Developer,Sydney,62931,2015-12-01
8736,Jane,Miller,19,Analyst,Singapore,39527,2022-09-18
8737,Paul,Garcia,19,Manager,Singapore,87572,2001-03-10
8738,Jane,Davis,30,Engineer,Dubai,28470,2015-06-10
8739,Sara,Garcia,50,Developer,Tokyo,35196,2023-02-24
8740,Paul,Johnson,35,Lead,Singapore,33370,2017-05-29
8741,Mike,Garcia,57,Clerk,Dubai,107134,2022-10-27
8742,John,Williams,19,Analyst,London,41225,2007-03-29
8743,Alex,Brown,27,Developer,Sydney,57378,2004-11-23
8744,Tom,Brown,50,Analyst,New York,117415,2006-10-03
8745,Emma,Williams,59,Manager,Toronto,66476,2013-05-12
8746,Mike,Johnson,46,Consultant,Paris,91024,2007-07-15
8747,Emma,Wilson,47,Clerk,Paris,51876,2019-11-20
8748,Sara,Wilson,59,Lead,Toronto,43343,2020-02-27
8749,Lisa,Garcia,25,Architect,Sydney,85955,2017-03-18
8750,Tom,Wilson,30,Manager,London,35198,2020-07-10
8751,Emma,Davis,20,Clerk,Paris,25823,2015-11-23
8752,Sam,Taylor,31,Architect,Paris,25702,2000-06-12
8753,Paul,Taylor,39,Engineer,Singapore,43653,2012-04-07
8754,Sam,Wilson,45,Architect,Sydney,30779,2002-03-25
8755,Mike,Jones,34,Designer,Tokyo,104468,2013-04-29
8756,Tom,Garcia,20,Lead,Singapore,115427,2020-04-01
8757,Lisa,Wilson,51,Intern,Sydney,54917,2009-03-31
8758,Jane,Jones,41,Intern,Singapore,44463,2010-07-12
8759,Emma,Davis,34,Intern,London,114829,2022-11-11
8760,Jane,Brown,41,Lead,Sydney,85163,2020-06-08
8761,Alex,Brown,48,Developer,Toronto,86325,2019-11-10
8762,Lisa,Jones,43,Designer,Sydney,54037,2003-06-09
8763,Lisa,Garcia,19,Designer,Tokyo,31602,2019-06-28
8764,Lisa,Davis,51,Clerk,Delhi,117453,2015-06-16
8765,Alex,Taylor,26,Lead,Sydney,67865,2003-03-16
8766,Sam,Williams,39,Developer,Toronto,78062,2012-02-29
8767,Mike,Davis,35,Intern,London,117669,2024-09-26
8768,Paul,Brown,46,Consultant,London,31839,2019-06-10
8769,Mike,Miller,27,Manager,London,32251,2011-03-27
8770,Emma,Taylor,52,Engineer,Sydney,86056,2016-09-06
8771,John,Brown,32,Analyst,New York,88090,2012-03-28
8772,Jane,Jones,30,Lead,Berlin,64771,2018-05-09
8773,Emma,Brown,21,Consultant,Toronto,81875,2024-11-12
8774,Sara,Davis,56,Consultant,New York,71004,2019-07-01
8775,Emma,Garcia,33,Architect,Berlin,56095,2004-03-13
8776,John,Johnson,35,Designer,Tokyo,57982,2022-05-25
8777,Sara,Johnson,36,Designer,Toronto,81377,2004-01-31
8778,Sam,Davis,22,Developer,Tokyo,68290,2010-05-16
8779,Tom,Davis,25,Analyst,Toronto,116629,2010-07-16
8780,Sara,Jones,37,Architect,Dubai,73464,2015-09-11
8781,John,Miller,56,Lead,Singapore,103637,2021-10-19
8782,Emma,Johnson,32,Consultant,Paris,59511,2010-01-25
8783,Sam,Williams,51,Consultant,New York,46338,2004-05-06
8784,Tom,Jones,37,Architect,New York,62710,2021-05-09
8785,Tom,Wilson,45,Intern,Dubai,55718,2009-10-12
8786,John,Miller,28,Clerk,Toronto,74204,2020-03-04
8787,Sam,Davis,57,Lead,New York,35689,2005-09-26
8788,Emma,Johnson,30,Developer,Sydney,101959,2016-06-18
8789,Jane,Johnson,33,Designer,Sydney,60640,2020-08-15
8790,Paul,Williams,48,Designer,London,67360,2022-07-01
8791,Emma,Brown,21,Architect,New York,112475,2016-04-16
8792,Mike,Davis,49,Analyst,London,97650,2016-09-30
8793,Sara,Miller,37,Architect,Dubai,70729,2000-07-19
8794,Jane,Wilson,25,Architect,New York,77021,2002-01-15
8795,John,Wilson,38,Designer,Dubai,56891,2002-02-06
8796,Sam,Garcia,49,Manager,Sydney,77974,2022-03-14
8797,Tom,Smith,35,Lead,Singapore,51914,2020-07-18
8798,Paul,Wilson,24,Intern,Toronto,64349,2023-04-28
8799,Mike,Smith,38,Clerk,Paris,106576,2016-07-13
8800,Lisa,Wilson,22,Intern,Dubai,111236,2007-01-07
8801,Paul,Garcia,58,Intern,Paris,29016,2007-04-25
8802,Lisa,Wilson,23,Consultant,Sydney,85548,2019-09-10
8803,Emma,Garcia,60,Designer,Singapore,80842,2010-09-15
8804,John,Davis,32,Consultant,Paris,54375,2022-04-14
8805,Jane,Williams,59,Consultant,Delhi,72469,2016-03-11
8806,Alex,Johnson,27,Manager,New York,83652,2003-09-12
8807,Mike,Williams,27,Clerk,Berlin,90110,2012-01-12
8808,Mike,Taylor,31,Intern,Dubai,28208,2022-05-11
8809,Lisa,Brown,58,Developer,Singapore,101506,2015-12-18
8810,Alex,Smith,43,Manager,Dubai,41914,2017-07-26
8811,Emma,Smith,42,Lead,Delhi,56210,2016-04-14
8812,Sara,Wilson,20,Analyst,Singapore,37142,2024-07-30
8813,Mike,Williams,51,Lead,Sydney,78098,2017-09-05
8814,Mike,Garcia,26,Architect,Delhi,96829,2002-07-03
8815,John,Smith,46,Developer,New York,29589,2013-11-25
8816,Tom,Garcia,57,Clerk,Berlin,62824,2002-04-24
8817,Emma,Davis,21,Lead,Berlin,73517,2023-03-07
8818,Jane,Smith,19,Lead,Paris,70262,2012-05-17
8819,Jane,Miller,46,Engineer,Sydney,89105,2020-12-22
8820,Tom,Brown,35,Designer,London,97553,2001-01-16
8821,Sam,Taylor,20,Manager,Dubai,63248,2015-02-03
8822,Paul,Brown,23,Lead,New York,87454,2002-07-06
8823,Lisa,Johnson,46,Analyst,Toronto,115991,2018-10-09
8824,Sam,Jones,57,Analyst,Tokyo,88963,2023-12-21
8825,Emma,Williams,60,Clerk,Berlin,102946,2020-10-08
8826,Mike,Wilson,33,Lead,Singapore,30673,2005-01-20
8827,Paul,Johnson,23,Consultant,Singapore,51127,2004-12-22
8828,Sam,Davis,36,Architect,Singapore,40103,2011-04-17
8829,Mike,Johnson,52,Lead,Toronto,103279,2001-07-19
8830,Sam,Brown,54,Engineer,Tokyo,45822,2007-10-09
8831,Jane,Garcia,52,Analyst,Delhi,65165,2002-08-01
8832,John,Davis,22,Lead,Berlin,73786,2016-08-17
8833,John,Williams,38,Analyst,New York,55873,2009-04-26
8834,Tom,Garcia,57,Clerk,Sydney,98934,2013-04-29
8835,Lisa,Taylor,36,Analyst,Paris,54014,2008-07-20
8836,John,Brown,40,Designer,Delhi,84549,2010-03-04
8837,Lisa,Williams,37,Consultant,Paris,103393,2016-05-12
8838,Sam,Johnson,32,Consultant,Singapore,51753,2016-11-05
8839,John,Johnson,25,Analyst,Delhi,81370,2016-09-10
8840,Jane,Wilson,31,Consultant,Paris,105979,2006-09-18
8841,Sara,Brown,29,Lead,New York,118427,2004-04-02
8842,John,Davis,50,Analyst,Dubai,116964,2013-12-19
8843,Jane,Johnson,35,Developer,Dubai,53529,2001-02-15
8844,Alex,Davis,53,Designer,Singapore,52419,2012-11-02
8845,Tom,Smith,57,Clerk,Tokyo,103373,2001-11-24
8846,Mike,Garcia,58,Engineer,Dubai,115231,2006-02-10
8847,Emma,Wilson,36,Architect,Tokyo,27769,2007-02-14
8848,Mike,Garcia,37,Analyst,Paris,39518,2018-09-13
8849,Paul,Smith,50,Manager,Paris,27660,2002-08-28
8850,Emma,Johnson,55,Manager,New York,28942,2002-10-30
8851,Sara,Smith,30,Engineer,Singapore,110380,2006-10-16
8852,John,Garcia,34,Analyst,Toronto,68979,2010-04-14
8853,Lisa,Davis,45,Clerk,Paris,80214,2018-04-30
8854,Paul,Davis,37,Engineer,New York,119187,2009-09-14
8855,Mike,Miller,34,Developer,Dubai,29860,2004-08-29
8856,Alex,Taylor,26,Engineer,Singapore,101233,2013-03-10
8857,Sam,Taylor,51,Architect,Tokyo,63706,2016-01-25
8858,Mike,Williams,28,Developer,Dubai,49675,2001-05-19
8859,John,Williams,39,Engineer,Delhi,114860,2014-01-30
8860,Jane,Taylor,26,Analyst,Tokyo,113917,2014-10-08
8861,Sara,Miller,50,Clerk,Toronto,117121,2006-01-16
8862,Sara,Smith,55,Lead,London,29216,2004-03-12
8863,Jane,Davis,43,Consultant,Delhi,77672,2014-02-02
8864,Mike,Jones,53,Lead,Tokyo,32515,2000-08-08
8865,Tom,Wilson,24,Consultant,Tokyo,100463,2010-03-11
8866,Jane,Williams,56,Architect,Singapore,111664,2007-03-31
8867,Jane,Williams,56,Engineer,Delhi,33435,2012-02-20
8868,Jane,Jones,27,Developer,Paris,43652,2021-07-15
8869,Sam,Miller,60,Designer,Dubai,44624,2015-08-14
8870,John,Smith,56,Consultant,Paris,101635,2007-02-11
8871,Paul,Davis,54,Architect,Toronto,50674,2003-10-03
8872,Sara,Johnson,45,Analyst,Berlin,37345,2010-05-13
8873,Mike,Garcia,29,Engineer,Toronto,91178,2019-04-29
8874,Lisa,Davis,20,Manager,New York,31011,2017-07-09
8875,Sara,Jones,56,Intern,Singapore,36581,2018-05-01
8876,Emma,Garcia,28,Manager,London,106579,2013-03-30
8877,Sara,Smith,60,Lead,Toronto,63689,2001-05-03
8878,Jane,Garcia,30,Engineer,Delhi,80775,2006-03-06
8879,Paul,Miller,20,Lead,New York,108850,2004-01-07
8880,Paul,Smith,48,Analyst,Sydney,72677,2018-01-06
8881,Alex,Garcia,35,Designer,New York,97131,2006-04-28
8882,Paul,Williams,31,Architect,Sydney,48433,2020-02-18
8883,Mike,Williams,39,Intern,Singapore,56184,2016-12-03
8884,Tom,Brown,46,Manager,Tokyo,26384,2011-02-21
8885,John,Wilson,32,Engineer,Sydney,32041,2008-03-08
8886,John,Brown,21,Engineer,Sydney,119377,2016-05-15
8887,Jane,Taylor,32,Engineer,Berlin,32892,32-13-2025
8888,Sam,Wilson,18,Manager,New York,90934,2017-03-14
8889,Mike,Miller,39,Consultant,Tokyo,60930,2022-06-05
8890,Paul,Brown,56,Manager,London,61916,2013-11-29
8891,Jane,Williams,49,Analyst,Dubai,55220,2009-07-04
8892,Alex,Jones,59,Consultant,Tokyo,49832,2020-04-16
8893,Alex,Brown,18,Lead,New York,81516,2004-10-10
8894,John,Davis,18,Manager,Toronto,95094,2012-03-05
8895,Sara,Miller,36,Consultant,London,46257,2000-01-15
8896,Tom,Jones,54,Designer,Dubai,68575,2002-08-24
8897,Paul,Taylor,55,Intern,Tokyo,49491,2006-06-17
8898,Sam,Garcia,20,Developer,Toronto,105728,2018-11-25
8899,Alex,Garcia,48,Intern,Singapore,33434,2020-04-12
8900,Sara,Taylor,39,Manager,Paris,92182,2019-01-14
8901,John,Miller,53,Consultant,Toronto,90141,2018-05-17
8902,John,Miller,44,Analyst,London,92915,2006-11-01
8903,Tom,Wilson,43,Manager,Toronto,42261,2016-11-23
8904,Sara,Miller,52,Designer,Delhi,101891,2021-06-23
8905,Emma,Miller,29,Designer,Delhi,33539,2000-08-22
8906,Tom,Jones,57,Developer,London,67480,2023-02-02
8907,Paul,Brown,47,Clerk,New York,100619,2015-08-08
8908,Lisa,Davis,53,Intern,Tokyo,36941,2024-02-23
8909,Emma,Williams,41,Developer,London,48693,2006-11-18
8910,Alex,Davis,26,Analyst,Sydney,92121,2016-08-11
8911,Emma,Davis,37,Analyst,Toronto,74156,2001-01-05
8912,John,Williams,55,Engineer,Tokyo,93913,2001-05-30
8913,Lisa,Taylor,23,Consultant,Dubai,108853,2011-04-11
8914,Sam,Garcia,56,Manager,New York,96764,2006-02-18
8915,Sara,Garcia,42,Lead,Sydney,48005,2012-09-07
8916,Lisa,Taylor,58,Architect,Paris,82855,2005-09-30
8917,Jane,Williams,28,Engineer,Paris,108189,2017-09-01
8918,Lisa,Williams,35,Analyst,London,25542,2012-11-26
8919,Jane,Smith,39,Analyst,Berlin,50288,2016-07-20
8920,Sara,Miller,32,Intern,Paris,88226,2007-08-25
8921,Mike,Miller,59,Developer,Sydney,44709,2010-02-21
8922,Paul,Smith,29,Analyst,London,94988,2008-10-20
8923,Sara,Davis,49,Manager,Toronto,113464,2019-08-16
8924,Tom,Jones,56,Consultant,London,117950,2016-12-31
8925,Sara,Garcia,37,Developer,Singapore,93197,2005-11-30
8926,Alex,Garcia,25,Intern,Toronto,110949,2017-04-23
8927,Mike,Johnson,38,Developer,New York,26910,2011-10-31
8928,Sam,Davis,23,Architect,Tokyo,85205,2015-07-16
8929,Paul,Smith,43,Clerk,Toronto,110793,2009-07-08
8930,Lisa,Johnson,22,Analyst,Toronto,62813,2004-03-09
8931,John,Williams,42,Intern,Delhi,70257,2008-02-18
8932,Mike,Brown,30,Intern,Delhi,56514,2009-07-07
8933,Alex,Smith,18,Developer,Dubai,58123,2001-02-01
8934,Mike,Davis,40,Engineer,Sydney,58289,2002-01-04
8935,Sam,Williams,42,Analyst,Tokyo,43193,2013-09-01
8936,Emma,Williams,35,Clerk,Toronto,75877,2019-05-25
8937,John,Davis,30,Intern,New York,100006,2009-03-04
8938,Alex,Johnson,51,Architect,Tokyo,69097,2007-06-02
8939,Tom,Williams,48,Developer,New York,73430,2015-07-12
8940,Paul,Taylor,27,Engineer,Delhi,98538,2004-06-05
8941,Mike,Jones,28,Manager,New York,38251,2006-11-29
8942,Emma,Smith,44,Consultant,Singapore,56907,2006-05-16
8943,Tom,Jones,30,Consultant,Delhi,96561,2007-08-11
8944,Mike,Miller,50,Developer,Toronto,48770,2008-05-21
8945,Mike,Garcia,48,Engineer,Singapore,36743,2005-08-15
8946,Emma,Brown,20,Manager,Berlin,73249,2013-12-26
8947,Sara,Davis,47,Developer,Singapore,40983,2018-01-03
8948,Tom,Smith,22,Consultant,Paris,58271,2018-10-27
8949,Tom,Smith,53,Clerk,Berlin,65699,2003-11-10
8950,Tom,Jones,48,Architect,Berlin,30426,2016-09-03
8951,Sam,Johnson,36,Architect,London,112702,2023-05-07
8952,Sam,Jones,43,Lead,London,68200,2009-07-11
8953,Sam,Smith,42,Intern,London,54318,2015-02-03
8954,Sara,Wilson,33,Lead,Tokyo,80446,2011-11-19
8955,Lisa,Wilson,50,Analyst,Paris,108760,2021-06-07
8956,Sam,Garcia,21,Architect,Paris,114146,2011-05-20
8957,Lisa,Wilson,55,Architect,London,27998,2003-01-28
8958,Sam,Johnson,56,Architect,Delhi,48686,2021-01-17
8959,Sam,Williams,36,Manager,London,43680,2021-01-20
8960,Paul,Taylor,50,Analyst,London,51746,2015-07-02
8961,Tom,Davis,38,Manager,New York,69724,2003-10-30
8962,Emma,Davis,47,Manager,Berlin,93340,2004-06-22
8963,Emma,Brown,23,Architect,Berlin,111794,2007-01-08
8964,Jane,Johnson,53,Consultant,London,51328,2020-02-11
8965,Mike,Miller,41,Developer,Tokyo,100888,2024-04-05
8966,Sara,Miller,22,Clerk,Delhi,89632,2012-07-25
8967,Alex,Davis,47,Clerk,Tokyo,56482,2024-05-20
8968,Lisa,Brown,31,Intern,Toronto,110462,2015-04-01
8969,Alex,Jones,42,Analyst,Delhi,92420,2005-04-13
8970,Alex,Johnson,39,Intern,Berlin,40494,2021-05-10
8971,Jane,Wilson,56,Consultant,Delhi,107540,2012-12-08
8972,Tom,Davis,31,Consultant,Delhi,31849,2002-09-15
8973,Paul,Smith,55,Consultant,Toronto,111862,2016-10-14
8974,Paul,Smith,47,Intern,Berlin,29498,2004-07-26
8975,Jane,Davis,48,Intern,Sydney,72845,2022-09-25
8976,Paul,Garcia,21,Intern,New York,46639,2003-04-21
8977,Mike,Johnson,33,Developer,Singapore,26477,2008-04-18
8978,John,Jones,20,Designer,Sydney,37326,2014-02-11
8979,Tom,Taylor,46,Intern,Delhi,87505,2015-11-27
8980,Sara,Garcia,52,Consultant,Toronto,107355,2018-02-15
8981,Mike,Johnson,40,Analyst,Paris,117630,2013-04-23
8982,Tom,Wilson,46,Analyst,Berlin,105201,2014-05-31
8983,Mike,Williams,52,Engineer,Tokyo,81522,2008-12-14
8984,Mike,Jones,31,Clerk,New York,39744,2002-09-03
8985,Lisa,Miller,42,Analyst,Toronto,86706,2018-01-22
8986,Emma,Jones,52,Consultant,Dubai,87787,2006-09-29
8987,Sam,Miller,22,Analyst,London,96009,2000-05-04
8988,Lisa,Smith,40,Designer,Singapore,110673,2022-03-15
8989,Tom,Smith,34,Clerk,London,63480,2002-05-27
8990,Alex,Taylor,35,Developer,Toronto,53703,2014-04-17
8991,Paul,Jones,34,Architect,Paris,33989,2012-10-21
8992,Tom,Jones,56,Engineer,London,28225,2001-10-31
8993,John,Williams,38,Developer,Berlin,117438,2005-08-08
8994,John,Davis,44,Lead,New York,37856,2024-06-01
8995,Tom,Taylor,26,Consultant,Sydney,82962,2022-06-25
8996,John,Jones,38,Manager,Paris,79625,2005-03-04
8997,Emma,Miller,57,Analyst,Singapore,88616,2002-05-09
8998,Tom,Williams,47,Analyst,Toronto,105449,2006-11-16
8999,Lisa,Brown,21,Clerk,Tokyo,58384,2006-06-04
9000,Lisa,Jones,28,Architect,Delhi,45642,2011-07-04
9001,Tom,Wilson,19,Consultant,London,89322,2005-03-18
9002,Mike,Smith,55,Consultant,Tokyo,95291,2022-10-04
9003,Tom,Wilson,25,Developer,Toronto,82581,2009-03-18
9004,Sara,Jones,21,Clerk,Berlin,34028,2017-09-20
9005,Mike,Wilson,40,Lead,New York,83962,2012-03-12
9006,Tom,Smith,24,Consultant,New York,101401,2022-08-12
9007,Mike,Miller,29,Intern,Tokyo,44387,2020-10-07
9008,Mike,Smith,40,Developer,Toronto,92804,2013-10-17
9009,Alex,Taylor,18,Lead,Tokyo,64740,2003-02-20
9010,Sam,Davis,24,Lead,Dubai,52818,2011-03-07
9011,Mike,Garcia,19,Designer,Delhi,86365,2023-09-30
9012,Jane,Wilson,28,Clerk,London,91867,2013-05-18
9013,Emma,Wilson,40,Consultant,Singapore,99069,2020-06-15
9014,Jane,Johnson,35,Architect,London,53690,2024-10-24
9015,Sara,Wilson,23,Engineer,Berlin,66837,2024-01-09
9016,Mike,Williams,29,Architect,Singapore,85948,2019-08-16
9017,Jane,Jones,32,Engineer,Tokyo,104297,2015-02-23
9018,Sam,Miller,42,Consultant,Dubai,78829,2009-05-06
9019,Sam,Williams,29,Engineer,Tokyo,31750,2000-05-29
9020,John,Miller,19,Engineer,Singapore,35039,2011-08-29
9021,Mike,Williams,39,Architect,Dubai,53059,2003-07-02
9022,Paul,Williams,18,Clerk,London,93496,2005-03-30
9023,Sara,Johnson,34,Analyst,London,37616,2017-08-17
9024,Tom,Miller,38,Analyst,London,62849,2019-09-04
9025,Emma,Williams,21,Architect,New York,55930,2000-08-31
9026,Emma,Garcia,57,Consultant,Tokyo,44769,2015-03-21
9027,Tom,Wilson,27,Analyst,Dubai,55018,2024-10-13
9028,Alex,Taylor,59,Clerk,Paris,43905,2002-09-22
9029,Paul,Garcia,26,Clerk,Sydney,86052,2001-08-15
9030,Mike,Johnson,25,Developer,Delhi,43772,2018-12-31
9031,Sara,Smith,46,Manager,Berlin,114543,2017-10-19
9032,Jane,Smith,31,Consultant,London,113034,2002-03-27
9033,Paul,Smith,40,Intern,Berlin,110131,2001-11-30
9034,Sara,Jones,30,Analyst,Sydney,98556,2019-05-16
9035,Alex,Taylor,25,Consultant,Sydney,67142,2006-03-04
9036,Jane,Jones,58,Analyst,Singapore,31486,2000-10-12
9037,John,Miller,37,Lead,Paris
9038,Lisa,Smith,33,Clerk,Berlin,114350,2015-07-15
9039,Paul,Williams,60,Consultant,London,96957,2010-12-24
9040,Sara,Miller,40,Designer,Singapore,73961,2002-08-22
9041,John,Miller,51,Clerk,New York,52855,2017-04-04
9042,Mike,Jones,52,Lead,Tokyo,110434,2024-08-28
9043,John,Wilson,28,Clerk,Tokyo,38315,2022-02-20
9044,John,Williams,25,Lead,Dubai,69192,2013-12-12
9045,Lisa,Smith,48,Designer,London,74395,2008-07-28
9046,Lisa,Smith,58,Designer,Delhi,111661,2019-06-12
9047,Sara,Davis,35,Clerk,Dubai,115330,2013-10-23
9048,Mike,Brown,56,Designer,Singapore,113256,2005-12-07
9049,John,Miller,54,Engineer,Dubai,82076,2006-08-05
9050,John,Brown,52,Clerk,Dubai,108772,2000-12-09
9051,John,Johnson,44,Engineer,Singapore,71495,2011-04-21
9052,Paul,Johnson,45,Manager,Sydney,119807,2005-09-01
9053,Tom,Jones,41,Designer,Berlin,65880,2014-11-23
9054,Alex,Williams,41,Intern,Delhi,107975,2020-12-14
9055,Paul,Smith,19,Analyst,Dubai,101789,2017-09-09
9056,Sam,Brown,22,Designer,Sydney,35568,2013-09-01
9057,Paul,Garcia,48,Developer,Tokyo,78472,2019-06-16
9058,Mike,Smith,35,Engineer,New York,40618,2002-04-11
9059,Lisa,Wilson,55,Developer,Tokyo,96671,2004-05-12
9060,John,Brown,55,Analyst,Berlin,115025,2000-01-04
9061,Sam,Johnson,39,Engineer,Delhi,85358,2006-07-26
9062,John,Davis,24,Designer,Toronto,89026,2014-03-07
9063,John,Wilson,45,Developer,Singapore,62191,2005-03-20
9064,Alex,Wilson,30,Analyst,Tokyo,60994,2013-05-15
9065,Tom,Smith,53,Architect,Sydney,107019,2012-03-29
9066,Tom,Brown,50,Intern,Delhi,72586,2024-10-21
9067,Alex,Williams,40,Lead,Sydney,80723,2009-06-09
9068,Tom,Garcia,47,Engineer,Tokyo,119612,2018-10-20
9069,John,Jones,46,Consultant,Sydney,117760,2002-06-11
9070,Jane,Williams,60,Clerk,Sydney,30577,2013-04-24
9071,Lisa,Johnson,31,Manager,Delhi,53285,2007-02-21
9072,Tom,Brown,58,Architect,Dubai,35438,2014-12-13
9073,Emma,Wilson,39,Architect,Singapore,110048,2012-11-21
9074,Sara,Williams,48,Consultant,Delhi,65688,2014-04-14
9075,Sam,Smith,21,Engineer,Berlin,44786,2010-10-01
9076,Lisa,Wilson,57,Developer,Berlin,97166,2013-01-16
9077,Lisa,Brown,40,Developer,Dubai,73409,2024-09-11
9078,Jane,Smith,44,Lead,Dubai,102531,2021-08-09
9079,Sara,Williams,56,Engineer,London,39251,2010-11-27
9080,Sam,Jones,39,Intern,Sydney,115129,2019-08-07
9081,Tom,Williams,52,Engineer,Tokyo,104308,2010-12-20
9082,Alex,Brown,47,Architect,Delhi,60237,2013-10-12
9083,John,Wilson,46,Engineer,Delhi,92429,2019-07-11
9084,John,Miller,59,Engineer,London,51193,2007-11-04
9085,Sara,Wilson,40,Manager,Dubai,86119,2020-10-07
9086,Mike,Miller,33,Architect,Singapore,57273,2004-10-14
9087,Mike,Miller,20,Lead,Paris,71386,2001-03-07
9088,Lisa,Taylor,35,Analyst,Tokyo,66907,2001-08-11
9089,Tom,Jones,55,Engineer,Berlin,90756,2000-08-11
9090,Sara,Garcia,38,Designer,Singapore,33765,2020-11-22
9091,Emma,Jones,40,Lead,Sydney,34729,2006-12-07
9092,John,Garcia,50,Manager,Toronto,48237,2007-12-04
9093,Paul,Davis,31,Designer,Dubai,30299,2004-10-01
9094,Sam,Taylor,34,Clerk,Delhi,94651,2012-06-22
9095,Mike,Wilson,49,Analyst,New York,78701,2015-01-01
9096,Paul,Johnson,40,Intern,Sydney,82394,2004-06-25
9097,Lisa,Wilson,39,Architect,Singapore,89823,2017-11-10
9098,Sara,Brown,20,Analyst,London,61987,2013-07-08
9099,John,Taylor,59,Intern,Delhi,66200,2000-11-09
9100,Emma,Taylor,18,Architect,London,63315,2023-03-01
9101,Tom,Brown,22,Analyst,London,43569,2003-08-27
9102,Sara,Johnson,18,Lead,Tokyo,112076,2011-02-10
9103,Jane,Johnson,59,Intern,Paris,62350,2006-04-19
9104,John,Wilson,31,Lead,Dubai,110233,2009-04-01
9105,Paul,Miller,59,Manager,Tokyo,54308,2016-09-22
9106,Tom,Jones,35,Architect,Toronto,62791,2024-09-11
9107,Mike,Davis,30,Designer,New York,116912,2000-07-16
9108,Paul,Johnson,23,Developer,Singapore,99045,2004-01-15
9109,Lisa,Taylor,59,Engineer,New York,66711,2021-12-26
9110,Paul,Davis,60,Developer,London,83777,2009-06-05
9111,Mike,Johnson,34,Lead,New York,84509,2015-12-08
9112,John,Williams,58,Intern,Paris,47266,2003-01-07
9113,Jane,Smith,29,Analyst,Paris,67101,2020-08-24
9114,Mike,Johnson,38,Architect,Toronto,70460,2024-05-21
9115,Paul,Johnson,20,Intern,Berlin,51947,2006-07-24
9116,Tom,Garcia,31,Consultant,Delhi,104210,2007-07-25
9117,Jane,Wilson,58,Developer,Singapore,97081,2016-03-22
9118,Alex,Davis,43,Architect,Singapore,109666,2015-11-02
9119,Tom,Smith,46,Clerk,Toronto,107078,2011-12-10
9120,Tom,Garcia,56,Intern,New York,111784,2017-05-02
9121,Tom,Smith,39,Designer,Paris,86059,2014-09-04
9122,John,Davis,20,Manager,Toronto,34310,2005-06-29
9123,Emma,Taylor,49,Architect,New York,41494,2009-02-23
9124,Tom,Taylor,54,Clerk,Delhi,116983,2011-01-16
9125,Lisa,Brown,53,Developer,London,115339,2017-04-26
9126,Sara,Smith,30,Architect,New York,74700,2012-04-29
9127,Sara,Williams,47,Lead,Tokyo,32695,2013-11-19
9128,Tom,Brown,28,Designer,Toronto,109026,2021-12-29
9129,Alex,Williams,50,Lead,Berlin,N/A,2009-11-30
9130,Paul,Johnson,20,Consultant,Toronto,107633,2014-04-21
9131,Alex,Miller,20,Lead,Tokyo,70264,2010-01-26
9132,Paul,Johnson,34,Analyst,Paris,58477,2016-06-04
9133,Tom,Johnson,28,Consultant,Sydney,59025,2018-05-03
9134,Alex,Garcia,40,Intern,Paris,37705,2016-08-26
9135,Emma,Smith,46,Consultant,Delhi,58867,2012-02-01
9136,Sara,Miller,22,Consultant,Sydney,27881,2018-08-03
9137,Mike,Williams,21,Designer,Tokyo,83630,2017-05-27
9138,Tom,Johnson,55,Lead,Paris,71208,2008-01-30
9139,Alex,Miller,54,Developer,Sydney,25682,2020-04-06
9140,Emma,Jones,50,Manager,Berlin,32515,2019-08-22
9141,Emma,Williams,59,Architect,Dubai,79581,2019-01-25
9142,Jane,Davis,27,Clerk,Sydney,65802,2008-03-20
9143,Tom,Smith,20,Developer,New York,N/A,2022-08-13
9144,Sam,Miller,60,Analyst,Toronto,114593,2013-10-16
9145,Alex,Davis,18,Engineer,Tokyo,101537,2024-04-11
9146,Sam,Brown,19,Analyst,Berlin,119907,2023-01-07
9147,Paul,Garcia,33,Manager,Delhi,87453,2006-04-03
9148,John,Taylor,21,Manager,Berlin,78746,2014-05-15
9149,John,Jones,33,Clerk,New York,54329,2014-04-25
9150,John,Garcia,53,Consultant,Dubai,59456,2016-10-04
9151,Lisa,Johnson,25,Designer,Dubai,61376,2012-11-02
9152,Sam,Johnson,55,Consultant,Paris,35098,2013-11-10
9153,Tom,Jones,48,Engineer,New York,29522,2003-09-09
9154,Emma,Smith,21,Clerk,Singapore,36450,2010-03-08
9155,Paul,Davis,58,Intern,Toronto,50118,2009-09-17
9156,Sam,Jones,51,Architect,Delhi,43701,2012-09-06
9157,Paul,Miller,50,Developer,Toronto,119208,2005-06-20
9158,Sam,Johnson,19,Intern,London,40988,2016-12-24
9159,Sam,Taylor,33,Designer,Sydney,105041,2008-10-30
9160,Mike,Brown,37,Developer,New York,111654,2007-04-02
9161,Alex,Brown,52,Designer,Tokyo,49525,2013-10-05
9162,Jane,Taylor,32,Intern,London,101833,2011-03-09
9163,Jane,Garcia,23,Manager,New York,110868,2020-08-25
9164,John,Davis,58,Consultant,Singapore,79714,2023-01-04
9165,Paul,Jones,18,Architect,Berlin,79890,2020-07-17
9166,Lisa,Wilson,29,Analyst,Sydney,113419,2001-05-13
9167,Emma,Miller,35,Intern,Sydney,118888,2009-04-29
9168,Alex,Williams,31,Consultant,New York,74903,2021-12-30
9169,Sam,Taylor,34,Developer,Dubai,117810,2009-07-20
9170,Sam,Miller,40,Engineer,Toronto,59368,2018-11-12
9171,Sam,Wilson,30,Analyst,Dubai,96877,2022-03-18
9172,John,Davis,32,Architect,Paris,34190,2001-05-31
9173,Sam,Jones,51,Engineer,Tokyo,114115,2016-12-16
9174,Sara,Johnson,20,Intern,Sydney,48282,2009-02-16
9175,Jane,Miller,20,Intern,Sydney,55542,2002-04-08
9176,Lisa,Wilson,48,Developer,London,70605,2009-06-05
9177,Paul,Wilson,52,Architect,Singapore,69522,2008-03-26
9178,Emma,Brown,50,Clerk,Dubai,64158,2017-09-13
9179,Emma,Davis,48,Lead,Berlin,104092,2007-03-20
9180,Paul,Brown,23,Consultant,Toronto,106460,2019-02-21
9181,John,Smith,33,Manager,Paris,69943,2013-04-06
9182,Tom,Taylor,46,Clerk,Berlin,79387,2024-09-19
9183,Paul,Smith,29,Designer,Sydney,79564,2015-06-26
9184,Lisa,Garcia,29,Architect,Paris,80599,2024-07-04
9185,Sara,Smith,43,Analyst,Toronto,34264,2010-02-26
9186,John,Miller,23,Analyst,Delhi,105620,2001-07-18
9187,Sam,Davis,22,Engineer,Berlin,108271,2009-08-12
9188,Mike,Smith,55,Engineer,Tokyo,60457,2010-10-23
9189,Lisa,Davis,30,Consultant,Toronto,37880,2023-12-15
9190,Jane,Smith,36,Analyst,Singapore,92002,2017-01-15
9191,Alex,Jones,31,Intern,Sydney,50668,2003-10-09
9192,Tom,Johnson,36,Engineer,Dubai,33986,2006-08-09
9193,Sam,Johnson,27,Clerk,Tokyo,89023,2017-07-08
9194,Sara,Williams,52,Designer,Dubai,45895,2014-08-12
9195,Jane,Jones,23,Lead,Tokyo,90237,2013-03-10
9196,Sara,Taylor,38,Intern,Toronto,111009,2022-01-22
9197,Tom,Williams,50,Intern,Toronto,65775,2009-08-17
9198,Jane,Brown,18,Architect,Paris,41357,2019-10-17
9199,Tom,Wilson,21,Manager,Toronto,50387,2003-11-23
9200,Jane,Wilson,42,Designer,Singapore,79529,2012-07-26
9201,Alex,Brown,59,Developer,Paris,91957,2022-05-02
9202,Emma,Jones,39,Manager,Singapore,82924,2023-09-19
9203,Paul,Williams,48,Intern,Tokyo,119602,2014-11-02
9204,Jane,Brown,41,Lead,New York,88334,2019-02-14
9205,Alex,Wilson,22,Consultant,New York,106600,2007-11-19
9206,Jane,Johnson,30,Manager,Singapore,114825,2012-04-03
9207,Sam,Williams,34,Consultant,Tokyo,77237,2003-03-05
9208,Lisa,Jones,49,Manager,Berlin,75939,2013-10-27
9209,Tom,Jones,28,Intern,New York,87460,2021-08-13
9210,Emma,Taylor,24,Manager,Berlin,69368,2006-10-11
9211,Mike,Garcia,35,Consultant,Berlin,74394,2005-09-04
9212,John,Brown,38,Manager,Delhi,71515,2007-12-19
9213,Sam,Johnson,18,Intern,Tokyo,53053,2010-05-27
9214,Mike,Jones,39,Intern,Delhi,105352,2013-04-11
9215,Lisa,Wilson,58,Intern,New York,116937,2001-07-23
9216,Jane,Garcia,35,Manager,Berlin,116787,2016-02-09
9217,Lisa,Johnson,30,Manager,Tokyo,42406,2015-05-11
9218,John,Miller,36,Engineer,New York,45631,2023-04-13
9219,Emma,Garcia,50,Consultant,London,85967,2001-10-13
9220,Sam,Williams,35,Manager,Singapore,31481,2013-06-14
9221,Paul,Garcia,42,Intern,Delhi,41656,2001-12-01
9222,Sam,Smith,35,Developer,Paris,109840,2004-05-27
9223,Alex,Jones,56,Architect,Tokyo,117681,2010-11-25
9224,Sam,Smith,20,Analyst,Paris,117636,2004-02-04
9225,Alex,Davis,28,Analyst,Sydney,81833,2014-12-08
9226,Paul,Davis,56,Clerk,Sydney,75102,2005-03-29
9227,Tom,Brown,53,Clerk,Toronto,58947,2002-05-19
9228,Sara,Davis,31,Engineer,New York,55610,2018-03-23
9229,Tom,Jones,56,Analyst,Singapore,34351,2011-12-10
9230,Lisa,Wilson,19,Intern,Dubai,83131,2003-04-21
9231,Mike,Miller,30,Analyst,London,102167,2004-10-02
9232,Paul,Davis,50,Lead,Toronto,31347,2016-07-19
9233,Sara,Garcia,47,Manager,Singapore,77351,2000-02-08
9234,Sam,Johnson,44,Architect,Delhi,61876,2000-01-21
9235,Mike,Garcia,57,Engineer,New York,112731,2002-10-06
9236,Emma,Taylor,19,Consultant,New York,76303,2009-01-19
9237,Paul,Miller,38,Intern,Sydney,92329,2010-12-12
9238,Jane,Miller,59,Intern,Sydney,73482,2014-01-17
9239,Alex,Miller,41,Consultant,Delhi,95318,2017-05-18
9240,Mike,Wilson,48,Intern,Sydney,58360,2001-05-15
9241,Paul,Johnson,58,Developer,Dubai,69479,2000-09-02
9242,Paul,Taylor,36,Intern,London,63221,2003-04-20
9243,Paul,Taylor,20,Designer,Sydney,92992,2001-12-09
9244,Alex,Miller,34,Intern,London,86198,2016-12-19
9245,Alex,Smith,56,Lead,Berlin,87641,2022-05-06
9246,Alex,Garcia,29,Lead,Toronto,63692,2001-08-01
9247,Paul,Brown,28,Engineer,London,109114,2000-03-24
9248,Paul,Davis,32,Lead,Sydney,63766,2002-01-24
9249,Emma,Garcia,44,Manager,Singapore,108797,2022-09-07
9250,Jane,Johnson,45,Manager,Tokyo,75538,2001-06-03
9251,Sara,Wilson,39,Manager,Dubai,74728,2020-10-07
9252,Jane,Wilson,20,Analyst,Berlin,117238,2018-07-01
9253,Paul,Smith,32,Analyst,Tokyo,116339,2006-09-16
9254,Paul,Miller,30,Engineer,London,57763,2016-05-18
9255,John,Williams,49,Lead,Delhi,41470,2017-04-13
9256,Lisa,Johnson,29,Manager,Delhi,25920,2018-07-11
9257,Sam,Wilson,58,Designer,Dubai,54841,2001-10-18
9258,Alex,Johnson,52,Clerk,Toronto,39070,2003-11-12
9259,Tom,Taylor,37,Designer,Dubai,81622,2003-06-14
9260,Jane,Wilson,34,Intern,Paris,25473,2001-05-08
9261,Tom,Johnson,33,Consultant,Paris,67655,2001-06-09
9262,Jane,Garcia,59,Manager,Paris,76638,2010-02-08
9263,Alex,Wilson,20,Manager,Tokyo,44128,2012-03-20
9264,Mike,Garcia,36,Lead,London,112318,2023-07-04
9265,Emma,Taylor,43,Analyst,Sydney,58624,2023-07-21
9266,John,Wilson,51,Lead,New York,103514,2015-10-20
9267,Sam,Johnson,50,Analyst,Berlin,77163,2011-02-11
9268,Tom,Jones,20,Architect,New York,86229,2008-07-17
9269,Tom,Johnson,56,Intern,Singapore,103936,2024-01-09
9270,Sam,Smith,52,Designer,Singapore,80761,2011-12-14
9271,Sam,Garcia,26,Designer,New York,40652,2019-12-16
9272,Sam,Wilson,40,Consultant,Dubai,82876,2003-05-21
9273,Alex,Williams,23,Architect,Berlin,41212,2009-04-05
9274,Sara,Jones,18,Lead,Berlin,28721,2010-05-30
9275,Alex,Williams,22,Manager,Sydney,85576,2006-02-12
9276,Lisa,Brown,59,Consultant,Paris,56343,2023-03-03
9277,Alex,Taylor,49,Consultant,Berlin,113038,2006-08-06
9278,Emma,Jones,30,Engineer,Singapore,108921,2002-05-19
9279,John,Taylor,27,Lead,Berlin,67887,2023-02-25
9280,John,Miller,35,Intern,Delhi,80214,2015-08-04
9281,Mike,Garcia,57,Lead,Sydney,97866,2005-02-27
9282,Tom,Jones,29,Manager,Singapore,42778,2010-04-30
9283,John,Davis,29,Lead,Singapore,78294,2007-01-05
9284,Paul,Jones,36,Developer,Tokyo,76869,2004-01-03
9285,Lisa,Garcia,47,Analyst,London,79044,2003-08-07
9286,Emma,Garcia,29,Analyst,New York,93621,2014-01-07
9287,Sara,Williams,32,Designer,Delhi,45846,2013-02-01
9288,Emma,Brown,21,Analyst,Tokyo
9289,Sam,Taylor,30,Lead,New York,33471,2011-10-15
9290,Sara,Wilson,43,Architect,Singapore,79496,2014-02-15
9291,Jane,Davis,58,Analyst,New York,97900,2007-04-08
9292,Sam,Davis,27,Lead,Paris,86921,2009-08-12
9293,Sam,Davis,31,Lead,Sydney,93981,2013-08-19
9294,Paul,Miller,48,Designer,Dubai,65029,2015-07-23
9295,Mike,Johnson,32,Consultant,Singapore,76288,2018-09-08
9296,John,Taylor,19,Consultant,Sydney,107214,2015-06-03
9297,Lisa,Smith,21,Lead,Singapore,114469,2001-04-11
9298,Sam,Garcia,29,Consultant,Berlin,31262,2020-01-18
9299,Mike,Smith,31,Analyst,Delhi,27757,2007-03-29
9300,Paul,Johnson,47,Architect,Paris,83291,2000-07-29
9301,Jane,Taylor,52,Developer,Dubai,114010,2022-04-12
9302,Sara,Smith,34,Engineer,Berlin,80692,2015-07-14
9303,Sara,Williams,32,Designer,Paris,113654,2013-08-19
9304,Alex,Brown,48,Clerk,New York,N/A,2005-08-18
9305,Jane,Davis,20,Intern,Paris,84946,2005-04-17
9306,John,Smith,51,Intern,Delhi,70328,2023-01-21
9307,Mike,Wilson,22,Consultant,Dubai,70617,2018-08-22
9308,Mike,Johnson,45,Architect,Delhi,96482,2004-04-24
9309,Sam,Wilson,52,Engineer,Toronto,50468,2017-10-24
9310,Lisa,Miller,28,Designer,Delhi,54462,2011-08-22
9311,Mike,Taylor,60,Consultant,London,73118,2020-10-20
9312,Lisa,Taylor,33,Analyst,London,27324,2021-08-14
9313,Jane,Taylor,57,Analyst,Sydney,64555,2017-02-27
9314,Sam,Wilson,55,Developer,Paris,114162,2024-06-19
9315,Tom,Smith,43,Engineer,Dubai,63144,2005-07-27
9316,Emma,Wilson,38,Consultant,Toronto,97872,2009-09-12
9317,Jane,Jones,33,Intern,London,85926,2010-02-15
9318,Lisa,Brown,19,Engineer,Tokyo,87429,2016-04-30
9319,Mike,Johnson,28,Designer,Toronto,49209,2002-12-06
9320,John,Garcia,24,Designer,London,38709,2003-08-01
9321,Sara,Johnson,46,Developer,Singapore
9322,John,Williams,19,Analyst,London,73728,2023-08-26
9323,Mike,Johnson,53,Manager,Sydney,113877,2011-10-30
9324,Lisa,Williams,60,Lead,London,67037,2021-11-27
9325,John,Garcia,23,Intern,Singapore,64560,2023-08-31
9326,Emma,Jones,46,Manager,Paris,110358,2010-07-10
9327,Jane,Taylor,38,Manager,Sydney,58704,2001-12-06
9328,Mike,Wilson,25,Manager,Singapore,59510,2002-05-05
9329,Emma,Johnson,49,Intern,Dubai,53165,2024-01-06
9330,Lisa,Wilson,53,Clerk,Delhi,114801,2005-07-30
9331,Alex,Davis,48,Designer,Singapore,57419,2021-09-25
9332,Emma,Williams,21,Developer,Sydney,32300,2011-02-07
9333,Emma,Davis,41,Consultant,Tokyo,64240,2004-11-29
9334,Emma,Garcia,24,Developer,Paris,116073,2019-11-24
9335,Emma,Brown,34,Analyst,Delhi,30910,2009-01-09
9336,Jane,Williams,26,Developer,Dubai,62712,2016-04-02
9337,Alex,Garcia,41,Intern,Tokyo,75632,2002-02-13
9338,Jane,Garcia,22,Intern,Sydney,75855,2006-01-14
9339,John,Smith,23,Lead,New York,42159,2018-10-09
9340,Emma,Williams,18,Manager,Sydney,88962,2001-06-29
9341,Sara,Brown,52,Engineer,London,74594,2023-03-22
9342,Emma,Taylor,29,Lead,London,30938,2007-10-04
9343,Mike,Garcia,52,Designer,Toronto,119707,2002-05-19
9344,Mike,Smith,34,Designer,Singapore,27880,2022-08-27
9345,John,Jones,39,Lead,Singapore,54130,2005-09-23
9346,Lisa,Johnson,24,Lead,Tokyo,45479,2009-03-15
9347,Sam,Davis,37,Analyst,Tokyo,113533,2008-09-24
9348,Tom,Garcia,39,Intern,Delhi,30682,2024-05-25
9349,Emma,Smith,18,Architect,London,63213,2010-07-22
9350,Alex,Garcia,53,Lead,Paris,75846,2016-09-18
9351,Lisa,Jones,47,Clerk,London,41044,2002-06-07
9352,Emma,Smith,30,Architect,Delhi,37958,2009-09-26
9353,Paul,Brown,30,Engineer,Toronto,98503,2014-08-15
9354,Emma,Johnson,49,Lead,Paris,38886,2006-09-11
9355,Alex,Wilson,52,Manager,Paris,89694,2002-10-04
9356,John,Garcia,58,Lead,Singapore,86685,2016-08-24
9357,Mike,Davis,23,Intern,Berlin,83861,2000-08-07
9358,Sara,Williams,44,Lead,Sydney,76269,2012-08-22
9359,Lisa,Smith,21,Lead,Delhi,62812,2014-06-20
9360,Jane,Jones,54,Designer,Sydney,110007,2022-07-22
9361,Jane,Brown,46,Engineer,New York,81634,2005-01-17
9362,John,Taylor,51,Lead,Paris,53862,2018-11-23
9363,Alex,Wilson,21,Intern,London,85107,2015-08-16
9364,Sara,Williams,21,Consultant,Delhi,26134,2010-03-02
9365,Tom,Wilson,38,Analyst,Paris,68702,2018-04-13
9366,John,Garcia,24,Engineer,Dubai,79348,2007-12-04
9367,Emma,Taylor,53,Engineer,Sydney,95885,2005-03-21
9368,Sara,Davis,38,Designer,New York,75981,2021-10-06
9369,Jane,Miller,49,Designer,New York,86166,2024-07-11
9370,Jane,Williams,53,Designer,London,117053,2012-06-21
9371,Paul,Miller,20,Consultant,Toronto,111463,2019-05-27
9372,Sam,Jones,36,Manager,Sydney,70100,2020-11-09
9373,Mike,Miller,47,Clerk,Paris,96830,2001-12-27
9374,Mike,Brown,49,Consultant,Berlin,61226,2018-10-08
9375,Jane,Davis,37,Developer,Singapore,109263,2001-10-24
9376,Sara,Garcia,36,Designer,Singapore,107505,2024-08-17
9377,John,Williams,60,Consultant,Dubai,75253,2001-08-14
9378,Paul,Davis,20,Consultant,Dubai,85473,2019-04-14
9379,Sara,Brown,43,Consultant,Dubai,73686,2011-02-14
9380,Paul,Wilson,41,Engineer,New York,89628,2004-12-01
9381,Lisa,Jones,29,Engineer,Sydney,26459,2003-07-08
9382,Mike,Smith,54,Intern,Berlin,96175,2021-11-04
9383,Sara,Smith,38,Analyst,Berlin,81030,2017-04-19
9384,Sam,Davis,38,Analyst,London,112473,2002-02-15
9385,Lisa,Wilson,22,Consultant,Singapore,64044,2015-03-15
9386,Paul,Garcia,33,Analyst,Dubai,49804,2023-07-06
9387,Alex,Smith,24,Designer,Delhi,116425,2013-06-20
9388,Emma,Smith,26,Consultant,Paris,65507,2020-01-10
9389,Sara,Davis,33,Clerk,Toronto,119608,2001-01-15
9390,Mike,Wilson,35,Architect,Sydney,49204,2023-07-03
9391,Jane,Johnson,58,Analyst,Toronto,87865,2022-08-23
9392,Sara,Smith,41,Manager,Dubai,67712,2018-07-09
9393,Lisa,Garcia,51,Developer,Berlin,106935,2004-01-30
9394,Alex,Garcia,32,Consultant,New York,81217,2011-12-20
9395,Sara,Smith,57,Manager,Berlin,103529,2009-07-18
9396,Mike,Miller,58,Intern,Berlin,54621,2018-09-13
9397,Jane,Garcia,34,Architect,London,116083,2011-03-05
9398,Jane,Johnson,56,Lead,Delhi,67771,2000-09-27
9399,Paul,Taylor,36,Intern,Delhi,115873,2018-08-08
9400,Sara,Davis,24,Developer,Sydney,112919,2021-08-24
9401,Lisa,Johnson,31,Lead,Delhi,52194,2011-10-10
9402,Lisa,Brown,42,Consultant,Tokyo,76176,2004-01-26
9403,Emma,Jones,39,Lead,New York,81764,2001-12-01
9404,Tom,Jones,19,Designer,Berlin,95059,2021-01-20
9405,Sara,Taylor,35,Engineer,Tokyo,101702,2021-05-24
9406,Tom,Wilson,19,Designer,Berlin,109364,2010-03-10
9407,Lisa,Brown,48,Consultant,Dubai,104561,2010-10-05
9408,Lisa,Davis,42,Clerk,Toronto,61017,2024-07-10
9409,Sara,Garcia,36,Analyst,Delhi,45871,2005-03-21
9410,Paul,Johnson,34,Intern,New York,81730,2007-05-05
9411,Mike,Wilson,43,Manager,Singapore,105136,2010-08-26
9412,Mike,Miller,49,Consultant,Berlin,31657,2016-08-24
9413,Tom,Davis,54,Manager,Singapore,117861,2010-04-02
9414,Mike,Johnson,59,Developer,Singapore,66759,2009-06-13
9415,Sara,Wilson,18,Manager,Singapore,82883,2024-11-29
9416,Emma,Jones,41,Manager,New York,105572,2009-03-03
9417,Emma,Wilson,27,Consultant,London,105337,2005-02-12
9418,Sam,Williams,39,Engineer,London,73040,2003-01-16
9419,Sam,Brown,47,Analyst,New York,77242,2019-07-29
9420,John,Garcia,32,Lead,New York,42659,2023-05-05
9421,Tom,Davis,54,Designer,Dubai,45872,2011-05-09
9422,Mike,Smith,41,Lead,Tokyo,70412,2003-12-29
9423,Lisa,Williams,43,Engineer,Delhi,83261,2003-09-30
9424,Paul,Johnson,49,Clerk,Singapore,56858,2024-04-29
9425,Mike,Johnson,44,Consultant,Berlin,106692,2009-07-24
9426,Mike,Davis,54,Intern,New York,87307,2004-04-20
9427,Mike,Brown,56,Clerk,Sydney,27862,2011-02-16
9428,Sam,Garcia,48,Designer,London,77209,2014-06-03
9429,Sam,Miller,18,Designer,Tokyo,50005,2022-11-27
9430,Mike,Jones,59,Architect,Sydney,35777,2008-08-09
9431,Alex,Williams,28,Clerk,London,26035,2006-01-22
9432,Alex,Garcia,23,Consultant,Paris,44034,2012-09-08
9433,Lisa,Johnson,29,Intern,Sydney,53182,2022-05-11
9434,Mike,Jones,41,Developer,Singapore,56027,2020-01-09
9435,Sam,Garcia,41,Architect,Sydney,30514,2015-02-25
9436,John,Davis,34,Lead,New York,65342,2011-08-12
9437,Lisa,Davis,20,Analyst,New York,84287,2015-05-10
9438,Mike,Davis,24,Analyst,Singapore,51696,2024-11-19
9439,Lisa,Williams,46,Manager,Toronto,118145,2008-09-08
9440,Paul,Brown,40,Architect,Dubai,46602,2011-12-05
9441,John,Wilson,52,Intern,Singapore,79174,2003-05-29
9442,Lisa,Smith,31,Developer,Sydney,115214,2005-05-10
9443,Sam,Taylor,57,Clerk,London,66174,2006-12-16
9444,Lisa,Taylor,42,Lead,Toronto,117257,2010-01-27
9445,Tom,Johnson,37,Intern,New York,43553,2022-12-03
9446,Paul,Wilson,22,Designer,Dubai,101272,2013-10-10
9447,Mike,Taylor,42,Lead,Toronto,114985,2019-07-17
9448,Sara,Wilson,30,Engineer,Tokyo,106121,2004-08-26
9449,Tom,Garcia,40,Clerk,Dubai,60419,2024-11-02
9450,Tom,Jones,58,Consultant,Singapore,68582,2022-09-15
9451,Sara,Smith,41,Engineer,Berlin,71586,2017-12-22
9452,Lisa,Johnson,18,Clerk,Dubai,119774,2004-11-26
9453,Paul,Jones,52,Consultant,Sydney,36588,2024-03-30
9454,Lisa,Jones,28,Developer,Singapore,39821,2012-04-26
9455,Paul,Garcia,20,Engineer,New York,64351,2013-06-05
9456,Sam,Jones,57,Analyst,London,67652,2017-06-14
9457,John,Johnson,39,Lead,Delhi,97506,2023-02-28
9458,Tom,Williams,26,Architect,Toronto,47814,2019-04-07
9459,Paul,Davis,57,Clerk,New York,26432,2005-12-07
9460,Sam,Wilson,32,Analyst,Dubai,32536,2019-06-26
9461,Paul,Johnson,31,Consultant,Berlin,93033,2018-11-23
9462,Mike,Johnson,26,Consultant,Dubai,63140,2005-10-18
9463,Sara,Wilson,21,Analyst,Berlin,103860,2021-09-19
9464,Emma,Jones,55,Engineer,Delhi,88947,2003-03-17
9465,Paul,Wilson,60,Designer,Tokyo,76346,2008-08-28
9466,Emma,Brown,44,Clerk,Berlin,43893,32-13-2025
9467,Jane,Brown,49,Developer,Singapore,116188,2003-02-08
9468,Alex,Johnson,52,Consultant,New York,92030,2007-05-19
9469,Mike,Davis,41,Clerk,Singapore,104317,2019-09-19
9470,Alex,Garcia,41,Lead,Sydney,65912,2011-10-19
9471,Sara,Wilson,27,Consultant,Berlin,51381,2015-04-03
9472,Alex,Johnson,60,Developer,Berlin,87129,2009-08-14
9473,Mike,Jones,50,Clerk,Tokyo,55212,2003-05-16
9474,Emma,Miller,47,Engineer,Delhi,50666,2009-12-20
9475,Alex,Miller,54,Architect,New York,72793,2009-12-01
9476,Alex,Wilson,29,Lead,Paris,101673,2008-01-28
9477,Paul,Jones,29,Lead,Singapore,39344,2010-11-24
9478,Paul,Brown,36,Analyst,New York,74828,2010-05-18
9479,Paul,Miller,26,Manager,New York,93574,2022-12-07
9480,Paul,Taylor,24,Lead,Tokyo,49871,2011-04-26
9481,Paul,Wilson,59,Designer,New York,95151,2021-08-08
9482,Lisa,Garcia,18,Manager,Dubai,51138,2005-01-21
9483,Alex,Williams,47,Designer,Dubai,28055,2004-01-07
9484,John,Johnson,23,Architect,Paris,93665,2013-03-04
9485,John,Miller,51,Analyst,Berlin,26535,2022-07-09
9486,Jane,Davis,58,Lead,Paris,26795,2003-11-21
9487,Sam,Williams,20,Engineer,Dubai,111563,2019-09-26
9488,Lisa,Brown,57,Consultant,Tokyo,60471,2007-12-21
9489,Jane,Williams,43,Intern,Dubai,93458,2021-11-10
9490,Alex,Brown,22,Consultant,Sydney,34715,2017-11-27
9491,Jane,Smith,57,Developer,Singapore,104189,2019-03-13
9492,Paul,Jones,60,Lead,London,105022,2019-01-06
9493,Sara,Johnson,55,Clerk,New York,116603,2004-03-08
9494,Tom,Brown,46,Manager,London,54379,2006-06-22
9495,Alex,Miller,50,Consultant,London,37034,2008-10-24
9496,Jane,Garcia,40,Intern,Tokyo,60880,2019-04-02
9497,Tom,Davis,34,Architect,Dubai,66485,2002-04-17
9498,Tom,Williams,46,Designer,New York,36160,2020-03-06
9499,Tom,Wilson,54,Consultant,London,75538,2001-01-28
9500,Jane,Williams,53,Engineer,Delhi,101488,2004-04-16
9501,Lisa,Williams,59,Intern,Paris,60512,2021-02-06
9502,Jane,Garcia,35,Architect,Berlin,72253,2020-10-29
9503,Jane,Wilson,50,Designer,Delhi,51785,2021-11-25
9504,Tom,Jones,46,Designer,Dubai,76516,2012-04-19
9505,Mike,Wilson,35,Engineer,Singapore,54128,2018-12-05
9506,Tom,Johnson,45,Analyst,New York,53266,2014-03-07
9507,Jane,Williams,35,Designer,Sydney,114500,2011-03-14
9508,John,Miller,36,Lead,London,82167,2012-07-19
9509,Paul,Brown,55,Lead,Sydney,48521,2007-03-19
9510,Lisa,Taylor,31,Architect,Paris,99346,2007-10-25
9511,Lisa,Davis,60,Clerk,Paris,31333,2010-03-26
9512,Lisa,Brown,27,Clerk,Toronto,116770,2003-08-28
9513,Alex,Williams,52,Architect,Tokyo,81222,2022-02-02
9514,Alex,Taylor,37,Clerk,New York,84936,2003-04-06
9515,Tom,Taylor,51,Developer,New York,28958,2009-06-30
9516,Alex,Garcia,52,Designer,Dubai,40043,2013-05-06
9517,Alex,Wilson,28,Designer,Singapore,90953,2013-04-20
9518,Jane,Taylor,36,Manager,Berlin,96496,2004-11-12
9519,Alex,Johnson,23,Clerk,Paris,99627,2020-08-02
9520,Alex,Garcia,48,Developer,Berlin,25416,2008-08-06
9521,Jane,Johnson,45,Designer,Paris,74113,2007-03-02
9522,Jane,Johnson,38,Engineer,Toronto,26537,2024-08-11
9523,Mike,Wilson,42,Manager,Singapore,63205,2020-12-30
9524,Emma,Davis,22,Developer,Toronto,69529,2020-07-04
9525,Tom,Garcia,38,Intern,London,68001,2023-10-18
9526,Paul,Smith,41,Developer,Tokyo,92927,2023-08-20
9527,Sara,Taylor,31,Designer,Delhi,32150,2023-09-17
9528,Sara,Davis,60,Intern,Berlin,116460,2003-10-24
9529,Paul,Smith,18,Manager,Sydney,113670,2021-09-09
9530,Lisa,Brown,41,Architect,Sydney,60084,2021-10-14
9531,Jane,Taylor,28,Lead,Paris,112819,2006-01-28
9532,Tom,Garcia,46,Architect,London,64645,2007-12-31
9533,Sam,Taylor,43,Lead,Paris,58584,2008-10-22
9534,Sara,Taylor,29,Analyst,Delhi,70354,2005-01-02
9535,Lisa,Jones,45,Lead,Dubai,38953,2024-10-14
9536,Tom,Williams,52,Lead,Toronto,35474,2005-12-22
9537,Sam,Williams,33,Designer,Sydney,50722,2018-12-10
9538,Mike,Smith,51,Developer,Paris,113436,2000-11-14
9539,Tom,Johnson,31,Designer,Delhi,35338,2006-02-02
9540,Mike,Williams,25,Intern,Dubai,27156,2023-02-04
9541,Jane,Miller,25,Clerk,Delhi,76626,2002-07-15
9542,Alex,Davis,38,Manager,Paris,80949,2018-01-26
9543,Alex,Taylor,21,Designer,Sydney,38163,2002-07-16
9544,Jane,Brown,29,Intern,New York,64639,2008-01-02
9545,Tom,Johnson,54,Clerk,Paris,78380,2022-09-12
9546,Lisa,Smith,43,Manager,Dubai,88723,2016-03-05
9547,John,Johnson,30,Intern,Paris,70518,2000-10-15
9548,John,Taylor,23,Intern,Paris,111220,2003-01-25
9549,Paul,Taylor,22,Clerk,Tokyo,52785,2007-01-12
9550,Emma,Miller,50,Engineer,Delhi,86842,2014-08-09
9551,Tom,Miller,55,Intern,New York,108332,2017-06-29
9552,Sam,Johnson,19,Designer,Dubai,47614,2015-11-27
9553,Mike,Johnson,23,Consultant,Dubai,79151,2020-03-08
9554,Mike,Miller,53,Analyst,Singapore,79506,2006-04-15
9555,Lisa,Williams,23,Clerk,Delhi,100649,2019-03-06
9556,Lisa,Garcia,54,Lead,Toronto,43442,2013-07-14
9557,John,Williams,52,Architect,London,58425,2022-03-20
9558,John,Miller,38,Consultant,New York,104144,2013-11-22
9559,John,Wilson,35,Consultant,Delhi,80574,2003-01-13
9560,Alex,Jones,57,Designer,Berlin,61671,2019-08-27
9561,Lisa,Davis,20,Designer,London,80936,2009-01-30
9562,Alex,Smith,40,Clerk,Toronto,116155,2007-07-31
9563,Tom,Miller,40,Manager,Tokyo,83259,2021-02-01
9564,Emma,Wilson,39,Lead,Paris,41304,2002-12-22
9565,Lisa,Brown,49,Architect,Toronto,87650,2011-12-02
9566,Emma,Miller,35,Clerk,London,37773,2013-09-24
9567,Paul,Garcia,46,Engineer,Paris,60226,2008-04-23
9568,Alex,Smith,29,Lead,Singapore,111741,2014-12-14
9569,Paul,Williams,50,Analyst,London,88941,2024-09-12
9570,Tom,Smith,45,Intern,Delhi,38926,2018-01-23
9571,Lisa,Miller,50,Architect,Delhi,39422,2008-02-08
9572,Sam,Wilson,34,Architect,Berlin,58951,2001-03-10
9573,Mike,Davis,31,Developer,Sydney,100283,2001-07-15
9574,Alex,Garcia,53,Developer,London,25320,2019-05-23
9575,Alex,Wilson,38,Manager,Sydney,65772,2007-10-25
9576,Tom,Taylor,54,Consultant,Tokyo,106723,2009-10-06
9577,Tom,Miller,21,Designer,London,32972,2001-06-18
9578,Paul,Davis,43,Clerk,Toronto,89789,2018-10-24
9579,Sara,Johnson,59,Developer,Dubai,93217,2012-10-27
9580,Paul,Wilson,45,Manager,Toronto,30353,2018-12-04
9581,Jane,Jones,34,Developer,London,25200,2020-09-30
9582,Paul,Davis,52,Designer,Paris,94925,2005-09-14
9583,Sam,Wilson,21,Designer,Delhi,116650,2019-12-28
9584,Tom,Wilson,40,Consultant,Berlin,57018,2007-05-14
9585,Mike,Williams,19,Lead,London,113582,2024-07-15
9586,Jane,Williams,29,Intern,Paris,86183,2009-12-29
9587,Lisa,Garcia,34,Analyst,Sydney,61261,2015-08-05
9588,Tom,Jones,46,Designer,Delhi,40202,2016-11-20
9589,Tom,Williams,53,Designer,Paris,66963,2022-03-24
9590,Emma,Wilson,58,Intern,Paris,113660,2004-02-13
9591,Emma,Wilson,37,Developer,Dubai,99776,2011-05-26
9592,John,Davis,52,Architect,Singapore,79642,2015-09-09
9593,Alex,Davis,33,Designer,London,111850,2011-11-06
9594,Tom,Wilson,21,Developer,Paris,107928,2005-01-18
9595,Paul,Wilson,38,Intern,Tokyo,64684,2024-04-04
9596,Mike,Wilson,60,Analyst,Dubai,103249,2014-08-10
9597,Mike,Taylor,22,Manager,Dubai,68680,2005-02-04
9598,Lisa,Miller,49,Developer,Berlin,52752,2023-06-01
9599,John,Johnson,44,Analyst,Tokyo,48083,2010-11-04
9600,Tom,Taylor,21,Engineer,London,38522,2000-10-10
9601,Lisa,Davis,30,Designer,Tokyo,68696,2004-05-02
9602,Lisa,Brown,55,Manager,Delhi,37361,2000-06-21
9603,Mike,Miller,53,Manager,Toronto,93152,32-13-2025
9604,Lisa,Taylor,52,Intern,Toronto,62389,2014-04-17
9605,John,Davis,45,Lead,Sydney,78601,2017-10-12
9606,Paul,Davis,25,Lead,Sydney,79220,2009-01-22
9607,Alex,Williams,33,Consultant,Tokyo,63283,2016-09-23
9608,Tom,Taylor,60,Consultant,Dubai,61819,2013-11-13
9609,Alex,Garcia,18,Developer,Delhi,26661,2015-05-07
9610,Lisa,Brown,58,Clerk,Dubai,46156,2001-07-15
9611,Alex,Jones,37,Architect,Berlin,67197,2016-11-11
9612,Tom,Johnson,60,Designer,Singapore,51724,2006-05-02
9613,Sam,Brown,26,Analyst,Toronto,86100,2024-03-20
9614,Tom,Jones,41,Developer,Paris,110497,2004-01-09
9615,Alex,Davis,52,Intern,Tokyo,73078,2003-04-01
9616,Sara,Davis,54,Manager,Delhi,109681,2023-04-02
9617,Lisa,Miller,24,Architect,Dubai,72780,2018-11-27
9618,Lisa,Miller,51,Consultant,Paris,66590,2011-03-04
9619,Emma,Davis,41,Manager,London,28563,2001-01-29
9620,Alex,Brown,44,Clerk,Berlin,90205,2023-11-09
9621,Paul,Miller,48,Engineer,London,67693,2015-12-29
9622,Mike,Taylor,57,Consultant,London,65572,2010-12-04
9623,Alex,Brown,58,Intern,London,71361,2004-10-28
9624,Sara,Smith,31,Intern,Berlin,26880,2016-10-11
9625,Paul,Taylor,25,Consultant,Sydney,52262,2000-05-22
9626,Sam,Brown,38,Clerk,Sydney,76301,2009-06-19
9627,Alex,Garcia,19,Designer,New York,112137,2009-05-20
9628,Tom,Jones,53,Architect,New York,32631,2019-05-05
9629,Mike,Brown,28,Consultant,Dubai,83846,2002-12-07
9630,Tom,Smith,57,Intern,New York,57877,2023-04-19
9631,Emma,Davis,30,Consultant,Delhi,98497,2021-04-04
9632,Mike,Taylor,33,Consultant,Berlin,94292,2016-01-04
9633,Alex,Taylor,59,Lead,Toronto,43490,2006-06-18
9634,Emma,Miller,35,Lead,Singapore,43768,2017-10-29
9635,Jane,Davis,28,Manager,Berlin,31663,2002-05-20
9636,John,Taylor,35,Lead,Dubai,28915,2019-09-13
9637,Paul,Brown,43,Clerk,Sydney,54202,2020-08-16
9638,Emma,Garcia,23,Clerk,Sydney,76100,2013-03-24
9639,Lisa,Williams,45,Architect,Toronto,43152,2004-08-16
9640,Lisa,Davis,33,Manager,Paris,72670,2022-06-23
9641,Lisa,Garcia,35,Manager,Sydney,56908,2021-01-19
9642,Tom,Taylor,30,Manager,Toronto,64363,2020-03-17
9643,Paul,Jones,59,Developer,Tokyo,69890,2000-11-02
9644,Sara,Brown,22,Architect,Toronto,42925,2016-12-11
9645,Jane,Wilson,19,Engineer,Delhi,51214,2016-01-13
9646,Mike,Johnson,60,Clerk,London,88367,2018-07-02
9647,John,Taylor,33,Consultant,Singapore,33963,2018-02-01
9648,Emma,Johnson,39,Architect,Singapore,92130,2016-03-18
9649,Lisa,Taylor,54,Designer,Delhi,43232,2011-03-14
9650,Jane,Brown,41,Designer,Berlin,32632,2006-06-14
9651,Alex,Jones,28,Engineer,Berlin,52803,2013-12-12
9652,Mike,Johnson,36,Architect,New York,107693,2004-06-24
9653,Sam,Williams,19,Intern,Singapore,40741,2018-06-08
9654,Tom,Taylor,26,Consultant,Sydney,115287,2005-04-25
9655,Alex,Garcia,39,Consultant,Berlin,84684,2013-03-23
9656,Jane,Garcia,58,Architect,Berlin,34379,2022-06-30
9657,Emma,Smith,28,Consultant,London,89889,2000-10-20
9658,Alex,Miller,19,Consultant,Dubai,46912,2003-04-16
9659,Paul,Williams,35,Manager,New York,31900,2017-03-05
9660,Emma,Smith,49,Consultant,Tokyo,85534,2003-08-28
9661,John,Miller,36,Developer,Singapore,56849,2015-03-17
9662,Sam,Johnson,44,Analyst,Delhi,42990,2021-03-01
9663,John,Williams,44,Engineer,London,60530,2010-03-24
9664,John,Brown,24,Architect,New York,71671,2013-06-05
9665,Paul,Johnson,55,Designer,Singapore,109923,2021-07-03
9666,Mike,Williams,51,Designer,Delhi,59710,2007-04-03
9667,Emma,Williams,41,Developer,Paris,62132,2021-06-16
9668,Sara,Jones,54,Manager,Sydney,36169,2008-04-01
9669,Jane,Davis,24,Consultant,Dubai,81848,2013-05-01
9670,John,Davis,54,Architect,Toronto,117932,2013-08-01
9671,Emma,Smith,30,Developer,Tokyo,63629,2008-11-16
9672,Tom,Williams,53,Analyst,Sydney,101229,2021-04-04
9673,John,Brown,29,Designer,Toronto,63835,2022-12-11
9674,Tom,Brown,60,Developer,New York,112762,2002-02-05
9675,John,Miller,59,Developer,Toronto,88245,2013-07-09
9676,John,Wilson,36,Developer,New York,68527,2001-09-21
9677,Emma,Brown,50,Intern,Toronto,86155,2003-09-15
9678,Tom,Johnson,57,Designer,Sydney,34314,2020-09-26
9679,Alex,Garcia,50,Architect,London,35974,2019-04-30
9680,Alex,Jones,55,Clerk,Dubai,115427,2020-10-20
9681,Tom,Garcia,47,Analyst,Dubai,78017,2004-08-12
9682,Emma,Brown,26,Lead,London,85650,2019-01-05
9683,Sara,Wilson,28,Lead,New York,47383,2009-04-06
9684,Sam,Miller,53,Designer,Sydney,102158,2005-11-28
9685,Alex,Garcia,18,Intern,Singapore,84640,2020-04-22
9686,Jane,Williams,40,Designer,Toronto,69284,2003-10-05
9687,Emma,Williams,60,Developer,Singapore,106858,2001-09-22
9688,Mike,Smith,26,Engineer,Tokyo,36782,2020-11-01
9689,Sam,Jones,44,Clerk,Dubai,87386,2000-08-30
9690,Sara,Wilson,32,Designer,Berlin,97910,2018-01-20
9691,Emma,Taylor,41,Consultant,Dubai,75583,2014-03-05
9692,John,Garcia,21,Intern,Sydney,103955,2004-01-27
9693,John,Taylor,59,Analyst,London,101133,2018-10-09
9694,Alex,Brown,30,Designer,London,70388,2022-07-10
9695,Paul,Brown,38,Lead,Dubai,118768,2018-09-18
9696,Alex,Miller,25,Intern,Singapore,32593,2000-05-27
9697,Sara,Smith,25,Developer,Berlin,52129,2013-01-09
9698,John,Johnson,51,Manager,Delhi,107699,2009-09-10
9699,Lisa,Brown,21,Analyst,Sydney,79999,2005-09-01
9700,Alex,Wilson,54,Intern,Dubai,47591,2003-05-10
9701,Tom,Garcia,41,Developer,Tokyo,61180,2023-02-11
9702,Alex,Williams,54,Manager,Sydney,84521,2014-03-12
9703,Paul,Smith,38,Developer,Berlin,71630,2012-05-29
9704,Sam,Miller,50,Engineer,Berlin,101460,2013-05-25
9705,John,Taylor,27,Developer,Berlin,62464,2008-07-24
9706,Sara,Miller,55,Clerk,Sydney,115567,2014-02-19
9707,Jane,Wilson,44,Clerk,Singapore,29681,2001-05-07
9708,Sam,Johnson,32,Engineer,Berlin,101801,2007-05-12
9709,Alex,Miller,40,Architect,Delhi,89306,2018-12-26
9710,Emma,Johnson,58,Developer,Paris,114814,2023-09-30
9711,Jane,Jones,33,Developer,Tokyo,35105,2008-03-07
9712,Sam,Davis,53,Intern,New York,90755,2023-11-04
9713,Tom,Johnson,24,Engineer,Paris,30332,2000-09-26
9714,Sara,Smith,56,Architect,London,83306,2019-11-12
9715,Tom,Taylor,41,Developer,Sydney,39925,2006-10-18
9716,John,Jones,39,Analyst,Toronto,76501,2009-06-20
9717,Mike,Jones,44,Consultant,Tokyo,43376,2021-08-02
9718,Alex,Taylor,48,Designer,New York,119417,2010-10-18
9719,Sara,Miller,48,Manager,Delhi,40389,2008-09-06
9720,Sara,Davis,25,Consultant,Dubai,84972,2003-12-18
9721,John,Brown,23,Designer,Delhi,70252,2009-02-16
9722,Sara,Johnson,50,Clerk,New York,113676,2016-01-31
9723,Sara,Johnson,34,Consultant,Berlin,30042,2002-01-27
9724,Tom,Brown,59,Clerk,Tokyo,112133,2003-12-22
9725,Sara,Brown,36,Analyst,London,25529,2024-08-19
9726,Alex,Wilson,41,Consultant,Delhi,40170,2014-01-19
9727,Tom,Johnson,49,Analyst,Tokyo,70643,2013-12-14
9728,Sam,Smith,44,Intern,Singapore,79322,2005-08-24
9729,Sam,Jones,23,Designer,Tokyo,109311,2012-04-03
9730,John,Brown,20,Developer,Tokyo,83775,2005-05-22
9731,Sara,Brown,51,Consultant,Delhi,95851,2019-03-05
9732,Emma,Smith,40,Designer,Paris,84067,2008-04-19
9733,Sam,Taylor,46,Developer,Singapore,80352,2012-08-30
9734,Lisa,Taylor,44,Architect,Tokyo,34664,2013-10-17
9735,Sara,Smith,30,Manager,Dubai,74774,2014-01-31,extra_field
9736,Jane,Jones,27,Lead,Dubai,46915,2000-06-26
9737,John,Garcia,34,Manager,Singapore,45369,2004-07-29
9738,Sam,Johnson,46,Developer,New York,68498,2002-03-22
9739,Mike,Johnson,55,Designer,New York,110625,2023-04-26
9740,Sara,Wilson,52,Lead,Sydney,73588,2002-03-26
9741,Jane,Wilson,51,Architect,Tokyo,87288,2019-07-20
9742,Sam,Garcia,42,Designer,Dubai,43207,2018-08-20
9743,Lisa,Jones,51,Engineer,Tokyo,61372,2007-03-18
9744,Lisa,Miller,39,Developer,Paris,55259,2018-04-29
9745,Sam,Smith,38,Lead,Sydney,76715,2024-12-14
9746,Alex,Miller,24,Developer,Delhi,103112,2017-07-13
9747,Alex,Davis,45,Architect,Tokyo,108003,2002-02-13
9748,Jane,Miller,19,Consultant,Dubai,69519,2000-08-24
9749,Sara,Brown,54,Engineer,London,87650,2018-10-23
9750,Sara,Jones,55,Analyst,Sydney,33991,2016-01-14
9751,Sam,Williams,40,Clerk,Singapore,69211,2002-03-30
9752,Tom,Davis,31,Developer,Toronto,45722,2007-08-05
9753,Emma,Wilson,44,Architect,Tokyo,80407,2005-08-24
9754,Jane,Miller,44,Intern,Paris,29676,2011-08-16
9755,Sam,Miller,44,Architect,Paris,57656,2002-09-27
9756,Tom,Wilson,21,Intern,New York,70812,2023-03-18
9757,Paul,Williams,24,Intern,Tokyo,98888,2000-05-11
9758,Jane,Davis,50,Developer,Toronto,34944,2007-05-29
9759,Lisa,Jones,33,Consultant,Toronto,38042,2012-10-28
9760,Paul,Johnson,48,Analyst,Paris,68281,2004-08-08
9761,Tom,Jones,44,Designer,New York,51652,2000-05-25
9762,Sara,Miller,30,Developer,Sydney,88285,2018-10-10
9763,Emma,Brown,26,Designer,Berlin,27207,2024-02-15
9764,Emma,Jones,41,Engineer,London,82117,2001-06-17
9765,Mike,Brown,31,Consultant,Toronto,83577,2014-03-14
9766,Tom,Johnson,53,Engineer,Berlin,50903,2004-03-18
9767,Paul,Miller,34,Engineer,Sydney,76033,2004-09-05
9768,Sara,Brown,40,Clerk,Singapore,59693,2022-07-08
9769,John,Williams,60,Lead,Toronto,51074,2019-07-30
9770,Emma,Davis,57,Lead,Tokyo,28028,2002-09-02
9771,Emma,Smith,38,Architect,New York,84821,2022-09-20
9772,Sam,Johnson,21,Consultant,Toronto,83091,2015-01-22
9773,Sam,Taylor,41,Analyst,London,65320,2015-05-21
9774,Lisa,Garcia,18,Manager,Delhi,100958,2013-02-04
9775,Emma,Williams,59,Architect,London,107226,2016-03-10
9776,Tom,Miller,26,Lead,Dubai,66840,2015-04-24
9777,Lisa,Brown,43,Analyst,Berlin,92071,2013-02-02
9778,Sam,Johnson,47,Developer,Dubai,41682,2003-05-11
9779,Sara,Miller,44,Clerk,Dubai,70113,2016-04-08
9780,Lisa,Wilson,48,Intern,Dubai,27722,2007-05-20
9781,Sam,Johnson,38,Intern,Sydney,99846,2007-10-29
9782,Jane,Jones,26,Clerk,Toronto,113293,2010-07-02
9783,Emma,Smith,31,Designer,Berlin,80167,2018-04-14
9784,Alex,Wilson,24,Architect,Berlin,93071,2016-03-30
9785,Jane,Johnson,37,Clerk,Dubai,44069,2007-01-01
9786,Jane,Taylor,32,Clerk,Singapore,46858,2014-12-06
9787,Sara,Williams,23,Engineer,Dubai,32133,2002-12-11
9788,Paul,Wilson,46,Engineer,Berlin,92295,2009-10-31
9789,John,Miller,43,Architect,Dubai,93109,2014-02-03
9790,Paul,Miller,19,Lead,Berlin,56588,2018-05-01
9791,Emma,Smith,45,Analyst,Delhi,83883,2007-07-26
9792,Mike,Garcia,59,Clerk,London,60925,2023-06-15
9793,Sam,Williams,36,Analyst,Toronto,96470,2008-01-20
9794,John,Williams,29,Clerk,Delhi,88237,2017-08-21
9795,Jane,Jones,49,Intern,Delhi,115429,2021-12-28
9796,John,Johnson,45,Engineer,Toronto,40457,2017-05-12
9797,Sara,Smith,56,Analyst,Singapore,60043,2007-10-05
9798,Mike,Taylor,44,Clerk,Dubai,82730,2023-02-24
9799,Mike,Garcia,30,Architect,Singapore,104213,2022-03-27
9800,Mike,Miller,29,Developer,Singapore,117318,2009-05-24
9801,Tom,Jones,28,Analyst,Delhi,53900,2014-06-26
9802,Mike,Jones,54,Consultant,New York,59506,2016-12-30
9803,Lisa,Garcia,25,Consultant,Tokyo,42400,2000-07-21
9804,Sam,Wilson,23,Engineer,Berlin,65827,2011-07-21
9805,Tom,Smith,50,Analyst,Paris,100843,2012-08-31
9806,Lisa,Johnson,31,Analyst,Sydney,73299,2021-10-21
9807,Sam,Garcia,43,Clerk,Paris,49440,2021-08-10
9808,Jane,Brown,22,Intern,New York,53613,2019-06-07
9809,Sara,Miller,18,Manager,Delhi,71343,2008-05-04
9810,Alex,Davis,50,Consultant,Delhi,95614,2008-08-19
9811,John,Smith,22,Intern,Singapore,38705,2021-04-30
9812,Alex,Williams,18,Developer,Dubai
9813,Jane,Johnson,33,Developer,Sydney,59810,2012-10-10
9814,Lisa,Taylor,47,Architect,London,43245,2020-01-20
9815,John,Williams,57,Consultant,New York,67049,2009-05-29
9816,Lisa,Wilson,47,Engineer,Tokyo,71434,2007-12-29
9817,Emma,Miller,33,Lead,Berlin,57484,2006-11-01
9818,Tom,Wilson,33,Clerk,Paris,115078,2009-07-01
9819,Mike,Taylor,38,Manager,Delhi,45719,2007-07-24
9820,John,Miller,44,Consultant,Toronto,31245,2020-05-10
9821,Alex,Williams,43,Clerk,Singapore,98819,2013-02-25
9822,Jane,Garcia,54,Manager,Sydney,110261,2012-08-22
9823,Sara,Miller,57,Intern,Singapore,102738,2008-02-15
9824,Sam,Jones,23,Lead,London,102915,2001-08-01
9825,Sara,Miller,44,Clerk,Toronto,99995,2008-01-25
9826,Jane,Jones,29,Analyst,Sydney,43281,2010-11-07
9827,John,Jones,58,Developer,Toronto,91127,2020-11-24
9828,Mike,Wilson,35,Analyst,Delhi,77143,2004-07-07
9829,John,Taylor,31,Designer,Sydney,38257,2023-10-06
9830,Jane,Johnson,29,Manager,Dubai,114710,2014-04-03
9831,John,Davis,37,Engineer,New York,115085,2004-10-20
9832,Lisa,Wilson,51,Manager,Tokyo,27454,2007-04-16
9833,Alex,Garcia,31,Engineer,Dubai,86595,2007-11-13
9834,Lisa,Wilson,38,Intern,Dubai,88199,2013-08-10
9835,Paul,Wilson,37,Designer,Paris,25937,2024-06-27
9836,Alex,Brown,57,Intern,Dubai,61082,2011-12-19
9837,Emma,Davis,26,Consultant,Berlin,56019,2010-02-24
9838,Lisa,Wilson,60,Analyst,London,59264,2022-03-05
9839,Sara,Miller,42,Intern,New York,69726,2016-12-07
9840,Sara,Brown,28,Manager,New York,59256,2010-01-23
9841,Sara,Johnson,55,Architect,Singapore,40305,2021-07-28
9842,Sam,Wilson,45,Engineer,Sydney,54102,2021-03-10
9843,Sam,Taylor,27,Lead,Singapore,72435,2008-11-25
9844,John,Jones,54,Intern,Tokyo,85581,2015-02-11
9845,Emma,Jones,33,Architect,Berlin,25150,2003-12-31
9846,John,Taylor,58,Consultant,Toronto,116591,2017-10-13
9847,Sara,Williams,55,Intern,Delhi,112630,2024-07-07
9848,Mike,Miller,45,Manager,Toronto,61923,2008-07-28
9849,Paul,Taylor,48,Consultant,Delhi,95026,2006-11-22
9850,Paul,Garcia,58,Designer,Tokyo,104140,2014-03-15
9851,Tom,Brown,23,Lead,Dubai,34213,2023-11-28
9852,John,Garcia,28,Consultant,Singapore,96215,2001-02-20
9853,Paul,Miller,20,Lead,Paris,95822,2008-03-25
9854,John,Davis,58,Engineer,Dubai,81770,2000-12-03
9855,Sara,Smith,44,Architect,Singapore,97022,2014-03-16
9856,Lisa,Smith,41,Developer,Paris,91289,2018-01-29
9857,Sam,Brown,18,Designer,London,50770,2022-12-05
9858,John,Wilson,54,Analyst,Sydney,55241,2013-12-12
9859,Lisa,Johnson,44,Analyst,London,86391,2014-08-30
9860,Alex,Wilson,57,Manager,New York,40917,2010-07-26
9861,Jane,Davis,55,Engineer,Toronto,97604,2024-11-29
9862,Alex,Smith,38,Lead,Berlin,47332,2011-04-27
9863,Mike,Wilson,33,Clerk,London,105421,2001-06-17
9864,Mike,Williams,47,Clerk,Paris,89406,2014-02-07
9865,Sara,Wilson,25,Designer,Paris,97826,2007-02-02
9866,Tom,Garcia,60,Lead,Paris,74208,2019-07-30
9867,Tom,Miller,24,Developer,Delhi,59523,2016-12-23
9868,Sam,Wilson,55,Intern,New York,59159,2017-09-24
9869,John,Davis,35,Architect,Delhi,67839,2020-10-16
9870,Sara,Wilson,60,Analyst,Singapore,53789,2020-06-07
9871,Sam,Garcia,18,Analyst,Singapore,90824,2004-01-27
9872,Emma,Jones,28,Architect,Sydney,33996,2013-11-17
9873,Sara,Brown,44,Designer,New York,62628,2020-12-22
9874,Emma,Wilson,22,Intern,Paris,114749,2016-09-19
9875,Tom,Miller,39,Engineer,Sydney,60385,2005-05-04
9876,Paul,Wilson,32,Architect,Singapore,103220,2015-09-21
9877,Jane,Taylor,28,Designer,Paris,92251,2017-07-26
9878,Jane,Miller,32,Manager,Tokyo,97579,2007-07-30
9879,Lisa,Taylor,58,Engineer,Dubai,61939,2000-08-02
9880,Jane,Taylor,52,Developer,Tokyo,100842,2005-02-16
9881,Sam,Miller,18,Consultant,Toronto,75373,2018-09-17
9882,Emma,Jones,54,Manager,Dubai,82960,2014-02-16
9883,Sara,Miller,41,Consultant,London,42207,2021-08-03
9884,Lisa,Garcia,58,Architect,Delhi,114606,2002-09-17
9885,John,Brown,49,Consultant,Dubai,56526,2022-12-04
9886,Alex,Garcia,31,Analyst,Tokyo,53536,2015-08-17
9887,Mike,Williams,45,Manager,Delhi,74153,2019-07-05
9888,Lisa,Davis,33,Manager,Delhi,68285,2000-02-12
9889,Jane,Smith,18,Designer,London,92915,2014-06-12
9890,Alex,Davis,32,Lead,Paris,67485,2021-11-07
9891,John,Jones,45,Analyst,Paris,65260,2017-01-01
9892,Alex,Miller,24,Manager,Berlin,97169,2021-01-06
9893,John,Wilson,52,Analyst,Delhi,41756,2012-03-16
9894,Lisa,Wilson,25,Engineer,London,28615,2005-02-11
9895,Paul,Garcia,51,Clerk,New York,38205,2006-09-30
9896,Sam,Johnson,42,Manager,New York,101538,2024-07-02
9897,Paul,Johnson,57,Lead,Delhi,117004,2013-09-27
9898,Jane,Garcia,51,Manager,London,83535,2009-01-02
9899,Paul,Miller,29,Developer,Singapore,93707,2021-10-09
9900,Sam,Garcia,21,Lead,Tokyo,41401,2006-05-26
9901,Sam,Davis,31,Consultant,London,118350,2011-07-29
9902,Emma,Davis,31,Engineer,London,91460,2024-07-25
9903,Alex,Jones,39,Manager,Sydney,40167,2021-08-21
9904,Jane,Wilson,20,Clerk,New York,70347,2021-02-12
9905,Emma,Davis,60,Lead,Singapore,109764,2003-08-15
9906,Emma,Williams,53,Intern,London,98393,2007-02-09
9907,Sara,Garcia,56,Analyst,Paris,89421,2013-12-26
9908,Paul,Miller,32,Manager,Singapore,37704,2008-12-15
9909,Sara,Wilson,45,Manager,Singapore,79599,2010-05-09
9910,Paul,Garcia,59,Designer,Toronto,32772,2020-02-22
9911,Tom,Brown,55,Engineer,Tokyo,114056,2010-10-11
9912,Emma,Miller,32,Developer,New York,100778,2015-06-24
9913,Jane,Wilson,24,Analyst,Paris,67666,2009-12-06
9914,Alex,Miller,43,Engineer,Paris,38486,2009-09-19
9915,Lisa,Brown,38,Lead,Singapore,47399,2002-07-09
9916,John,Garcia,57,Engineer,Paris,112653,2009-10-06
9917,John,Davis,25,Developer,Toronto,35309,2007-12-14
9918,Paul,Wilson,24,Architect,Toronto,102569,2019-02-25
9919,Sara,Brown,41,Architect,Toronto,74627,2021-06-27
9920,Emma,Brown,52,Architect,Paris,87625,2007-08-05
9921,Tom,Taylor,22,Architect,New York,84389,2020-12-27
9922,Tom,Davis,56,Intern,London,35832,2023-03-28
9923,Paul,Garcia,19,Intern,Toronto,65983,2003-06-22
9924,John,Miller,57,Consultant,Tokyo,58614,2000-11-14
9925,Sam,Garcia,19,Designer,Berlin,33786,2014-12-27
9926,Tom,Williams,48,Developer,Delhi,99070,2000-01-08
9927,Paul,Johnson,32,Analyst,Singapore,55726,2018-12-31
9928,Lisa,Jones,18,Engineer,Singapore,44868,2018-11-29
9929,Jane,Jones,27,Architect,Dubai,76795,2024-10-08
9930,Sara,Davis,53,Consultant,Delhi,48648,2019-08-20
9931,Paul,Miller,36,Engineer,Paris,88967,2013-08-14
9932,Lisa,Taylor,59,Clerk,New York,68649,2004-02-04
9933,Mike,Davis,56,Developer,Sydney,84674,2004-08-04
9934,Jane,Davis,46,Analyst,Toronto,119293,2001-05-20
9935,Emma,Garcia,21,Intern,Paris,65318,2020-09-22
9936,John,Brown,54,Manager,Paris,89293,2013-08-27
9937,Sara,Miller,33,Clerk,Sydney,47707,2003-12-25
9938,Sam,Williams,57,Designer,Singapore,85020,2021-04-06
9939,Paul,Jones,24,Engineer,Paris,53121,2016-06-01
9940,Sam,Davis,30,Intern,London,62130,2017-05-22
9941,Alex,Jones,57,Lead,Sydney,110793,2000-03-08
9942,Lisa,Garcia,42,Intern,Sydney,94647,2005-07-13
9943,Mike,Brown,59,Architect,Sydney,76162,2021-04-11
9944,Mike,Smith,43,Engineer,New York,99897,2015-12-02
9945,John,Miller,53,Clerk,Dubai,60655,2006-09-07
9946,Lisa,Jones,18,Consultant,New York,42794,2019-01-03
9947,Tom,Williams,39,Analyst,New York,70161,2004-11-21
9948,Jane,Jones,33,Consultant,Singapore,112459,2017-07-31
9949,Jane,Davis,60,Clerk,Singapore,38604,2016-01-26
9950,John,Wilson,32,Developer,Singapore,77426,2007-05-18
9951,Jane,Garcia,21,Developer,New York,53286,2007-07-02
9952,Mike,Davis,50,Engineer,New York,45362,2009-10-05
9953,Jane,Jones,29,Manager,Toronto,110559,2001-06-19
9954,Mike,Taylor,37,Developer,Dubai,39308,2011-10-18
9955,Emma,Taylor,42,Consultant,Sydney,39419,2017-01-07
9956,Paul,Johnson,60,Consultant,Dubai,102429,2008-12-29
9957,Tom,Smith,55,Clerk,London,41706,2003-03-17
9958,Tom,Davis,47,Designer,London,33863,2007-07-16
9959,Paul,Smith,39,Lead,Tokyo,68493,2022-02-27
9960,Emma,Taylor,26,Developer,Singapore,27315,2017-02-22
9961,Emma,Davis,50,Analyst,Sydney,43199,2014-08-18
9962,John,Johnson,59,Manager,Sydney,49656,2008-02-22
9963,Mike,Wilson,35,Architect,Delhi,100893,2019-04-04
9964,Mike,Jones,57,Designer,Tokyo,46835,2019-10-03
9965,Alex,Taylor,25,Engineer,Paris,59362,2006-06-10
9966,Sam,Williams,47,Clerk,Singapore,89754,2017-05-02
9967,Tom,Jones,40,Designer,London,48168,2001-04-19
9968,Paul,Williams,32,Consultant,London,42243,2020-07-26
9969,Jane,Miller,18,Architect,Toronto,104589,2022-10-20
9970,John,Davis,53,Manager,London,66326,2009-09-04
9971,Sam,Davis,34,Architect,Toronto,29561,2011-09-04
9972,Sara,Wilson,53,Developer,New York,80302,2021-12-24
9973,Emma,Jones,59,Engineer,London,94115,2006-07-21
9974,Emma,Taylor,21,Lead,Delhi,40233,2020-09-01
9975,Alex,Williams,54,Lead,Delhi,N/A,2014-01-26
9976,Lisa,Johnson,38,Consultant,Sydney,115597,2005-08-09
9977,Mike,Smith,56,Engineer,Dubai,81691,2023-09-06
9978,Lisa,Jones,32,Lead,Tokyo,51004,2005-05-08
9979,Lisa,Garcia,39,Intern,New York,118780,2016-10-11
9980,Lisa,Garcia,39,Clerk,Toronto,85780,2009-08-05
9981,Tom,Johnson,49,Engineer,Sydney,99085,2002-04-02
9982,Alex,Smith,28,Lead,Tokyo,36758,2013-01-16
9983,Jane,Wilson,46,Clerk,New York,69175,2024-11-13
9984,Alex,Smith,29,Manager,Berlin,84578,2009-08-14
9985,Alex,Jones,52,Engineer,London,34678,2006-03-16
9986,Jane,Taylor,31,Developer,Delhi,77479,2022-04-01
9987,Jane,Williams,42,Designer,Dubai,55074,2010-07-17
9988,Alex,Brown,21,Intern,Berlin,93929,2011-05-10
9989,Emma,Taylor,53,Clerk,Toronto,112091,2010-12-16
9990,Tom,Miller,52,Designer,Singapore,113832,2007-12-22
9991,Sam,Garcia,31,Lead,London,26749,2016-03-17
9992,Tom,Brown,43,Designer,Dubai,95397,2019-01-15
9993,Tom,Taylor,50,Designer,London,75928,2013-04-28
9994,Mike,Wilson,57,Clerk,Sydney,116890,2022-05-05
9995,Paul,Jones,40,Analyst,Tokyo,83463,
9996,Tom,Wilson,25,Analyst,Dubai,57316,2004-05-16
9997,John,Smith,52,Lead,Toronto,89380,2016-04-26
9998,Paul,Miller,38,Consultant,Delhi,107661,2009-12-17
9999,Emma,Williams,36,Intern,Paris,107745,2018-09-17
10000,Jane,Jones,33,Developer,London,94082,2016-04-01